:100000000C94100F0C94410F0C94410F0C94410F61
:100010000C94410F0C94410F0C94410F0C94410F20
:100020000C94410F0C94410F0C94B8B00C94410FF8
:100030000C94410F0C94410F0C94410F0C94410F00
:100040000C94410F0C9464B60C94410F0C94410F26
:100050000C94410F0C94410F0C94410F0C944CE004
:100060000C94410F0C94410F0C94410F0C94410FD0
:100070000C94410F0C94410F0C94410F0C94410FC0
:100080000C942CB70C94A0BC0C94410F0C949E398A
:100090000C94410F0C94410F0C94410F0C94410FA0
:1000A0000C94410F0C94410F0C94410F0C94410F90
:1000B0000C94410F0C94410F0C94410F0C940F2998
:1000C0000C94410F0C94410F0C94410F0C94410F70
:1000D0000C94410F0C94410F0C94410F0C94410F60
:1000E0000C94410F0C94D2D70C949E7E0C94957571
:1000F0000C94A6F60C94CC960C9470BD0C943837E6
:100100000C94F7140C94C9960C94DCD70C94B7F6A5
:100110000C94CF960C9406970C9441390C94D8F615
:100120000C944FAA0C94CEF60C94E6D70C940ABE0D
:100130000C94F89E0C9486970C9498960C9460DC22
:100140000C9496BD0C944C150C94FCD70C94C815CB
:100150000C9421760C941FF70C9463F90C9446FCD4
:100160000C94F8D70C94A6FD0C941AF90C940397F0
:100170000C94C3960C945DF40C94D4300C94A33876
:100180000C941E760C9486960C94C6960C948996C4
:100190000C94E9360C94B1F60C9486750C94589630
:1001A0000C94B5FD0C9436760C94C8FA0C94CF756B
:1001B0000C94687E0C94D8D70C9429D80C94BFBDAD
:1001C0000C947CC70C9421F70C9464F40C94FA966C
:1001D0000C94FC970C94DDFC0C9420380C94CEFC11
:1001E0000C949FF60C94AEFB0C9469750C941497C8
:1001F0000C9455960C9418F90C94EA140C94FC98F1
:100200000C9401C10C9492960C94CB300C94B4BD18
:100210000C9452960C94E2FD0C9495960C94B3D7E2
:100220000C94C3B90C94DD300C9451C10C9446BEAF
:100230000C947A1E0C946BF70C94F3D70C94127FE9
:100240000C94A1BD0C94941E0C94C5FB0C94163711
:100250000C948B750C94657F0C94EAD70C944C37F6
:100260000C94CF360C944D760C94F6F80C9464AA4A
:100270000C9476BE0C945BAA0C94B4140C9440DEDF
:100280000C94FDF60C9400970C94BDFD0C94E0D7F3
:100290000C944F960C94F3F80C94D1300C94C7F650
:1002A0000C94C4F60C94E4FC0C94DEF60C946DAA49
:1002B0000C947EF90C9463DC0C9433C20C941EF9FC
:1002C0000C9481750C94C8D70C94A8F90C94A09642
:1002D0000C9486150C947C750C94557F0C9466DCFC
:1002E0000C944FDC0C948F960C94C5D70C94BDD70E
:1002F0000C94D1F60C94EED70C94FB1D0C940C9737
:100300000C945ADC0C94FD960C949A750C94BDFBDD
:100310000C945DDC0C945EAA0C9455AA0C94D03716
:100320000C9420F90C946AAA0C94B4F60C94D2960E
:100330000C948A380C94C1F60C941AFD0C94BAF6FD
:100340000C94F4D70C94811E0C945B960C946BF176
:100350000C94CE300C9465BD0C9490750C9456980A
:100360000C94CED70C9458760C94ED1D0C94669694
:100370000C94D9140C9457DC0C948E1E0C94C096DB
:100380000C944E7E0C9458AA0C94BFF90C94DA96F7
:100390000C9464380C940C150C948C960C94157574
:1003A0000C94D47E0C94AB150C94DBF60C94BF38F3
:1003B0000C949F750C94871E0C94F7F60C9461AA0C
:1003C0000C944C960C9407390C943F760C94B9D746
:1003D0000C945E960C94C1D70C94C8300C94337670
:1003E0000C9430760C9457300C94FB9E0C94F41DB6
:1003F0000C946E980C9475370C9409970C9467AA1A
:1004000054494D45522041524700424144205449ED
:100410004D455200554E44455252554E00424144BE
:100420002057415600424144205241544500384231
:100430004954204F4E4C59004D4F4E4F204F4E4C7B
:10044000590050434D204F4E4C59004E4F204441CF
:100450005441004E4F20464D5400424144205249E1
:100460004646004E4F542057415645004E4F5420AB
:100470005249464600494F204552524F52004F5074
:10048000454E204552524F5200424144204152476E
:10049000004F4B004D5A54205345454B00524543A5
:1004A0004F5244005B96A59D9AB75D004C44522084
:1004B000424C4F434B005144205345454B004D5A4D
:1004C000462054494D4500494D4147452054494D2A
:1004D00045004C445220484541444552004D5A5431
:1004E000205345454B004D5A462053544154450036
:1004F0005144205345454B0050574D2050495045DD
:10050000004D5A46205354415445004D5A3720520D
:100510004546494C4C004D5A4620554E44455200E4
:100520004241442053455353494F4E0045444745AB
:1005300020464952535400494E534552542043419A
:10054000524400544150204649464F00554E4445C0
:100550005252554E00544150204649464F004D5A84
:100560004620535441525400554C20535441525448
:10057000004D5A37205345454B004D5A54205345A2
:10058000454B00554C372041434B00554C372041DB
:10059000524D00554C2053484F525400554C205258
:1005A00045414400554C205741495400554C205377
:1005B000484F525400554C205245414400554C2060
:1005C000415247004D5A3720524546494C4C004D48
:1005D0005A46205354415254004D5A4620535441D8
:1005E000525400504C4159204552524F520014046D
:1005F0000A04000454494D45520000000000100058
:10060000800000AA00389B71910489047E0475045F
:100610006C0463045A0453044B04420438042E044B
:1006200025041D04574156204552524F52004E4F4B
:100630002057415620494E464F00454D50545920B1
:1006400057415600454D50545920454447450045B3
:10065000444745204F50454E0045444745204152B0
:10066000470053504545440054595045004D5A5495
:10067000205345454B004D5A54205245434F524458
:10068000004D5A5420464F524D4154004D5A54206B
:100690005345454B004D5A5420434F554E54004D41
:1006A0005A5420484541444552004D5A5420534520
:1006B000454B00514446205345454B00514446208C
:1006C0005345454B00514446204652414D4500514B
:1006D0004446205245434F52440051444620434F24
:1006E000554E540051444620484541444552004D22
:1006F0005A51205345454B004D5A51205245434FC6
:10070000524400514420424F445920435243005127
:10071000442052454144004D5A51205345454B0019
:1007200051442053484F525420424F4459004D5A8F
:10073000512053495A45004D5A51204441544120BB
:100740004844520051442053484F525420424F4491
:1007500059005144204845414445522043524300EA
:1007600051442053484F5254204844520051442091
:1007700053484F525420484452004D5A5120464944
:100780004C45204844520051442053484F52542075
:10079000484452004D5A51205245434F5244004D57
:1007A0005A5120434F554E54004D5A5120454D50FB
:1007B0005459004D5A512048454144455200514436
:1007C0002053484F5254204844520051442052452F
:1007D0004144005144205345454B00514420464C70
:1007E0004153480051442048584300514420534845
:1007F0004F5254005144205245414400514420532B
:1008000045454B004D5A462053484F5254004D5ACF
:1008100046204F50454E004D5A4620415247005405
:10082000415020524541440054415020464C4147DC
:1008300000544150205452554E4300544150204CD6
:10084000454E4754480054415020524541440054BD
:100850004150204C454E47544800454D5054592076
:1008600054415000544150204F50454E0054415087
:10087000204152470042414420464F524D415400CE
:10088000544150205452554E43005441502052453B
:10089000414400544150204649464F0054415020A5
:1008A0005245414400544150205452554E43005447
:1008B0004150204649464F0054415020464C414744
:1008C00000544150205452554E4300544150204C46
:1008D000454E47544800544150204C454E475448DB
:1008E0000054415020524541440054415020464953
:1008F000464F0045444745204552524F5200504113
:10090000544820544F4F204C4F4E470025732F52D0
:100910004543253034752E4C45500025732F5245E4
:1009200043253034752E4C31360045444745205719
:1009300052495445005354414745204552524F5265
:100940000042414420544F4B454E005041544348CF
:10095000205752495445005041544348204C4F536E
:10096000540042414420544F4B454E0042414420E4
:10097000544F4B454E0042414420544F4B454E008E
:100980005041544820544F4F204C4F4E4700257340
:100990002F524543253034752E4D5A46004D5A4648
:1009A000205752495445004D5A4620434845434B31
:1009B00053554D004D5A4620434845434B53554DE2
:1009C00000544320434845434B53554D0054432066
:1009D0004C4F4144455200545950453D54430A53ED
:1009E000504545443D313A310A00545950453D493E
:1009F000430A53504545443D313A310A0054595059
:100A0000453D4E4F524D414C0A53504545443D31B2
:100A10003A340A00545950453D4D5A3730300A5344
:100A2000504545443D313A310A00545950453D4EF8
:100A30004F524D414C0A53504545443D313A330ADB
:100A400000545950453D4E4F524D414C0A5350456C
:100A500045443D313A320A00545950453D54430A09
:100A600053504545443D313A320A00545950453DB2
:100A700054430A53504545443D313A330A005459D2
:100A800050453D49430A53504545443D313A320AA9
:100A900000545950453D49430A53504545443D3162
:100AA0003A330A00545950453D49430A535045458D
:100AB000443D313A340A00545950453D4D5A37307F
:100AC000300A53504545443D313A330A0054595099
:100AD000453D554C5F4D5A3730300A00545950450A
:100AE0003D554C5F4D5A3830300A00545950453D01
:100AF000554C0A00545950453D4E4F524D414C0AF9
:100B000053504545443D313A310A00455252005058
:100B1000415500504C59005244590054433100494A
:100B20004331004E3134004D3731004E3133004EE9
:100B300031320054433200544333004943320049B8
:100B4000433300494334004D373300554C3700558B
:100B50004C3800554C00544320313A310049432071
:100B6000313A31004E524C20313A34004D5A372040
:100B7000313A31004E524C20313A33004E524C2023
:100B8000313A3200544320313A3200544320313A52
:100B90003300494320313A3200494320313A33008F
:100BA000494320313A34004D5A3720313A33004E10
:100BB000524C20313A310043504D20313A340043F9
:100BC000504D20313A330043504D20313A320043EA
:100BD000504D20313A310053494E20313A340053C0
:100BE000494E20313A330053494E20313A320053B6
:100BF000494E20313A3100524543204552524F521E
:100C0000004D5A4620535441525400505245414CD5
:100C10004C4F43204641494C004D5A4620435245D3
:100C20004154450053442043415244204552524FC1
:100C300052004544474520535441525400505245B8
:100C4000414C4C4F43204641494C004544474520C8
:100C500043524541544500534420434152442045AA
:100C600052524F52005245432054494D455220455F
:100C7000525200505245414C4C4F43204641494C42
:100C80000057415620435245415445204552520099
:100C90004241442052454320524154450053442090
:100CA00043415244204552524F5200524543204640
:100CB0004F524D4154005245432050415553450039
:100CC00052454320524553554D450025732F2573FA
:100CD0005F253032752E4C45500025732F25735FEC
:100CE000253032752E4D5A460025732F25735F250A
:100CF0003032752E4C31360025732F25735F253029
:100D000032752E5741560025732F25732E4C4550B2
:100D10000025732F25732E4D5A460025732F2573FA
:100D20002E4C31360025732F25732E574156005710
:100D3000415620434C4F534520455252005741568F
:100D40002050414420455252005441494C205752B2
:100D50004954452045525200524543204F56455272
:100D6000464C4F57004544474520434C4F534500A0
:100D700045444745204F564552464C4F5700F40ACC
:100D80000000EB0ADC0ACD0AB70AA40A910A7E0A1F
:100D90006B0A580A410A2A0A140AFD09EA09D70906
:100DA0004D5A4620434C4F5345004D5A462057520A
:100DB000495445004D5A4620494E434F4D504C45ED
:100DC0005445004D5A46204445434F4445004D5A32
:100DD00046205345454B004D5A46204F56455246F6
:100DE0004C4F570045444745204F564552464C4FBF
:100DF00057005041544820544F4F204C4F4E47000D
:100E000025732F524543253034752E5741560057D0
:100E100041562048454144455220455252005741D1
:100E20005620544F4F2042494700574156205752B1
:100E30004954452045525200414E414C5953495363
:100E400020515545554500444952204641494C00E2
:100E50004E4F20454E545259004F4B0053442043AF
:100E6000415244204552524F5200494E534552542C
:100E7000204341524400004E4F20454E54525900E9
:100E80004E4F20454E54525900534420494E495428
:100E9000004E4F20454E5452590042414420415289
:100EA00047004E4F20454E545259004E4F20454E5C
:100EB00054525900494E5345525420434152440024
:100EC000494E534552542043415244002E2E2F0088
:100ED0005245434F52443D524554525900444952A1
:100EE000204641494C005245434F52443D524554DF
:100EF00052590053442043415244204552524F52CC
:100F000000494E5345525420434152440020202072
:100F10002020202020202020202020202000170B0F
:100F2000130B0F0B0B0B504C410053544F503D43D0
:100F3000414E43454C005144205343414E202533FC
:100F4000752525004E313100484C4800554C00466F
:100F500033480046334C0054430049430049434C56
:100F6000005537480055374C00484C4C004E4C4813
:100F7000004E4C4C00257320253032753A25303216
:100F8000752F253032753A253032750025732020B3
:100F90002020202020202530337525252000257392
:100FA00020252D3373202020202530337525252042
:100FB0000050415553454400257320252D3473209E
:100FC000253032753A2530327500257320252D34B1
:100FD00073202D2D3A2D2D004D414E20252D34739B
:100FE00020253032753A253032750053454C202586
:100FF0002D347320253032753A25303275004D542A
:101000004920252D347320253032753A253032752C
:10101000004D414E20252D3473202D2D3A2D2D00CD
:1010200053454C20252D3473202D2D3A2D2D004D68
:10103000544920252D3473202D2D3A2D2D00554E49
:10104000535550504F525445440045525220252E7E
:1010500031327300554E4B4E4F574E00AF0B0000D0
:10106000000000000000A70BA00B990B920B8B0B4C
:10107000840B7C0B740B6C0B640B5D0B560B00002C
:10108000EF0BE70BDF0BD70BCF0BC70BBF0BB70B70
:1010900032326B0034346B005245430053564420C7
:1010A00000524543204552524F520052454320437F
:1010B000414E43454C4C45440046494C452044452F
:1010C0004C4554454400504C4541534520574149F7
:1010D00054005741495400534156494E472000504F
:1010E0004155202530326C753A2530326C750052EE
:1010F0004543202530326C753A2530326C750050EE
:1011000041555345442020202020202020204D0000
:1011100057414954205349474E414C004F4B0053CF
:10112000442043415244204552524F5200494E53AD
:101130004552542043415244004E4F5420494E4999
:10114000540053442043415244204552524F5200D0
:101150004E414D4520544F4F204C4F4E470044497F
:1011600052204641494C0046494C45204F50454E7F
:10117000204641494C0042414420504154480046D9
:10118000494C4520435245415445204641494C0075
:101190004241442050415448004E4F54204449524B
:1011A000004D4B444952204641494C00444952208D
:1011B0004641494C004E4F5420444952004E4F5432
:1011C0002044495200424144204449524543544F2F
:1011D000525900524543204E414D45532046554CEF
:1011E0004C00444952204641494C0046494C452058
:1011F00052454144204641494C0046494C45205205
:10120000454144204641494C004241442041524717
:101210000046494C45205752495445204641494CC7
:10122000004241442041524700505245414C4C4FEE
:1012300043204641494C0046494C45205452554EA6
:1012400043204641494C0046494C452053594E43A2
:10125000204641494C0046494C45205345454B20CA
:101260004641494C0046494C452052454D4F564554
:1012700020455252004241442050415448005245BA
:101280004E414D45204641494C0046494C4520457C
:101290005849535453004241442052454E414D4514
:1012A000002E544150002E574156002E4C3136002E
:1012B0002E4C4550002E4D3132002E514446002E0A
:1012C0005144002E4D5A51002E4D5A54002E4D5A65
:1012D0004600002020202020202020202020200048
:1012E00020202020202020202020202020202020FE
:1012F0002020202122232425262728292A2B2C2D93
:101300002E2F303132333435363738393A3B3C3D85
:101310003E3F404142434445464748494A4B4C4D75
:101320004E4F505152535455565758595A5B5C5D65
:101330005E5F202020202020202020202020202030
:10134000202020202020202020202020202020209D
:10135000202020202020202020202020202020208D
:101360002020202065202020746768206278647225
:10137000706371617A77737569204F6B667620753B
:10138000426A6E20556D2020206F6C416F6120797C
:10139000202020202020202020202020202020204D
:1013A000202020202020202020202020202020203D
:1013B000202020202020202020202020202020202D
:1013C000202020202020202020202020202020201D
:1013D0002020313A3200313A3300313A310054435F
:1013E00000313A3200313A3300313A3400313A3187
:1013F00000494300313A3300313A31004D5A373019
:101400003000313A3400313A3300313A3200313A67
:1014100031004E4F524D414C00554C5F4D5A3730C4
:101420003000554C5F4D5A38303000554C00574114
:1014300049542E2E2E0052454C4541534520414CD7
:101440004C004144433A25347500574149542049E2
:101450004E50555400505245535320252D31307372
:1014600000504C45415345205741495400514420B8
:101470004C4F41442E2E2E004544474520524541B5
:10148000440045444745204649464F00554C2057A7
:10149000414954003E08D3CEE5210000D3E47ED379
:1014A000E077237CFE1020F43A4BD4324B0A3A4CBE
:1014B000D4321205214DD4110211010D00EDB0E11D
:1014C0007CFED428122A0411D9210012220411CD45
:1014D0002A00D3E4C39AE9CD2A00D3E4C32401004F
:1014E00000000000000000000000000000003E08B6
:1014F000D3CECD3E07360197575FCD0803CDBE0250
:10150000D3E21AD3E01213CB6228F53EC3321F0692
:10151000215C112220062A08117D3212057C324BF3
:101520000A2A0A11220211CDF80401CF06ED71D367
:10153000E2DAAAE9210A11C308EDC53A1011EE0C4E
:1015400032101101CF06ED79C1C931393837110296
:10155000E0F31AE62028FB137B121B0100041ACBD0
:101560006728FBE620B1074F7B13121B1ACB6720BD
:10157000FBE620B1074F137B121B10E27123D90B3E
:1015800079B0D920D64F04D9C31102E0F31AE6206E
:1015900028FB137B121BC50100041ACB6728FBE64E
:1015A00020B1074F7B13121B1ACB6720FBE620B13B
:1015B000074F137B121B10E271C10B2379B020D6A9
:1015C0000601D9C31102E0DD2103E0AF3D20FDF3A8
:1015D0001AE62028FBDD360003C50100041ACB679C
:1015E00028FBE620B1074FDD3600021ACB6720FB4F
:1015F000E620B1074FDD36000310E271C10B2379FD
:10160000B020D600E1E93E08D3CE1102E0DD21038F
:10161000E0AF3D20FDF31AE62028FBDD360003C5D0
:101620000100041ACB6728FBE620B1074FDD360026
:10163000021ACB6720FBE620B1074FDD360003100E
:10164000E271C10B2379B020D6010001D9E1E93E56
:1016500008D3CECD3E07360197575FCD0803CDBEE8
:1016600002D3E21AD3E01213CB6228F53E08D3E08E
:101670001102E0F37B13121B1AE62028FB137B12E6
:101680001B0100041ACB6728FBE620B1074F7B1330
:10169000121B1ACB6720FBE620B1074F137B121BEE
:1016A00010E27123D90B79B0D920D64F04D9C35198
:1016B000442043414E43454C004D5A462053484F29
:1016C0005254004D5A462052454144004D5A46203E
:1016D0004649464F004D5A46204C454E4754480017
:1016E0004D5A542053484F5254004D5A542052459D
:1016F0004144004D5A5420484541444552004D5AFA
:10170000462053484F5254004D5A462052454144BA
:10171000004D5A46204C454E475448004D5A5420DF
:1017200053484F5254004D5A542052454144004DA5
:101730005A5420484541444552004D5A462053458D
:10174000454B004D5A46205345454B0000000000D4
:1017500007DF0EF70F521D6A1EF82A00007C1500E5
:101760000028281414020000000001000000071ADD
:1017700007B408A90E4410F82A00007C15000028C0
:10178000281414020000000002000000077F05CAB0
:1017900007FF0AF90DF82A00007C1500002828141C
:1017A0001402000000000300010007000F80100079
:1017B0001DE01EF82A00007C1500002828141402E1
:1017C00000000000040004000900050005000A00F4
:1017D0000AF82A00007C15000028281414020000D2
:1017E0000000050002000FD0045507DA093A0BF893
:1017F0002A00007C150000282814140200000000B4
:10180000060002000F7F05CA07FF0AF90DF82A003B
:10181000007C1500002828141402000000000700B6
:1018200002000F1A07B408A90E4410F82A00007C21
:10183000150000282814140200000000080003000E
:101840000F97068906200D200DF82A00007C150050
:1018500000282814140200000000090003000FDD16
:1018600008CF08AC11AC11F82A00007C1500002844
:1018700028141402000000000A00000007D00455DC
:1018800007DA093A0BF82A00007C15000028281412
:101890001402000000000B0002000FA90E7E10527F
:1018A0001DED1EF82A00007C1500002828141402E3
:1018B000000000000C0003000FAF0FA00F4F1F4FE0
:1018C0001FF82A00007C15000028281414020000CC
:1018D0000000554C205345454B00554C2053454581
:1018E0004B00554C2041524700545552422053451D
:1018F000454B004D5A54205345454B004D5A5420FA
:1019000052454F50454E00514420524541440051EC
:10191000442053484F5254204844520051442053CD
:10192000484F5254204844520051442043414E43B2
:10193000454C002054430020494300204D5A373085
:10194000300020554C204D5A3730300020554C2067
:101950004D5A3830300020554C00204155544F002E
:10196000204E4F524D414C0020313A340020313A44
:10197000330020313A320020313A31002032353004
:101980003020426400203231303020426400203167
:10199000383030204264002031343030204264003E
:1019A0004D5A46004C45502035307573004C313649
:1019B0002031367573005741562032326B487A0019
:1019C0005741562034346B487A004D414E55414CB6
:1019D000004155544F004D4F544F520052454C4515
:1019E00041534520414C4C0043414C204E4F4E4505
:1019F0000053415645440043414C494252415449E9
:101A00004F4E004E4F5420534156454400454550DB
:101A1000524F4D204552524F52005553494E472088
:101A200044454641554C540043414C20494E564193
:101A30004C494400504C4159005245434F524400D8
:101A400053544F50004646574400524557494E4460
:101A50000043414C4942524154494F4E004B455975
:101A6000504144002F5245434F5244494E47530082
:101A7000444952204641494C004D4B44495220466E
:101A800041494C005041544820544F4F204C4F4E38
:101A9000470046494C452053454C45435445440076
:101AA0004E414D4520544F4F204C4F4E4700454D21
:101AB000505459204449520052454320464F524DFC
:101AC00041540060195A1956194C1942193B1937DB
:101AD000193319202D2D00771972196D196819976E
:101AE000198E1985197C193E544150205350454593
:101AF00044003E5350454544003E4C4F41444552FE
:101B000000204D4F544F5200204D414E55414C0046
:101B10003E504C4159204354524C00204F46460001
:101B2000204F4E003E57415620494E5645525400D4
:101B30003F00C019B619AD19A419A019D619D119A9
:101B4000CA193E524543204D4F4445004F4646007A
:101B50004F4E003E4155544F4E414D45003E52457B
:101B60004320545950450020253375252500253341
:101B700075252520454550524F4D20455252003E77
:101B80004241434B4C494748540052414D20257532
:101B9000204D494E25750041424F55542076322E36
:101BA000302E330020494E5445524E414C002045C2
:101BB000585445524E414C003E434D5420534F55CE
:101BC0005243450000002100240027002A002D0078
:101BD0003000330001010000040107010A01000088
:101BE0002200250028002B002E00310034000201C5
:101BF0000000050108010B01F0F0F0F3F0F5F0F042
:101C0000F0F0F0F0F0F0F0F0F0C1C2C3C4C5C6F0DF
:101C1000F0F0F0F0F0F0F0F0006162636465666788
:101C200068696B6A2F2A2E2D20212223242526273E
:101C300028294F2C512B574955010203040506074B
:101C400008090A0B0C0D0E0F10111213141516179C
:101C500018191A5259545045C7C8C9CACBCCCDCE51
:101C6000CFDFE7E8E9EAECEDD0D1D2D3D4D5D6D7AF
:101C7000D8D9DADBDCDDDEC080BD9DB1B5B9B49E5C
:101C8000B2B6BABE9FB3B7BBBFA385A4A5A69487BF
:101C9000889C82988492908391819A97939589A148
:101CA000AF8B8696A2ABAA8A8EB0AD8DA7A8A98F5E
:101CB0008CAEAC9BA099BCB8403B3A703C715A3D8D
:101CC00043563F1E4A1C5D3E5C1F5F5E377B7F367E
:101CD0007A7E334B4C1D6C5B7841353474303875EB
:101CE000394D6F6E3277767273477C53314E6D4843
:101CF000467D441B587942604D5A46204552524F0A
:101D0000520053504545443D00545950453D005202
:101D100045434F52443D004E4F20454E54525900CA
:101D2000444952204641494C004E4F5420444952A8
:101D300000000020002300260029002C002F003284
:101D40000000010000030106010901050505050762
:101D50000508080808020202020A0A080804040426
:101D60000401010101010101010303030303030352
:101D700003040707070C0C0C0C0C0C0C0C020202E1
:101D80000206060606060606060B0B0B0B0B0B0BD4
:101D90000B01021020200808102040102040800273
:101DA00001020108040201010204081020408080A1
:101DB0004020100804020180040201804020100825
:101DC00004020108040201010204081020408001FD
:101DD0000204081020408000000A0B02090C0D0EBE
:101DE00008070304010000000000000000000000DC
:101DF00000000000000000000000000000000000E3
:101E0000000000121110000000000000000000009F
:101E100000000000000000000000000000006BF166
:101E200011241FBECFEFD1E2DEBFCDBF00E00CBF5B
:101E300013E0A0E0B2E0ECE6FBE002E00BBF02C082
:101E400007900D92AA36B107D9F728E1AAE6B3E0C8
:101E500001C01D92A933B207E1F71FE0C0E1DFE046
:101E600000E006C021970109802FFE010F94AC030A
:101E7000CF30D10780E00807A9F70E94BBF10D948D
:101E8000B4050C94000080913C0491E08927809374
:101E90003C0410923D04109212041092110410920E
:101EA0000D0410920E0410920F0410921004109260
:101EB0000C0410920B0410920A0410920904109260
:101EC000080408958F929F92AF92BF92CF92DF92B3
:101ED000EF92FF92CF93DF9390914204292F30E04D
:101EE000F901E55BFB4F4081411165C0A901440F39
:101EF000551FDA01A554B34FCD91DC911197809015
:101F0000470490904804A0904904B0904A04750199
:101F100064016FEFC61AD60AE60AF60ABE016F5FC1
:101F20007F4F2097F9F4220F331F220F331FF9013F
:101F3000EB5EFB4F80829182A282B38291113DC001
:101F400021E030E03093BC0C2093BB0C80931B123B
:101F5000C0924704D0924804E0924904F0924A04A7
:101F600081E01EC02BE132E1992311F026E030E13F
:101F70004554534FDA016D937C93C20FD31F88836E
:101F8000C0924704D0924804E0924904F0924A0477
:101F900081E06115724021F4808398279093420478
:101FA000DF91CF91FF90EF90DF90CF90BF90AF90F7
:101FB0009F908F90089580E0F3CF21E030E02D9343
:101FC0003C9380930610C4CF2091290230912A02BD
:101FD0008217930710F090E080E010922001109299
:101FE00021012091290230912A0221503109309398
:101FF000290120932801909325018093240182E0F8
:102000008ABB809173008260809373008091280264
:102010008860809321010895209101043091020489
:1020200040910104509102046091030470910404F2
:10203000461B570B4F3F574069F0F901F770EA56BE
:10204000FB4F80832F5F3F4F3093020420930104A6
:1020500081E0089580E0089580910004882349F08C
:102060008295807F0E940C10882321F0109200043A
:10207000089581E0089582E08ABB0E942C108111AE
:1020800002C080E0089582E00E940C108823C9F30A
:1020900091E09093050408959FB7F8948091BB0355
:1020A0009FBF90E00895009711F481E090E02091A7
:1020B000940030919500820F931F90939B00809322
:1020C0009A0008954FB7F8942091B9033091BA035C
:1020D0008091B7039091B8034FBF821B930B089573
:1020E000CF92DF92EF92FF920F931F93C090F20373
:1020F000D090F303E090F403F090F503970186018C
:102100000095109520953095061717072807390771
:1021100090F48FEF9FEFDC018093F2039093F30331
:10212000A093F403B093F5031F910F91FF90EF90EC
:10213000DF90CF900895DC01CB018C0D9D1DAE1D6D
:10214000BF1DEACFE82F8BEF8E0F833048F4E550A8
:10215000FF0BEE0FFF1FE251FA4F85919491089506
:1021600084EF95E008950F931F93282F8091EE033D
:10217000882309F44BC09091E003921346C000916C
:10218000EA031091EB032091EC033091ED034091B1
:10219000AF0E5091B00E6091B10E7091B20E041757
:1021A00015072607370789F5913051F54091E60369
:1021B0005091E7036091E8037091E90380918E0EDE
:1021C00090918F0EA091900EB091910E48175907E3
:1021D0006A077B07D1F44091E2035091E3036091D9
:1021E000E4037091E50380918A0E90918B0EA0918B
:1021F0008C0EB0918D0E481759076A077B0729F49A
:1022000081E09091EF03911101C080E01F910F9147
:1022100008958091F20E9091F30E0E94A1B0882350
:1022200069F080910612909107120E94A1B0882354
:1022300029F08091C80E9091C90E089590E080E039
:10224000089580910612909107120E94A1B08823F0
:1022500029F08091CA0E9091CB0E089590E080E015
:1022600008958091F20E9091F30E0E94ACB081110E
:102270000C9465A980E008954F925F926F927F92CF
:10228000AF92BF92CF92DF92EF92FF920F931F9384
:10229000CF93DF93FA01C489D589C217D30789F098
:1022A000F12C8F2DDF91CF911F910F91FF90EF9027
:1022B000DF90CF90BF90AF907F906F905F904F90E6
:1022C0000895270138018A015B016C01C301B70140
:1022D0000E9401C1F82E882319F3BE01C8010E9493
:1022E0000D9FB092C90EA092C80ED092CB0EC09294
:1022F000CA0E1092920ECE01B0E0A0E08093A70E1D
:102300009093A80EA093A90EB093AA0E40929F0E90
:102310005092A00E6092A10E7092A20E840D951D97
:10232000A61DB71D8093A30E9093A40EA093A50E97
:10233000B093A60E1092930310929B0E10929C0ED7
:1023400010929D0E10929E0E10927D0E0E94E9A496
:10235000A8CFAF92BF92CF92DF92EF92FF920F93EE
:102360001F93CF93DF935C01009709F462C0681755
:10237000790708F45EC0FA01C489D589C217D3076A
:1023800009F057C067017801CA018B01BE010E94A4
:102390000D9F1093C90E0093C80EB092CB0EA09261
:1023A000CA0ECE01B0E0A0E08093A70E9093A80ED5
:1023B000A093A90EB093AA0E10929F0E1092A00E99
:1023C0001092A10E1092A20E8093A30E9093A40ED1
:1023D000A093A50EB093A60EC092840ED092850E47
:1023E000E092860EF092870E1092800E1092810E6F
:1023F0001092820E1092830E81E08093920E1092C2
:10240000930310929B0E10929C0E10929D0E1092B0
:102410009E0E10927D0E0E94E9A481E0DF91CF9183
:102420001F910F91FF90EF90DF90CF90BF90AF90F2
:10243000089580E0F3CF0F931F93CF93DF931F9204
:10244000CDB7DEB700E001C0082F10E040918F0348
:102450005091900360919103709192038091AF0E1F
:102460009091B00EA091B10EB091B20E48175907DD
:102470006A077B0740F000E0802F0F90DF91CF913B
:102480001F910F910895CE0101960E94CAC2882320
:1024900091F399819923C1F20023B9F2963121F485
:1024A0001F3FA1F21F5FD2CF953A61F6123050F272
:1024B000E3CF7F928F929F92AF92BF92CF92DF92A3
:1024C000EF92FF920F931F93CF93DF9300D01F9251
:1024D000CDB7DEB7782E6B015A01490165EA90E06D
:1024E00080E00E942B9F7C010E941B128823B9F080
:1024F000CE0101960E94CAC2882389F0CE010296BD
:102500000E94CAC2882359F0CE0103960E94CAC213
:10251000882329F06981711004C0662331F020E01E
:1025200048C0862F8B7F8130D1F70A811B81C8017B
:10253000F50191838083711003C08034910579F790
:10254000C7010E942B9F602F0E942B9F612F0E942A
:102550002B9F7C0180918F0390919003A091910318
:10256000B0919203F40180839183A283B38310E03E
:1025700000E0F501808191810817190768F1CE010B
:1025800004960E94CAC2882351F26C81C7010E943E
:102590002B9F8C01CE0104960E94CAC2882309F4A5
:1025A000BECF6C81C8010E942B9F21E0892B09F0CE
:1025B000B6CF822F0F900F900F900F90DF91CF9199
:1025C0001F910F91FF90EF90DF90CF90BF90AF9051
:1025D0009F908F907F900895CE0104960E94CAC26A
:1025E000882309F49CCF6C81C114D10439F00034E4
:1025F000110520F4F601E00FF11F6083C7010E946E
:102600002B9F7C010F5F1F4FB4CFCF92DF92EF92D1
:10261000FF920F931F938091C103882389F10E9439
:10262000A0DF0091BD031091BE032091BF03309144
:10263000C003DC01CB01801B910BA20BB30B0091FB
:10264000C2031091C3032091C4033091C5036801F4
:102650007901C094D094E094F094C816D906EA06A3
:10266000FB06A8F0080F191F2A1F3B1F0093C20387
:102670001093C3032093C4033093C5031092C10386
:102680001F910F91FF90EF90DF90CF9008950FEF83
:102690001FEF9801EBCFCF93DF93C091E60ED0915F
:1026A000E70E2297AC0161E170E080ED9EE00E94B0
:1026B00040700E9405130E940BB884E090E0909354
:1026C000E70E8093E60E229720F40E9465A98823E6
:1026D00029F081E0DF91CF910C9426B5DF91CF9165
:1026E0000895CF93DF93C091E60ED091E70E229725
:1026F0000097F9F480ED9EE0009731F043EE55E04D
:1027000061E170E00E942C700E9405130E940BB8DA
:1027100084E090E09093E70E8093E60E229720F4F9
:102720000E9465A9882379F081E0DF91CF910C9414
:1027300026B540E150E0BC0180ED9EE00F945D05C0
:102740001092E00EE1CFDF91CF9108950E94051322
:102750008091E20E9091E30EA091E40EB091E50E0F
:102760000097A105B10541F08093C2039093C30384
:10277000A093C403B093C50308958091C103811150
:102780000DC00E94A0DF6093BD037093BE038093D1
:10279000BF039093C00381E08093C10308954F92DB
:1027A0005F926F927F928F929F92AF92BF92CF92E1
:1027B000DF92EF92FF92CF93DF93EC019A01AB018E
:1027C00060911102709112028130910541F0609187
:1027D0000F0270911002039711F46CE775E12B0161
:1027E000712C612C64E170E0C130D10511F468E214
:1027F00070E04B01B12CA12C880C991CAA1CBB1CAD
:10280000A9E0B0E00F94C3036B017C0124E1C20E88
:10281000D11CE11CF11CC40CD51CE61CF71C0E9449
:1028200012A6882329F0229722E630E0229710F0A2
:1028300022E030E0C80CD91CEA1CFB1CC701B60121
:10284000620F731F811D911DDF91CF91FF90EF905B
:10285000DF90CF90BF90AF909F908F907F906F90C0
:102860005F904F9008952F923F924F925F926F9298
:102870007F928F929F92AF92BF92CF92DF92EF9210
:10288000FF920F931F93CF93DF93CDB7DEB764977B
:102890000FB6F894DEBF0FBECDBF2C011B013A016D
:1028A000088B198B2A8B3B8BAC8A8B8281309105EC
:1028B00009F04CC000911102109112021A83098391
:1028C00008E210E049815A819A0150E040E02C83EF
:1028D0003D834E835F83C801B0E0A0E0280F391F1D
:1028E0004A1F5B1F288739874A875B87280F391F54
:1028F0004A1F5B1F2C873D874E875F8749015A011E
:1029000052E0850E911CA11CB11CA9E0B0E096011B
:10291000A7010F94C303AB01BC01F1013197ED3066
:10292000F10508F035C18827E756FB4E8F4F0D940F
:10293000AC03B414D914EA14F7140C150C150C15C7
:102940004C154C154C158615C815AB15039749F059
:1029500000910F02109110021A83098304E110E024
:10296000B1CF0CE715E1F8CF09811A81B8016619DA
:1029700077096016710610F070E060E090E080E08A
:1029800064960FB6F894DEBF0FBECDBFDF91CF9136
:102990001F910F91FF90EF90DF90CF90BF90AF907D
:1029A0009F908F907F906F905F904F903F902F906F
:1029B00008956016710658F4061917096C817D8117
:1029C0008E819F81600F711F811D911DD9CF10E0F5
:1029D00000E0F4CF6016710638F40619170968850F
:1029E00079858A859B85EECF10E000E0F8CF82E004
:1029F00090E08619970912E06116710410F090E0DA
:102A000080E00C851D852E853F85080F191F211D2F
:102A1000311DC901B801B4CF2601370108891989D0
:102A20002A893B89041515052605370510F4280168
:102A30003901A9E0B0E0A30192010F94C303910111
:102A4000265031092230310510F5452846284728FF
:102A5000F1F0AB01BC01495051096109710988E0ED
:102A600090E0A0E0B0E016E02116310441F428E047
:102A700030E00C89201B3109C901B0E0A0E08A01D7
:102A80009B01080F191F2A1F3B1FC901B801680DC0
:102A9000791D8A1D9B1D74CF840E951EA61EB71E20
:102AA0004B81433008F042E050E09A01A9E0B0E0E9
:102AB0000F94B40391012950310922303105B8F443
:102AC0001B811123A1F09A01215031090F94B40305
:102AD00029E022163104A9F408E010E03C89031B28
:102AE000110930E020E0600F711F821F931F6331D6
:102AF00071058105910558F262E170E080E090E097
:102B0000C6CF08E010E020E030E0EDCF6A017B01A5
:102B100082E1C80ED11CE11CF11C0E9412A6882380
:102B200049F092E0491A510882E690E0A2E04A1684
:102B3000510410F082E090E06816790648F4861996
:102B40009709C80CD91CEA1CFB1C970186015DCFB4
:102B500090E080E0F6CFA601B701C20164960FB6FF
:102B6000F894DEBF0FBECDBFDF91CF911F910F91C3
:102B7000FF90EF90DF90CF90BF90AF909F908F909D
:102B80007F906F905F904F903F902F900C94CF1359
:102B900060E070E0CB01F4CE8F929F92AF92BF9233
:102BA000CF92DF92EF92FF920F931F93CF93DF9319
:102BB00000D000D000D01F92CDB7DEB71D821E829C
:102BC0001F8218861092AB0E1092AC0E1092AD0EB2
:102BD0001092AE0E109295031092960310929703E6
:102BE0001092980336E0C32E30E1D32EF12CE12C65
:102BF000812C912C540110E0F60181916F010E940B
:102C000013A1880E911CA11CB11CE80EF11C1F5FC2
:102C1000103891F7CE0105966C019501840140E8CA
:102C200050E060E070E081E00E9423A1882389F1F8
:102C30006091970E7091980E8091990E90919A0ED6
:102C40000E9451C1882329F16091930E7091940ED6
:102C50008091950E9091960E9E01275F3F4FAE0199
:102C60004F5F5F4F0E943AC8882399F0E984FA8445
:102C700009811A812B813C814091930E5091940ED1
:102C80006091950E7091960E80E00E9423A18111B3
:102C900015C010E0812F2A960FB6F894DEBF0FBE44
:102CA000CDBFDF91CF911F910F91FF90EF90DF90FB
:102CB000CF90BF90AF909F908F9008958D819E810F
:102CC000AF81B8858F3FFFEF9F07AF07BF0739F090
:102CD0000196A11DB11DB695A795979587958093EF
:102CE000AB0E9093AC0EA093AD0EB093AE0E609170
:102CF000970E7091980E8091990E90919A0E0E9465
:102D000051C1182F8111C6CF66E070E084E994E0CC
:102D10000E9493BEBFCF0F931F93CF93DF938091F9
:102D20000812813029F080910812833009F090C098
:102D300010927A0380917C0E882379F181E0809350
:102D40006E0310929403E091B40FF091B50F309799
:102D500011F08FEF19950E94CC15882309F46DC0EE
:102D60006091970E7091980E8091990E90919A0EA5
:102D700000919B0E10919C0E20919D0E30919E0E05
:102D8000600F711F821F931F0E9451C1882309F495
:102D900054C010926E0310927C0E82E08093081251
:102DA00080917A0E90917B0E049719F080E00E943A
:102DB00026B5C091710ECC2309F458C01092780E3C
:102DC00081E090916C0E911101C080E00E946DB481
:102DD0001FB7F89480916D0ED0E3811101C0D0E04F
:102DE00082E080931A1281E00E945BB585E088BB87
:102DF000D360D0939000809171008A7F809371009E
:102E000080916D0E882329F08091710084608093F9
:102E100071008091700E882321F080916F0E8823BD
:102E200029F08091710081608093710089E1809325
:102E300091001092710E1FBF13C010926E03C091CB
:102E40007A03CC2339F01092091281E080930812A2
:102E5000C0E006C066E070E080EF94E00E9493BEA0
:102E60008C2FDF91CF911F910F91089580917A0E51
:102E700090917B0E049731F4DF91CF911F910F91C8
:102E80000C9478B4DF91CF911F910F910C94E1B520
:102E90002F923F924F925F926F927F928F929F926A
:102EA000AF92BF92CF92DF92EF92FF920F931F9358
:102EB000CF93DF93CDB7DEB7C657D1090FB6F894DD
:102EC000DEBF0FBECDBF8C01E0900612F09007125E
:102ED0004090AF0E5090B00E6090B10E7090B20E58
:102EE00010927C0E019711F410E000E0C8010E94DE
:102EF0002CA08091920E81114BC10E9486B36093E9
:102F0000970E7093980E8093990E90939A0E8091DD
:102F1000A70E9091A80EA091A90EB091AA0E809331
:102F2000930E9093940EA093950EB093960E1093DB
:102F3000C70E0093C60E80910612909107120E9450
:102F4000A1B0811129C11092B30E80910612909107
:102F500007128330910519F4EE24E394F12C0E94BA
:102F6000A1B08823C1F08091920E882309F43EC15C
:102F70004090A70E5090A80E6090A90E7090AA0ED7
:102F80001092950310929603109297031092980353
:102F9000EE24E394F12C4091970E5091980E60919D
:102FA000990E70919A0EE3964CAF5DAF6EAF7FAF06
:102FB000E3970E9437A50115110509F47EC3C801E6
:102FC0000B97049708F479C3EA94EF2809F040C2FC
:102FD00086E090E1892B09F43BC220910610213054
:102FE00019F0263709F034C22093C90F81E1E7E0D8
:102FF000F0E1AAECBFE001900D928A95E1F74091D3
:103000001810509119105093C40F4093C30F209083
:103010001A1030901B103092C60F2092C50F60918D
:103020001C1070911D107093C80F6093C70F3DE086
:10303000E8E1F0E1ABEDBFE001900D923A95E1F7E8
:10304000E396CCACDDACEEACFFACE397C092E80FFE
:10305000D092E90FE092EA0FF092EB0F4115510583
:1030600009F4F6C14101B12CA12CBA0190E080E035
:10307000E7966CAF7DAF8EAF9FAFE7976A017C019B
:10308000C80CD91CEA1CFB1C71E0C716D104E7066A
:10309000F10408F0DDC1E7968CAD9DADAEADBFADDE
:1030A000E797E3964CAD5DAD6EAD7FADE397840FD2
:1030B000951FA61FB71F481659066A067B0608F417
:1030C000C7C10F30110509F473C6A8014650510954
:1030D0004330510508F46CC60031110509F49BC654
:1030E0009801295031092230310508F486C2033095
:1030F000110509F43EC20430110509F0DBC111E5E8
:10310000211450E1350608F413E50E94ECA5180FD0
:103110001F5F412E512C712C612CD301C201885F9D
:103120009E4EAF4FBF4F69E0C61661E1D606E1047F
:10313000F10408F46CC088169906AA06BB0608F0CC
:1031400066C08091C50F9091C60FB0E0A0E02091BD
:10315000C30F3091C40FAC01BD01420F531F611D5D
:10316000711D4130504C6105710508F067C1612F38
:1031700080E090EC0E9486A9882309F469C185E06B
:1031800090E09093BE0F8093BD0F80E090EC4FC015
:1031900060E070E0CB01B3CE87E090E1892B09F1CC
:1031A00083EB9EE0009709F4D0CEA7E0B0E1FC01EC
:1031B0008D9181932EE0E43CF207D1F71092C40E7A
:1031C00041E061E183EB9EE00E94C6AB8111BDCE80
:1031D0004DE954E062E170E083EB9EE00E942C70C8
:1031E000B4CE83EB9EE0892B99F7AFCE4090A30E2F
:1031F0005090A40E6090A50E7090A60E1092AB0E8B
:103200001092AC0E1092AD0E1092AE0EB9CE612F90
:1032100088E091E10E9486A9882309F492CF84E096
:1032200090E09093BE0F8093BD0F88E091E1909362
:10323000C00F8093BF0F812F90E09093C20F8093B7
:10324000C10F81E08093B60F0E9407A5882309F47F
:103250006AC28AEC9FE0892B09F4E9C0D090C70FBD
:10326000E090C80FB090C50FC090C60F9090C30FEC
:10327000A090C40FF090C10F0091BF0F1091C00F2C
:103280006F2DC8010E948FDB882309F4D0C00E94F3
:103290001ADC811101C081E0075B1F4F6FEA609368
:1032A0001E1091E290931F101092201050ED509339
:1032B000211077E77093221021E12093231041E041
:1032C00040932410509325104093261037EE3093EE
:1032D000271033E0309328103DEE30932910E0EBB7
:1032E000E0932A1090932B1000932C1010932D1024
:1032F00020932E1010922F105093301040933110C5
:10330000809332101092331030933410E0933510C4
:1033100086E18093361084EE809337104EE140931F
:10332000381040EE4093391090933A1010923B10B1
:1033300010923C104AE440933D1030933E1059E700
:1033400050933F104EE7409340104BE440934110A0
:1033500030934210509343107093441033E23093F3
:1033600045103BEC3093461034E63093471038E27A
:103370003093481033EF309349103EE330934A10B6
:1033800035E130934B1032E330934C1040934D10A5
:103390003AE030934E1090934F1090925010A092BC
:1033A000511032E23093521042E040935310209378
:1033B000541090935510B0925610C09257103093FD
:1033C000581094E09093591020935A109DEC9093CC
:1033D0005B109AE290935C1010925D109AED9093BE
:1033E0005E109EEF90935F101092601060936110DA
:1033F00093ED909362108093631083EC809364103C
:10340000D0926510E09266100E941ADC2AEC3FE030
:10341000A7E6B0E190E0811179C1E8E1FCE1E49137
:10342000E093671081E0875BF81609F4A3C167E0B9
:1034300070E082ED94E00E9493BE20C0F0EC5F0E3D
:10344000611C711C84159505A605B70508F08FCE83
:103450000E9437A590E080E00E942CA01092C70E39
:103460001092C60E80910612909107120E94A1B090
:10347000811123C10E94BEC98111FDC010E0812FBE
:10348000CA58DF4F0FB6F894DEBF0FBECDBFDF9135
:10349000CF911F910F91FF90EF90DF90CF90BF9051
:1034A000AF909F908F907F906F905F904F903F90E4
:1034B0002F9008950530110509F089C08AEC9FE02E
:1034C00010E0892B39F00E941ADC811101C081E0E3
:1034D00019E4180F8FEF810F883608F0B9CF412E0D
:1034E000512C712C612CD301C201885F9E4EAF4FCD
:1034F000BF4F29E0C21621E1D206E104F10428F110
:1035000088169906AA06BB0600F58091C50F909112
:10351000C60FB0E0A0E02091C30F3091C40FAC0102
:10352000BD01420F531F611D711D4130504C61059B
:103530007105A8F4612F80E090EC0E9486A9882391
:1035400009F486CF87E090E01CCE612F88E091E1FE
:103550000E9486A98823C9F286E090E062CE40EC02
:10356000540E611C711C84159505A605B70510F74E
:103570006FCF51E1C516D506E104F10428F060E7EC
:10358000261661E1360688F083E090E09093BE0F46
:103590008093BD0F1092BA0F80E191E19093C00F1C
:1035A0008093BF0F80E690E048CE71E0C71670ECC4
:1035B000D706E104F10408F04BCF83E090E090934C
:1035C000BE0F8093BD0F81E08093BA0FE5CFB1E0CD
:1035D000CB16B1E1DB06E104F104A8F581E090E04F
:1035E0009093BE0F8093BD0F80E091E19093C00F48
:1035F0008093BF0F85E590E004C4E1E0CE16E4EDD2
:10360000DE06E104F10440F0FAE58F16F4ED9F06C2
:10361000A104B10408F41CCF90E080E04B305105C8
:1036200028F44D515D4FDA018C9190E09093BE0FDC
:103630008093BD0F80E094ED9093C00F8093BF0FF7
:103640008AE590E0DEC3B5E58B16B1E19B06A104E7
:10365000B10420F6E1E0CE16E0ECDE06E104F10470
:1036600008F0F6CE82E090E09093BE0F8093BD0FFD
:1036700080E090ECBBCF0E945FC4882309F4FECEAB
:103680008091950390919603A0919703B091980330
:103690008F3FFFEF9F07AF07BF0739F00196A11DCE
:1036A000B11DB695A795979587958093AB0E90938E
:1036B000AC0EA093AD0EB093AE0E8091920E882307
:1036C00009F466C310929503109296031092970323
:1036D0001092980310929B0E10929C0E10929D0EC9
:1036E00010929E0E0E94E9A46091970E7091980E20
:1036F0008091990E90919A0E0E9451C1182F8111BC
:1037000039C366E070E086EB94E052C09F5FF90138
:1037100041919F01E42FF0E0E850F44EE491ED93E5
:103720008913F4CF80CE0E9417A5882309F443C0E3
:1037300068E670E0CE0101960E943CA68C01809163
:10374000C10F9091C20F0817190709F070CE602FB2
:103750008091BF0F9091C00F0E948FDB882309F4E6
:1037600066CEA8015527BE016F5F7F4F8EE190E1C5
:103770000F9436050E9427A58111D1C00E9459A936
:103780008111CDC00E9407A5182F8111C8C060E02B
:1037900072E08BE192E10E943CA69C01215031092C
:1037A0002F3F374008F483C067E070E08CEA94E074
:1037B0000E9493BE64CE0091BD0F1091BE0FC80150
:1037C0000E942EA6E090BF0FF090C00F03301105AD
:1037D00011F08823C9F09BEB9093061010921810FB
:1037E0001092191010921A1092E190931B10E0920F
:1037F0001C10F0921D1081112EC08091C90F809372
:103800001E108091C40F34C0C8010E9404A62091EC
:10381000C10F9091C20F882309F43CC02093181067
:1038200090931910E0921A10F0921B10E0921C1065
:10383000F0921D108EE190E1009709F49BCFE4EA2D
:10384000F4E0DC0186E290E124912D9331968A1711
:103850009B07D1F78FCF81E080931E10095011098B
:1038600081E10530110520F402511D4FD8018C91E2
:1038700080931F1086E0EBEDFFE0A0E2B0E1019045
:103880000D928A95E1F760E670E086E290E10E9491
:103890003CA670CF2093181090931910E0921A1044
:1038A000F0921B10E0921C10F0921D1063CFEBE120
:1038B000F2E130E020E04191D901AA56BB4F4C9390
:1038C0002F5F3F4F82179307B1F72FB7F8941092ED
:1038D0007F0310927E039093700380936F0331E017
:1038E000309301022FBFB0E0A0E08093A70E909329
:1038F000A80EA093A90EB093AA0E80939B0E90934E
:103900009C0EA0939D0EB0939E0E1092A30E10924B
:10391000A40E1092A50E1092A60E10927D0E0E947B
:103920003EA9882309F40CC23E01E9E66E0E711C23
:10393000D3011D921D921D921C921397A6E0EA2EB0
:10394000A0E1FA2E10E000E0212C312C2101F7013A
:1039500081917F010E9413A1280E311C411C511C32
:10396000080F111DF6E8EF16F0E1FF0681F7298236
:103970003A824B825C82AF961FAF0EAFAF978090BA
:103980000C02912CA0900E02B12CC0901102D0908C
:103990001202F12CE12C7F926F922091080230915B
:1039A00009028091060290910702B0E0A0E0820F28
:1039B000931FA11DB11DBF93AF939F938F93209130
:1039C0000402309105028091020290910302B0E05E
:1039D000A0E0820F931FA11DB11DBF93AF939F93D2
:1039E0008F931F9282E08F931F921F9280910A0201
:1039F0001F928F93A201910160E870E080E090E057
:103A00000E945AA30FB6F894DEBF0FBECDBF81113E
:103A100013C080910812863009F430CD80910612CF
:103A2000909107120E94A1B0882309F486C187EC07
:103A300094E067E070E0FFCC0E9412A6882309F4AE
:103A400083C060E072E08BE192E10E943CA65C01E1
:103A5000892BF9F28091B60F8823D9F28091C10F9A
:103A60009091C20FA816B906A1F6FBE1CF2EF2E1A4
:103A7000DF2E10E000E0212C312C2101C6018B51FA
:103A800092418A159B0560F4D6018D916D010E94CB
:103A900013A1280E311C411C511C080F111DEECF23
:103AA00029823A824B825C82AF961FAF0EAFAF97EE
:103AB00080900B02912C80910D02A82FB0E0C09055
:103AC0000F02D0901002F12CE12CB50190E080E0C3
:103AD0007F926F92E0910802F09109022091060214
:103AE0003091070250E040E02E0F3F1F411D511D55
:103AF0005F934F933F932F93E0910402F09105025F
:103B0000209102023091030250E040E02E0F3F1F4F
:103B1000411D511D5F934F933F932F931F921F920F
:103B20001F9222E62F9320910A021F922F935D018C
:103B3000A20191010E945AA30FB6F894DEBF0FBEF6
:103B4000CDBF882309F465CF6091970E7091980ED0
:103B50008091990E90919A0E0E9451C1882309F488
:103B600058CF6091930E7091940E8091950E909124
:103B7000960E9E0123593F4FAE014F5F5F4F0E944B
:103B80003AC8182F882309F463C0AF960EAD1FAD55
:103B9000AF9729813A814B815C812090930E3090C0
:103BA000940E4090950E5090960EE091BD0FF091BE
:103BB000BE0F3697E930F10508F0BDC08827EC51FB
:103BC000F24E8F4F0D94AC037A1E7A1EFB1DF41D2E
:103BD000941E8E1E871EED1D811E92E080E0EFE395
:103BE000FCE367E27FE10DC092E080E0E8EFF8E1FE
:103BF00069E47DE006C092E080E0E4E1F5E165E2A1
:103C00007CE07F926F921F921F92FF93EF931F921F
:103C10001F927F936F931F929F931F928F931F9278
:103C200082E08F9364E1862E912C74E1A72EB12C53
:103C3000ECE7CE2EE5E1DE2EE12CF12CC201B10144
:103C40000E945AA3182F0FB6F894DEBF0FBECDBF47
:103C50006091970E7091980E8091990E90919A0EA6
:103C60000E9451C1882309F4D4CE112309F4D1CE86
:103C70000E9407A58823B1F0F30180819181A28180
:103C8000B381803EFCEF9F07FFEFAF07BF0708F04F
:103C9000C0CE805E9C4FAF4FBF4FF30180839183B6
:103CA000A283B383F30180819181A281B3818F3F8D
:103CB000FFEF9F07AF07BF0739F00196A11DB11DA8
:103CC000B695A795979587958093AB0E9093AC0E7C
:103CD000A093AD0EB093AE0E0E9459A9811105C0FC
:103CE0000E9407A5882309F44DC00E9491CB811141
:103CF00049C0C4CB92E080E0E0E0F4E160E07AE02B
:103D000080CF90E082E6EEE9FEE36FE46BCF90E0D7
:103D100082E6E8E5F3E26CEA71E173CF90E082E6D7
:103D2000E0E4FAE160E265CF92E080E0EDEEFEE1F2
:103D30006EEC7FE066CF10E08BCF8EEB94E079CE17
:103D400080910612909107120E94A1B01092AB0EC2
:103D50001092AC0E1092AD0E1092AE0E882309F4A4
:103D6000BBCF109295031092960310929703109276
:103D70009803B2CF0E9456CB882309F47FCB81E011
:103D800080937C0E81E090E00E94779F11E077CBDA
:103D900080910612909107120E94A1B0811103C078
:103DA0000E9456CBA4CF0E94CC158111F9CF66CBCF
:103DB000213009F04DCB81E1C816D806E104F104A9
:103DC00040F090E7891691E19906A104B10408F446
:103DD0003FCB0650110990E080E00B30110528F42C
:103DE0000D511D4FD8018C9190E09093BE0F8093A0
:103DF000BD0F80E191E19093C00F8093BF0F80E6EB
:103E000090E02091BD0F3091BE0F2230310509F0B6
:103E100014CA0F9612CA21E0C21624EDD206E1049C
:103E2000F10408F4FECB3AE5831634ED9306A104C1
:103E3000B10408F40DCBF5CBCF92DF92EF92FF9255
:103E40000F931F93CF93DF931F921F92CDB7DEB7CF
:103E5000E0907A0EF0907B0E81E0E816F10409F014
:103E60004AC00E9407A5882381F080917D0E8111B0
:103E700006C00E9491CB811102C010E025C083E0F2
:103E800090E00E94779F11E01FC00E9427A5182F85
:103E9000882351F10E9417A5882311F180E00E9428
:103EA0000EB881E00E946DB484E090E090937B0EA8
:103EB00080937A0E1092790E1092780E1092770EEF
:103EC0001092760E1092750E812F0F900F90DF9149
:103ED000CF911F910F91FF90EF90DF90CF900895B9
:103EE00081E00E940EB8E0CF0E9459A98111BDCF98
:103EF00082E090E0C6CF82E0E816F10421F40E944F
:103F00003EA98111B6CFC7010297029738F067E04A
:103F100070E086EE94E00E9493BEAFCF82E0E81698
:103F2000F10429F40E9465A9182F8111D9CF80913D
:103F30000612909107128230910509F060C00E942C
:103F400086B30091AF0E1091B00E2091B10E30915A
:103F5000B20E601771078207930768F48091CA0E4A
:103F60009091CB0E009739F02091C80E3091C90E78
:103F70008217930720F084E08093081284CF609129
:103F8000970E7091980E8091990E90919A0E0091D3
:103F9000930E1091940E2091950E3091960E600F15
:103FA000711F821F931F0E9401C1182F811107C02A
:103FB00066E070E08DED94E00E9493BE85CF809125
:103FC000CA0E9091CB0E01969093CB0E8093CA0EA1
:103FD0000E945FC4882309F450CFBE016F5F7F4FFA
:103FE0008091CA0E9091CB0E0E94BED4882309F412
:103FF00044CF89819A810E944817182F65CF08976E
:1040000009F4B9CF82E0E816F10409F0B4CF0E94B8
:1040100086B30091AF0E1091B00E2091B10E309189
:10402000B20E601771078207930708F0A4CF6801EA
:104030007901C61AD70AE80AF90AB701A60140931E
:10404000A70E5093A80E6093A90E7093AA0E00932A
:10405000A30E1093A40E2093A50E3093A60E1092DB
:104060009B0E10929C0E10929D0E10929E0E0E941E
:10407000E9A40E9456CB882309F4FFCE39CF2F92B2
:104080003F924F925F926F927F928F929F92AF92E8
:10409000BF92CF92DF92EF92FF920F931F93CF9335
:1040A000DF93CDB7DEB7CA5AD1090FB6F894DEBF99
:1040B0000FBECDBF1C0181E00E94B310C956DF4F77
:1040C0008883C759D040882309F427C18091EF0322
:1040D000282F30E03093C90E2093C80E21143104EC
:1040E00021F5C956DF4F1882C759D040C956DF4F56
:1040F0008881C759D040C655DF4F0FB6F894DEBF50
:104100000FBECDBFDF91CF911F910F91FF90EF9028
:10411000DF90CF90BF90AF909F908F907F906F90E7
:104120005F904F903F902F90089522153305C8F26D
:104130000FEF020D0817A8F68091E1038093890E16
:1041400026E0029F20011124820108571F4EF20130
:10415000E957FF4E808190E0B0E0A0E0BA2FA92F90
:10416000982F8827F201EA57FF4E2081822BF80111
:10417000408150E070E060E0BA01552744274427B1
:10418000552767707727842B952BA62BB72B809309
:104190006A0390936B03A0936C03B0936D0310922A
:1041A0007F0E10927E0E65EA90E080E00E942B9FC9
:1041B00060E00E942B9F60E40E942B9F60E00E94C1
:1041C0002B9F6C017E01F1E4EF0EF11C5E0121E8F2
:1041D000A20EB11C37014701C7010E9440C68823C7
:1041E00009F47FCF3FEFE31AF30AD4016C91C601C3
:1041F0000E942B9F6C01EA14FB0469F7CE01019623
:104200000E9440C6882309F46CCF6981C6010E94D0
:104210002B9F7C01CE0101960E9440C6882309F4A1
:1042200060CF6981C7010E942B9F892B09F059CF6C
:10423000F30144895589CB56DF4F59834883C559CB
:10424000D040F201E657FF4E8081F201E757FF4E62
:10425000C080D12CF12CE12CB5E0CC0CDD1CEE1C87
:10426000FF1CBA95D1F7D8018C90912CB12CA12CC0
:1042700013E0B694A794979487941A95D1F7C82819
:10428000D928EA28FB28882E912CB12CA12C0DE0EE
:10429000880C991CAA1CBB1C0A95D1F78824B0EE87
:1042A0009B22B7E0AB22BB2487017601E828F928DE
:1042B0000A291B29C357DF4FE882F9820A831B832F
:1042C000CD58D040F201E557FF4E2081E4E02E9F0B
:1042D0009001112490E066E0959587956A95E1F745
:1042E000282B392BA8EEB3E00F94B4036093AB0EE8
:1042F0007093AC0E8093AD0E9093AE0E6091C80E8D
:104300007091C90E9A01A301C1010E94A911C95659
:10431000DF4F8883C759D040E9CE1092EE030E9448
:10432000D8A400E0FF24FA948091880E002331F095
:1043300091E0801708F490E0802F891B8093890E0C
:1043400010926A0310926B0310926C0310926D032B
:10435000F092000210927F0E10927E0E0E9462C6B2
:10436000882309F411C265EA90E080E00E942B9F47
:104370006C01CE018F579F4F0E9440C6882309F4DD
:1043800003C2CE018F5B9F4F0E9440C6882309F471
:10439000FBC1CE0101960E9440C6882309F4F4C1F6
:1043A000CF57DF4F1881C158D040612FC6010E94FE
:1043B0002B9F22966FAD22970E942B9F69810E94AE
:1043C0002B9F892B59F610FDC9CF153638F61123CE
:1043D00009F4DEC11695612F70E07093C90E6093E9
:1043E000C80E2114310409F4D3C16215730508F411
:1043F000CFC1F6E86F2EF0E17F2EC456DF4F188252
:10440000CC59D040C656DF4F19821882CA59D040C5
:1044100044244394512CC356DF4F1882CD59D040C9
:10442000C256DF4F1882CE59D040C156DF4F188296
:10443000CF59D040C056DF4F1882C05AD04080912B
:10444000C80E9091C90E8415950508F4B1C1F12CE0
:10445000E12C10E000E09E0127573F4FAE014D5682
:104460005F4FBE016F5F7F4F80E00E9491C688233F
:1044700009F48EC19E012F563F4F79018E010B57D3
:104480001F4F24503109AE014B565F4F70E060E082
:1044900085E00E9491C6882309F47AC18D899E899E
:1044A000C856DF4F99838883C859D040CB56DF4F19
:1044B00088819981C559D040C856DF4FA881B981FC
:1044C000C859D040A817B90709F062C1CF56DF4FCD
:1044D000E881F981C159D040CF55DF4FF983E88396
:1044E000C15AD040CB57DF4F88819981AA81BB81C7
:1044F000C558D040CD55DF4F88839983AA83BB83AD
:10450000C35AD040CF57DF4F188219821A821B82BC
:10451000C158D0408091950390919603A091970344
:10452000B0919803C955DF4F88839983AA83BB83D1
:10453000C75AD040C856DF4F68817981C859D040EA
:10454000CE0101960E940D9F06E010E1F12CE12CB6
:10455000812C912C5401D12CD8018D918D010E9478
:1045600013A1880E911CA11CB11CE80EF11CD39460
:10457000B0E8DB12F1CFFE01EF57FF4F6F0195015D
:10458000840140E850E060E070E081E00E9423A1F7
:10459000182F8823D9F0C856DF4F28813981C85990
:1045A000D040A90170E060E0CF55DF4FE880F9808E
:1045B000C15AD040CD55DF4F088119812A813B81F6
:1045C000C35AD04080E00E9423A1182FC955DF4F65
:1045D00088819981AA81BB81C75AD0408093950375
:1045E00090939603A0939703B0939803112309F433
:1045F000CFC0CF57DF4F688179818A819B81C158B5
:10460000D04068517C4F8F4F9F4F20ED37E040E006
:1046100050E00F948A03211594E0390741055105B4
:1046200008F0B9C0CF57DF4F288339834A835B83B3
:10463000C158D040CF57DF4F288139814A815B81F3
:10464000C158D04093E34916510409F4A1C0C7579B
:10465000DF4F88809980AA80BB80C958D0408114E0
:104660009104A8E0AA06B10408F092C0C357DF4F36
:10467000C880D980EA80FB80CD58D040C114D104D5
:10468000B8E0EB06F10408F083C0C9012115E4E0AD
:104690003E0710F08FEF93E0D3018C9211969C921D
:1046A00011976C2D660F660F660F6A2912966C9330
:1046B00012974601570165E0B694A79497948794A2
:1046C0006A95D1F713968C921397682F6295660FAF
:1046D000660F607C460157017DE0B694A7949794DD
:1046E00087947A95D1F7682914966C9314979695C8
:1046F00087959695879515968C9342145304E9F502
:1047000080E4FE013196DE01AF5BBF4F01900D9258
:104710008A95E1F7CB56DF4FE881F981C559D04042
:10472000C656DF4FF983E883CA59D040442755273E
:10473000A8EEB3E00F94C3036093AB0E7093AC0E7E
:104740008093AD0E9093AE0EC456DF4F1883CC59B4
:10475000D040C356DF4FC882CD59D040C256DF4F3C
:10476000D882CE59D040C156DF4FE882CF59D040D1
:10477000C056DF4FF882C05AD040FFEF4F1A5F0A91
:1047800026E0620E711C5BCE0F5F003109F0CCCDCC
:104790001092B30FABCC8FEF93E0A0E0B0E0CF5717
:1047A000DF4F88839983AA83BB83C158D04042CF0F
:1047B000C456DF4F3881CC59D040332349F3409160
:1047C000AF0E5091B00E6091B10E7091B20E409349
:1047D000EA035093EB036093EC037093ED03409175
:1047E0008E0E50918F0E6091900E7091910E4093AD
:1047F000E6035093E7036093E8037093E903409165
:104800008A0E50918B0E60918C0E70918D0E40939C
:10481000E2035093E3036093E4037093E503909104
:10482000890E9093E1038093EF0381E08093E0038E
:104830008093EE030E9432DC6091C80E7091C90E25
:10484000C356DF4FE880CD59D040C256DF4FF880C5
:10485000CE59D040C156DF4F0881CF59D040C05605
:10486000DF4F1881C05AD040C656DF4F28813981AA
:10487000CA59D040AE014F5B5F4F46CD10926504E0
:10488000109264041092A10FE7EBFCE013821282F5
:1048900011821082EFE5F4E01182108210925E0422
:1048A00010925D041092590410925A0410925B0405
:1048B00010925C041092AE0C1092AF0C1092B00CDF
:1048C0001092B10C1092B20C1092B30C1092B40C66
:1048D0001092B50C10925004109251041092520490
:1048E0001092530410926304109257041092B60C65
:1048F00010926104109258041092200410921F0428
:1049000010921E041092AD0C1092AC0C1092560432
:10491000109255041092540410924F0408958091FF
:104920005D04E82FF0E0DF01AA0FBB1FA954B34FCD
:104930002D913C91232B51F0E15AFB4F9081911125
:1049400005C091E09083892780935D040895BF920C
:10495000CF92DF92EF92FF920F931F93CF93DF934B
:10496000B0905E04CB2DD0E0CE01815A9B4F6C01FC
:10497000FC01008101110CC011E0812FDF91CF916A
:104980001F910F91FF90EF90DF90CF90BF9008950F
:104990000E9404B4182F8111EFCFCC0FDD1FFE0150
:1049A000E954F34FE080F180C701019781159240EF
:1049B00070F58BE192E1BB2011F086E090E1B70148
:1049C0000E94FAC18E159F0511F5809159049091AE
:1049D0005A04A0915B04B0915C048E0D9F1DA11D33
:1049E000B11D8093590490935A04A0935B04B09333
:1049F0005C04C954D34F19821882F6011082809149
:104A00005E0491E0892780935E04102FB6CF8DE974
:104A100099E00E94337BB1CFCF93DF9390915D04F7
:104A2000E92FF0E0DF01A15ABB4F2C91211133C0D7
:104A30002BE132E1992311F026E030E1EE0FFF1F68
:104A4000E954F34F40815181EA012196D183C0831B
:104A5000240F351FF90180834091AE0C5091AF0CAB
:104A60006091B00C7091B10C4F5F5F4F6F4F7F4FF3
:104A70004093AE0C5093AF0C6093B00C7093B10C9C
:104A800081E0C115D24021F48C93982790935D0466
:104A9000DF91CF91089580E0FBCFFF920F931F939A
:104AA000CF93DF931F921F92CDB7DEB7082FF92E59
:104AB000BE016F5F7F4F0E94D1D1182F811113C0AB
:104AC00040E150E06AE97CE081EA9FE00F945D05F7
:104AD0001092B10F812F0F900F90DF91CF911F9106
:104AE0000F91FF9008958A818F9389818F93FF9210
:104AF0000F938EE899E09F938F931F9280EA8F9394
:104B00008BE194E19F938F930E94556E01970FB6AE
:104B1000F894DEBF0FBECDBF8F399105D8F280E883
:104B200099E00E94337B10E0D5CF80910C04811175
:104B300006C080910B04811102C080910A0408957F
:104B4000AC0161E170E081EA9FE00C9440701816BE
:104B500034F081E499E00E94A02580E008958093DC
:104B6000140460913C046093130490E00E947284EA
:104B700080913C0491E0892780933C0490933E040B
:104B800081E00895BF92CF92DF92EF92FF920F9350
:104B90001F93CF93DF93B0901D04CB2DD0E0CE01B7
:104BA000855B9B4F6C01FC01008101110CC011E081
:104BB000812FDF91CF911F910F91FF90EF90DF90A8
:104BC000CF90BF9008950E9404B4182F8111EFCFA9
:104BD000CC0FDD1FFE01E554F34FE080F180C701EB
:104BE00001978115924028F085E399E00E94A02565
:104BF000DFCF8BE192E1BB2011F086E090E1B701BD
:104C00000E94FAC18E159F0519F08AE299E0EECF55
:104C10008091430490914404A0914504B0914604CE
:104C20008E0D9F1DA11DB11D8093430490934404DC
:104C3000A0934504B0934604C554D34F19821882FB
:104C4000F601108280911D0491E0892780931D0454
:104C5000102FAECFFF920F931F93CF93DF931F922E
:104C60001F92CDB7DEB7082FF92EBE016F5F7F4FC1
:104C70000E94D1D1182F811122C08AE99CE0892B92
:104C800099F481EA9FE0009731F043EF58E061E149
:104C900070E00E942C70812F0F900F90DF91CF91C8
:104CA0001F910F91FF90089540E150E06AE97CE088
:104CB00081EA9FE00F945D051092B10FECCF8981DE
:104CC0009A812091750F3091760F2530310501F5CD
:104CD0009F938F93FF920F938BE199E09F938F9314
:104CE0001F9280EA8F938BE194E19F938F930E94B0
:104CF000556E0FB6F894DEBF0FBECDBF01978F394A
:104D0000910548F28EEF98E00E94A02510E0C3CFF5
:104D10009F938F93FF920F938CE099E0DFCFDC019C
:104D20009FB7F8942091030430910404409101044A
:104D30005091020480E04217530769F0F901F770BF
:104D4000EA56FB4F80818C932F5F3F4F30930404D2
:104D50002093030481E09FBF08952F923F924F92CA
:104D60005F927F928F929F92AF92BF92CF92DF928B
:104D7000EF92FF920F931F93CF93DF931F921F9297
:104D8000CDB7DEB722E0E22EF12C77247394CC2449
:104D9000C394D12CE0914204F0E0E55BFB4F00812D
:104DA0000111CBC080913E04882391F080911404BE
:104DB00090911304911101C081950E94620F81119D
:104DC00010923E0480913E04882321F301E0B5C097
:104DD0000E949525082F882309F400C180913D0485
:104DE0008823A1F380910C04882321F1809047044B
:104DF00090904804A0904904B0904A048091120415
:104E00008823B1F081E00E94620F882371F08092C4
:104E10000D0490920E04A0920F04B09210047092B0
:104E2000110410920C0470920B040E949525CCCFB3
:104E30008FEFE9CF00910B04002371F080E00E9416
:104E4000620F882391F310920B0480910804882349
:104E500061F30E94430FE9CF80910A04882309F48B
:104E6000B5CF10910904812F111614F08FE7810F2F
:104E700090911204911101C0819590911104992390
:104E800009F4A7C080900D0490900E04A0900F0428
:104E9000B0901004898340911504509116046091DC
:104EA0001704709118042091BB0C3091BC0C211593
:104EB000310589F084169506A606B70660F01A013A
:104EC0002B01220E331E411C511C82149304A40496
:104ED000B50408F447C04091190450911A04609138
:104EE0001B0470911C042091BD0C3091BE0C211547
:104EF000310591F084169506A606B70668F01A01EA
:104F00002B01220E331E411C511C26E030E182147D
:104F10009304A404B50440F18091430490914404A7
:104F2000A0914504B091460488169906AA06BB06CE
:104F300068F187E599E00E94A025802F0F900F90DF
:104F4000DF91CF911F910F91FF90EF90DF90CF9065
:104F5000BF90AF909F908F907F905F904F903F90C9
:104F60002F9008952BE132E1841A950AA60AB70A18
:104F7000820E931EF401808310920A0411160CF025
:104F800068CF70920B04709208044FCF0E9404B453
:104F9000082F81114ACFC501B4010E9401C18111BE
:104FA00003C08BE499E0C7CF61E070E0CE010196C9
:104FB0000E94FAC10197A9F76091430470914404DB
:104FC00080914504909146040E9401C18111D4CF83
:104FD000E8CF0E94620F8111CFCF27CF80913F048D
:104FE000882341F010923F040E94A725882309F4EA
:104FF000A4CFD0CECE0102960E948F26882309F43A
:10500000E5CE20914004309141048A812130310560
:1050100081F4109241041092400490EF980F903761
:1050200018F086E799E087CF0E94A7258823C9F367
:10503000B1CE2230310591F4109241041092400417
:1050400090913D04992311F08F3F1CF482E699E082
:1050500072CF8093090470920A049CCE813029F4A7
:10506000D0924104C092400495CE8230D9F580910F
:105070003D0481112DC08091980F8823C1F01092BA
:10508000390410923804109237040E9444AC809185
:105090002804873061F00E94338310922704109215
:1050A0002604109225041092240410922304709276
:1050B0003D0480913C0480931204109211041092DC
:1050C0000C0410920B0410920A041092080462CE91
:1050D00080911104811103C070920C045BCE709218
:1050E0000B0458CE833029F4F0924104E09240043E
:1050F00051CE282F30E094E0359527959A95E1F729
:10510000182F1F702115310519F48CE699E013CF83
:10511000822F0E94A725882309F40FCF112309F4B9
:1051200039CE10933F0436CE4FB7F8942091030444
:105130003091040480910104909102044FBF821BBE
:10514000930B0895CF9380916204813069F5CFB7B6
:10515000F894809104018E7F809304018091050171
:105160008E7F809305018091030181708093BC0341
:105170008091BC0380933B041092070410920604B4
:10518000109205041092000490E080E00E94E40F69
:1051900082E0809362040E9448B181E00E945BB586
:1051A000CFBF81E0CF91089580E0FCCF0E9422B173
:1051B000E3E7F0E080818D7F8083109221011092DF
:1051C000200182E08ABB80E00C945BB5CF93DF9333
:1051D000DFB7F8940E9422B1D19B0FC00E943B1010
:1051E000C82F81110AC00E94D62884E080936204EF
:1051F000DFBF8C2FDF91CF91089580912401909192
:10520000250110922101909307048093060483E006
:105210008093620480E00E945BB5C1E0E9CF1F92F9
:105220000F920FB60F9211240BB60F922F933F934C
:105230004F935F936F937F938F939F93AF93BF939E
:10524000EF93FF9380916204823061F40E942C10EE
:105250008823D9F082E00E940C108823B1F081E00D
:1052600080930504FF91EF91BF91AF919F918F9132
:105270007F916F915F914F913F912F910F900BBE56
:105280000F900FBE0F901F9018950E94D62884E0B3
:1052900080936204E7CFCF93CFB7F8940E94D628CB
:1052A000109205041092000410926204CFBFCF91B7
:1052B0000895CF93CFB7F8940E94D6281092040493
:1052C0001092030410920204109201041092070439
:1052D000109206048CE991E390932A0280932902AC
:1052E00082E08093280210923A041092BC0310923C
:1052F0003B04109205041092000410926204CFBF88
:10530000CF9108950E9459291092A00F10929F0FDB
:105310001092760F1092750F10921B141092A10F1D
:10532000EBEBFCE01182108213821282EBE4F4E0DA
:10533000108211821092420410921D04E5E1F4E003
:1053400010821182128213821482158216821782B1
:1053500010924304109244041092450410924604A3
:1053600010924704109248041092490410924A0483
:10537000109241041092400410923F0410923C0499
:1053800010923E04109214041092130410923D04E3
:10539000109212041092110410920D0410920E0437
:1053A00010920F041092100410920C0410920B042F
:1053B00010920A0410920904109208040895CF93E1
:1053C000DF93EC01D19910C08091240190912501C7
:1053D00099838883109225011092240182E08ABB70
:1053E00081E0DF91CF9108950E943B108823C9F39B
:1053F000EBCFCF9320910504C0913A04222309F406
:1054000041C0CC2359F0029696958795969587953D
:105410008038910570F080E0CF910895C29684366F
:10542000910530F084569109CF5FC038C1F7F3CFB2
:105430008C2F40910104509102042091030430917B
:105440000404241B350B2150384F2230310518F34A
:105450002091010430910204F901F770EA56FB4FE4
:1054600093E09083F9013196F770EA56FB4F808301
:105470002E5F3F4F309302042093010410920504E5
:1054800081E0CACFCC23F1F1029696958795969547
:1054900087950097A1F18038910508F0BCCFC82FFF
:1054A000C03108F450C00E942C10882309F4B3CFF7
:1054B00040910104509102042091030430910404AE
:1054C000241B350B2150384F2230310508F4A3CF6F
:1054D0002091010430910204F901F770EA56FB4F64
:1054E00091E09083F9013196F770EA56FB4FC08343
:1054F0002E5F3F4F30930204209301048DCF81E053
:1055000090E0CDCFC2968436910530F08456910953
:10551000CF5FC038C1F77FCFC111C2CF80910004E7
:10552000C1E0811103C0C0930004AACF20E1829F93
:10553000C00111248C2B0E940C10882309F46BCF1E
:105540001092000469CF80910004EBCF1F93CF939A
:10555000DF931FB7F894C0910301C1708091BC0321
:105560008C1731F180910604909107040E94F9296B
:10557000D82F81110BC00E94D62884E0809362044A
:105580001FBF8D2FDF91CF911F910895C093BC0352
:105590001092050490E080E00E94E40F82E0809386
:1055A00062040E9448B181E00E945BB5D1E0E8CF7F
:1055B0008091060490910704EFCF1F93CF93DF9360
:1055C0001F921F92CDB7DEB71A8219821FB7F894C7
:1055D00080916204823021F080916204833021F551
:1055E0000E9422B180916204823029F5CE01019699
:1055F0000E94DF2910922101909173009D7F90936A
:10560000730092E09ABB8823F1F089819A810E940D
:10561000F9298823C1F00E942C108823A1F0109250
:10562000620480E00E945BB51FBF0F900F90DF9176
:10563000CF911F91089580910604909107049A8359
:10564000898381E0D7CF84E080936204EACF2F92F0
:105650003F924F925F926F927F928F929F92AF9202
:10566000BF92CF92DF92EF92FF920F931F93CF934F
:10567000DF931F921F92CDB7DEB718160CF05CC0F7
:1056800060914F0490E00E9464AC382E80914F04EA
:1056900091E0892780934F04311018C0332433944C
:1056A000832D0F900F90DF91CF911F910F91FF905D
:1056B000EF90DF90CF90BF90AF909F908F907F90B2
:1056C0006F905F904F903F902F90089597E2492EF2
:1056D000512C2CE2622E712C39E3832E912C0091F7
:1056E000BB141091BC1401151105D1F28091BD14A9
:1056F0004091BE145091BF146091C0147091C114B8
:10570000A090C614B090C7141092BC141092BB1491
:105710000130110509F07FC1C0904D04D0904E04B6
:105720000091210410912204E090E014F090E11423
:105730008091B60C882311F0312CB2CF80912004D7
:105740008111FACF6BE172E1672B09F476C0C114C5
:10575000D10409F472C0D60158962C90B1E02B12F6
:105760006CC0BE016F5F7F4FC6010E94E1AF88230E
:1057700009F463C080E8F601ABE1B2E101900D925B
:105780008A95E1F720921B12F6017A9686E0ADE247
:10579000B2E101900D928A95E1F7E3E3F2E188E648
:1057A000DF011D928A95E9F789819A8190931F0400
:1057B00080931E04019787309105C8F190E080E046
:1057C0009093AD0C8093AC0C8BE1C82E82E1D82E67
:1057D000C6010E949A89882309F4AECFD601529659
:1057E0008D919C91B0E0A0E08093B20C9093B30CAB
:1057F000A093B40CB093B50C80589F4FAF4FBF4FE0
:105800008093500490935104A0935204B093530496
:1058100081E08093B60CC6010E940B816091B20CAE
:105820007091B30C8091B40C9091B50C15C08D5F44
:105830009C4FFC01808190E0C3CFC6010E940AB05A
:10584000882369F081E080932004C6010E940B81C7
:105850006AE570E080E090E00E9464AF40CF0115FF
:10586000110509F4D4C0E114F10409F04DC0C801D8
:10587000885791090837110538F488E790E0801BB4
:10588000910B0933110528F1A801495351099801D9
:105890002C5231090752110970E4A71A7FE1B70AA7
:1058A000A9E8AA16A3E1BA0650F40217130738F4C0
:1058B0000417150720F40817190708F4AAC0481799
:1058C0005907C0F42417350708F4B7C191E080E008
:1058D00080C0A401401B510B0C321105C0F693018E
:1058E000201B310B07321105A8F6B201601B710BAA
:1058F0008B01D2CF2817390708F089C02417350744
:1059000008F085C092E0E3CFA80148575109083755
:10591000110520F448E750E0401B510BC7018B5E96
:105920009109BBEEEB16F10420F48BEE90E08E199A
:105930009F09480F591FC801C9970933110518F469
:10594000C401801B910B970125573109E5E7EE163D
:10595000F10420F425E730E02E193F09280F391F04
:10596000C8018C970C32110518F4C301801B910BF0
:10597000B70168557109F8E5EF16F10420F468E500
:1059800070E06E197F09860F971F0732110550F1DD
:10599000075211097FE4E716F10448F1AFE4EA1A6F
:1059A000F1080E0D1F1D0817190730F40217130711
:1059B00018F40417150768F124173507F0F4821757
:1059C000930708F43FC191E080E00217130708F441
:1059D00090E09093AC0C8093AD0CC114D10409F409
:1059E000ABCEF6CEB201601B710B8B01D3CFEFE4CF
:1059F000F0E0EE19FF097F01D4CF8417950738F442
:105A00008217930720F40817190708F07BCF90E05E
:105A10005ECF98E05CCF0230110539F590912004FB
:105A2000992359F04A3551056105710508F084CE76
:105A3000455E5D4EFA01808352CE9091B60C99235B
:105A400009F47ACE0091B20C1091B30C2091B40CF1
:105A50003091B50C401751076207730708F06CCE00
:105A60000E940C2581113BCE67CE0330110509F051
:105A7000C5C080912004882309F498C066E070E1D5
:105A8000672B09F488C000914D0410914E04C801A1
:105A90000E940AB0882309F47EC08BE192E100974E
:105AA00009F479C0BE016F5F7F4F0E94B1AF8823B8
:105AB00009F471C080E8F801A6E0B0E101900D9210
:105AC0008A95E1F780916712809306108DE0E8E6F1
:105AD000F2E1A8E1B0E101900D928A95E1F7109210
:105AE000251089819A8190931F0480931E04019749
:105AF0008730910508F454C090E080E09093AD0C9D
:105B00008093AC0C1092BA0C1092B90C1092B80C95
:105B10001092B70C1092600410925F0410925E0411
:105B200010925D041092590410925A0410925B0472
:105B300010925C041092AE0C1092AF0C1092B00C4C
:105B40001092B10C86E090E10E949A89882309F4B2
:105B5000F3CD8091181090911910B0E0A0E08093DF
:105B6000B20C9093B30CA093B40CB093B50C8058C6
:105B70009F4FAF4FBF4F8093500490935104A09319
:105B80005204B093530481E08093B60C1092200429
:105B900086E090E141CE8DEC99E00E94337BCCCD44
:105BA0008D5F9C4FDC018C9190E0A8CF8091B60C6A
:105BB0008823A9F04091AE0C5091AF0C6091B00CCD
:105BC0007091B10C8091500490915104A0915204B5
:105BD000B0915304481759076A077B0719F01092D0
:105BE0005704AACD81E0809357040E94DD2A0E94C9
:105BF0008F24109365040093640471CD0430110563
:105C000009F06DCD80912004882319F081EC99E092
:105C1000C4CF80915804882319F084EB99E0BDCF5C
:105C200080911E0490911F04892B21F481E08093C0
:105C3000610455CD87EA99E0B0CF2817390708F0FD
:105C4000E6CE60CE8417950708F4DDCEE0CE9093C3
:105C5000AD038093AC031092AB031092AA03609340
:105C6000A50340931E026093A90380E88093260257
:105C700081E090E090931D0280931C028AE496E0FC
:105C8000611102C080EC9FE09093A4038093A30372
:105C900008958091A90390912602892329F080918B
:105CA0009F039091A00308958091A1039091A20376
:105CB0000895009711F481E090E020919A003091CE
:105CC0009B00820F931F90939B0080939A000895EE
:105CD0008091B2039091B303892BB9F08091B20304
:105CE0009091B30301979093B3038093B203809193
:105CF0002002909121029093AF038093AE0380E63F
:105D00009AEE0E94592E81E008958091B0039091FF
:105D1000B103892BD1F08091B0039091B10310921F
:105D2000B1031092B00380322EE4920749F420911F
:105D30002402309125023093AF032093AE03E1CFCC
:105D40002091220230912302F6CF1092AF031092DD
:105D5000AE0380E00895809171008A7F8093710086
:105D6000109290001092910085E088BB80911A12E9
:105D7000833011F410921A1280E00C945BB5CF932B
:105D8000C82F0E94AB2E80E00E946DB41092B60323
:105D9000C093BB03CF9108950F931F934091FC03D1
:105DA0005091FD036091FE037091FF03B0E0A0E00D
:105DB0008A019B01009510952095309508171907C9
:105DC0002A073B0770F48FEF9FEFDC018093FC0301
:105DD0009093FD03A093FE03B093FF031F910F91D7
:105DE0000895840F951FA61FB71FF0CF8091F20E64
:105DF0009091F30E0E94A1B081110C94211190E0BA
:105E000080E008951092C2031092C3031092C4035D
:105E10001092C5031092BD031092BE031092BF03EF
:105E20001092C0031092C10308951F93CF93DF9384
:105E3000182F8091F20E9091F30E0E94A1B088234A
:105E400009F447C00E942111EC01892B09F441C0DB
:105E50008091E80E9091E90E8C179D0751F10E94F8
:105E600005130E94022FD093E90EC093E80ED09341
:105E70004F02C0934E028091AB0E9091AC0EA09158
:105E8000AD0EB091AE0E8093E20E9093E30EA09310
:105E9000E40EB093E50E1123E1F09FB7F8948091E2
:105EA00008129FBF8230A9F4DF91CF911F910C940B
:105EB000BD138091AB0E9091AC0EA091AD0EB09140
:105EC000AE0E8093E20E9093E30EA093E40EB09397
:105ED000E50EDF91CF911F910895CF93DF93C0918D
:105EE000F20ED091F30EC630D105B1F40E94B0B1DC
:105EF000049721F080E0DF91CF9108950E9451B87E
:105F00000E94A61381E08093E10E81E090E09093DF
:105F1000E70E8093E60EEFCFCE010E94ACB088234F
:105F200099F09FB7F894809108129FBF843011F7C1
:105F30008091F20E9091F30E0E94A1B0882301F39C
:105F400080E00E94152FDCCF279729F40E944C1087
:105F5000049781F6D5CF9FB7F8948091630E9FBFC9
:105F6000843041F6CDCF2F923F924F925F926F9245
:105F70007F928F92AF92BF92CF92DF92EF92FF9279
:105F80000F931F93CF93DF9300D000D000D01F92C8
:105F9000CDB7DEB79A8789870E947E7DA985BA85AD
:105FA00011969C938E938BE194E113969C938E9320
:105FB00012978091720F9091730F15969C938E9308
:105FC00014978091690F16968C9316978091670F9E
:105FD0009091680F18969C938E9317978091650FF8
:105FE0009091660F1A969C938E93199780916F0FDC
:105FF0001B968C931B978091F40E1C968C931C9788
:106000008091F50E1D968C931D978091700F909145
:10601000710F1F969C938E931E9780ED9EE0519674
:106020009C938E9350978091C103811143C000913E
:10603000C2031091C3032091C4033091C503E985C5
:10604000FA85028B138B248B358B8091E20E909115
:10605000E30EA091E40EB091E50E868B978BA08F96
:10606000B18F0091F20E1091F30EC8010E94ACB0F6
:10607000F82E882309F49BC08091B60F882309F479
:1060800096C080917A0E90917B0E8430910509F430
:1060900091C0039709F05FC00E9407A58823B1F162
:1060A0008091BD0F9091BE0F079709F086C08BE0DD
:1060B00090E033C00E94A0DF0091BD031091BE03A9
:1060C0002091BF033091C003DC01CB01801B910BF9
:1060D000A20BB30B0091C2031091C3032091C40320
:1060E0003091C50368017901C094D094E094F09494
:1060F000C816D906EA06FB0628F0080F191F2A1F42
:106100003B1F9DCF0FEF1FEF980199CF0E9412A662
:10611000882309F455C089E090E0A985BA855C968A
:106120009C938E935B972091720F3091730FA9010E
:10613000445051094230510508F448C02730310518
:1061400009F444C0009729F0069721E0069708F06B
:106150003EC020E03CC00E9459A9811131C00E947C
:1061600012A6811130C0E091BD0FF091BE0F3197A2
:10617000E730F105E0F48827EF53FF4C8F4F0D9483
:10618000AC03CB30C830CE30D130D430DD305730D6
:1061900082E090E0C2CF81E090E0BFCF83E090E06A
:1061A000BCCF84E090E0B9CF85E090E0B6CF90E03E
:1061B00080E0B3CF8CE090E0B0CF8AE090E0ADCF4C
:1061C00087E090E0AACF88E090E0A7CF21E0E985C2
:1061D000FA85228FC8010497029708F0CCC0C090BE
:1061E000570ED090580EE090590EF0905A0E0E9423
:1061F00018AA4091530E5091540E6091550E709113
:10620000560EB0E0A0E0481759076A077B0708F46C
:106210008EC09A01AB01281B390B4A0B5B0BC114D2
:10622000D104E104F10409F086C020E0A985BA8513
:106230005D962C930091F20E1091F30EC801049715
:10624000029708F050C20E9418AA8115B8E09B0777
:1062500008F40AC220E0A985BA855E962C935E9761
:1062600080916B0F5F968C930091F20E1091F30E5C
:10627000C8010E94A1B0F82E8091EA0EFF2049F0DB
:106280008091061290910712029709F0D4C2809172
:10629000C50EE985FA8580A380916C0F81A30E94C9
:1062A000F62EA985BA8593969C938E9392970E9419
:1062B0000911E985FA8595A384A3FF2009F4BDC2DD
:1062C00080910612909107120E94A1B0882309F4D0
:1062D000B4C283EB9EE0A985BA8597969C938E9372
:1062E0009697C8010E94ACB0882309F4A9C2809196
:1062F000C60E9091C70EE985FA8591A780A72A96C8
:106300000FB6F894DEBF0FBECDBFDF91CF911F91C6
:106310000F91FF90EF90DF90CF90BF90AF908F9054
:106320007F906F905F904F903F902F90089520E066
:1063300030E0A90174CF2C153D054E055F0510F026
:1063400024E674CFA4E6B0E00F94C303970186015E
:106350003695279517950795600F711F821F931F1C
:10636000A70196010F948A03253631054105510591
:1063700008F45CCFE5CFFF2009F41BC18091B60F74
:10638000882309F452CF80917A0E90917B0E049766
:10639000B9F4E091C30FF091C40F309709F445CFE1
:1063A0002091EC0F3091ED0F4091EE0F5091EF0FD7
:1063B000A4E6B0E00F94C3039F0150E040E0D2CFC9
:1063C0008FB7F89400917A0E10917B0E2091820382
:1063D000309183033E832D8320908003309081038E
:1063E000B090930340917E0350917F0358874F8371
:1063F000A0907D0380907C038FBF40E850E060E078
:1064000070E081E090E00E94CF1369837A838B83F0
:106410009C830E9459A9811104C00E9407A588236A
:10642000C1F04091930E5091940E6091950E709131
:10643000960E83E090E00E94CF1349805A806B80D3
:106440007C80460E571E681E791EC12CD12C760109
:1064500032C00E9427A5811157C08091B60F40918C
:10646000C10F5091C20F811102C050E040E070E0B6
:1064700060E082E090E00E94CF136B017C014980D4
:106480005A806B807C804C0C5D1C6E1C7F1C0E94B3
:1064900012A6882381F04091930E5091940E609142
:1064A000950E7091960E83E090E00E94CF13460EF9
:1064B000571E681E791E411451046104710409F4C9
:1064C000B4CE0130110529F50B2D10E030E020E0AD
:1064D00070E8C72ED12CE12CF12CA1016D817E81B9
:1064E00081E090E00E9433149201A30164157505C8
:1064F0008605970510F49B01AC01A4E6B0E00F946B
:10650000C303A30192012ECF49805A806B807C8007
:106510009CCF0230110509F58F8198858C0130E000
:1065200020E08091B60FC090C10FD090C20F8111B2
:1065300002C0D12CC12CF12CE12CA1016D817E81F6
:1065400082E090E00E94331429813A814B815C8182
:10655000620F731F841F951FC7CF03301105F9F415
:1065600089819A81AB81BC818C0D9D1DAE1DBF1DA3
:1065700089839A83AB83BC83C090930ED090940E92
:10658000E090950EF090960EAF81B8858D0130E0C9
:1065900020E0A1016D817E8183E090E0D3CF920164
:1065A000A301012B09F0A9CF20E030E040E050E04A
:1065B000A4CF0730110509F038CE0E944C10049783
:1065C00009F4BECE8091F2039091F303A091F403FD
:1065D000B091F503892B8A2B8B2B09F426CE8FB72C
:1065E000F8942091FC033091FD034091FE035091FB
:1065F000FF038FBFC090F203D090F303E090F40349
:10660000F090F5032C153D054E055F0558F569E240
:10661000C6166CE5D6066FE8E60662E0F606A0F060
:106620005695479537952795D701C601B695A795F5
:1066300097958795E1E0CE22DD24EE24FF24C80E55
:10664000D91EEA1EFB1EE3CFA4E6B0E00F94C303FD
:10665000A70196010F948A0324363105410551059F
:1066600008F4E4CD23E6E2CDAC0170E060E04090B8
:10667000530E5090540E6090550E7090560E441666
:1066800055066606770608F4E5CD441A550A660AEB
:10669000770AC090570ED090580EE090590EF090A7
:1066A0005A0E4C145D046E047F0410F024E6D3CD22
:1066B0009C01A4E6B0E00F94B403A701960124194D
:1066C0003509460957092115E8E03E0741055105FE
:1066D00008F067C00F948A0325363105410551053E
:1066E00008F4B9CDE3CFC8010E94ACB0882309F407
:1066F0005DC080917A0E90917B0E9C0121503109F2
:106700002330310598F6019721F40E9427A58111C5
:10671000CDCF8091A70E9091A80EA091A90EB09117
:10672000AA0E892B8A2B8B2B09F20E94F7A48115C4
:10673000F8E09F0708F08ECDAC0170E060E040907B
:106740009B0E50909C0E60909D0E70909E0E441675
:1067500055066606770608F47DCD441A550A660A82
:10676000770AC090A70ED090A80EE090A90EF090E6
:10677000AA0E4C145D046E047F0408F097CF9C01B0
:10678000A4E6B0E00F94B403A701960124193509DB
:10679000460957092115A8E03A074105510508F4B3
:1067A00099CF2FEF37E040E050E094CF073011054C
:1067B00071F50E9462104FB7F8943091B5032091A3
:1067C000B4034FBF332329F0211103C0009709F40C
:1067D00041CD8115B8E09B0708F03CCD6091FA03EC
:1067E0007091FB036C01F12CE12CC60ED71EE11C4D
:1067F000F11CC114D104E104F10409F457CF9C0148
:10680000A4E6B0E00F94B403A70196015CCF063074
:10681000110509F01FCD80913302811147CF0E94ED
:10682000F1799C01A4E6B0E00F94B40328EF3FE3B4
:1068300040E050E04FCF80E02CCD83E693E04BCD9D
:106840008091EB0E9091EC0E56CD1092F40E1092BA
:10685000F50E0895CF93DF938091E60E9091E70EA9
:10686000039791F4C091F20ED091F30EC630D1058A
:1068700009F05FC00E94B0B1039781F00E94B0B1EF
:106880000E94A2100E944B1383E090E09093710F3E
:106890008093700F80E0DF91CF91089520918A035B
:1068A00030918B03809186039091870340918803F8
:1068B00050918903840F951F40918C0350918D0353
:1068C0008417950720F0841B950B2F5F3F4F909303
:1068D00087038093860321503109309399002093D8
:1068E00098000E94F0B78091F20E9091F30E0E94F2
:1068F000A1B0882319F080E00E94152F0E94BD13DB
:1069000082E090E09093E70E8093E60E81E090E0C5
:106910009093710F8093700F0E94253410926E0F28
:106920008091650F9091660F892B09F47FC081E0FB
:10693000B2CFCE010E94ACB0882349F00E948B16E2
:106940008111D1CF89E092E10E9471139DCF2797E9
:10695000B1F59091BB039330A9F7CFB7F89480912C
:1069600071008A7F809371001092900010929100C4
:10697000109295001092940085E088BB82E080938D
:10698000BB0390931A129091B60381E0983009F4FA
:1069900080E00E945BB581E0809391008091F003DC
:1069A0009091F1030E9453101092F1031092F003A2
:1069B00080917100846080937100CFBF94CF8091EB
:1069C000630E833009F0BECFDFB7F89410929500C4
:1069D0001092940010929000C1E0C093910084E066
:1069E00088BB82E08093630E81E00E945BB580915A
:1069F0005B0E90915C0E9093600E80935F0E1092F0
:106A00005C0E10925B0EC0931A1280915D0E9091F5
:106A10005E0E0E94531010925E0E10925D0E8091D9
:106A20007100846080937100DFBFC8CF0E94311174
:106A3000882309F47CCF91E090936E0F2CCFCF93F5
:106A4000DF938091E60E9091E70E0297A9F40E94E1
:106A50006D2F81115FC0C091F20ED091F30EC63040
:106A6000D105F1F40E94B0B1029781F00E94B0B15B
:106A70000E94A2100E944B1383E090E09093710F4C
:106A80008093700F80E0DF91CF91089580E00E94A5
:106A90003DB88FB7F89493E090938E038FBF20C0DA
:106AA000CE010E94ACB0882309F489C080910812FD
:106AB000823009F07FC08091740E882321F083E03A
:106AC000809308120DC08091790E8823B1F10E9445
:106AD0001C1F882309F46EC080910812843079F756
:106AE0008091F20E9091F30E0E94A1B0882319F0CC
:106AF00080E00E94152F8091E60E9091E70E02979C
:106B000009F4AAC00E94051383E090E09093E70E79
:106B10008093E60E8091E60E9091E70E019709F0C2
:106B2000A0C01092710F1092700F10926F0F109200
:106B30006D0F0E94253481E0A6CF80917A0E90914E
:106B40007B0E049709F4BBCF9FB7F8944091940053
:106B50005091950081E020914A0230914B024217FA
:106B6000530708F480E080936C0E8091900085FBC1
:106B7000882780F980936D0E809171008A7F8093C1
:106B8000710080919100887F8093910080919000A6
:106B90008F7C8093900085E088BB81E08093710EAC
:106BA00083E0809308129FBF80E00E946DB40E9432
:106BB0000BB896CF89E092E10E9471135DCF2797C1
:106BC00001F58091BB038230A9F7CFB7F89480918B
:106BD0009A0090919B002091940030919500C29969
:106BE00003C0821B930B11F481E090E09093F103BA
:106BF0008093F0030E94AB2E83E08093BB03CFBF52
:106C00004ECF8091630E8230A9F6CFB7F894809171
:106C10009A0090919B002091940030919500C29928
:106C200003C0821B930B11F481E090E090935E0E01
:106C300080935D0E80915F0E9091600E90935C0E3C
:106C400080935B0E1092600E10925F0E0E9424B62D
:106C500083E08093630ED3CF0E946D2F81115ACFB2
:106C600051CF82E090E09093710F8093700F63CFCB
:106C70008091720F9091730F0E945CDB80936B0F79
:106C800008952F923F924F925F926F927F928F92D0
:106C90009F92AF92BF92CF92DF92EF92FF920F93AB
:106CA0001F93CF93DF93CDB7DEB763970FB6F894FA
:106CB000DEBF0FBECDBF7C018B0120917A0E3091DB
:106CC0007B0E3B8B2A8B690132E0C31AD108B0904E
:106CD000A70EA090A80E7090A90E6090AA0E8091A9
:106CE0007B038B8720907103309072032A893B8944
:106CF000215031093D872C878A899B89039709F4A4
:106D000049C080910A02282F30E03A872987809174
:106D10000B02282F30E038872F8380910C02282F18
:106D200030E03E832D8380910D02282F30E03C839C
:106D30002B8380910E02282F30E03A8329833091F3
:106D40000F02388B80911002898B909111029E87DF
:106D5000209112022F8795E0492E512CE091820359
:106D6000F0918303EE30F10508F0B8C28827E454AF
:106D7000F94C8F4F0D94AC03CF36E93616373837C0
:106D80004C377537D037203864388A38A338BF3845
:106D90000739413982E090E09A878987B8CF8A899C
:106DA0009B898130910579F0039781F49CE785E117
:106DB000909380038093810321E030E0309383033C
:106DC00020938203CBCF9E858F85F2CF98898989C6
:106DD000EFCF8091800390918103892BB1F48A8950
:106DE0009B898130910559F0039761F494E180E02B
:106DF000909380038093810322E030E0DFCF99817C
:106E00008A81F6CF9B818C81F3CF970140E070E0BF
:106E100060E080E00E94BA9F80918003909181039E
:106E200001979093810380938003EEC0809180034B
:106E300090918103892BB1F48A899B8981309105D6
:106E400059F0039761F494E180E09093800380937C
:106E5000810323E030E0B2CF9D818E81F6CF9F8108
:106E60008885F3CF970140E061E070E081E0D2CF08
:106E70008091800390918103892B49F489859A85BB
:106E8000909381038093800324E030E097CF9701B3
:106E900040E061E070E0BDCF80918003909181037C
:106EA000892B01F78A899B89019741F030E092E0B4
:106EB000C916D10420F49501C30104C030E820E0D4
:106EC00090E080E0309376032093770390937803EB
:106ED00080937903109275031092740310927C03CF
:106EE000509283034092820339CF409176035091B0
:106EF000770360917803709179034115510561051D
:106F0000710529F410927C0328E030E057CF8A897C
:106F10009B89019711F58091930387FD3AC0E09119
:106F2000930381E08E0F80939303F0E0EA5FFF4EBE
:106F30008081809373034150510961097109409325
:106F4000760350937703609378037093790388E016
:106F500080937D0326E030E031CF92E0C916D10462
:106F6000C0F480917E0390917F0320916F03309154
:106F700070038217930769F0FC01F770EA56FB4F24
:106F8000208120937303019690937F0380937E0367
:106F9000D2CF65E070E086E195E00E9484BEC4C176
:106FA00080917D03811107C087E090E09093830377
:106FB00080938203D3CE40917303942F991F992716
:106FC000991F998346FB442740F9823008F441E039
:106FD000970162E070E089810E94BA9F2981222393
:106FE00049F0809174039091750301969093750315
:106FF0008093740380917303880F8093730380914F
:107000007D03815080937D0399249394892D639609
:107010000FB6F894DEBF0FBECDBFDF91CF911F91A9
:107020000F91FF90EF90DF90CF90BF90AF909F9027
:107030008F907F906F905F904F903F902F9008952A
:107040008091760390917703A0917803B0917903B2
:1070500040917503892B8A2B8B2B89F080917A0EB6
:1070600090917B0E81309105D1F48091930387FD3F
:1070700029C0E0919303F0E0EA5FFF4E4081441F96
:107080004427441F970162E070E081E00E94BA9FAC
:1070900085E090E09093830380938203B5CF0297BD
:1070A000029780F480917E0390917F0320916F037B
:1070B000309170038217930729F09770FC01EA560C
:1070C000FB4FDCCF40E0DECF80917C03823080F04C
:1070D0000E941EA6882349F082E690E090938103E7
:1070E000809380038BE090E061CF82E090E0F6CF68
:1070F0009091740320917503811101C0922F909398
:1071000073038F5F80937C0388E080937D0329E085
:1071100030E054CE90917D03911103C08AE090E05D
:1071200045CF40917303842F881F8827881F46FB13
:10713000442740F9923008F441E0970162E070E0A2
:107140000E94BA9F57CF80917C03823098F440917F
:10715000740350917503440F452F441F550B5195EF
:107160004170970162E070E081E00E94BA9F88E080
:1071700090E090CF0E941EA641E04827F2CF809079
:107180008003909081038114910471F59B8599236C
:1071900019F12114310401F180916A0E81111CC092
:1071A0002C853D8522303105B8F481E080936A0E4C
:1071B00030928103209280032CE030E030938303EF
:1071C000209382032A893B892130310541F41092B2
:1071D00093038093680EC2CD8DE090E0E7CE1092CD
:1071E000680E8093690EBACD0E941EA6882329F0EE
:1071F000970140E062E070E00CCE41E092E0891639
:10720000910408F440E0970162E070E02FCE809195
:10721000800390918103892B09F0F7CD2A893B895E
:107220002230310559F49090680E911010C065E03D
:1072300070E08BE095E00E9484BEE8CE8A899B894D
:10724000019741F030E091E0C916D10421F4950195
:10725000C30104C030E820E090E080E03093760382
:1072600020937703909378038093790310927503AA
:107270001092740310927C031092730310927D039A
:107280002FCE80917A0E90917B0E8230910559F528
:107290000E9465A9982E882311F081E043C0809157
:1072A0000612909107120897A9F04091A30E5091F1
:1072B000A40E6091A50E7091A60E8091AF0E9091D4
:1072C000B00EA091B10EB091B20E481759076A07DF
:1072D0007B0718F382E080936B0E98CE67E070E036
:1072E00081E095E05ACE0397C1F680910612909105
:1072F00007120297B1F44091A30E5091A40E609131
:10730000A50E7091A60E8091AF0E9091B00EA09137
:10731000B10EB091B20E481759076A077B0708F4FF
:10732000BCCF82E080936B0E912C70CE80910001D7
:1073300081FD03C081E08093780E08951F920F9223
:107340000FB60F9211240BB60F922F933F934F93CA
:107350005F936F937F938F939F93AF93BF93CF93DD
:10736000EF93FF9380911A12823009F06AC08091E6
:107370000812823021F080E00E9408B61DC00E94F1
:10738000963980916F0E8823A9F1C0916B0EC130A0
:1073900039F580917A0E90917B0E019709F50E9444
:1073A00017A58823E9F010926B0E81E00E9408B6C1
:1073B000C130D1F4C093790EFF91EF91CF91BF917D
:1073C000AF919F918F917F916F915F914F913F917D
:1073D0002F910F900BBE0F900FBE0F901F9018951E
:1073E00010926B0E80E0E2CFC23031F784E08093E0
:1073F0000812E2CF80916E0E811107C067E070E045
:1074000088EF94E00E9484BEB6CF809148029091AC
:10741000490290934B0280934A0210926E0E0E9492
:10742000409F8111C9CF80916B0E882309F4A3CFAF
:1074300081E080936F0E8091710085608093710070
:10744000BBCF809171008E7F8093710081E088BBFB
:10745000B3CF1092EE031092E0031092EF0310925C
:10746000B30F1092940310926E0310927A03089552
:10747000009711F00E94337B0E944B291092E31475
:107480001092E2141092BC141092BB140E9473B3B9
:1074900080911B14882321F08BE194E10E94EBCEB4
:1074A00085E090E0909365048093640408950E94C1
:1074B000A0250E944B290E9473B380911B1488233E
:1074C00021F08BE194E10E94EBCE85E090E0909377
:1074D000A00F80939F0F0895CF93CFB7F8940E9489
:1074E000AB2ECFBF0E9439DD0E940BB80E9473B350
:1074F0008FB7F8941092BA031092B9031092B803A0
:107500001092B70391E0909327021092BB03109260
:10751000B6031092B5031092B4031092FC031092BC
:10752000FD031092FE031092FF031092B30310921A
:10753000B2031092B1031092B0031092AF031092F5
:10754000AE038FBF1092FB031092FA031092F60362
:107550001092F7031092F8031092F9031092F203BD
:107560001092F3031092F4031092F5031092AD03FE
:107570001092AC031092AB031092AA031092A903CD
:1075800080E8809326021092F1031092F00310928B
:10759000091281E0CF910C9426B50F931F93CF93DE
:1075A000DF938C01C62FDFB7F8940E94AB2EDFBFAC
:1075B0000E9439DD0E940BB80E9473B3A80161E1FB
:1075C00070E089E092E10E9440708FB7F8941092C9
:1075D000B603C093BB038FBFDF91CF911F910F9173
:1075E0000895CF93DF93EB010E9433C297FF0AC047
:1075F00066E070E08CE998E00E94CD3A80E0DF918F
:10760000CF9108958C179D0729F067E070E085EA17
:1076100098E0F2CF81E0F3CFCF93DF93C091FA03EC
:10762000D091FB03209741F48FB7F89491E09093A9
:1076300027028FBF81E00DC00E946210811528E0F3
:10764000920750F066E070E083E998E00E94CD3A3E
:1076500080E0DF91CF9108952FEF37E0281B390BA1
:1076600049F3C13082E0D80710F0C0E0D2E02C1717
:107670003D0708F4E901BE018BE192E10E9433C2AB
:1076800097FF05C066E070E08AE898E0DFCF8C17CE
:107690009D0729F067E070E080E898E0D7CF8091FF
:1076A000B7039091B803EBE1F2E1DC01B7702191EF
:1076B000AA56BB4F2C9301969F012B5132412C1798
:1076C0003D0798F32091FA033091FB032C1B3D0BEF
:1076D0003093FB032093FA032FB7F8949093B803E9
:1076E0008093B7038091FA039091FB03892B19F4DF
:1076F00081E0809327022FBF9DCF4F925F926F92C0
:107700007F928F929F92AF92BF92CF92DF92EF9231
:10771000FF920F931F93CF93DF9300D0CDB7DEB7C7
:10772000082F0E946210892B39F066E070E08AEE23
:1077300098E00E94CD3A2DC00E9486B3C090F60317
:10774000D090F703E090F803F090F903C616D7063F
:10775000E806F90628F466E070E081EE98E0E9CFEB
:10776000A7019601261B370B480B590BDA01C901FB
:107770000297A105B10528F467E070E086ED98E076
:10778000D8CF62E070E0CE0101960E94F13A8111FB
:1077900016C010E0812F0F900F900F90DF91CF91C6
:1077A0001F910F91FF90EF90DF90CF90BF90AF901F
:1077B0009F908F907F906F905F904F900895E98099
:1077C000FA8067E070E08BEC98E032E0E316F104B9
:1077D00008F4AFCF0E9486B38090F6039090F70331
:1077E000A090F803B090F903861A970AA80AB90A7C
:1077F0002701712C612C67E070E081EC98E0841423
:107800009504A604B70408F494CF61E070E0CE01BB
:1078100003960E94F13A182F882309F4BACF8B817E
:1078200081508E3F28F467E070E088EB98E081CFCC
:10783000C70101979093FB038093FA038FB7F894E5
:10784000109227028FBF8091FA039091FB03892B3E
:10785000D9F00E9462106C010E940C3B81110FC094
:107860008091BB03863009F494CF8091BB038730AD
:1078700009F48FCF66E070E08FEA98E05ACF0E945B
:107880006210C816D906F9F60E946210892B41F3DE
:1078900041E084149504A604B70409F040E06B812C
:1078A000002329F0C7010E94272E102F73CFF092DA
:1078B000A803E092A7036093A60340931F028FB72B
:1078C000F89491E09093B4038FBF64CF81E00E945D
:1078D0000EB80E9473B30E94E9A41092081210928D
:1078E0007B0E10927A0E1092790E1092780E1092F2
:1078F000770E1092760E1092750E1092740E1092F2
:10790000730E1092720E1092710E1092700E1092F1
:107910006F0E10926E0E10926D0E10926C0E81E032
:1079200090E090934B0280934A0290934902809397
:10793000480210926B0E1092CF0E1092CE0E109243
:10794000CD0E1092CC0E80934C021092CB0E109262
:10795000CA0E1092C90E1092C80E1092C70E109245
:10796000C60E1092C50E1092B30E1092AF0E10926A
:10797000B00E1092B10E1092B20E1092AB0E109289
:10798000AC0E1092AD0E1092AE0E90E080E00E9410
:107990002CA01092A70E1092A80E1092A90E109271
:1079A000AA0E1092A30E1092A40E1092A50E109281
:1079B000A60E10929F0E1092A00E1092A10E109281
:1079C000A20E10929B0E10929C0E10929D0E109281
:1079D0009E0E1092970E1092980E1092990E109281
:1079E0009A0E1092930E1092940E1092950E109281
:1079F000960E10927D0E10927C0E10926E031092D5
:107A00007A0310926A0E1092690E1092680E0E940C
:107A100037A581E00C9426B50E940BB80E9451B89E
:107A20000E94208E0E942CB50E94663C0E946C3AF7
:107A300081E00E9426B51092E20E1092E30E1092A1
:107A4000E40E1092E50E1092E90E1092E80E0E94DC
:107A5000022F1092E10E1092E70E1092E60E08959A
:107A60000E940C3D81E00E9426B51092710F109289
:107A7000700F10926F0F10926E0F10926D0F109288
:107A80006C0F10926A0F0C9425342F923F924F92F4
:107A90005F926F927F928F929F92AF92BF92CF929E
:107AA000DF92EF92FF920F931F93CF93DF93CDB7A7
:107AB000DEB7CD5CD1090FB6F894DEBF0FBECDBFE7
:107AC0000E940C3D1092D00EE090F20EF090F30E5A
:107AD00026E0E216F10409F0E2C30E9455B10091DC
:107AE000EE0E1091EF0E0115110599F581E090E071
:107AF0009093320280933102E0913102F091320290
:107B000084E296E0EE3038F4FF27EE0FFF1FE85FC7
:107B1000F94F859194910E944B1310E0812FC3532C
:107B2000DF4F0FB6F894DEBF0FBECDBFDF91CF9110
:107B30001F910F91FF90EF90DF90CF90BF90AF908B
:107B40009F908F907F906F905F904F903F902F907D
:107B50000895F090ED0E0E94208E84E680932B0213
:107B60008BE980932C02F0922D0210927A041092ED
:107B7000960C1092990C8FB7F89410927904109289
:107B800078041092980C1092970C98E090932E0223
:107B9000109233028FBFEBE7F4E08AE1DF011D9220
:107BA0008A95E9F71092950481E090E09093300275
:107BB00080932F02C8010E948BD4811115C082E0EE
:107BC00090E09093300280932F0280912F02909149
:107BD000300290933202809331028FB7F89491E093
:107BE000909333028FBF88CF0E94C5B3C054DF4F3C
:107BF000688379838A839B83C05CD0406C30710535
:107C00008105910528F486E090E00E947EB3DDCFE7
:107C10006CE070E0CE018F579F4F0E9433C20C97EB
:107C200019F083E090E0F1CFCF57DF4F8881C15842
:107C3000D0408235A1F5CE57DF4F8881C258D04061
:107C4000893469F5CD57DF4F8881C358D0408634D9
:107C500031F5CC57DF4F8881C458D0408634F9F4D1
:107C6000C757DF4F8881C958D0408735A9F4C65718
:107C7000DF4F8881CA58D040813471F4C557DF4F37
:107C80008881CB58D040863539F4C457DF4F88817E
:107C9000CC58D040853431F085E090E0B6CF84E018
:107CA00090E0B3CF81E890E08C0F9D1F04960E9476
:107CB00033AA683FBFEF7B078B079B0708F098C08C
:107CC000DC01CB010896A11DB11DC054DF4F4880D7
:107CD00059806A807B80C05CD0408C309105A105C2
:107CE000B10538F084159505A605B70510F42C01EB
:107CF0003D01C12CD12C312C212CE9EAF0E0EC0F14
:107D0000FD1F3496C853DF4FF983E883C85CD04029
:107D100021E430E02C0F3D1F2C5F3F4FC653DF4F57
:107D200039832883CA5CD04041E450E04C0F5D1F8A
:107D3000485F5F4FC453DF4F59834883CC5CD040CA
:107D40000E9486B3641575058605970508F05FC126
:107D5000A3019201261B370B480B590BDA01C9010D
:107D60000897A105B10508F452C168E070E0CE01A2
:107D700087559F4F0E9433C2089709F052CFC853CE
:107D8000DF4F88819981C85CD0400E9433AA4B01A3
:107D90005C010E9486B3CC53DF4F688379838A836A
:107DA0009B83C45CD040C755DF4F8881C95AD040FF
:107DB000863639F5C655DF4F8881CA5AD0408D3690
:107DC00019F5C555DF4F8881CB5AD0408437E1F48F
:107DD000C455DF4F8881CC5AD0408032A9F430E1BD
:107DE00083169104A104B10400F58DE090E00DCF5D
:107DF000C054DF4F488059806A807B80C05CD0408F
:107E000078CF843609F495C083017201A5019401ED
:107E1000CC53DF4F688179818A819B81C45CD040DB
:107E20000E94B3C181118CCFE0CF60E170E0CE0140
:107E30008F5B9F4F0E9433C2409709F0F2CE23968A
:107E40002EAC3FAC239725968EAD9FAD2597909392
:107E5000900480938F04C653DF4F88819981CA5C58
:107E6000D0400E9433AA60937B0470937C0480937B
:107E70007D0490937E04C453DF4F88819981CC5C4C
:107E8000D0400E9433AA60937F0470938004809353
:107E90008104909382042F968EAD9FAD2F9790937F
:107EA00092048093910461968EAD9FAD61979093FB
:107EB0009404809393044EEF24164FEF340639F563
:107EC00058E285169104A104B10408F48ECF68E14C
:107ED00070E0CE0101960E9433C2489709F085CF29
:107EE00089819A81469718F489E090E08ECE2984A2
:107EF0003A8481E028163104B9F74EE050E06AEF89
:107F000075E0CE010B960F943000892B69F7830141
:107F10007201A5019401CC53DF4F688179818A8178
:107F20009B81C45CD0400E94B3C1D82E811108CF80
:107F30005CCFC655DF4F8881CA5AD040813609F0E0
:107F400063CFC555DF4F8881CB5AD040843709F0C5
:107F50005BCFC455DF4F8881CC5AD040813609F0C1
:107F600053CFD501C40180959095A095B095CC5381
:107F7000DF4F288139814A815B81C45CD040821700
:107F80009307A407B50708F430CFDA01C901880DBB
:107F9000991DAA1DBB1DC054DF4F288139814A811C
:107FA0005B81C05CD040281739074A075B0708F49B
:107FB0001CCFC11018C0CC53DF4F88819981AA8192
:107FC000BB81C45CD0408093830490938404A093CD
:107FD0008504B09386048092870490928804A092CE
:107FE0008904B0928A04D1101CC083017201A501DA
:107FF0009401CC53DF4F688179818A819B81C45C75
:10800000D0400E94B3C1C82E81119ACEEECE87E037
:1080100090E0DD2009F4F9CD88E090E0CC2009F46F
:10802000F4CD2A94232809F05FCF80918F0490919A
:108030009004019719F08AE090E0E7CD80919304D5
:1080400090919404089719F08BE090E0DECD809138
:108050007B0490917C04A0917D04B0917E048232D7
:10806000E6E59E07A105B10579F08434FCEA9F0797
:10807000A105B10549F080382BEB9207A105B105A8
:1080800019F08CE090E0C1CD2091910430919204E0
:108090002130310509F0A9CE40917F045091800430
:1080A000609181047091820484179507A607B70731
:1080B00009F09BCE609183047091840480918504C3
:1080C000909186040E9401C1882309F4AACD809171
:1080D000870490918804A0918904B0918A048093C8
:1080E0008B0490938C04A0938D04B0938E0481E054
:1080F000809395041092300210922F028AE1EBE7F0
:10810000F4E0A6ECB3E001900D928A95E1F71092AD
:108110003202109231020E941D7B882309F4ECCCBC
:108120000E941D7B811105C00E94208E8AE396E08B
:10813000F2CC0E94F179892BB9F3109195041111B9
:1081400007C00E94208E8EE296E00E944B13E6CC80
:10815000C090C603D090C703E090C803F090C90355
:108160006091D2037091D3038091D4039091D50391
:10817000812C912C5401C114D104E104F10491F13A
:10818000A70196010F948A0329013A019B01AC01D2
:1081900088248A94982C540188E3481689E8580664
:1081A00081E468067104F0F4A8EEB3E00F94C30311
:1081B000970186013695279517950795600F711FD2
:1081C000821F931FA70196010F948A0349015A0148
:1081D000A8EEB3E0A30192010F94C303860E971E8D
:1081E000A81EB91E8092E20E9092E30EA092E40EB9
:1081F000B092E50ED701C6010197A109B1098F3FE1
:108200009F4FA105B10550F087E080938E030E9437
:10821000208E0E94B0B10E94A2107DCC60E074E27A
:1082200084EF90E0A70196010F948A0349012B0186
:10823000DA01C9010197A109B1098F3F9F4FA1053B
:10824000B10510F086E0E1CF81E00E943DB88FB724
:10825000F8941092950010929400D0928D03C092E1
:108260008C0390928B0380928A03509289034092F0
:108270008803109287031092860310928503109250
:10828000840391E090938E038FBF1092E10E81E002
:1082900090E09093E70E8093E60E11E03FCCC7018B
:1082A0000497029708F08CC010E125E0E216F10473
:1082B00009F012E3E090EE0EF090EF0E0E942CB564
:1082C000E114F10421F0103169F0123359F067E044
:1082D00070E089E596E00E9426AA89E092E10E947A
:1082E00071131BCC81E0103109F080E08093620EA5
:1082F0001092610E109209128FB7F8941092670EC7
:108300001092660E1092650E1092640E1092430247
:108310008FBF1092600E10925F0E10925E0E109240
:108320005D0E10925C0E10925B0E1092530E109226
:10833000540E1092550E1092560EC7010E948BD407
:10834000811105C066E070E08FE496E0C4CF0E9422
:10835000C5B36093570E7093580E8093590E909347
:108360005A0E672B682B692B21F1809143028111F2
:108370000CC00E9418AA8C01809143028823A9F0A6
:108380000E9418AA0817190781F70E9418AA892BBA
:1083900081F081E08093630E1092E20E1092E30E62
:1083A0001092E40E1092E50E70CF0E94E1CB811185
:1083B000E7CF0E9473B367E070E084E496E08BCF70
:1083C000C7010E94ACB0182F882309F45FC68091C2
:1083D000EB0E9091EC0EC554DF4F99838883CB5BF5
:1083E000D0401092EA0E019709F07CC0C7018D7F42
:1083F000019709F0A4C06091EE0E7091EF0EC55484
:10840000DF4F19821882CB5BD040A7018BE192E14C
:108410000E9484DA811102C080E062C08BE192E1A7
:108420000E94C4B18823C1F38BE192E10E948BD4F6
:10843000882391F30E94C5B36B01DC01CB01019746
:10844000A109B1098F379105A105B10518F00E9466
:1084500073B3E2CFB6018BEB92E10E9433C28C0181
:108460000E9473B30C151D05B9F6F601E554FD4ED7
:1084700010828BEB92E1892B79F22CE030E0AE0197
:108480004F5F5F4F68E676E08BEB92E10E9473AA44
:10849000882311F222961FAE229725E030E0AE012C
:1084A0004F5B5F4F62E676E08BEB92E10E9473AA2E
:1084B000AE0145545F4FBE016F5B7F4FCE01019609
:1084C0000E94E6AA882309F4A7CF81E0C554DF4FB4
:1084D00028813981CB5BD0402130310509F49CCF14
:1084E0008093EA0EB0904D0240904E0250904F02A1
:1084F000C554DF4FC880D980CB5BD0400091F20ECD
:108500001091F30EE090EE0EF090EF0EC754DF4F97
:10851000D982C882C95BD0400E94663C1092091281
:10852000E114F10429F0C8010E94ACB0811113C01C
:1085300067E070E087E198E00E9493BECECEC7016D
:108540000E94A1B08111CECFC554DF4F198218828D
:10855000CB5BD040C7CF1093071200930612F09266
:10856000CF0EE092CE0ED092CD0EC092CC0EB09235
:108570004C021092CB0E1092CA0E1092C90E10929D
:10858000C80E1092C70E1092C60E1092C50E109211
:10859000B30E1092920EC8010E94A1B0882331F050
:1085A0004114510419F444244394512C0230110510
:1085B00071F0C754DF4F88819981C95BD040019722
:1085C00031F4C754DF4F19821882C95BD040C754B9
:1085D000DF4F88819981C95BD0408130910511F4CA
:1085E00090E080E00E942CA0C7010E948BD48111F2
:1085F00005C066E070E08EE098E09ECF0E94C5B3B3
:108600006093AF0E7093B00E8093B10E9093B20E44
:108610000830110509F4D3C0603871058105910552
:1086200038F40E9473B367E070E084E098E084CF90
:108630000230110509F002C54114510419F4442413
:108640004394512C1092C90E1092C80E60E070E055
:10865000CB010E9401C1811109C066E070E08AEA85
:1086600096E00E9493BE0E9473B337CE712C812C8A
:10867000912CA12CB12C10E000E00E9486B36B017C
:108680007C018091AF0E9091B00EA091B10EB0918F
:10869000B20EC816D906EA06FB0698F58C199D0994
:1086A000AE09BF0980389105A105B10528F467E03E
:1086B00070E08FE996E0D5CF0E945FC4882399F2DD
:1086C0000F3F100729F467E070E085E996E0C9CF15
:1086D0000F5F1F4F0415150519F4782E4601570139
:1086E0006091A30E7091A40E8091A50E9091A60E9C
:1086F0000E9401C18111C1CF66E070E08CE896E074
:10870000B0CFC816D906EA06FB0671F401151105AB
:1087100059F01093C90E0093C80E71100AC067E09B
:1087200070E086E796E09DCF67E070E081E896E034
:1087300098CFB401C5010E9401C18823B1F10E9404
:108740005FC4882391F15092CB0E4092CA0EBE01B5
:1087500067547F4FC2010E94BED4882309F483CF9F
:10876000C754DF4F88819981C95BD0400E94481768
:10877000882309F478CF81E0809308128091AB0EB2
:108780009091AC0EA091AD0EB091AE0E8093E20E22
:108790009093E30EA093E40EB093E50E0E94211196
:1087A0009093E90E8093E80E70CD80910812873087
:1087B00009F459CF66E070E08DE696E052CF109252
:1087C000920E1092940360E070E0CB010E9401C110
:1087D000811105C066E070E08CEF97E042CF7E012A
:1087E00041E8E40EF11C68E270E0C7010E9433C268
:1087F0008C0166E070E084EF97E017FD32CF67E010
:1088000070E08BEE97E0083011050CF42ACF48E0B9
:1088100050E063E573E0C7010F942905892BA9F4A3
:10882000083211055CF061E0C7010E9476C388231D
:1088300029F0C2010E943F20811192CF67E070E0D1
:1088400084EE97E00E94ADBE0ECF003111050CF40E
:10885000E7C140E150E063EF72E0C7010F942905E2
:10886000892B09F0DDC182E00E94B310682E8823B5
:1088700009F4A3C04114510409F4F5CE8091EF032B
:10888000682E712C6414750408F4EDCE0FEF040DFE
:10889000081708F0E8CE56E0059F80011124F80182
:1088A000E957FF4E2081F801E857FF4E808190E0A4
:1088B000B0E0A0E0DC0199278827922BF801EA5765
:1088C000FF4E2081822B80938F0390939003A0937F
:1088D0009103B093920310927F0E10927E0E65EA80
:1088E00090E080E00E942B9F60E00E942B9F60E45C
:1088F0000E942B9F60E00E942B9F5C016E0181E42F
:10890000C80ED11C16014601C6010E94CAC28823A6
:1089100009F4A9CE9FEFC91AD90AD4016C91C501F7
:108920000E942B9F5C01CE14DF0469F7CE010196F3
:108930000E94CAC2882309F496CE6981C5010E94AB
:108940002B9F7C01CE0101960E94CAC2882309F4A4
:108950008ACE6981C7010E942B9F892B09F083CEA3
:10896000F10124893589CB54DF4F39832883C55BD6
:10897000D040F801E657FF4E4081F801E557FF4E21
:10898000808190E0B0E0A0E0DC0199278827942B5B
:10899000F801E757FF4E40817C018D01E42AC7555D
:1089A000DF4FE882F9820A831B83C95AD040A101B4
:1089B000B301C2010E943C11D0CE1092EE0380E1BF
:1089C00090E0A0E0B0E080938F0390939003A09399
:1089D0009103B093920310927F0E10927E0E0E942C
:1089E000D8A40E941B12811107C01092B30F67E038
:1089F00070E084EE96E026CFCE0181549F4F0E9416
:108A0000CAC2882391F3CE0182549F4F0E94CAC2EA
:108A1000882359F3CE0183549F4F0E94CAC28823F2
:108A200021F365EA90E080E00E942B9FC154DF4F64
:108A30007880CF5BD040672D0E942B9FC254DF4FC0
:108A40006881CE5BD0400E942B9FC354DF4F68816A
:108A5000CD5BD0400E942B9F4C01892B31F48FEFCE
:108A6000870D843610F470FE07C01092B30F67E0D4
:108A700070E08AED96E0E6CE7694A72CB12C4114F6
:108A8000510419F0A414B50438F41092B30F67E040
:108A900070E08FEC96E0D6CE76E8C72E70E1D72E48
:108AA000E12CF12C00E010E022242394312C9E01D3
:108AB0002F543F4FAE0149545F4FBE016F5B7F4F54
:108AC00080E00E945912882309F440C09E01275576
:108AD0003F4FAE014B545F4F70E060E085E00E9475
:108AE0005912882399F167962EAD3FAD6797CB5405
:108AF000DF4F48815981C55BD0402417350731F5D8
:108B0000CF54DF4F488159816A817B81C15BD0405E
:108B1000411551056105F1E07F07A8F4D6014C939A
:108B200011965C93119712966C93C755DF4F48814D
:108B300059816A817B81C95AD0404115510561052F
:108B4000B1E07B0750F01092B30F8DCD1092B30FB0
:108B500067E070E085EC96E075CEF60143835483C0
:108B600065834214530471F490E4FE01EF5BFF4F00
:108B7000DE01119601900D929A95E1F7682E7A0127
:108B80008B014901FFEF2F1A3F0A26E0C20ED11CCC
:108B9000A214B30408F08BCF611007C01092B30F7A
:108BA00066E070E08CEB96E04DCE8091AF0E909138
:108BB000B00EA091B10EB091B20E8093EA039093E3
:108BC000EB03A093EC03B093ED031092E603109235
:108BD000E7031092E8031092E9031092E203109267
:108BE000E3031092E4031092E5031092E103709204
:108BF000EF0382E08093E00381E08093EE030E9424
:108C000032DC9401AE014F5F5F4FB501C2010E949B
:108C10003C118111A5CD66E070E083EB96E021CD9B
:108C2000D70113968C9113978135A1F414968C91EA
:108C3000843481F460E0C7010E9476C3882329F060
:108C4000C2010E943F2081118BCD67E070E08BED67
:108C500097E0F8CD4114510419F444244394512C65
:108C600060E070E0CB010E9401C1811105C066E0A7
:108C700070E083ED97E0F5CC68E070E0CE018F5BAB
:108C80009F4F0E9433C28830910561F097FF05C065
:108C900066E070E08BEC97E0E4CC67E070E08EEB90
:108CA00097E0DFCC22968FAD229781111EC02396CC
:108CB0008FAD23978631C9F424968FAD24978631E2
:108CC000A1F425968FAD2597853A79F427968FAD37
:108CD0002797833451F428968FAD2897823529F44D
:108CE00029968FAD2997833429F067E070E083EBF4
:108CF00097E0B7CC26968FAD2697811105C067E027
:108D000070E089EA97E0ADCC80FD02C0853628F09E
:108D100067E070E08FE997E0A4CC8695082F10E01B
:108D200067E070E084E997E00415150508F499CC34
:108D300022242394312CC653DF4F1882CA5CD040C2
:108D4000C853DF4F19821882C85CD040812C912C07
:108D500054010215130508F41CC10E9406F1882372
:108D600009F481CC47E857E063E070E0CE018F540E
:108D70009F4F0E94E8F0882309F475CCCF54DF4F51
:108D80008881C15BD04081110EC0CE54DF4F8881F5
:108D9000C25BD040803439F4CD54DF4F8881C35B4F
:108DA000D040882329F067E070E08AE797E059CC4B
:108DB0004DE657E060E470E0CE0101960E94E8F0D5
:108DC000882309F450CC40E657E063E070E0CE0120
:108DD00087559F4F0E94E8F0882309F444CCC7557B
:108DE000DF4F8881C95AD040833471F4C655DF4FB4
:108DF0008881CA5AD040823539F4C555DF4F888101
:108E0000CB5AD040833429F067E070E082E597E0E8
:108E100028CC0E9406F1882309F425CC44E457E0CD
:108E200063E070E0CE018F549F4F0E94E8F0C05481
:108E3000DF4F8883C05CD040882309F414CCCF5422
:108E4000DF4F8881C15BD0408B7F813029F067E0A4
:108E500070E087E397E005CCCE54DF4F68807980DF
:108E6000C25BD0400E9486B36B017C018D899E89D4
:108E70006816790629F067E070E08EE297E0F1CBA2
:108E80008091AF0E9091B00EA091B10EB091B20E44
:108E90008C159D05AE05BF05D0F0930150E040E074
:108EA000CC53DF4F288339834A835B83C45CD04033
:108EB0008C199D09AE09BF09BA01A3014D5F5F4F2F
:108EC0006F4F7F4F84179507A607B70728F467E011
:108ED00070E080E297E0C5CB42145304B9F4B301CB
:108EE000CE0101960E940D9FC054DF4F3881C05CB7
:108EF000D040C653DF4F3883CA5CD040C853DF4FE1
:108F000079826882C85CD04046015701CC53DF4F5C
:108F1000688179818A819B81C45CD0406C0D7D1D04
:108F20008E1D9F1D0E9401C1811105C066E070E089
:108F300087E197E096CB63E070E0CE0187559F4FC5
:108F40000E9433C297FF05C066E070E08FE097E0B3
:108F500088CB0397A9F4C755DF4F8881C95AD04001
:108F6000833471F4C655DF4F8881CA5AD0408235A8
:108F700039F4C555DF4F8881CB5AD040833429F06E
:108F800067E070E083E097E06CCB4FEF241A340A7F
:108F9000E0CE1093C90E0093C80EC653DF4F588120
:108FA000CA5CD04067E070E088EF96E0552309F492
:108FB00058CBC501B4010E9401C1811105C066E012
:108FC00070E08FEE96E04DCB5092CB0E4092CA0EE1
:108FD0001092920EC853DF4FE881F981C85CD040EF
:108FE000CF01B0E0A0E08093A70E9093A80EA093CD
:108FF000A90EB093AA0E80929F0E9092A00EA092FE
:10900000A10EB092A20E880D991DAA1DBB1D8093C2
:10901000A30E9093A40EA093A50EB093A60E10924B
:10902000930310929B0E10929C0E10929D0E109224
:109030009E0E10927D0E0E94E9A492CB0E94BEC9A2
:10904000882309F410CB0E945FC4882309F40BCB5A
:109050008091950390919603A0919703B091980306
:109060008F3FFFEF9F07AF07BF0739F00196A11DA4
:10907000B11DB695A795979587958093AB0E909364
:10908000AC0EA093AD0EB093AE0E6ACB85E798E020
:1090900027E0E216F10409F058C8E090890FF0903B
:1090A0008A0F0091EE0E1091EF0E0E946C3A01159E
:1090B000110581F031E0E316F10409F4E2C088F013
:1090C00052E0E516F10409F4E0C083E0E816F1048B
:1090D00009F4DFC067E070E08DE698E00E94CD3AC9
:1090E000FCC88AE0EBEBF2E0A9E9B3E001900D9255
:1090F0008A95E1F7109209121092F6031092F70385
:109100001092F8031092F9031092F2031092F303F5
:109110001092F4031092F5031092FB031092FA03DD
:109120004091990350919A0370E060E0DB01CA011D
:10913000880F991FAA1FBB1F81509F4FAF4FBF4F72
:10914000892F9A2FAB2FBB270097A105B10521F4DA
:1091500081E090E0A0E0B0E090931B0280931A02BF
:1091600020919B0330919C0380919D0390919E03DD
:10917000B0E0A0E0820F931FA11DB11D81509F4F51
:10918000AF4FBF4F892F9A2FAB2FBB270097A10559
:10919000B10521F481E090E0A0E0B0E090931902E5
:1091A0008093180220919F033091A0038091A10326
:1091B0009091A203B0E0A0E0820F931FA11DB11D0A
:1091C00081509F4FAF4FBF4F892F9A2FAB2FBB2797
:1091D0000097A105B10521F481E090E0A0E0B0E0A6
:1091E000909317028093160241505F4F6F4F7F4F4D
:1091F000452F562F672F77274115510561057105BA
:1092000021F441E050E060E070E05093150240939B
:1092100014028BEE90E090932102809320028FE461
:1092200090E090932502809324028DE990E0909342
:109230002302809322028FB7F8941092BA031092FF
:10924000B9031092B8031092B70391E090932702EC
:109250001092B5031092B4031092B6031092FC035F
:109260001092FD031092FE031092FF038FBFC801FE
:109270000E948BD4811111C066E070E084E698E012
:109280002DCF8AE0E5ECF2E02FCF8AE0EFECF2E0C0
:109290002BCF8AE0E9EDF2E027CF0E94C5B36093BF
:1092A000F6037093F7038093F8039093F903672B09
:1092B000682B692B29F467E070E08AE598E00ECF0F
:1092C0001092F2031092F3031092F4031092F5033C
:1092D000C12CD12C76018091F6039091F703A091D7
:1092E000F803B091F903C816D906EA06FB0608F0A0
:1092F000CBC08C199D09AE09BF090297A105B10524
:1093000028F467E070E08FE498E0E8CEC701B6018A
:109310000E9401C1811105C066E070E086E498E01A
:10932000DDCE62E070E0CE0101960E94F13A882322
:1093300011F40C946D4109811A810230110528F451
:1093400067E070E08BE398E0C9CE4801B12CA12C16
:1093500092E0890E911CA11CB11C8C0C9D1CAE1CB2
:10936000BF1C8C149D04AE04BF0468F08091F6030A
:109370009091F703A091F803B091F903881599052E
:10938000AA05BB0528F467E070E081E398E0A6CE6B
:1093900061E070E0CE018F5B9F4F0E94F13A88231D
:1093A00011F40C946D4122968FAD22979FEF980F88
:1093B0009E3F28F467E070E088E298E08FCEC0908E
:1093C000F603D090F703E090F803F090F90320EC57
:1093D0003FE040E050E0882321F02AE436E040E01E
:1093E00050E0A0911A02B0911B020F94C3030E9497
:1093F0007010609118027091190290E080E00E9454
:109400007010A0911602B091170298010F94B40346
:1094100023E0660F771F881F991F2A95D1F70E94B6
:109420007010609114027091150290E080E00E942B
:1094300070108C149D04AE04BF0409F44CCF20912D
:1094400020023091210222968FAD2297811111C006
:10945000ADE5B0E00F94B4030E9470106091240257
:109460007091250290E080E00E9470107501640107
:1094700032CFAAE0B1E00F94B4030E947010609163
:10948000220270912302EECF60E070E0CB010E94D7
:1094900001C1811105C066E070E08FE198E01ECE49
:1094A0008091F2039091F303A091F403B091F5033E
:1094B000892B8A2B8B2B11F40C946D4181E00E9437
:1094C0007D3B882311F40C946D4181E08093BB03B4
:1094D0000C94CC410F931F93CF93DF938091E60EB2
:1094E0009091E70E019709F071C08091E10E811112
:1094F00069C0C091F20ED091F30EC630D10509F0CB
:10950000A9C00E94B0B1019709F09BC0809184036B
:1095100081111FC080917804909179042091970C5B
:109520003091980C8217930709F479C0FC01F77009
:10953000EA56FB4F408140938503409133020196E8
:10954000411161C0909379048093780428E02093BE
:10955000840380918503282F30E03595279520934B
:1095600085039091840391509093840381700E94AD
:109570006DB420918A0330918B0380918603909182
:1095800087034091880350918903840F951F409170
:109590008C0350918D038417950720F0841B950B45
:1095A0002F5F3F4F909387038093860321503109AB
:1095B00030939900209398000E94F0B780E00E94B9
:1095C00026B56AC00E94453D811193CF80917A03F0
:1095D000882309F414C11092710F1092700F81E06A
:1095E00080936C0F10926F0F10926E0F10926D0F90
:1095F0000E94253481E00E9426B580E0DF91CF9162
:109600001F910F9108958217930709F09BCF209126
:109610002E029093790480937804211198CF809141
:1096200033028823A9F02091780430917904809145
:10963000970C9091980C2817390751F484E0809387
:109640008E030E94B0B10E94A2100E944B13BECFA5
:1096500085E0F5CFCE010E94ACB08823D1F10E9405
:109660008B16811109C080917A038111B4CF89E0F2
:1096700092E10E947113AACF8091AB0E9091AC0E33
:10968000A091AD0EB091AE0E8093E20E9093E30EDA
:10969000A093E40EB093E50E0E94BD1382E090E02B
:1096A0009093E70E8093E60E81E090E09093710F27
:1096B0008093700F10926D0F0E94253410926E0FE0
:1096C0008091650F9091660F892B09F49FC081E00E
:1096D00095CF279709F048C0C091BB03C13039F638
:1096E00040911E026091A5038091AC039091AD035F
:1096F0000E94272E80E00E946DB4DFB7F89480911D
:1097000071008A7F809371001092900010929100F6
:10971000109295001092940085E088BBC093B60328
:109720001092FC031092FD031092FE031092FF03AF
:109730001092AF031092AE0382E08093BB0383E0EC
:1097400080931A1281E00E945BB5C09391008091D2
:10975000990390919A030E94531080917100846044
:1097600080937100DFBF2ACFD091630ED13009F012
:109770007ECF2091660E3091670E8091640E90919D
:10978000650E28173907A1F1F901F770EA56FB4F6A
:10979000C0818C2F2F5F3F4F3093670E2093660E52
:1097A000CC2331F1C7FDC1950E9412B58C2F0E94C8
:1097B000E9A98C01CFB7F89410929500109294000B
:1097C00010929000D093910084E088BB82E0809357
:1097D000630E81E00E945BB5D0931A12C8010E940B
:1097E000531080917100846080937100CFBFBBCF14
:1097F00067E070E08CE295E00E9426AA38CF23E073
:1098000030E03093710F2093700FF8CE0E94311129
:10981000882309F45CCF91E090936E0FEFCEBF9256
:10982000CF92DF92EF92FF920F931F93CF93DF932C
:10983000EC010091720F1091730FB090690FC090FE
:10984000670FD090680FE090650FF090660F0E9450
:109850000C3D1092D00E8BE194E1009719F00115A8
:10986000110561F480E295E00E944B1383E090E0E3
:109870009093710F8093700F80E026C09093EF0E4D
:109880008093EE0E1093F30E0093F20EB092ED0E55
:10989000D092EC0EC092EB0E81E0EF2809F080E050
:1098A00080934D021092EA0E209711F4C1E0D0E0AF
:1098B000D0934F02C0934E021092E90E1092E80E20
:1098C0000E94453D882391F2DF91CF911F910F9126
:1098D000FF90EF90DF90CF90BF9008958F929F926E
:1098E000AF92BF92CF92DF92EF92FF920F931F93AE
:1098F000CF93DF931F921F92CDB7DEB780916A0F8F
:10990000882309F470C00E94F1B2882309F44FC083
:1099100081E00E940DD681110DC00E940C3D87E3AD
:1099200095E00E944B1383E090E09093710F809339
:10993000700F3DC010926A0F10926F0F10926E0F51
:1099400010926D0F10926C0F0E9425340E943836D1
:109950000E94293A8091720F9091730F0E94A1B0DA
:10996000882371F08091F20E9091F30E0E94A1B0C5
:10997000882331F080914E0290914F02009711F4AC
:1099800081E090E00E940F4C882389F01092710FC3
:109990001092700F8091720F9091730F0E94A1B07E
:1099A0008823A1F081E080936C0F0E9426B50F9070
:1099B0000F90DF91CF911F910F91FF90EF90DF906B
:1099C000CF90BF90AF909F908F9008958091650F3A
:1099D0009091660F892B29F481E080936F0F80E0CE
:1099E000E4CF81E0E2CF0E94EAB2882371F081E007
:1099F00080936A0F10926F0F10926E0F10926D0F7E
:109A000010926C0F0E94253488CF8091E60E9091C1
:109A1000E70E029749F50091F20E1091F30E063011
:109A2000110509F0AEC08091330281118DC00E94F2
:109A3000F179893F9D4308F087C00E94077A811120
:109A400083C00E9451B8E0913102F091320284E269
:109A500096E0EE3038F4FF27EE0FFF1FE85FF94F76
:109A6000859194910E944B138091E60E9091E70EA0
:109A70008330910509F4A4C58430910509F4A7C584
:109A8000029709F0B3C581E090E09093710F809345
:109A9000700F0E9425348091650F9091660F892B7D
:109AA000F9F48091720F9091730F029781F40E94E4
:109AB000311180936E0F882351F010926F0F109226
:109AC0006D0F8091650F9091660F892B49F48091FD
:109AD0006D0F882329F00E9421B5811110926D0F1E
:109AE00080916C0F811163CF8091650F9091660F0B
:109AF000892B09F05CCF8091700F9091710F8330AA
:109B0000910509F454CF20916E0F211150CF20916F
:109B10006D0F21114CCF20916F0F222309F489C5BD
:109B20000E9421B5882309F442CF8091E60E9091DE
:109B3000E70E019709F03BCF0E946A4A882309F497
:109B400036CF10926F0F33CF0E94B0B184309105A1
:109B500071F40E9451B80E94A61381E08093E10E37
:109B600081E090E09093E70E8093E60E7DCF9C011C
:109B7000255031092330310508F076CF0E94A2101C
:109B800071CFC8010E94ACB0882309F47DC48091D4
:109B90000812823009F04CC08091740E8823E1F0E5
:109BA0000E94A0DF2091720E3091730E621B730B26
:109BB00060397140E8F11092740E0E9465B5811110
:109BC00037C080910812823099F567E070E089ED26
:109BD00095E00E9493BE2CC08091790E882309F4F1
:109BE000C6C08091790E882319F1809108128230C5
:109BF000F9F40E9465A9182F80917A0E90917B0E3E
:109C00001123B9F18230910561F50E9427A511E079
:109C100018270E9412A6912F182F80914C0288239A
:109C200009F444C0992349F10E941C1F811175C099
:109C30008091F20E9091F30E0E94A1B0882319F04A
:109C400081E00E94152F9FB7F894809108129FBF62
:109C5000843009F480CF08F407CF883008F46BC44F
:109C600003CF019709F01BC50E9427A5982F10E08C
:109C7000D4CF029771F290E0D0CF0E9421B5882313
:109C8000B9F20E94A0DF2091770E211112C07093CB
:109C9000760E6093750E81E08093770E8091780E3A
:109CA000882331F2112309F4BFCFC2CF992349F39E
:109CB000BBCF2091780E222319F0112309F4B4CFE1
:109CC0002091750E3091760E8B01021B130B809143
:109CD0007A0E90917B0E8130910559F40E9459A91A
:109CE000811104C00E9407A58823A1F089E591E0B5
:109CF0000CC0029779F40E943EA9882359F00E9473
:109D000012A6882399F38EE690E00817190708F049
:109D10008BCF8ECF88E790E0F8CF80910812843007
:109D200009F486CF80917A0E90917B0E049771F49E
:109D30000E9478B481117CCF80910812823009F0A2
:109D400077CF67E070E088E695E043CF80E00E943F
:109D500026B50E94E1B581116BCF80910812823047
:109D600009F066CF67E070E08EE595E032CF809134
:109D70007A0E90917B0E8430910509F006C3809194
:109D8000B60F882321F08091B70F811109C08DEBA8
:109D900095E00E9490A585EF9FE00E946BDB48CF85
:109DA0008091B80F811123C28091BB0F9091BC0F9D
:109DB0008230910509F49EC08330910509F4D2C028
:109DC0000197F1F58091BD0F9091BE0F2CEBC22E43
:109DD00022E0D22EE12CF12C039729F094E6C92E33
:109DE000D12CE12CF12C0E94A0DF0091F00F1091FA
:109DF000F10F2091F20F3091F30F601B710B820B6A
:109E0000930B6C157D058E059F05D0F08091BD0FDD
:109E10009091BE0F039709F06AC081E00E946DB473
:109E20000E9423DF6093F00F7093F10F8093F20F85
:109E30009093F30F82E090E09093BC0F8093BB0F60
:109E40008091BB0F9091BC0F049709F0CBC180911A
:109E5000B90F20E48823E9F08091F40F0E94BEA599
:109E6000882309F498CF1092B90F8091EC0F90914C
:109E7000ED0FA091EE0FB091EF0F0196A11DB11D56
:109E80008093EC0F9093ED0FA093EE0FB093EF0F34
:109E90002FE34091EC0F5091ED0F6091EE0F709118
:109EA000EF0F8091C30F9091C40F6C01F12CE12C46
:109EB0004C155D056E057F0508F069C1841B950B87
:109EC000E22EF12C8E159F0508F47C01E0914402EE
:109ED000F0914502B7018BE192E119958E159F052E
:109EE00009F45EC097FF59C08CE995E052CF84E039
:109EF00090E0A2CF0E9423DF0091F00F1091F10FAC
:109F00002091F20F3091F30F601B710B820B930BBA
:109F1000683E73408105910508F492CFE0914402B8
:109F2000F091450261E070E084EF9FE01995813087
:109F3000910541F097FF03C085EB95E02ACF8CEAAD
:109F400095E027CF81E08093B90F0E9423DF6093D3
:109F5000F00F7093F10F8093F20F9093F30F83E063
:109F600090E06ACF8091030180FFC1CF0E9423DF80
:109F70000091F00F1091F10F2091F20F3091F30F3B
:109F8000601B710B820B930B61347B448C449105F5
:109F900008F456CF84EA95E0FCCE83E995E0F9CE4B
:109FA0008091BD0F9091BE0F04970BE112E10297D3
:109FB00008F0CBC08BE1C82E82E1D82E8091EC0F47
:109FC0009091ED0FA091EE0FB091EF0F96012B51F4
:109FD00032412E153F0508F0DAC0F60111916F01EC
:109FE0001095110F111D110F111D892B8A2B8B2B11
:109FF00009F086C00E9423DF4B015C010E9405A589
:10A00000749A8091030180FD0EC00E9423DF6819BD
:10A0100079098A099B0961347B448C44910588F352
:10A020008BE895E0B6CE80E00E948AA5809103017E
:10A0300080FF0EC00E9423DF681979098A099B09F5
:10A0400061347B448C44910588F383E895E0A1CE8C
:10A05000812F881F8827881F0E948AA55B9840E06F
:10A0600068E481E00E943FA5882309F494CE16FBA2
:10A07000882780F90E948AA50E9405A540E06CE42B
:10A0800080E00E943FA5882309F485CE110F110FAF
:10A0900001E0402F6CE480E00E943FA5882309F492
:10A0A0007ACE812F881F8827881F0E948AA55B98F7
:10A0B000402F68E481E00E943FA5882309F46BCE1D
:10A0C00016FB882780F90E948AA50E9405A5110F1A
:10A0D000110F0F5F0430E9F68091EC0F9091ED0FB6
:10A0E000A091EE0FB091EF0F0196A11DB11D8093CD
:10A0F000EC0F9093ED0FA093EE0FB093EF0F5ECFA8
:10A1000000E0402F6CE480E00E943FA5882309F422
:10A1100042CE812F881F8827881F0E948AA55B98BE
:10A12000402F68E481E00E943FA5882309F433CEE4
:10A1300016FB882780F90E948AA50E9405A5110FA9
:10A14000110F0F5F0430E9F6C7CFC8018B51924160
:10A150008E159F05E0F4F80181918F010E94BEA544
:10A16000882309F418CE8091EC0F9091ED0FA09107
:10A17000EE0FB091EF0F0196A11DB11D8093EC0F72
:10A180009093ED0FA093EE0FB093EF0FDECF809181
:10A19000C30F9091C40FB0E0A0E04091EC0F50913C
:10A1A000ED0F6091EE0F7091EF0F481759076A0796
:10A1B0007B07C0F08091BD0F9091BE0F049702976E
:10A1C00008F072C00E9423DF6B017C0180910301C3
:10A1D00080FD38C081E08093B80F80E00E946DB4AC
:10A1E0000E9468B48091B80F882309F421CD1092A1
:10A1F000790E1092770E1092760E1092750E809155
:10A20000061290910712029709F0B8C08091CA0E09
:10A210009091CB0E2091C80E3091C90E82179307F2
:10A2200008F0ACC0009709F403CD1091C50EBE0133
:10A230006F5F7F4F01960E94BED481113BC0109387
:10A24000C50EF6CC0E9423DF6C197D098E099F098B
:10A25000613472448F40910508F4B8CF85E580934E
:10A26000F50F8CE48093F60F87E38093F70F8091CE
:10A27000BD0F9091BE0F0597A9F488E48093F80F65
:10A2800080E28093F90F95E49093FA0F9EE4909307
:10A29000FB0F94E49093FC0F8093FD0F89E00E94E4
:10A2A000CFDC79CD8CE4EACF80E00E9497A58111C4
:10A2B00091CF71CDF090C50E1093C50E09811A8112
:10A2C000C8010297039708F459C08091CA0E909173
:10A2D000CB0E009739F02091C80E3091C90E82172D
:10A2E0009307C8F084E080930812809108128430AC
:10A2F00009F49ECC80E00E9426B50E94E1B5811150
:10A3000097CC80910812823009F092CC67E070E01F
:10A310008FEC95E05ECC6091970E7091980E8091D5
:10A32000990E90919A0E8090930E9090940EA0901A
:10A33000950EB090960E680D791D8A1D9B1D0E948A
:10A3400001C1811105C066E070E08AE795E041CC6B
:10A350008091CA0E9091CB0E01969093CB0E809374
:10A36000CA0E0E945FC4882309F462CCF092C50E25
:10A37000C8010E9448178111B8CF5ACC84E080935D
:10A38000081281E00E9426B553CC20917B03222342
:10A3900009F44AC0029709F047C08091690E8823EA
:10A3A00009F44AC09FB7F8948091690E8111109208
:10A3B000690E9FBF8823C1F160919F0E7091A00E1E
:10A3C0008091A10E9091A20E0E9451C1811110C0E6
:10A3D00066E070E081E795E00E9493BE80910812EC
:10A3E000823009F025CC66E070E084EC95E0F1CB9A
:10A3F00010929B0E10929C0E10929D0E10929E0E2B
:10A400000E94E9A48091A70E9091A80EA091A90E98
:10A41000B091AA0E892B8A2B8B2B89F58FB7F894D4
:10A4200091E09093680E8FBF80917A0E90917B0E91
:10A430000297029708F0FCCB8091790E8111F8CB3E
:10A440000E94F7A48115964008F0F2CB40919B0E34
:10A4500050919C0E60919D0E70919E0E8091A70E62
:10A460009091A80EA091A90EB091AA0E4817590775
:10A470006A077B0708F0DCCB0E948FCAD9CB0E9409
:10A480008FCA8111CBCFAACF0730110509F06EC05A
:10A490000E944C108230910559F52FB7F894909195
:10A4A000B5038091B4032FBF992379F081110DC0BA
:10A4B0008091FA039091FB03892B09F441C066E077
:10A4C00070E085E595E00E94CD3A0E944C1002971D
:10A4D00069F48091FA039091FB03892B39F00E9473
:10A4E00062108115964010F40E940C3B0E944C10A3
:10A4F0009C01245031092430310590F429E032E1E7
:10A500004091091241110AC08530910511F54CE4C2
:10A5100055E061E170E0C901232B29F50E9473B376
:10A520000E944C108430910509F415CB08F49CCAA4
:10A53000089708F099CA89E092E10E94711394CAC1
:10A540000E946210892B09F0BACF80E00E947D3B07
:10A55000BCCF079719F7232B09F343E455E061E1DA
:10A5600070E089E092E10E942C70D8CF8091630E58
:10A57000823079F48091430281110BC00E9418AAA5
:10A580008115964030F480914302811102C00E94EF
:10A59000E1CB8091630E843061F08091630E853051
:10A5A00041F08091630E863021F08091630E8730F8
:10A5B00011F40E9473B39FB7F8948091630E47CB58
:10A5C00082E090E09093710F8093700F7ACA83E0DD
:10A5D00090E09093710F8093700F10926F0F109214
:10A5E0006E0F10926D0F0E9425346BCA8091700F10
:10A5F0009091710F0197029708F063CA1092710F42
:10A600001092700F10926F0F10926E0F10926D0FCC
:10A610000E9425348091720F9091730F0E94A1B017
:10A62000882309F44ECA81E080936C0F0E9426B5FE
:10A6300048CA019789F08091700F9091710F02972D
:10A6400009F0B5C98091F50E8111B1C90E9421B5FB
:10A6500081111BC081E016C00E9421B58111EBCF92
:10A6600010926D0F0E941F35882309F4A0C9109223
:10A67000F50E81E02091700F3091710F223031057D
:10A6800009F080E08093F40E92C98091F40E882343
:10A6900009F48DC91092F40E0E942A3488C990E002
:10A6A000E6CA1F93CF93DF93182F8091720F90917A
:10A6B000730F0E94A1B0811106C0C0E08C2FDF9102
:10A6C000CF911F91089580916C0F8823B1F38091F1
:10A6D000700F9091710F892B81F7112371F30E94F4
:10A6E000F62EEC010E940911209739F3009729F307
:10A6F0001F3FD1F4C230D10510F0CE0101970E9466
:10A700000F4CC82F8823C9F210926F0F10926E0F52
:10A7100010926D0F0E9425341092710F1092700FDD
:10A7200081E00E9426B5CACFC817D90718F4CE0118
:10A730000196E5CF81E090E0E2CFFC01662399F03D
:10A74000DC0190E08D91811109C0DF01A90FB11DDD
:10A7500080E29F5F8D939031E1F703C09F5F90315E
:10A7600089F76787108A0895DC011E96ED91FC91A8
:10A770001F97E130F10521F490968C9181110BC067
:10A78000E43008F0E0E0F0E0EE0FFF1FE25EF04F93
:10A7900085919491089586E29FE00895CF92DF928B
:10A7A000EF92FF920F931F93CF93DF9300D01F92EE
:10A7B0001F92CDB7DEB78C01362FCA01AE014F5FB5
:10A7C0005F4F7A01FA0120E04AE0C42ED12C2F5FBE
:10A7D000B6010F947603805D8193CB01009711F051
:10A7E0002530A9F7EFEFE20FF0E03196EE0DFF1DF7
:10A7F000832FD801A80FB11D92919C938F5FEE1506
:10A80000FF05B9F7832F820F0F900F900F900F90D5
:10A810000F90DF91CF911F910F91FF90EF90DF90FC
:10A82000CF900895CF93DF9320914D0F30914E0F2D
:10A83000E1E041E02115310569F160914B0F709124
:10A840004C0F6F5F7F4F683E83E0780710F067EE34
:10A8500073E0283E83E0380710F027EE33E041E054
:10A86000CAE0D0E0E1E0E40F6A30710530F0CB01DE
:10A87000BE010F9476034E2FF5CFE1E0CAE0D0E0A1
:10A880002A30310538F0C901BE010F9476039B01CF
:10A89000EF5FF6CF81E0840F8E0FDF91CF910895A7
:10A8A0001092650D1092640D1092630D08954FB7CC
:10A8B000F89420917804309179048091970C9091CC
:10A8C000980C4FBF821B930B08954FB7F8942091BB
:10A8D00076043091770480917404909175044FBF91
:10A8E000821B930B089510929B0F1092500D1092A3
:10A8F0009C0F10929A0F8FEF80935A021092990F2B
:10A9000008951092070F1092080F0895681779079D
:10A9100060F0681B790B6C5F7F4F53E0769567950D
:10A920005A95E1F7860F971F08959C012D5F3F4FC1
:10A93000261B370B43E0369527954A95E1F7821B96
:10A94000930B089561157105B9F034E1389FF0015A
:10A95000399FF00D1124469FC001479F900D11248F
:10A96000E817F90748F0269FA001279F500D1124F2
:10A9700081E04E175F0708F480E008959C01609124
:10A98000450D7091460D66307105F1F4E091430D6F
:10A99000F091440D3097B1F0A4E2B4EF0F94B403FA
:10A9A0009F0136952795620F731F811D911D9F0191
:10A9B00050E040E00F948A032115310581E04807FB
:10A9C0005105B8F4C901089564307105D9F7A2E3BF
:10A9D000B0E00F94B4039B01AC01285F3F4F4F4F91
:10A9E0005F4F84E056954795379527958A95D1F71F
:10A9F000E3CF8FEF9FEF08958091830D882351F06F
:10AA00008091820D882331F081E09091790D911130
:10AA100001C080E008956091290420912E043091B6
:10AA20002F046623F9F0862F8695820F932F911DB0
:10AA300070E00F947603EBE2F4E08CE0DF011D920E
:10AA40008A95E9F785E080932804660F771FCB018C
:10AA5000019663E070E00F94760370932A0460938C
:10AA60002904089570E060E0E6CF809129044091C8
:10AA70002E0450912F04282F30E070E060E08823EE
:10AA800039F08695840F952F911DB9010F947603A7
:10AA9000EDE2F4E08AE0DF011D928A95E9F782E0B9
:10AAA0008093280470932A046093290430932C0423
:10AAB00020932B048FEF80932D0408958F929F9203
:10AAC000AF92BF92CF92DF92EF92FF920F931F93BC
:10AAD000423051056105710560F480E01F910F91CE
:10AAE000FF90EF90DF90CF90BF90AF909F908F90AE
:10AAF0000895FC01E45EFD4FC080D180E280F380C8
:10AB0000EFEFCE1ADE0AEE0AFE0AC416D506E606F6
:10AB1000F70618F3480159016A01FC01E05FFD4F97
:10AB200037E076956795579547953A95D1F7008127
:10AB3000118122813381400F511F621F731F21E059
:10AB40000E94C0E3009749F2CC0CDD1CCC0CDD1C4C
:10AB5000F1E0DF22C80ED91EF60180829182A28226
:10AB6000B38281E0BBCF0F931F93CF93DF93EB01B1
:10AB7000E42FDC01AC5DBD4F4D915D916D917C91F9
:10AB800013970C811D812E813F8140235123622325
:10AB9000732329E076956795579547952A95D1F7C0
:10ABA000088119812A813B8102501109210931094B
:10ABB0001B96FC9104C0000F111F221F331FFA9532
:10ABC000D2F7400F511F621F731F57970D911D91B0
:10ABD0002D913C91400F511F621F731F2E2F0E9419
:10ABE000C0E3009729F02C813D813170820F931FC3
:10ABF000DF91CF911F910F910895CF93DF93EC01D7
:10AC00000E948AE2882341F0C45DDD4F88819981EA
:10AC1000DF91CF910C94E2E280E0DF91CF91089533
:10AC20004F925F926F927F928F929F92AF92BF925C
:10AC3000CF92DF92EF92FF920F931F93CF93DF9308
:10AC40006C014B01D42F5901F8012115310521F078
:10AC5000D9018C9181113AC0F4019C2DD6018491C7
:10AC60008D9331968A2F891B8D17C8F3F601ED0F4E
:10AC7000F11D82E58083E1E0ED0FEC0DFD2DF11D6E
:10AC800085E4808383E08D0FE2E0ED0FEC0DFD2D78
:10AC9000F11D93E49083F601E80FF11D90E291938A
:10ACA0008F5F8031E1F7F601108ADF91CF911F911C
:10ACB0000F91FF90EF90DF90CF90BF90AF909F905B
:10ACC0008F907F906F905F904F90089510E1141BCC
:10ACD00000E08D91882309F460C00F5F0F33C9F73E
:10ACE000808181110AC081E080830E94A0DFD701AA
:10ACF0006D937D938D939C931397C02FC11B2C2F25
:10AD000030E0ACE2B1E00F94B4032B013C010E94AF
:10AD1000A0DFF7012081318142815381621B730BD7
:10AD2000840B950BA30192012053384F4F4F5F4F77
:10AD30000F948A03603BF4E07F078105910580F161
:10AD4000605B744081099109641575058605970556
:10AD500050F42CE231E040E050E00F948A032F5F82
:10AD60002C1708F4C22FF4019C2DD60184918D93E9
:10AD700031968A2F891B8D17C8F3F601ED0FF11D4F
:10AD80001C0F80E2C01720F4D501AC0FB11D8C91CF
:10AD90008193CF5F1C13F5CF86CF101708F4A0CF97
:10ADA000C0E0E1CF4F925F926F927F928F929F921D
:10ADB000AF92BF92CF92DF92EF92FF921F93CF9309
:10ADC000DF93FC016115710521F0DB018C9181118C
:10ADD0001BC080E580838CE4818381E4828389E5E4
:10ADE000838314821092770DDF91CF911F91FF9092
:10ADF000EF90DF90CF90BF90AF909F908F907F901B
:10AE00006F905F904F900895D42F413108F0D0E1BA
:10AE1000DB0185E095E110E031E22D91222351F034
:10AE2000389FA001399F500D1124CA0182271F5F4E
:10AE30001F3999F76B017F012091750D3091760DC7
:10AE40002817390721F42091740D2117E1F0909310
:10AE5000760D8093750D1093740D1092770DD117A8
:10AE600008F46AC0C0E0F7019C2F9D0FC91709F4D0
:10AE70005EC080E2C11720F4D601AC0FB11D8C91E9
:10AE80008193CF5FF3CFD11768F7C12FCD1B2C2F44
:10AE900030E0ACE2B1E00F94B4032B013C015C0163
:10AEA0004B01B0ED8B0EB7E09B1EA11CB11C809135
:10AEB000770D81110DC081E08093770D0E94A0DF96
:10AEC0006093700D7093710D8093720D9093730D5C
:10AED0000E94A0DF2091700D3091710D4091720D94
:10AEE0005091730D621B730B840B950BA50194019C
:10AEF0000F948A03603B24E072078105910508F4F2
:10AF0000B1CF605B744081099109641575058605B0
:10AF1000970508F0A8CF2CE231E040E050E00F9414
:10AF20008A032F5F2C1708F09ECFC22F9CCFF7010A
:10AF3000ED0FF11D108258CFC12FCD1B2C2F30E00B
:10AF4000ACE2B1E00F94B4032B013C015C014B0176
:10AF500080ED880E87E0981EA11CB11CACCFCF936A
:10AF6000C82F0E94A0DF2091650D2C1751F0C093CF
:10AF7000650D66577D4F7093640D6093630D80E09F
:10AF80000BC02091630D3091640D621B730B77FD34
:10AF9000F6CF0E94505481E0CF91089510926F0D2A
:10AFA0000E94A0DF6C577C4F70936B0D60936A0D0D
:10AFB00010926D0D10926C0D0895CF93DF931F9238
:10AFC0001F92CDB7DEB7809158028823B9F08091E7
:10AFD000500290915102019739F58091B60C882367
:10AFE00069F08091AC0C9091AD0C8B3038F4BE01BF
:10AFF0006F5F7F4F0E9439AA811120C08091580253
:10B00000882301F180915002909151020197D1F073
:10B01000E091790D8FEF8E0F8830A0F4F0E0EE0F05
:10B02000FF1FE258FF4E1AC08091780D882331F33C
:10B0300080919D0F90919E0F9A838983E981FA8177
:10B04000E13138F080E090E00F900F90DF91CF91E8
:10B050000895FF27EE0FFF1FE45AFF4E859194914C
:10B06000F3CF9F92AF92BF92CF92DF92EF92FF9277
:10B070000F931F93CF93DF93EC01A62E942E0E9483
:10B08000DD578C01892B09F4CBC0B0905802BB204E
:10B0900009F48BC08091500290915102019709F000
:10B0A00091C08091B60C882309F4BAC0C090B20C4C
:10B0B000D090B30CE090B40CF090B50CC114D10456
:10B0C000E104F10409F48FC08091AE0C9091AF0CB3
:10B0D000A091B00CB091B10C80389105A105B105DB
:10B0E00020F480E890E0A0E0B0E080589109A10948
:10B0F000B1099601A7018C159D05AE05BF0510F499
:10B100009C01AD01A4E6B0E00F94C303A701960132
:10B110000F948A03FE01CE01409630E231938E17E0
:10B120009F07E1F782E5A11080E5888385E4A110FF
:10B1300081E4898383E4A11085E58A83DE01149686
:10B1400090E080E0F801E80FF91FE491EE2329F088
:10B15000ED93019687309105A9F780E2243608F037
:10B1600081E38B8790E22A3040F03AE0822F632F10
:10B170000F946A030F946A03905D9C87822F6AE0A4
:10B180000F946A03905D9D8785E28E87A1104AC067
:10B19000243650F00E94A0DF66277270672B21F0E2
:10B1A00080E2888389838A83188A8B2DDF91CF91EF
:10B1B0001F910F91FF90EF90DF90CF90BF90AF90D5
:10B1C0009F9008958091820D882351F1C0907E0D4B
:10B1D000D0907F0DE090800DF090810DC114D104CE
:10B1E000E104F10411F424E695CF20917A0D309119
:10B1F0007B0D40917C0D50917D0DA4E6B0E00F9445
:10B20000C303A70196010F948A0325363105410532
:10B21000510508F47FCF24E630E040E050E07ACFDB
:10B22000B12CC3CF911002C08FE3982E9F86BCCF64
:10B23000DF92EF92FF920F931F93CF93DF93FC0166
:10B2400001900020E9F731978F01081B190B601757
:10B25000110650F0FA011082DF91CF911F910F91EA
:10B26000FF90EF90DF900895E9017A01D62E0E94B9
:10B27000A0DF28813981AB01421B530B57FDECCF76
:10B280000D19F7012081201760F42F5F208320170C
:10B2900018F06C577C4F02C06C5F7E4F79836883D7
:10B2A000DBCF1082F6CF0E942DB8E4E0F1E0808180
:10B2B0008E7F8083E5E0F1E080818E7F8083109235
:10B2C0007304109272041092710410927004109220
:10B2D0006F0410926E0410926D0410926C04109220
:10B2E0006B0410926A041092690410926804109220
:10B2F0006704109266041092620D1092610D109214
:10B300001B141092A10F10925D0D10925E0D109201
:10B310005F0D1092600D1092590D10925A0D1092FF
:10B320005B0D10925C0D1092580D1092570D1092FB
:10B33000560D0E9473541092550D1092540D109298
:10B34000530D1092520D1092510D089560937E0D81
:10B3500070937F0D8093800D9093810D10927A0DE4
:10B3600010927B0D10927C0D10927D0D21E02093A8
:10B37000820D0C9464AFCF92DF92EF92FF920F9305
:10B38000CF93DF93EC0180E2DE011D928A95E9F70D
:10B39000FB01868197819F838E835D834C83C48C60
:10B3A000D58CE68CF78CC886D986EA86FB86FC01AC
:10B3B000F0964F70552765E0440F551F6A95E1F7E9
:10B3C000E40FF51F338533FD11C037733883438590
:10B3D000487111F4386038830B83322F3370313069
:10B3E00009F444C038F0323009F43EC018821A82A1
:10B3F00080E032C031E025FDF9CF3A833A8131FF58
:10B4000006C03881432F417189F730623883DC01EF
:10B4100097964D915D916D917C919A974C8B5D8B38
:10B420006E8B7F8B4489558970E060E0BA015527A7
:10B430004427C28CD38CF12CE12C4C295D296E2938
:10B440007F2925FF1AC0411551056105710581F459
:10B450008A8180688A8381E0DF91CF910F91FF908C
:10B46000EF90DF90CF90089533E0C7CF32E0C5CFA3
:10B470000E9400E58111ECCFB9CF4C8F5D8F6E8FAC
:10B480007F8F848D958DA68DB78D888F998FAA8F8C
:10B49000BB8FE1CFDF92EF92FF920F931F93CF9379
:10B4A000DF93CDB7DEB7E7970FB6F894DEBF0FBED8
:10B4B000CDBF7C018B015FAB4EABD22E19821A82BD
:10B4C0001B82FC018081882379F080E0E7960FB62B
:10B4D000F894DEBF0FBECDBFDF91CF911F910F91CA
:10B4E000FF90EF90DF900895FB018081807D69F3EC
:10B4F000EEA9FFA980818F32D9F4EEA9FFA980813E
:10B500008F3221F43196FFABEEABF7CFF8016681B5
:10B510007781811104C0C7010E9426EBD7CFCE01ED
:10B5200001960E9426EB882381F28E010F5F1F4F48
:10B53000AE014A5C5F4FBE016F5D7F4F8EA99FA930
:10B540000E947FD8882309F4C0CFEEA9FFA980818B
:10B550008823D1F020E0AE014F5D5F4FB801C701F5
:10B560000E94C3E8882309F4B0CF80E2F701DE012E
:10B57000119601900D928A95E1F7C7010E9453E55B
:10B58000F70110821282D1CF2D2DAE014F5D5F4F9A
:10B59000B801C7010E94C3E899CF6115710521F078
:10B5A000605D7D4F0C944A5A80E00895CF93DF93FD
:10B5B000EC01262F4C895D896E897F898E819F8160
:10B5C00084960E94C0E3009759F02C813D812F7032
:10B5D000332745E0220F331F4A95E1F7820F931F6F
:10B5E000DF91CF9108953F924F925F926F927F9239
:10B5F0008F929F92AF92BF92CF92DF92EF92FF9283
:10B600000F931F93CF93DF9300D01F92CDB7DEB778
:10B610005C01FC014484558466847784868097802D
:10B62000F401C184D284E384F484C414D504E60410
:10B63000F704C0F47301620110E0FFEFCF1ADF0AD4
:10B64000EF0AFF0AF401818D928DA38DB48D8C15C4
:10B650009D05AE05BF0540F4111132C0C184D284EE
:10B66000E384F48411E0E9CF4C145D046E047F049C
:10B6700039F19E012F5F3F4FB701A601C4010E941F
:10B680007FE487FD1DC08823C1F289819A81AB8147
:10B69000BC81892B8A2B8B2B81F6112329F0F40195
:10B6A000C186D286E386F4860FEF1FEF2FEF3FE0CF
:10B6B000B701A601C4010E940AE4382E811118C006
:10B6C000312C832D0F900F900F900F90DF91CF9121
:10B6D0001F910F91FF90EF90DF90CF90BF90AF90B0
:10B6E0009F908F907F906F905F904F903F900895C4
:10B6F0004114510461047104B9F4F501C486D5867E
:10B70000E686F78682814114510461047104B1F028
:10B71000FFEF4F1A5F0A6F0A7F0A4C145D046E0434
:10B720007F0479F08F7B0BC097018601B301A201E2
:10B73000C4010E940AE48111E0CFC2CF8064F50108
:10B740008283F501828180688283BBCFAF92BF92F2
:10B75000CF92DF92EF92FF920F931F93CF93DF93DD
:10B76000EC01888186FF0DC010E0812FDF91CF9121
:10B770001F910F91FF90EF90DF90CF90BF90AF900F
:10B78000089588899989AA89BB8981159E4FAF41FF
:10B79000B10550F7CE010E94F35A182F882321F3E8
:10B7A000EE81FF81CC84DD84EE84FF8432E0C31A15
:10B7B000D108E108F108848104C0CC0CDD1CEE1C2A
:10B7C000FF1C8A95D2F781899289A389B489C80E12
:10B7D000D91EEA1EFB1E00E0A12C82E0B82EEE81ED
:10B7E000FF8182810817B0F425E0B701A601400F60
:10B7F000511D611D711DCF0184960E94C0E3009709
:10B8000009F4B2CFFC019501119221503040E1F7CB
:10B810000F5FE5CF848120E032E002C0220F331FAA
:10B820008A95E2F788899989AA89BB89820F931F33
:10B83000A11DB11D888B998BAA8BBB8B96CFCF9303
:10B84000DF93EC01AB0170E060E085E0440F551F31
:10B85000661F771F8A95D1F7CE010E94E7E58823FE
:10B8600029F0CE01DF91CF910C9405E890E080E0C3
:10B87000DF91CF910895CF93DF93EC0184960E94DE
:10B880008AE2882331F088819981DF91CF910C94ED
:10B89000E2E280E0DF91CF910895DF92EF92FF9294
:10B8A0000F931F93CF93DF93CDB7DEB7A0970FB65B
:10B8B000F894DEBF0FBECDBF8C01DB019C91907D63
:10B8C00009F499C07B0122E5C8010E94C3E88823DE
:10B8D00009F491C081E0F801828380E1D82ED08202
:10B8E000C8010E94A65B882309F485C0F8018485FD
:10B8F0009585A685B785848F958FA68FB78F40E0F5
:10B9000050E0BA01C8010E94E7E5C8010E9453E572
:10B91000882309F470C061E0C8010E94D65AFC0176
:10B92000892B09F468C0D38680E2DE01119601906C
:10B930000D928A95E1F78EE28983FE013296CE015F
:10B940000C9620E22193E817F907E1F7D801169643
:10B95000ED91FC9117975C964D915D916D917C9165
:10B960005F974250510961097109848104C0440FF5
:10B97000551F661F771F8A95D2F781899289A389FF
:10B98000B489480F591F6A1F7B1F21E0CF0184969D
:10B990000E94C0E3009779F120E2FE013196DC01BC
:10B9A00001900D922A95E1F72EE22A83F701448D4A
:10B9B000558D668D778D7E8B6D8B5C8F4B8F20E2E6
:10B9C000FE013196DC01909601900D922A95E1F7E7
:10B9D000D80116968D919C91A0960FB6F894DEBF73
:10B9E0000FBECDBFDF91CF911F910F91FF90EF90D0
:10B9F000DF900C943B5C80E0A0960FB6F894DEBF1D
:10BA00000FBECDBFDF91CF911F910F91FF90EF90AF
:10BA1000DF900895DF92EF92FF920F931F93CF93E1
:10BA2000DF93CDB7DEB7E7970FB6F894DEBF0FBE52
:10BA3000CDBF7C018B015FAB4EABD22E19821A8237
:10BA40001B82FC018081882379F080E0E7960FB6A5
:10BA5000F894DEBF0FBECDBFDF91CF911F910F9144
:10BA6000FF90EF90DF900895FB018081807D69F366
:10BA7000EEA9FFA980818F32A9F4EEA9FFA98081E8
:10BA80008F3221F43196FFABEEABF7CFF801668130
:10BA90007781CE0101960E9426EB8823B1F28E01B8
:10BAA0000F5F1F4FAE014A5C5F4FBE016F5D7F4F5E
:10BAB0008EA99FA90E947FD8882339F2EEA9FFA9F9
:10BAC0008081882331F120E0AE014F5D5F4FB801E6
:10BAD000C7010E94C3E8882379F080E2F701DE0104
:10BAE000119601900D928A95E1F7C7010E9453E5E6
:10BAF000F70110821282D3CFDD2009F4A6CFAE0168
:10BB00004F5D5F4FB801C7010E944D5C8111E5CFC9
:10BB10009CCFAE014F5D5F4FB801C7010E944D5CE5
:10BB200095CFCF92DF92EF92FF920F931F93CF9317
:10BB3000DF93E901FC01E45EFD4F00811181228168
:10BB400033810F5F1F4F2F4F3F4F041715072607F5
:10BB5000370750F48FEFDF91CF911F910F91FF9036
:10BB6000EF90DF90CF9008956A01FC01E05FFD4FF8
:10BB700037E076956795579547953A95D1F70081C7
:10BB8000118122813381400F511F621F731F20E0FA
:10BB90000E94C0E30097F1F2CC0CDD1CCC0CDD1C44
:10BBA00021E0D222C80ED91EF60180819181A281A6
:10BBB000B3818F3FFFEF9F07AF07BF0731F0888347
:10BBC0009983AA83BB8381E0C6CF80E0C4CF4F9224
:10BBD0005F926F927F928F929F92AF92BF92CF921D
:10BBE000DF92EF920F931F93CF93DF936C01480185
:10BBF0005901DB01CA010297A109B109AC01BD01DC
:10BC0000480D591D6A1D7B1DF601E45EFD4F008144
:10BC1000118122813381041715072607370708F49D
:10BC20007FC070974080518062807380EE2009F45D
:10BC30006CC0481659066A067B0688F044165506FD
:10BC40006606770660F4401751076207730718F01D
:10BC500040E050E0BA0140835183628373839C01CA
:10BC60002770332711E001C0110F2A95EAF72C0144
:10BC70003D012CE076946794579447942A95D1F728
:10BC8000F601E85EFD4F4081518162817381440D70
:10BC9000551D661D771D33E0B695A7959795879539
:10BCA0003A95D1F7EC01D1702A013B012FEF421AEE
:10BCB000520A620A720A21E0C6010E94C0E300979C
:10BCC00079F1FC01EC0FFD1FA12F2081422F4A23A7
:10BCD00031E009F430E03E1519F12A272083B1E064
:10BCE0008B1A9108A108B10861F1AA0F71F731967A
:10BCF000B301A201D0E0C0E011E0A1E09F01281B48
:10BD0000390B2115324009F7CFCF84159505A605CB
:10BD1000B70508F0A4CF80839183A283B3839FCF1C
:10BD200080E0DF91CF911F910F91EF90DF90CF9046
:10BD3000BF90AF909F908F907F906F905F904F904B
:10BD4000089581E0EECF4F925F926F927F928F9233
:10BD50009F92AF92BF92CF92DF92EF92FF920F939A
:10BD60001F93CF93DF9300D01F92CDB7DEB74C0166
:10BD70006A017B012A013B019E012F5F3F4FB70102
:10BD8000A601C4010E94915DA82E87FD49C000E074
:10BD900010E09801B701A601C4010E945E55B82EBB
:10BDA0008823F1F18FEFC81AD80AE80AF80AAA2006
:10BDB00049F089819A81AB81BC818C159D05AE05C6
:10BDC000BF0591F097018601041915092609370965
:10BDD000E12CB301A201C4010E94E75D882301F1B7
:10BDE00049805A806B807C80C980DA80EB80FC803F
:10BDF000A110C2CF8B2D0F900F900F900F90DF915D
:10BE0000CF911F910F91FF90EF90DF90CF90BF9057
:10BE1000AF909F908F907F906F905F904F9008951C
:10BE2000B12CE8CF2F923F924F925F926F927F9208
:10BE30008F929F92AF92BF92CF92DF92EF92FF923A
:10BE40000F931F93CF93DF93CDB7DEB72E970FB627
:10BE5000F894DEBF0FBECDBF9E878D8749835A837E
:10BE60006B837C830F83188729873A872A013B01DC
:10BE700022E0421A510861087108452B462B472BD6
:10BE800041F4ED85FE85E45FFD4F40805180628086
:10BE90007380ED85FE85E45EFD4F80819181A281F6
:10BEA000B381481659066A067B0618F0412C512CBE
:10BEB0003201D301C20133E0B695A79597958795D6
:10BEC0003A95D1F71C0141E0342211E0C20187709C
:10BED000992701C0110F8A95EAF7530142017301B6
:10BEE00062018D859E85885E9D4F9E838D83AD8585
:10BEF000BE85A45EBD4FBC87AB87ED81FE8180818E
:10BF00009181A281B381B701A6012CE07695679556
:10BF1000579547952A95D1F7480F591F6A1F7B1FE0
:10BF200020E08D859E850E94C0E39C01892B09F449
:10BF30007FC0F901E20DF31D0081FFEFCF1ADF0A88
:10BF4000EF0AFF0A902F912309F047C0B701A6011D
:10BF5000481959096A097B098F819885A985BA858D
:10BF6000481759076A077B07D1F589819A81AB8108
:10BF7000BC81892B8A2B8B2B89F48F819885A9858D
:10BF8000BA850197A105B10549F4AD85BE85A45FC9
:10BF9000BD4FFD0180829182A282B382C501B401AE
:10BFA0006E5F7F4F8F4F9F4F2E960FB6F894DEBF78
:10BFB0000FBECDBFDF91CF911F910F91FF90EF90FA
:10BFC000DF90CF90BF90AF909F908F907F906F90B9
:10BFD0005F904F903F902F900895460157014C1469
:10BFE0005D046E047F0441F1AB85BC854D915D918C
:10BFF0006D917C91C416D506E606F70678F4110F0C
:10C0000009F09BCFC1010196312C212C11E0811543
:10C01000B2E09B0708F071CF1C018BCF212C82E08E
:10C02000382E812C912C5401C12CD12C7601EACFD1
:10C0300060E070E0CB01B8CF61E070E080E090E0BC
:10C04000B3CF9FE9980F9A3108F4805208954F9228
:10C050005F926F927F928F929F92AF92BF92EF9278
:10C06000FF920F931F93CF93DF93EC0188A199A1C7
:10C07000488D598D6A8D7B8D41155105610571057E
:10C0800019F14F5F5F4F6F4F7F4F01E010E020E0ED
:10C0900030E00E94125F4B015C0122E082169104A5
:10C0A000A104B104A8F4F12C8F2DDF91CF911F9141
:10C0B0000F91FF90EF90BF90AF909F908F907F90E7
:10C0C0006F905F904F90089540E050E0BA01DDCF4F
:10C0D000EE24E39401E010E020E030E0BC01A40194
:10C0E00088A199A10E94E75DF82E8823E1F2488D8E
:10C0F000598D6A8D7B8D8EA54115510561057105A0
:10C1000039F480648EA7888E998EAA8EBB8ECCCF90
:10C1100086FF2AC04F5F5F4F6F4F7F4F481559050D
:10C120006A057B0581F38F7B8EA74C8D5D8D6E8DAF
:10C130007F8D88A199A1488C598C6A8C7B8C441581
:10C1400055056605770580F42A013B012FEF421A59
:10C15000520A620A720A930182010E945E55B3017B
:10C16000A2018111E6CF9FCF0FEF1FEF9801B5011C
:10C17000A40188A199A10E945E55882309F493CF58
:10C18000488D598D6A8D7B8D41155105610571056D
:10C1900009F4B9CF9501840188A199A10E945E5547
:10C1A0008111B1CF80CF2F923F924F925F926F92C9
:10C1B0007F928F929F92AF92BF92CF92DF92EF9237
:10C1C000FF920F931F93CF93DF93CDB7DEB76297A4
:10C1D0000FB6F894DEBF0FBECDBF988B8F87480196
:10C1E000222E3D834E83352E2B01DC0158962D9156
:10C1F0003D914D915C915B972B873C874D875E8786
:10C200009C96BC91BF83BB2309F4E3C0FC01F08181
:10C21000F887DC011196BC91B987FC01F281FA879D
:10C22000DC0113966C90139714967C9014971596D6
:10C23000BC91FC01F681F98BFC01F781FA8B288512
:10C2400039854A85562D672D7B2F89899F2F580167
:10C25000C22CDD80EE80F32C82010F940C05F1F0EE
:10C260009401422D5D2D6E2D732DC201A0E00F941F
:10C270001505B1F4AF85B88958961D921D921D928F
:10C280001C925B97EF85F8898082918222822D81B2
:10C2900023833E81348335824682578281E0A4C065
:10C2A000EF81E3FF10C0EF85F88920853185428555
:10C2B00053856485758586859785DD80EE800F942E
:10C2C0000C0508F486C0EF85F889A0A0B1A0C501CF
:10C2D000815D9D4FFC011081175F9401422D5D81AE
:10C2E0006E81732DC201AFEF0F94F704012F0F94ED
:10C2F000D304942F852FA901692F782F69017B0121
:10C30000EF85F88986A586FF0DC0848D958DA68D55
:10C31000B78D840F951FA61FB71F808F918FA28F97
:10C32000B38FB0CF288539854A85562D672D7B2F51
:10C3300089899A89AFEF0F94F7040F94D304298366
:10C340003A834B835C8329813A814B815C81C2169D
:10C35000D306E406F50668F0288539854A85562D0A
:10C36000672D7B2F89899A89A0E00F94150509F024
:10C370005BC0BF81B6FF51C0F501E05EFD4F80811B
:10C380009181A281B381EF85F889808F918FA28FEF
:10C39000B38F6F84788838E1630E711CC114D104A7
:10C3A000E104F10409F46ECFAF85B88958964D9138
:10C3B0005D916D917C915B97930190968D919C918D
:10C3C0000E94915DB1E0CB1AD108E108F10818167E
:10C3D0002CF38B859C85AD85BE85EF85F889808F94
:10C3E000918FA28FB38F80E062960FB6F894DEBF74
:10C3F0000FBECDBFDF91CF911F910F91FF90EF90B6
:10C40000DF90CF90BF90AF909F908F907F906F9074
:10C410005F904F903F902F900895EF85F889848D1D
:10C42000958DA68DB78DAFCF29813A814B815C81E7
:10C43000C21AD30AE40AF50AACCFFC0184A5811123
:10C440000CC08FE2DF011D928A95E9F780E484A792
:10C4500071A360A381E086A7089580E008959F926C
:10C46000AF92BF92CF92DF92EF92FF920F931F9302
:10C47000CF93DF9300D000D000D0CDB7DEB78C01D2
:10C48000942E89E0F801B296DE01119601900D928A
:10C490008A95E1F7F801A0A0B1A0F0E26F9FC0017A
:10C4A0001124B0E0A0E04D815E816F817885F501B7
:10C4B000EC5DFD4FC080D180E280F380C422D522A4
:10C4C000E622F722C80ED91EEA1EFB1E840F951F16
:10C4D000A61FB71F8D839E83AF83B8873B9680814D
:10C4E000875F04C0F694E794D794C7948A95D2F7EF
:10C4F000C114D104E104F10489F149815A816B81AD
:10C500007C818985882371F04F5F5F4F6F4F7F4F2C
:10C5100049835A836B837C8321E0C21AD108E108E6
:10C52000F108E6CF9E012F5F3F4FC5010E94915D4C
:10C53000813091F390E080E029960FB6F894DEBF49
:10C540000FBECDBFDF91CF911F910F91FF90EF9064
:10C55000DF90CF90BF90AF909F900895492DBE017E
:10C560006F5F7F4FF80180A191A10E94B355E4CF86
:10C57000FF920F931F93CF93DF93FC0124A521110A
:10C5800007C081E0DF91CF911F910F91FF90089537
:10C59000EC0186A587FF8AC08F7786A7F12C10E073
:10C5A00000E08BA58F1508F469C040E06F2DCE0127
:10C5B0000E942F62FC01892B09F473C08081803CAA
:10C5C00061F1813C69F0853809F06BC08CA58773F7
:10C5D00090E095838483A8A1B9A18C9181608C930C
:10C5E000408190E080E000FB1795079517F9DF0187
:10C5F000A80FB91F2C91020F111D8130910521F454
:10C6000023E030E0453811F021E030E0820F931F45
:10C610008032910540F3F394C4CF81819EA596FFAB
:10C620002BC082608183788969895A894B893C89CA
:10C630002D899E898F8970876187528743873487C8
:10C640002587968787878C8D9D8DAE8DBF8D848B3A
:10C65000958BA68BB78B788569855A854B853C85EC
:10C660002D859E858F85708F618F528F438F348F7C
:10C67000258F968F878FAFCF8D7FD4CF41E0BE01BE
:10C680006E5D7F4F88A199A10E94B355009749F034
:10C69000FC011383028388A199A10E94FD55811199
:10C6A00070CF8DA581608DA780E06CCF80A191A116
:10C6B0000E94FD55811165CF9DA591609DA762CF18
:10C6C0002F923F924F925F926F927F928F929F92A2
:10C6D000AF92BF92CF92DF92EF92FF920F931F9390
:10C6E000CF93DF93CDB7DEB763970FB6F894DEBF75
:10C6F0000FBECDBFDC019E962C9121FD1AC080E0BB
:10C7000063960FB6F894DEBF0FBECDBFDF91CF9119
:10C710001F910F91FF90EF90DF90CF90BF90AF905F
:10C720009F908F907F906F905F904F903F902F9051
:10C730000895FC01448C558C668C778C411451040F
:10C740006104710409F433C14C01C08CD18CE28CBA
:10C75000F38C26FFEEC020853185428553856485A4
:10C76000758586859785AFEF0F94F70400A0F1A13A
:10C77000E02DDF01A15DBD4F0C91075F0F94D30445
:10C780002D833E834F83588769877A878B879C8761
:10C790000D811E812F8138850F5F1F4F2F4F3F4F17
:10C7A000C114D104E104F10409F4ACC0D701C601FD
:10C7B0000196A11DB11D89839A83AB83BC83B1E02F
:10C7C0004B1A5108610871084C185D086E087F0803
:10C7D000040D151D261D371D0115110521053105F7
:10C7E00009F09CC0D401FC911196EC91119712961E
:10C7F000BC91BD83D4011396BC91BD87D40114961E
:10C80000BC91BE87D4011596BC91BF87D401169602
:10C81000BC91B88BD4011796BC91B98BD4015096BA
:10C820002C90509751963C90519752964C9052971D
:10C8300053965C90539754966C90549755967C9071
:10C8400055975696BC91BA8BD4015796BC91BB8B29
:10C850009101A201B3018A899B2FAF2EBE2ECD80FC
:10C86000DD84EE84FF84088919890F940C0539F062
:10C8700030F02F2E3E2E260137010A8B1B8BD40160
:10C8800050962C92509751963C92519752964C92BA
:10C89000529753965C92539754966C925497559630
:10C8A0007C9255978A8956968C9356978B89579682
:10C8B0008C9357971896FC9318971996EC931997A1
:10C8C000ED811A96EC931A97FD851B96FC931B97A6
:10C8D000EE851C96EC931C97FF851D96FC931D9787
:10C8E000E8891E96EC931E97F9891F96FC931F9773
:10C8F0009E968C919E9780689E968C93C4010E9410
:10C90000B862FECE49825A826B827C82D4015C96E8
:10C910001D921D921D921C925F975ECF49815A8194
:10C920006B817C81E12CCF010E94E75D81115ACFA0
:10C93000E6CEC114D104E104F10481F119821A8216
:10C940001B821C829E012F5F3F4FB701A60180A171
:10C9500091A10E94915D87FDD2CE882379F0F401E8
:10C96000408D518D628D738D0FEF1FEF980180A167
:10C9700091A10E945E55882309F4C1CE49815A8154
:10C980006B817C81411551056105710509F42ACF40
:10C99000F40180A191A10E94A35EC8CF49825A826E
:10C9A0006B827C82148E158E168E178EE7CF81E0F7
:10C9B000A7CE4F925F926F927F928F929F92AF928B
:10C9C000BF92CF92DF92EF92FF920F931F93CF937C
:10C9D000DF9300D01F92CDB7DEB74C01DC019C96EF
:10C9E0008C919C9786FF5CC090960D911C91F801EC
:10C9F000E05EFD4F80819181A281B38189839A831A
:10CA0000AB83BC83C12CD12C760149815A816B81C7
:10CA10007C819E012F5F3F4FC8010E94915D87FD81
:10CA20003BC0BFEFCB1ADB0AEB0AFB0A8111EDCF4B
:10CA3000F801E15DFD4F8081875F04C0CC0CDD1CF7
:10CA4000EE1CFF1C8A95D2F7D4019096ED91FC91D3
:10CA5000E85DFD4F80819181A281B3818C0D9D1D88
:10CA6000AE1DBF1D0097A105B44000F180E00F90FE
:10CA70000F900F900F90DF91CF911F910F91FF902A
:10CA8000EF90DF90CF90BF90AF909F908F907F906E
:10CA90006F905F904F900895C12CD12C7601C8CF34
:10CAA000F401C084D184E284F384CECFC4010E9417
:10CAB00027608823D9F2D40190968D919C9191970B
:10CAC0005896CD90DD90ED90FC905B97B2E0CB1A3C
:10CAD000D108E108F108FC01E15DFD4F208104C0AF
:10CAE000CC0CDD1CEE1CFF1C2A95D2F7885E9D4FF6
:10CAF000FC0180819181A281B381C80ED91EEA1EFA
:10CB0000FB1E412C512C320100E012E0D401909622
:10CB10008D919C919197FC01E15DFD4F208141E059
:10CB200050E060E070E004C0440F551F661F771F9F
:10CB30002A95D2F74416550666067706C0F425E016
:10CB4000B701A601440D551D661D771D0E94C0E367
:10CB5000009709F48BCFFC019801119221503040CD
:10CB6000E1F73FEF431A530A630A730ACFCF9C964B
:10CB70002C919C9726FD62C09E962C919E972068D2
:10CB80009E962C93FC01E85DFD4F80819181A281EE
:10CB9000B3819C01AD0160E070E080E090E0D401E1
:10CBA0001896AC9018971996BC9019971A96CC9035
:10CBB0001A971B96DC901B971C96EC901C971D9661
:10CBC000FC901D971E960C911E971F961C911F9707
:10CBD0000F94EE0418962C93189719963C93199776
:10CBE0001A964C931A971B965C931B971C966C9302
:10CBF0001C971D967C931D971E968C931E971F96CF
:10CC00009C9380819181A281B3819C01AD0160E000
:10CC100070E080E090E0F401A088B188C288D388F9
:10CC2000E488F588068917890F94EE04208B318BF0
:10CC3000428B538B648B758B868B978BC4010E94C0
:10CC4000B86215CF8F929F92AF92BF92EF920F93DF
:10CC50001F93CF93DF9300D000D000D01F92CDB7A9
:10CC6000DEB79A838983DC019E969C919E9791FF03
:10CC700063C0BA87A9875C968D909D90AD90BC905B
:10CC80005F9781149104A104B104A9F410E0E9852F
:10CC9000FA8583A5811708F466C041E0612FCF01B2
:10CCA0000E942F62009709F447C0DC012C912F7776
:10CCB0002C931F5FECCFA985BA859096ED91FC91DE
:10CCC000919796FF4AC018962C91189719963C9107
:10CCD00019971A964C911A971B965C911B971C9664
:10CCE0006C911C971D967C911D971E968C911E979A
:10CCF0001F969C91AFEF0F94F704DF01A15DBD4F2C
:10CD00000C91075F0F94D30429833A834B835C8390
:10CD10006D837E838F83988709811A812B813C8163
:10CD20000F5F1F4F2F4F3F4FE12CB501A401CF01E3
:10CD30000E94E75D8111AACF80E02A960FB6F89491
:10CD4000DEBF0FBECDBFDF91CF911F910F91EF904E
:10CD5000BF90AF909F908F900895B501A401CF012F
:10CD60000E94A35EE7CFE985FA8514A616A680A1E6
:10CD700091A12A960FB6F894DEBF0FBECDBFDF910A
:10CD8000CF911F910F91EF90BF90AF909F908F9098
:10CD90000C94FD55982F803290F0877F823279F085
:10CDA0009A3369F0892F8F7B8C3349F082EC890F9D
:10CDB000823028F081E09C3519F080E0089581E010
:10CDC0000895CF92DF92EF92FF920F931F93CF932C
:10CDD000DF93EA016901FB019F012F5F3F4F8081D3
:10CDE0008032E9F0F983E883FD83EC839E2F8F2F57
:10CDF0007F01D7011D917D011123D1F01F3289F0F0
:10CE0000812F0E94CA66811141C017FD40C01E32A9
:10CE100021F0103211F0FD82EC82F701E7CFF90129
:10CE2000DBCF9E2F8F2F21912032D9F32F32C9F3E0
:10CE3000F60190838183C880D980DB82CA820C810D
:10CE40001D81F12CE12CEA81FB81E017F10791F0C3
:10CE5000CF0101969B838A8380810E942160E0FA42
:10CE6000F794E794F7F8E80EF11CE0FAF794E794EA
:10CE7000F7F8E9CF0C191D091F830E83F986E886A0
:10CE80000150110981E00F3F110508F080E0DF91AA
:10CE9000CF911F910F91FF90EF90DF90CF90089569
:10CEA000AF92BF92CF92DF92EF92FF920F931F93B8
:10CEB000CF93DF93EC016A017B0159018B819C8147
:10CEC000AD81BE818C159D05AE05BF0590F4950121
:10CED000B701A60189819A810E9448E3DF91CF9131
:10CEE0001F910F91FF90EF90DF90CF90BF90AF9088
:10CEF0000895400F511F611D711D84179507A607E6
:10CF0000B70728F7CE010E948AE28111E0CFE6CF71
:10CF10002F923F924F925F926F927F928F929F9249
:10CF2000AF92BF92CF92DF92EF92FF920F931F9337
:10CF3000CF93DF93CDB7DEB764970FB6F894DEBF1B
:10CF40000FBECDBF9C8B8B8B7A8B698B1A01DC015A
:10CF50009E968C919E9780FFC9C186FD04C09C96C9
:10CF60008C9183FF92C1EB89FC89F085F987AB89AD
:10CF7000BC891996BC91BA87EB89FC89F285FB873D
:10CF8000AB89BC891B96BC91BC87EB89FC89F48575
:10CF9000FD87AB89BC891D96BC91BE87EB89FC8956
:10CFA000F685FF87AB89BC891F96BC91B88BEB894E
:10CFB000FC89F081F983AB89BC891196BC91BA8355
:10CFC000EB89FC89F281FB83AB89BC891396BC9108
:10CFD000BC83EB89FC89F481FD83AB89BC89159600
:10CFE000BC91BE83EB89FC89F681FF83AB89BC8948
:10CFF0001796BC91B88729853A854B855C856D85E8
:10D000007E858F859889A980BA80CB80DC80ED8071
:10D01000FE800F2F1B2F0F94030559016A017B011E
:10D020008C01910140E050E060E070E080E090E031
:10D0300031010F940C0539F030F069847A84E9816C
:10D04000FA816E1A7F0AAB89BC8950964C90509732
:10D0500051965C90519752968C90529753969C9013
:10D0600053975496BC91EB89FC89A589368827880B
:10D0700029813A814B815C816D817E818F81988588
:10D0800052016401EB2EFA2E032D122D0F940C0584
:10D0900008F0F2C09201A4016B2F7A2F832D922DFC
:10D0A000A980BA80CB80DC80ED80FE800F8118855E
:10D0B0000F940305F22FE32F6A017B018C014301DA
:10D0C000930140E050E060E070E080E090E0AF2E3F
:10D0D000BE2E0F940C0519F010F08F2E9E2E282CCA
:10D0E000392C2614370408F0D0C062187308512C6C
:10D0F000412C8B899C8948969A8789872114310411
:10D1000009F482C1AB89BC89BC91B983EB89FC89E4
:10D11000F181FA83AB89BC891296BC91BB83EB8900
:10D12000FC89F381FC83AB89BC891496BC91BD83D7
:10D13000EB89FC89F581FE83AB89BC891696BC918D
:10D14000BF83EB89FC89F781F887AB89BC8990960E
:10D15000ED91FC91DF01AC5DBD4FCD90DD90ED9088
:10D16000FC9089819A81AB81BC81C822D922EA22B4
:10D17000FB2286011170C114D104E104F104F9F419
:10D1800029813A814B815C816D817E818F81988577
:10D19000A0E00F94150509F082C0AB89BC899C966C
:10D1A0008C9186FF75C0E05EFD4F80819181A281E8
:10D1B000B381EB89FC89808F918FA28FB38FEB892C
:10D1C000FC8980A191A1FC01E15DFD4FE08149E076
:10D1D000F694E794D794C7944A95D1F7AB89BC8964
:10D1E00058964D915D916D917C915B97425051099C
:10D1F000610971090E2E04C0440F551F661F771F69
:10D200000A94D2F74C0D5D1D6E1D7F1DDC01A85EDA
:10D21000BD4F8D909D90AD90BC90480D591D6A1DDD
:10D220007B1D0115110509F06CC02114B2E03B060D
:10D2300008F467C0DC0113968D909D90AD90BC9072
:10D240001697481559056A057B0509F45AC021143B
:10D25000B4E03B0608F0ACC001E010E029893A894F
:10D26000FC01818192810E9448E3882309F43EC039
:10D27000812C82E0982E5BC0F0E0E0E0C12CD12C44
:10D28000E12CF12C00E010E01ACF712C612C2FCF93
:10D29000EB89FC89848D958DA68DB78D8ACFAB895E
:10D2A000BC8958964D915D916D917C915B979E964E
:10D2B0008C919E9786FF0AC04F5F5F4F6F4F7F4FE5
:10D2C000FD01408F518F628F738F79CF29853A8509
:10D2D000CF010E94915D87FD09C0811170CFAB899C
:10D2E000BC899C968C91807509F08EC0AB89BC89F5
:10D2F0009D968C919D9782609D968C938FEF9FEF6A
:10D30000AAC020E032E0201B310B41012215330579
:10D3100008F4490120E00E94C0E3009739F3BC0102
:10D32000600F711FA40189899A890F943605898934
:10D330009A89880D991D9A8B898B480C591C9401E8
:10D3400040E050E060E070E080E090E0AB89BC89B4
:10D35000AC901196BC9011971296CC9012971396A0
:10D36000DC9013971496EC9014971596FC901597F3
:10D3700016960C91169717961C9117970F94EE041A
:10D380002C9311963C93119712964C9312971396E7
:10D390005C93139714966C93149715967C9315973A
:10D3A00016968C93169717969C9328183908A6CE34
:10D3B0004101892C99248694B12CA12C01E010E024
:10D3C00020E030E004C0000F111F221F331FEA9538
:10D3D000D2F70C191D092E093F0980169106A206E5
:10D3E000B30610F4950184014801590129E0880C25
:10D3F000991CAA1CBB1C2A95D1F729893A890E943D
:10D400005067811194CF72CF6114710419F1A30197
:10D4100070E060E089899A890F943F05930140E0AC
:10D4200050E060E070E080E090E0EB89FC89A08053
:10D43000B180C280D380E480F580068117810F948B
:10D44000EE0489019A01AB01BC01CF010E94D360B7
:10D45000460C571CC20164960FB6F894DEBF0FBE8F
:10D46000CDBFDF91CF911F910F91FF90EF90DF9093
:10D47000CF90BF90AF909F908F907F906F905F9074
:10D480004F903F902F9008952F923F924F925F922E
:10D490006F927F928F929F92AF92BF92CF92DF92C4
:10D4A000EF92FF920F931F93CF93DF93CDB7DEB729
:10D4B000AE970FB6F894DEBF0FBECDBF3C017B0127
:10D4C0002A01C22EDC019C968C9181110DC0FB01BA
:10D4D00084A5807549F0822F8370813009F492C051
:10D4E00040F0823009F48BC0F30114A616A6D12CAB
:10D4F0002EC1F1E0FBA363E0862E41145104B9F084
:10D50000D20116968D919C910E966FE070E00F946B
:10D51000760372E0872E860E00E010E020E030E017
:10D5200040E050E060E070E0C7010E94D360D12C81
:10D5300010E0FE01B196FAA3E9A3FBA1F064FEA7F7
:10D540005FE2952E40E250E0BE016F5F7F4FC70162
:10D550000E948867009741F1809731F6898187FDA5
:10D5600054C0111118C0D7012D913D914D915C917E
:10D57000139720523109410951092AA73BA74CA70B
:10D580005DA758962D913D914D915C915B972EA38F
:10D590003FA348A759A7181508F41F5F81110CC1B4
:10D5A0004114510409F4A0CFC4FE9ECF8BA1827018
:10D5B00009F49ACF4114510409F496CF181508F0D4
:10D5C00077C140E250E0BE016F5F7F4FC7010E940C
:10D5D0008867009709F04EC1D7015896AD90BD906D
:10D5E000CD90DC905B97C7010E94D964882309F431
:10D5F0007BCFF701A08EB18EC28ED38EDFCF23E01A
:10D600002BA379CF32E03BA376CFD11044C01815BD
:10D6100008F410E0853809F095CFF301292D119217
:10D620002A95E9F78A81D3019B968C939B979D81DC
:10D63000892F877394FF2BC09C968C93D70190966B
:10D640008D919C919197F30191A380A358968D9110
:10D650009D910D90BC91A02D82A393A3A4A3B5A3EB
:10D66000F70180819181A281B3818097A109B109DD
:10D67000F30186A397A3A0A7B1A7D7019E968C918B
:10D6800086FB882780F982A7DD24D3945BCF88604E
:10D69000F30184A7D3CF803C09F090C02BA1F30104
:10D6A00026A78A8181FF02C03EA536A78985D301BE
:10D6B00050968C9350978A8551968C9351978B8571
:10D6C00052968C9352978C8553968C9353978D8555
:10D6D00054968C9354978E8555968C9355978F8539
:10D6E00056968C935697888957968C938D899E89E8
:10D6F000AF89B88DF301848F958FA68FB78F898DF1
:10D7000080878A8D81878B8D82878C8D83878D8D95
:10D7100084878E8D85878F8D868788A18787411422
:10D72000510479F5C6FCE0CE8C2D847221F4F3010E
:10D7300086A581FF06C0D3019C968C91817109F06A
:10D74000D3CEC5FC79C0F30186A581FD8FC08D2D98
:10D75000AE960FB6F894DEBF0FBECDBFDF91CF916E
:10D760001F910F91FF90EF90DF90CF90BF90AF90FF
:10D770009F908F907F906F905F904F903F902F90F1
:10D780000895D2018D919C91119713969C938E933D
:10D7900012972C8116968D919C9117972817190630
:10D7A00059F4DD24D39418962D913C918D819E815E
:10D7B0002817390709F4C6CED12CC4CE813CE1F735
:10D7C000F201248035809E012D5F3F4F3DA32CA3A5
:10D7D000ACA1BDA1AD90BD90BDA3ACA3D2011296EA
:10D7E000ED91FC911397E215F30559F4AB2821F75D
:10D7F000D20112968D919C918215930509F0A2CECB
:10D8000091CFCF01019613969C938E9312978081AE
:10D81000BFE7AB16B10480F60E942160082F8A2D65
:10D820000E9421600813C8CFECA1FDA129A13AA153
:10D83000E217F30769F6DCCFD3019E968C9181FF46
:10D8400053CE00E010E020E030E040E050E060E047
:10D8500070E0C3010E94D360882309F445CEC30160
:10D860000E946063882309F43FCE6DCF84A5806257
:10D8700084A76DCF809709F037CE111117C0F7013B
:10D8800080819181A281B3819C01AD012052310937
:10D89000410951092AA73BA74CA75DA7808D918D0F
:10D8A000A28DB38D8EA39FA3A8A7B9A71F5F86CE15
:10D8B000F70186A586FB882780F99FE2D3011D9298
:10D8C0009A95E9F720A131A1F30131A320A398E2B1
:10D8D00094A72EA13FA148A559A522A333A344A3F1
:10D8E00055A32AA53BA54CA55DA526A337A340A714
:10D8F00051A782A7F201808191819383828310E0F6
:10D9000080E2982E91ECA92E20ECD22E2BA06894C8
:10D9100027F835E8B32E0FEF080D41E2E42E4CE571
:10D92000F42E181509F45BC041E0612FC3010E9479
:10D930002F62DC01892B09F4D7CD8C9187FDD4CDE2
:10D94000FD01292D11922A95E9F7111114C0BC92FD
:10D95000F30103A711960C9311971B96FC92EE927C
:10D960001A971F96FC92EE921E975396FC92EE9297
:10D9700052971F5FD6CF113091F4DC9211961C9311
:10D980001197F30126A6F201868113968C931397C3
:10D990008085918515969C938E931497EACFAC92CF
:10D9A000F20144815581BD016E5F7F4FCD018096AC
:10D9B000F201A281B381A417B507D9F29D012F5FAF
:10D9C0003F4F338322832C91022E000C330BDB015B
:10D9D0002D933D93BD018A179B0751F7CACFC30111
:10D9E0000E94B862D82EB3CE0F931F93CF93DF93CC
:10D9F000EC01FB0194A5907549F122E5CE010E944E
:10DA0000446A882319F180E38CA7CE010E94D9646F
:10DA10008823E1F0888D998DAA8DBB8D8C8F9D8F89
:10DA2000AE8FBF8F00E010E020E030E040E050E03B
:10DA300060E070E0CE010E94D36081EC8EA7CE0141
:10DA4000DF91CF911F910F910C94B86280E0DF912C
:10DA5000CF911F910F910895DF92EF92FF920F9354
:10DA60001F93CF93DF93CDB7DEB7EB970FB6F89444
:10DA7000DEBF0FBECDBF8C017B015BAF4AAFD22EA4
:10DA80001DA61EA61FA6FC0184A5882379F080E0B0
:10DA9000EB960FB6F894DEBF0FBECDBFDF91CF91EE
:10DAA0001F910F91FF90EF90DF900895FB0184A5E7
:10DAB000807569F3EAADFBAD80818F32D9F4EAADB0
:10DAC000FBAD80818F3221F43196FBAFEAAFF7CF07
:10DAD000F70160A171A1811104C0C8010E941D62FB
:10DAE000D7CFCE0101960E941D62882381F2CE011C
:10DAF00001967C016AAD7BAD9E01265C3F4FAE0175
:10DB0000405D5F4FC8010E94E166882309F4BFCFE2
:10DB1000EAADFBAD80818823D1F020E0AE01405D0D
:10DB20005F4FB701C8010E94446A882309F4AFCF50
:10DB30008FE2F801DE01119601900D928A95E1F7CE
:10DB4000C8010E94B862F80114A616A6D0CF2D2DE8
:10DB5000AE01405D5F4FB701C8010E94446A98CF93
:10DB60006115710521F0605D7D4F0C942C6D80E096
:10DB70000895CF93CFB7F8948091BF0C811127C03F
:10DB8000E0E8FDE18491E6ECFDE19491E82FF0E01E
:10DB9000EE0FFF1FEC53F44EA591B491EC91E923E5
:10DBA00021F461E085E30E940BDD61E085E30E94E2
:10DBB00046DE8CB580618CBD8CB580648CBD61E027
:10DBC00084E30E9446DE61E083E30E9446DE8091AA
:10DBD000BF0C8F5F8093BF0CCFBFCF910895CF93C1
:10DBE000DF9300D01F92CDB7DEB7CE0101960E9421
:10DBF000F0BA882369F08981823050F49A819A5072
:10DC00009B3530F490E00E94C9BA8A810E947BBCA7
:10DC10001092830F1092820F8091930F8093800F48
:10DC2000809159028093810F1092840F1092950F6A
:10DC300081E080937F0F0F900F900F900F90DF91F6
:10DC4000CF9108950F931F93CF93DF93CDB7DEB796
:10DC500061970FB6F894DEBF0FBECDBFFE013196BF
:10DC600090E08F01DB012D91BD01211109C0F80168
:10DC7000E90FF11D20E29F5F21939031E1F704C08D
:10DC800021939F5F903171F7198A0E94FBDDC801D3
:10DC90000E944ED861960FB6F894DEBF0FBECDBF7E
:10DCA000DF91CF911F910F910895CF93DF93CDB75F
:10DCB000DEB79E01245F3F4F4A855B856885798585
:10DCC0008E819F810F947500DF91CF9108952F92DF
:10DCD0003F924F925F926F927F929F92AF92BF92CC
:10DCE000CF92DF92EF92FF920F931F93CF93DF9328
:10DCF00080917B0F90917C0F059709F49BC18091D7
:10DD00005802882309F472C08091840D882309F495
:10DD10006DC08091830D882309F468C0C0917D0F88
:10DD2000D0917E0F209709F461C0A0905002B0906E
:10DD30005102C5010497039728F021E0A216B1040F
:10DD400009F054C08BE395E10E9465B381114EC088
:10DD5000D12CC12C05E81DE080EA982E9BE1E92E2C
:10DD600092E1F92E27E0222E2DE0322E31E1432ED2
:10DD70003DE0532E4BE1642E4DE0742EC1109EC049
:10DD800036E0A316B10409F04FC01F930F93DF9341
:10DD9000CF9325E23DE03F932F931F929F92FF92F6
:10DDA000EF920E94556E2DB73EB7265F3F4F0FB6DC
:10DDB000F8943EBF0FBE2DBF01978F399105B0F487
:10DDC0006BE174E18BE192E10F944605892B71F0D0
:10DDD0008BE192E10E94C4B1882309F4E3C03FEFD4
:10DDE000C31AD30A84E6C816D10441F685E090E050
:10DDF00090937C0F80937B0F0E9481540E9422B1EC
:10DE000081E0DF91CF911F910F91FF90EF90DF9014
:10DE1000CF90BF90AF909F907F906F905F904F900A
:10DE20003F902F900C9426B535E0A316B104B1F4C1
:10DE30001F930F93DF93CF937F926F921F929F92C6
:10DE4000FF92EF920E94556E2DB73EB7265F3F4F6F
:10DE50000FB6F8943EBF0FBE2DBFAECF31E0A31674
:10DE6000B104B1F41F930F93DF93CF935F924F925E
:10DE70001F929F92FF92EF920E94556E2DB73EB770
:10DE8000265F3F4F0FB6F8943EBF0FBE2DBF94CF15
:10DE90001F930F93DF93CF933F922F921F929F92E6
:10DEA000FF92EF920E94556E2DB73EB7265F3F4F0F
:10DEB0000FB6F8943EBF0FBE2DBF7ECF36E0A3163F
:10DEC000B104D1F4DF92CF921F930F93DF93CF93DE
:10DED00028EF3CE03F932F931F929F92FF92EF9287
:10DEE0000E94556E2DB73EB7245F3F4F0FB6F89492
:10DEF0003EBF0FBE2DBF60CF35E0A316B104D1F4F5
:10DF0000DF92CF921F930F93DF93CF9329EE3CE0E4
:10DF10003F932F931F929F92FF92EF920E94556E14
:10DF20002DB73EB7245F3F4F0FB6F8943EBF0FBEEC
:10DF30002DBF42CF31E0A316B104D1F4DF92CF92CE
:10DF40001F930F93DF93CF932AED3CE03F932F93E2
:10DF50001F929F92FF92EF920E94556E2DB73EB78F
:10DF6000245F3F4F0FB6F8943EBF0FBE2DBF24CFA6
:10DF7000DF92CF921F930F93DF93CF932BEC3CE074
:10DF80003F932F931F929F92FF92EF920E94556EA4
:10DF90002DB73EB7245F3F4F0FB6F8943EBF0FBE7C
:10DFA0002DBF0ACF6BE172E18BE194E10E9499CC25
:10DFB000882309F41BCFAA94AB2851F56BE174E1D7
:10DFC00086E090E10E9478DA882311F16BE172E13A
:10DFD00086EA90E10E9478DA8823D1F066EA70E15F
:10DFE00086E090E10F944605892B91F086E090E160
:10DFF0000E94C4B1882361F086EA90E10E94C4B116
:10E00000811111C066EA70E186E090E10E9499CC2E
:10E010004FE950E06BE172E18BE194E10F945D0513
:10E020001092BA14E3CE86EA90E10E94EBCE811101
:10E03000E9CFEECFDF91CF911F910F91FF90EF903D
:10E04000DF90CF90BF90AF909F907F906F905F9048
:10E050004F903F902F9008950F931F93CF93DF938E
:10E06000EC018B01BA0101501109A8010F9466005F
:10E07000C00FD11F1882DF91CF911F910F9108958A
:10E08000009741F04115510519F4FC0110820895E3
:10E090000C942C700895CF92DF92EF92FF920F9321
:10E0A0001F93CF93DF9300D01F92CDB7DEB78C01C3
:10E0B0006B01BA01452B09F0A2C0809150029091EA
:10E0C0005102069709F097C0809152029091530235
:10E0D000A0915402B091550240E950E180349C492E
:10E0E000A105B10510F044E950E164E070E0CE0113
:10E0F00001960E9440708981E12C882361F08A8119
:10E10000EE24E394882339F08B8193E0E92E81118A
:10E1100002C082E0E82E8FE0F82EFE18C114D10470
:10E1200021F0F6018081811110C048E950E161E1E0
:10E1300070E0C8010E944070F80180E0919199233D
:10E14000D9F0F81661F08F5FF9CFD601F80180E0C1
:10E150009D91992389F091938F5FF812F9CFFE0179
:10E1600031968F2D8E0DF81691F09191D801AF0D4B
:10E17000B11D9C93F394F7CFF801E80FF11D90E2E5
:10E180008F1518F48F5F9193FBCFF82EE8CFF8012D
:10E1900017868091A30D882309F496C080915002C0
:10E1A0009091510286309105B1F50E9465549C0111
:10E1B000A4E6B0E00F94B4032FEF37E040E050E066
:10E1C0000F948A03253631054105510520F024E6D8
:10E1D00030E040E050E084E6821BF80190E02191BD
:10E1E000211174C0F801E90FF11D20E29F5F219316
:10E1F0009F30E1F76FC0C114D10429F0B601C80106
:10E200000E94ACDFC6CF48E950E161E170E0C8018F
:10E210000E944070BECF019749F50E9494286091FA
:10E22000B70C7091B80C2091B90C3091BA0C50E039
:10E2300040E0260F371F411D511D280F391F411D7A
:10E24000511D2115FCE03F074105510520F02FEF3E
:10E250003BE040E050E0A4E6B0E00F94C3032FEFB2
:10E260003BE040E050E00F948A03B5CF0E94942831
:10E270006091BB0C7091BC0C2091BD0C3091BE0C18
:10E2800050E040E0260F371F411D511D280F391F58
:10E29000411D511D21158CE038074105510520F025
:10E2A0002FEF3BE040E050E0ACE9BFEF0F94D1032B
:10E2B000645670458B4F9F4F2FEF3BE040E050E09E
:10E2C0000F948A03822F89CF84E687CF9F5F9F3088
:10E2D00009F085CF91E0F8019787108A0E945EB817
:10E2E0000F900F900F900F90DF91CF911F910F9192
:10E2F000FF90EF90DF90CF900895CF93DF9361155B
:10E300007105B9F0FB012081222399F0DC019B010A
:10E31000205F3F4F41914D93EF0121974881442366
:10E3200029F0E217F307B1F7FC01108ADF91CF91D2
:10E33000089548E950E161E170E0DF91CF910C94DC
:10E340004070E6EEF4E128E4DF011D922A95E9F73A
:10E35000AC0160E470E0CF010E944070109226157D
:10E36000109228151092291510922A1510922B152B
:10E370000C94CE5781E08093510F1092540F10925D
:10E38000530F1092520F10924E0F10924D0F109289
:10E390004C0F10924B0F8091AB0C8093500F81115A
:10E3A0000BC00E94EAB2811104C08CE59EE00C947F
:10E3B000A1718AE69EE0FBCF80919A0C882301F13F
:10E3C00069E57EE08AE99CE00F944600892BC1F064
:10E3D00060E57EE08AE99CE00F944600892B81F09D
:10E3E000E6EEF4E188E4DF011D928A95E9F74FE358
:10E3F00050E06AE97CE0CF010F945D050C94CE57A4
:10E4000087E49EE0D4CFFC0184E0DF011D928A9571
:10E41000E9F780918E0F90918F0F21E08430910564
:10E4200049F024E08330910529F026E082309105FF
:10E4300009F425E0208321E0892B09F020E02183E5
:10E440008091900F82838091920F838308950F9320
:10E450001F93CF93DF93CDB7DEB761970FB6F894D4
:10E46000DEBF0FBECDBF20E22983AC0160E170E0CA
:10E47000CE0102960E944070FE01319680E08F012D
:10E48000219191E0980F21111AC0F801E80FF11DB8
:10E4900090E291938F5F8031E1F7198A81E00E94C9
:10E4A000FBDDC8010E944ED861960FB6F894DEBF1E
:10E4B0000FBECDBFDF91CF911F910F910895892F8E
:10E4C0009031F1F6EACF1F93CF93DF93CDB7DEB74C
:10E4D00061970FB6F894DEBF0FBECDBF182FAB010A
:10E4E00061E170E0CE0101960E944070BE016F5F55
:10E4F0007F4F812F0E94226E61960FB6F894DEBF87
:10E500000FBECDBFDF91CF911F9108954F925F92C3
:10E510006F927F928F929F92AF92BF92CF92DF9233
:10E52000EF92FF920F931F93CF93DF93CDB7DEB798
:10E53000C054D1090FB6F894DEBF0FBECDBF8C0119
:10E5400040E150E060E270E0CE0142960F943F055A
:10E550001AA2D8011496ED90FC90C7010E94A1B0B8
:10E56000F801882309F46FC094A125A1878D81113A
:10E5700068C08FE22F939F931F928F93D801939639
:10E580008C9193978F9392968C918F938CE593E0D7
:10E590009F938F931F928DE08F935E01B3E2AB0E3A
:10E5A000B11CBF92AF920F9477050FB6F894DEBFFF
:10E5B0000FBECDBF97FD80E0F82EFCE0F81710F4F9
:10E5C0004CE0F42ECF2CD12CA601B501CE01429601
:10E5D0000F943605D80196966D917C916115710561
:10E5E00021F0FB018081811103C0D8016D917C91E4
:10E5F0004FE04F19F42ECE0101960E94D2564F2DB6
:10E6000050E0BE016F5F7F4F82E190E08C0F9D1F55
:10E610008C0D9D1D0F943605D8015E968C91FE01E0
:10E62000729690E02191211139C0E2E1F0E0EC0F07
:10E63000FD1FE90FF11D20E29F5F21939F30E1F75D
:10E6400030C089E497CF80A160817181882301F176
:10E65000C7018D7F0197E1F48DE48A8B86E4F3E0B6
:10E66000EF16F10409F482E38B8B89E48C8B80E252
:10E670008D8B4BE0CE0101960E94D2568BE0FE01BD
:10E680003196DE01569601900D928A95E1F7C4CF3E
:10E690004FE0CE0142960E94D256BECF9F5F9F3080
:10E6A00009F691E099A31AA20E945EB8BE016E5EBF
:10E6B0007F4F80E00E94226EF801C684D7849E01BD
:10E6C0002F5F3F4F790133E0C316D10409F58089EC
:10E6D0009189009751F444E550E161E170E0CE0189
:10E6E00083960E942C70CE0183969F938F938AE429
:10E6F00090E19F938F931F9281E18F93FF92EF920E
:10E700000E94556E0FB6F894DEBF0FBECDBFA9C1F3
:10E71000A480B5804EE350E1A114B10409F49CC17A
:10E72000C5010E94A1B0882309F461C0F80181A14C
:10E73000882309F45CC080A591A5029744E45FE0BA
:10E740008F30910538F4880F991FFC01E65FFC4F6C
:10E75000408151816E01F4E3CF0ED11C65E070E081
:10E76000C6010E944070D80156966D917D918D91A1
:10E770009C9159979096BC90611571058105910502
:10E7800009F4B2C028EE33E040E050E00F948A0371
:10E79000203787E138074105510520F02FE637E1A2
:10E7A00040E050E0CA01B9012CE330E040E050E025
:10E7B0000F948A038EEF9FE0B11009C0D80117961D
:10E7C0008D919C91019709F0A0C08BEE9FE07F9303
:10E7D0006F933F932F93DF92CF929F938F931F92CC
:10E7E00081E18F93FF92EF920E94556E8BCFC5010E
:10E7F0000E94ACB081118CC0D8015A968C915A9766
:10E800008111F8C01B968C91882329F0B2E0CB16B9
:10E81000D10409F01FC1F80162897389848995893F
:10E8200028EE33E040E050E00F948A0349015A019A
:10E83000F0E78F16F7E19F06A104B10430F02FE650
:10E84000822E27E1922EA12CB12CD80156966D91E3
:10E850007D918D919C91599728EE33E040E050E0F6
:10E860000F948A0329013A01B0E74B16B7E15B0622
:10E870006104710430F09FE6492E97E1592E612C16
:10E88000712CC8010E94B4536E01E9E3CE0ED11C75
:10E89000AC0164E070E0C6010E944070C301B201A7
:10E8A0002CE330E040E050E00F948A037F936F93B5
:10E8B0003F932F93C501B4012CE330E040E050E0DA
:10E8C0000F948A037F936F933F932F93DF92CF929E
:10E8D00085E79FE09F938F931F9281E18F93FF9233
:10E8E000EF920E94556E0ECF8FE290E1B11007C0FB
:10E8F000F80187819085019729F480E290E1DF9209
:10E90000CF92F7CE81E190E1FACF88ED9FE05FCF23
:10E91000C114D10409F070CFF80180A591A5029728
:10E9200044E45FE08F30910538F4880F991FFC01B3
:10E93000E65FFC4F408151815E01F4E3AF0EB11CF4
:10E9400065E070E0C5010E944070C8010E94B453A8
:10E950006E0129E3C20ED11CAC0164E070E0C60177
:10E960000E944070D80156966D917D918D919C9139
:10E970005997611571058105910581F4BF92AF9298
:10E98000DF92CF928AEC9FE09F938F931F9281E159
:10E990008F93FF92EF920E94556EB4CE28EE33E033
:10E9A00040E050E00F948A032037F7E13F0741052C
:10E9B000510520F02FE637E140E050E0CA01B901EF
:10E9C0002CE330E040E050E00F948A037F936F9394
:10E9D0003F932F93BF92AF92DF92CF9288EB9FE04D
:10E9E0009F938F931F9281E18F93FF92EF920E94EA
:10E9F000556E88CE5B96ED91FC913197D12CC12C50
:10EA0000EC30F105E8F48827E75FFA488F4F0D9462
:10EA1000AC039F75CF75697515757C7581758675A5
:10EA20008B758B75907595759A7595E6C92E9FE0D7
:10EA3000D92EA60164E070E0CE01CD960E94407010
:10EA4000F8018385882309F484C086859785029719
:10EA500009F47FC041EB5FE061E170E0C7010E9413
:10EA60002C70D8011B968C911B97811112C01E9699
:10EA70008D919C911F97029709F08FC01D968C91E4
:10EA80001D9765E5811106C01C968C91882309F4B9
:10EA900084C06DE4C7010E949D53B70181E00E94CC
:10EAA000226EC05CDF4F0FB6F894DEBF0FBECDBF45
:10EAB000DF91CF911F910F91FF90EF90DF90CF905A
:10EAC000BF90AF909F908F907F906F905F904F908E
:10EAD00008958091B60F8823B9F18091BD0F909170
:10EAE000BE0F039789F58091BA0F882369F188E4F6
:10EAF000C82E8FE0D82E9DCFB1E6CB2EBFE0DB2E07
:10EB000098CFADE5CA2EAFE0DA2E93CFFAE5CF2E3F
:10EB1000FFE0DF2E8ECFE7E5CE2EEFE0DE2E89CFB1
:10EB200073E5C72E7FE0D72E84CF6FE4C62E6FE04B
:10EB3000D62E7FCF5CE4C52E5FE0D52E7ACF41E79D
:10EB4000C42E4FE0D42E75CF39E6C32E3FE0D32E2E
:10EB500070CFC8010E94B4535E01F9E3AF0EB11C3F
:10EB6000AC0164E070E0C5010E944070D8015D9680
:10EB70008C91CD2859F01F928F93CE01CD969F9303
:10EB80008F93BF92AF928EE99FE027CE1F928F9313
:10EB9000BF92AF928CE89FE0F7CE60E07BCF8DE62E
:10EBA000C82E8FE0D82E45CF0F931F93CF93DF93BE
:10EBB000CDB7DEB761970FB6F894DEBF0FBECDBFFD
:10EBC0001F928F9386E39FE09F938F931F9281E123
:10EBD0008F938E010F5F1F4F1F930F930E94556EEF
:10EBE000B80180E00E94226E6AE27FE081E00E942C
:10EBF00063720FB6F894DEBF0FBECDBF61960FB63D
:10EC0000F894DEBF0FBECDBFDF91CF911F910F9162
:10EC10000895E091850FF091860FE830F105E8F452
:10EC20008827EA5EF9488F4F0D94AC032176587619
:10EC30001E763076337636763F764D7682E090E0FB
:10EC400008958091870F9091880F8130910599F1F7
:10EC50008230910599F10397A1F190E080E0089549
:10EC600083E090E0089584E090E008958091870F1C
:10EC70009091880F029741F18DE090E00895809186
:10EC8000870F9091880F009711F18130910511F154
:10EC9000029719F186E090E008958091870F909196
:10ECA000880F0097E9F00197F1F089E090E008956E
:10ECB00081E090E008958BE090E008958CE090E092
:10ECC00008958EE090E0089585E090E008958FE04B
:10ECD00090E0089588E090E0089587E090E008953E
:10ECE00080E190E008958AE090E00895CF93DF936B
:10ECF000EC0186E0FE0111928A95E9F780918D0F73
:10ED000088830E940976898380918B0F8A83809102
:10ED1000890F8B8385EA8C838091520E8D83DF91DE
:10ED2000CF910895880F23E030E0082E01C0220F14
:10ED30000A94EAF720959091520E2923772701C073
:10ED4000660F8A95EAF7262B2093520E08956430B9
:10ED500030F48530910539F46230710511F070E0BE
:10ED600060E0CB0108950797E1F763307105C9F7BB
:10ED700062E070E0F6CF8091850F9091860F85302C
:10ED8000910529F148F430E020E0009769F01092F5
:10ED9000880F1092870F089586309105D9F023E0EF
:10EDA00030E08730910599F76091520E70E0220FA4
:10EDB000331F02C0759567952A95E2F76370772730
:10EDC0000E94A7769093880F8093870F089521E083
:10EDD00030E0EACF22E030E0E7CFCF93DF938091BD
:10EDE000850F9091860F8530910501F138F4D0E0C0
:10EDF000C0E0009759F0DF91CF91089586309105DA
:10EE0000C1F0C3E0D0E087309105A9F76091870F8A
:10EE10007091880F0E94A7769093880F8093870F38
:10EE2000BC01CE01DF91CF910C949276C1E0D0E08D
:10EE3000EDCFC2E0D0E0EACF1F93CF93DF93CDB701
:10EE4000DEB761970FB6F894DEBF0FBECDBF182FA7
:10EE5000AB0161E170E0CE0101960E94CCF0FE01B1
:10EE6000319680E0919191110CC0E1E0F0E0EC0F5F
:10EE7000FD1FE80FF11D90E28F5F91938031E1F764
:10EE800003C08F5F803171F7198A812F0E94FBDDEB
:10EE9000CE0101960E944ED861960FB6F894DEBF5F
:10EEA0000FBECDBFDF91CF911F9108954FE350E08A
:10EEB00066EE74E189E09FE00F945D051092480FC3
:10EEC000809126158093490F81E080934A0F089521
:10EED00010926E0D0E94A0DF6C577C4F7093690DED
:10EEE0006093680D0895EBE5F2E08FE28083118274
:10EEF00010924E0F10924D0F10924C0F10924B0F1C
:10EF0000E6EEF4E188E4DF011D928A95E9F71092BC
:10EF10004A0F1092090F1092510F1092490F0E9440
:10EF2000CE570E9468770C94505480915B028F32C8
:10EF300021F481E090915C02911180E008950E949B
:10EF4000957781110EC06FE270E08BE592E00F942F
:10EF50006C05009741F0FC012181222311F00196FC
:10EF6000089590E080E008956F927F928F929F9233
:10EF7000AF92BF92CF92DF92EF92FF920F931F93C7
:10EF8000CF93DF9300D000D01F921F92CDB7DEB792
:10EF90006C01A0904D0FB0904E0F10E000E0A11456
:10EFA000B104A9F000914B0F10914C0F0F5F1F4F50
:10EFB000083E43E0140710F007EE13E088EEA816B1
:10EFC00083E0B80620F087EEA82E83E0B82E40E15B
:10EFD00050E060E270E0C6010F943F05D601509604
:10EFE0001C92A80160E0CE0101960E94CE53782EBB
:10EFF00080916D0D882309F446C080916C0D8111BC
:10F00000B4C08FE261E0670DE1E0F0E0EC0FFD1FBE
:10F01000E70DF11D8083A501CE0101960E94CE531C
:10F02000682E882E912CE1E0F0E0EC0FFD1FE80D3A
:10F03000F91D108280E1782E76180E94957788233A
:10F0400009F495C08FE2F6018083A401BE016F5FD1
:10F050007F4FC601870D911D0F94360528960FB678
:10F06000F894DEBF0FBECDBFDF91CF911F910F91FE
:10F07000FF90EF90DF90CF90BF90AF909F908F90D8
:10F080007F906F90089581E080936D0D10926C0DCC
:10F090008091500F882309F4B4CF80914D0F909147
:10F0A0004E0F892B09F4ADCF809126158111A9CF80
:10F0B000809127158111A5CF8091E614882309F44A
:10F0C000A0CF86EE94E10E943CB04C0101970397DB
:10F0D00008F097CF0BE512E0F80101900020E9F766
:10F0E0008F010C551240E6EEF4E101900020E9F7A3
:10F0F000CF01875E94417C010115110509F481CF90
:10F10000F801E65AFD4F6080C8018E0D9F1D21E079
:10F1100030E0AFE26A1202C030E020E0820F931FBD
:10F12000803A910508F06DCFA8016BE572E08BE1A4
:10F1300094E10F943605BFE26B1639F0F801E55EF5
:10F14000FB4E8FE280830F5F1F4FA7014F5F5F4F22
:10F1500066EE74E1C801855E9B4E0F943605C401CE
:10F160000E945CDB80936C0D4ACF89E44BCF0E94F8
:10F170009F775C01F12CE12C009741F0FC0101909C
:10F180000020E9F731977F01E81AF90A0E9412542A
:10F1900090E1981B943008F494E00CEF090F109163
:10F1A0006E0DF3E090E0F71540F443E050E06CECB6
:10F1B0007EE0C6010F943D0093E00E151F0420F47D
:10F1C0008E2D801B811708F410E0F601E90FF11D68
:10F1D000812F911B4FE04619A114B10409F435CFDA
:10F1E000282F290F241708F030CF282F30E02E15B4
:10F1F0003F0508F02ACF8F5F2A0D3B1DD9012C91C6
:10F200002193EACF0F931F93CF93DF93CDB7DEB750
:10F21000A2970FB6F894DEBF0FBECDBF0E94A0DF4D
:10F220002091540F2223F9F02091520F3091530F67
:10F23000621B730B77FF17C080E00E94FBDD84E543
:10F240009FE00E944ED881E00E94FBDD0DE01FE0B0
:10F25000F80164910F5F1F4F6623E9F185EE97E196
:10F260000E9440DEF5CF1092540F8091500F811113
:10F270003DC00E94EAB2882391F041E05FE061E185
:10F2800070E0CE0101960E942C7040E150E060E2F7
:10F2900070E0CE0142960F943F051AA210C043EFD2
:10F2A0005EE061E170E0CE0101960E942C7046EEB6
:10F2B0005EE061E170E0CE0142960E942C70BE01DA
:10F2C0006F5F7F4F80E00E94226EBE016E5E7F4FB7
:10F2D00081E00E94226EA2960FB6F894DEBF0FBEA8
:10F2E000CDBFDF91CF911F910F9108958091510F64
:10F2F000882359F04DED5EE061E170E0CE010196AA
:10F300000E942C7040ED5EE0D4CF80914D0F909123
:10F310004E0F892B29F4CE0101960E94B477B5CF08
:10F32000CE0101960E94B47740E150E060E270E0C7
:10F33000CE0142960F943F051AA2E6EEF4E1309713
:10F3400009F4BDCF8091E614882309F4B8CF019069
:10F350000020E9F7CF01875E9441E0916F0D813184
:10F36000910520F020EF280F2E1708F4E0E0F0E0E0
:10F37000EA51FB4EDE01529620E0AF01465E544159
:10F380004817590708F09BCF31913D932F5F2031EB
:10F39000A1F795CFAC0161E170E084E59FE00E94A8
:10F3A0004070E4E5FFE080E0219191E0980F2111A9
:10F3B00014C0E82FF0E0EC5AF04F90E291938F5F89
:10F3C0008031E1F71092640F0E94A0DF60557B4FFF
:10F3D0007093530F6093520F0895892F903121F746
:10F3E000F1CF0E945754B0E0A0E023E0880F991FAE
:10F3F000AA1FBB1F2A95D1F7893F2FE39207A105CA
:10F40000B10520F088EF9FE3A0E0B0E008958F926F
:10F410009F92AF92BF92CF92DF92EF92FF920F93A3
:10F420001F93CF93DF9380913302882379F0C1E05B
:10F430008C2FDF91CF911F910F91FF90EF90DF9074
:10F44000CF90BF90AF909F908F900895C0919504FA
:10F45000C11109C080912F02909130029093320225
:10F4600080933102E5CF0E945754811528E092071E
:10F4700040F083E090E09093320280933102C0E04C
:10F48000D7CF6FEF77E0681B790B89F293E0660FB7
:10F49000771F9A95E1F78091990C681B710939F2F1
:10F4A0008BE192E1892B59F481E090E09093300256
:10F4B00080932F0280912F0290913002DCCF8091B7
:10F4C0008B0490918C04A0918D04B0918E040097D0
:10F4D000A105B10509F49FC0613022E0720710F068
:10F4E00060E072E08B0130E020E080179107A20716
:10F4F000B30708F4BC018BE192E10E9433C2BC0166
:10F50000181619062CF083E090E00E947EB3D2CF4B
:10F51000C0908B04D0908C04E0908D04F0908E0409
:10F52000092E000CAA0BBB0BC81AD90AEA0AFB0A5F
:10F53000C0928B04D0928C04E0928D04F0928E04E1
:10F540002091970C3091980CB0902B0240917A0446
:10F55000D0912C02A0902D029091990C5091960C74
:10F56000EBE1F2E188248394912C8191411105C053
:10F5700041E08D1728F440E003C041E0B816D8F709
:10F58000A41639F08401092E01C0000F0A94EAF78D
:10F59000502B9F5F983051F4C90197708A569B4F4A
:10F5A000DC015C932F5F3F4F50E090E08F010B51E7
:10F5B000124106171707CCF240937A049093990CE6
:10F5C0005093960C80919504882319F1CD28CE286C
:10F5D000CF28E1F49923E9F0F901F770EA56FB4FDF
:10F5E00050832F5F3F4F1092960C1092990C4FB79B
:10F5F000F8943093980C2093970C882329F09093DB
:10F600002E0281E0809333024FBF12CF98E080E05A
:10F61000EECF98E0ECCF2091970C3091980C8FB7FB
:10F62000F8943093980C2093970C98E090932E02C6
:10F6300091E0909333028FBFE8CFCF93DF93809117
:10F64000330281110CC00E945754EC010E94077ACA
:10F65000882331F00E9457548C179D0781F781E071
:10F66000DF91CF910895AC0161E170E081EA9FE004
:10F670000C94CCF0EF92FF920F931F93CF93DF93F4
:10F68000C82F0E9465548C01009719F4FF24F3944D
:10F69000E2C0C11103C080349105C0F380919C0F7A
:10F6A0008830A0F70E9404B4F82E8111EFCF8BE1CF
:10F6B00092E1892B09F4CFC02FB7F894809176049A
:10F6C00090917704C0917404D09175042FBFC81B2A
:10F6D000D90BC11528E0D20708F0BDC0C134D1054F
:10F6E00010F0C0E4D0E00C171D0708F4E8012BE18E
:10F6F00032E1D901BC016B517241AD014B51524114
:10F700004C175D0748F4FB01EA0FFB1FF770EA5640
:10F71000FB4F40814D93F1CF209709F49CC04FB728
:10F72000F8948C0F9D1F90937704809376044FBFBD
:10F730009091550D1C2F992389F16091520D809164
:10F74000510D40E0F90151919F01882321F0752F5F
:10F75000717076130EC08FEF850F8E3F08F483C053
:10F76000652F661F6627661F4F5F892F411750F36D
:10F7700080E0EFEFE10FF0E0E55EFD4E9081991F34
:10F780009927991F9093520D91E09093510D8823E2
:10F7900009F46BC01092540D1092530DE0909C0F21
:10F7A000F7E088E39EE0FE1508F453C00091500D89
:10F7B00020E4029FC0011124AE016BE172E18A5F77
:10F7C0009F4E0F943605103421F000935A02109387
:10F7D000990F0F5F07700093500DE394E0929C0F18
:10F7E000DE01A55EBD4E83E0CC0FDD1F8A95E1F7FB
:10F7F000FE01E55EFD4E8E9138979BEE80FF94E111
:10F8000090839BEE81FF94E191839BEE82FF94E1D4
:10F8100092839BEE83FF94E193839BEE84FF94E1BC
:10F8200094839BEE85FF94E195839BEE86FF94E1A4
:10F83000968387FF2DC08BEE87831150E1F6BE01C2
:10F840008BE192E10E94FAC18C179D0719F18AE2BF
:10F850009EE00E94337B8F2DDF91CF911F910F91FE
:10F86000FF90EF900895892F84CF8091530D909150
:10F87000540D9C01209530958C0F9D1F2C173D0732
:10F8800010F48FEF9FEF9093540D8093530D86CF1C
:10F8900084E1D2CF8091590D90915A0DA0915B0DCA
:10F8A000B0915C0D8C0F9D1FA11DB11D8093590D52
:10F8B00090935A0DA0935B0DB0935C0DE7CE4F92E1
:10F8C0005F926F927F928F929F92AF92BF92CF92F0
:10F8D000DF92EF92FF920F931F93CF93DF93AB01D1
:10F8E000BC01DC01CA010196A11DB11D8E7F8115ED
:10F8F0000EEF90070FEFA007B007B8F08EE19EE083
:10F900000E94337BC0E08C2FDF91CF911F910F912C
:10F91000FF90EF90DF90CF90BF90AF909F908F902F
:10F920007F906F905F904F900895EBE1F2E120E0BF
:10F9300032E0EF018901199201501040E1F722E510
:10F9400020931B1229E420931C1226E420931D12FD
:10F9500020931E1288509E4FAF4FBF4F80931F12AF
:10F9600090932012A0932112B093221287E58093E6
:10F97000231281E48093241286E58093251285E486
:10F980008093261286E6809327128DE680932812B4
:10F9900034E73093291280E280932A1280E1809329
:10F9A0002B1221E020932F122093311280915D0DB4
:10F9B00090915E0DA0915F0DB091600D8093331218
:10F9C000492E5A2E6B2E7724409234124D01AA24D0
:10F9D000BB2480923512CB2EDD24EE24FF24C0926E
:10F9E0003612809337124092381280923912C092A8
:10F9F0003A1220933B1288E080933D128AE4809370
:10FA00003F1285E5809340128EE4809341128BE48F
:10FA1000809342128CEC809343122093441284E62C
:10FA20008093131481E680931414309315148093FB
:10FA3000161440931714509318146093191470936C
:10FA40001A1460E070E0CB010E9401C1C82F81113F
:10FA500003C08FE09EE054CF60E072E08BE192E162
:10FA60000E94FAC181159240A1F74DCFFF920F93EA
:10FA70001F93CF93DF931F921F92CDB7DEB7082F4E
:10FA8000F92EBE016F5F7F4F0E94D1D1182F8111D7
:10FA900013C040E150E06AE97CE081EA9FE00F9406
:10FAA0005D051092B10F812F0F900F90DF91CF91D4
:10FAB0001F910F91FF9008958A818F9389818F9371
:10FAC000FF920F9380E09EE09F938F931F9280EAB6
:10FAD0008F938BE194E19F938F930E94556E0197D2
:10FAE0000FB6F894DEBF0FBECDBF8F399105D8F2A7
:10FAF00082EF9DE00E94337B10E0D5CF6FE270E093
:10FB00008BE194E10F946C05009711F00196089534
:10FB10008BE194E108954F925F926F927F928F9262
:10FB20009F92AF92BF92CF92DF92EF92FF920F938C
:10FB30001F93CF93DF93CDB7DEB7E3970FB6F8945B
:10FB4000DEBF0FBECDBF00917B0F10917C0F0E94D6
:10FB50007E7D4C01009731F0FC018081811102C053
:10FB6000912C812C80915802882361F08091840D22
:10FB7000882341F08091830D55E8A52E5DE0B52ED8
:10FB8000811102C0B12CA12C8091A30D811141C023
:10FB9000412C512C320180917B0F90917C0F039767
:10FBA00061F48091080F35E5F32E811107C0809133
:10FBB000070F4DE4F42E811101C0F12CB401CE01E8
:10FBC00001960E947D71B401CE0183960E947D71E1
:10FBD000A114B10411F41092B20FCE0142966C013F
:10FBE0000430110509F054C01092AD0DF8013197A1
:10FBF000E730F10508F067C18827EE5FF1488F4FC5
:10FC00000D94AC03687E9E7ED47E127F4E7E557F1F
:10FC1000657F0330110569F460919F0D7091A00D0F
:10FC20008091A10D9091A20D61157105810591053D
:10FC300011F40E94A0DFC0909B0DD0909C0DE0902D
:10FC40009D0DF0909E0D4090970D5090980D6090F6
:10FC5000990D70909A0DA7019601240D351D461D32
:10FC6000571D621773078407950708F491CF6C1925
:10FC70007D098E099F09641975098609970928EE7F
:10FC800033E040E050E00F948A0329013A0183CF2A
:10FC90001092AE0D0530110509F0A6CF84EAE82ECA
:10FCA0008DE0F82E0DEA1DE0940144E06CE970E16E
:10FCB000CE0101960E9410560E94DD57009709F46C
:10FCC00002C1AC0161E170E0C6010E94407015C044
:10FCD000A501B401CE0101960E944B70809156029D
:10FCE0009091570240E151E1019711F04FEF50E13F
:10FCF00061E170E0C6010E942C70BE016F5F7F4F12
:10FD000080E00E94226EB60181E00E94226EE3969E
:10FD10000FB6F894DEBF0FBECDBFDF91CF911F911C
:10FD20000F91FF90EF90DF90CF90BF90AF909F909A
:10FD30008F907F906F905F904F900895A501B401D0
:10FD4000CE0101960E944B7040E060E0C6010E9427
:10FD500031588111D2CFC301B2012CE330E040E031
:10FD600050E00F948A039F938F937F936F93CA0100
:10FD7000B90124E630E040E050E00F948A039F93FD
:10FD80008F937F936F938FEE90E19F938F931F924A
:10FD900081E18F93DF92CF920E94556E0FB6F89457
:10FDA000DEBF0FBECDBFA9CFA501B401CE01019624
:10FDB0000E944B704F2D61E0C6010E9431588111A5
:10FDC0009CCFC301B2012CE330E040E050E00F943F
:10FDD0008A039F938F937F936F93CA01B90124E69F
:10FDE00030E040E050E00F948A039F938F937F931D
:10FDF0006F938FED90E19F938F931F9281E18F938B
:10FE0000DF92CF920E94556E0FB6F894DEBF0FBE00
:10FE1000CDBFF11002C02FE3F22E6F2DC6010E945C
:10FE20009D536BCFA114B10419F4FE01B3965F0189
:10FE300099EAE92E9DE0F92E0EEA1DE0950147E0D2
:10FE400067ED70E1CE0101960E9410560E94DD57C9
:10FE5000009741F1FC01D60190E0849121E0290F47
:10FE6000811109C0F601E90FF11D80E29F5F9D300D
:10FE700039F08193FBCF8D933196922F2C3069F717
:10FE8000E2EDF0E1E491EE8FE3EDF0E1E491EF8F4C
:10FE9000E4EDF0E1E491E8A3E5EDF0E1E491E9A31C
:10FEA0001AA22BCF46EC50E123CF8091A80D49EB4D
:10FEB00050E1811102C04BEA50E161E170E0CE01F6
:10FEC00001960E9440701A8A18CF41EA50E161E120
:10FED00070E0CE0101960E942C7066EF7EE0C601B4
:10FEE0000E947D710ACFAC0161E170E086EF9EE077
:10FEF0000E94407087E090E090937C0F80937B0F8E
:10FF00000E940BB80E9481540E9422B181E00C949F
:10FF100026B50F931F93CF93C091A30DCC2309F463
:10FF20007AC080917B0F90917C0F039709F0A7C056
:10FF300000915002109151020630110509F070C075
:10FF40008091610D9091620D029709F094C08091AB
:10FF50006604833009F08FC00E9438B6882309F404
:10FF60008AC081E090E09093620D8093610D809152
:10FF70009F0D9091A00DA091A10DB091A20D892B84
:10FF80008A2B8B2B61F10E94A0DFAB01BC01809119
:10FF9000970D9091980DA091990DB0919A0D0091A7
:10FFA0009F0D1091A00D2091A10D3091A20D801BED
:10FFB000910BA20BB30B840F951FA61FB71F809345
:10FFC000970D9093980DA093990DB0939A0D109260
:10FFD0009F0D1092A00D1092A10D1092A20D82E023
:10FFE00090E090937C0F80937B0F0E9481548091CE
:10FFF000560290915702019771F4809150029091AE
:020000021000EC
:1000000051020697F1F51092540D1092530D109273
:10001000520D1092510D8C2FCF911F910F91089579
:100020000130110599F48091640490916504029760
:1000300011F5809162048330F1F40E94A62A88238E
:10004000D1F0109365040093640491CF80919F0FC9
:100050009091A00F029779F480916204833059F453
:100060000E94A62A882339F081E090E09093A00FA7
:1000700080939F0F7CCF80EC9CE00E94737FC0E058
:10008000CACF2FB7F8948091780F9091790F2FBF36
:1000900090934F0D80934E0D0E94A0DF60934A0D08
:1000A00070934B0D80934C0D90934D0DB4CF0F93E7
:1000B0001F93CF93DF93C091A30DCC2309F440C0CD
:1000C00000917B0F10917C0F0230110509F06AC07E
:1000D000809150029091510286309105B9F580913E
:1000E000610D9091620D019709F058C090916604DE
:1000F000923009F053C0DFB7F89480916F008D7F84
:1001000080936F001092810096BB83E08093660419
:1001100080E00E945BB5DFBF1093620D0093610D1C
:100120000E94A0DF60939F0D7093A00D8093A10D9E
:100130009093A20D83E090E090937C0F80937B0FCF
:100140008C2FDF91CF911F910F910895019799F412
:100150008091640490916504019701F58091620497
:100160008230E1F40E94E6288823C1F010936504F0
:1001700000936404D5CF80919F0F9091A00F0197B9
:1001800069F480916204823049F40E94E628882351
:1001900029F01093A00F00939F0FC2CF86EB9CE035
:1001A0000E94737FC0E0CCCF0E945780882369F003
:1001B0001092080F81E020917B0F30917C0F23304B
:1001C000310509F080E08093070F08950097C9F486
:1001D00086EF9EE0009731F047EF5BE061E170E071
:1001E0000E942C7087E090E090937C0F80937B0FAF
:1001F0000E940BB80E9481540E9422B181E00C94AD
:1002000026B540E150E0BC0186EF9EE00F945D050D
:100210001092060FE7CF2091840D2223F1F0209158
:10022000830D21111AC00097C1F0FC01319681E1C4
:10023000A5E8BDE001900D928A95E1F71092960D28
:1002400040E061E185E89DE00E94C6AB8093830DAC
:10025000882319F087E08093280408952F923F9215
:100260004F925F926F927F928F929F92AF92BF92C6
:10027000CF92DF92EF92FF920F931F93CF93DF9372
:100280001F921F92CDB7DEB787E2482E512C9CE219
:10029000292E312C29E3622E712C38E7A32EB12CA4
:1002A0002091BB143091BC142115310509F4C6C14D
:1002B0004091BD148091BE149091BF14A091C014C0
:1002C000B091C114C090C614D090C7141092BC1441
:1002D0001092BB142130310509F020C1E0904D048B
:1002E000F0904E04C7010E940B811092780D10927D
:1002F000820D1092400D1092790DE114F104D1F0AD
:10030000F701808D8130B1F4BE016F5F7F4FC7016F
:100310000E94E1AF882371F089819A810E943DDCBF
:100320008093780DF701628D738D90E080E00E94DC
:10033000A659B6CFC7010E940AB0882351F0F1E058
:10034000F093400D6AE570E080E090E00E9464AFB9
:10035000A7CF8090E0149090E114809121049091B7
:1003600022040E94BE548C01C4010E94BE54011597
:10037000110509F4AEC0009709F04DC0A801485717
:1003800051090837110530F4A501401B510B093301
:10039000110528F1B8016953710998012C523109EE
:1003A0000752110990E4C91A9FE1D90AE9E8CE166B
:1003B000E3E1DE0650F40217130738F406171707B7
:1003C00020F40417150708F49CC064177507C0F4DF
:1003D0002617370708F428C18BE090E094C0B301DA
:1003E000601B710B0C321105C0F69101201B310B03
:1003F00007321105A8F6C201801B910B8C01D2CFE8
:100400002417350708F065C02617370708F061C0C4
:100410008CE090E078C09801285731090837110521
:1004200018F49501201B310BBC016B5E71098B3EEA
:10043000910520F46BEE70E0681B790B620F731F5F
:100440009801295331090933110518F49301201B30
:10045000310BAC01455751098537910520F445E72B
:1004600050E0481B590B420F531FF801BC970C3248
:10047000110518F4F101E01BF10B9C01285531091D
:100480008835910520F428E530E0281B390B2E0F24
:100490003F1F0732110500F1075211098F349105F2
:1004A00000F18F549109800F911F8217930730F448
:1004B0008417950718F48617970718F146175707FA
:1004C000B0F42417350708F4B4C08417950708F072
:1004D00083CF90E080E017C0F201E01BF10B8F01A9
:1004E000DDCFEFE4F0E0E81BF90BCF01DCCF2617FE
:1004F000370778F72417350760F78217930748F313
:1005000087CF8EE090E090939E0F80939D0FF1E057
:10051000F093780DF7016289738907CF2230310596
:10052000E1F52091400D2223C1F020914D0430913E
:100530004E04232B39F41092400D1092780D109236
:10054000820DAECE8A359105A105B10508F0A8CE81
:100550008054934FFC014083A3CE2091820D22232F
:1005600009F49ECE0196A11DB11D40917E0D5091C2
:100570007F0D6091800D7091810D84179507A607FE
:10058000B70710F4AC01BD0140937A0D50937B0D79
:1005900060937C0D70937D0D83CE2330310531F552
:1005A0008091400D882351F180914D0490914E042B
:1005B0001092400D009709F20E940AB0882309F4B6
:1005C000BCCFBE016F5F7F4F80EC9CE00E94B1AF5B
:1005D000882309F4B2CF89819A810E943DDC8093FF
:1005E000780D60910D0D70910E0D9FCE2430310568
:1005F00009F056CE8091400D81119DCF8091820DE2
:10060000882309F44DCE80917E0D90917F0DA091AD
:10061000800DB091810D80937A0D90937B0DA09306
:100620007C0DB0937D0D3CCE2417350708F051CFDB
:10063000EFCE2617370708F460CF4BCF0F900F90FF
:10064000DF91CF911F910F91FF90EF90DF90CF90AE
:10065000BF90AF909F908F907F906F905F904F90E2
:100660003F902F90089581E080932804E9E2F4E020
:100670008EE0DF011D928A95E9F78091830D81114B
:1006800002C01092850D0895CF93C82F8093840DDA
:100690001092830D109239041092470D1092380475
:1006A000109237041092850D7093460D6093450D9E
:1006B0002115310581E04807510518F020E030E0B0
:1006C000A901C9013093440D2093430D1092420DAE
:1006D0001092410D6630710509F04FC00097A1F0EE
:1006E00096958795B0E0A0E0BC01CD01875F924C64
:1006F0000F948A032115310581E04807510520F444
:100700003093420D2093410DC093980F1092780DB5
:100710001092820D10927E0D10927F0D1092800D1E
:100720001092810D10927A0D10927B0D10927C0D1B
:1007300010927D0D1092400D1092790D0E9433831E
:10074000109227041092260410922504109224047B
:10075000109223048091980F882319F0CF910C9464
:100760008BAF109228041092E3141092E2141092AE
:10077000BC141092BB14CF910895CC2329F264507D
:100780007109C1E06230710508F4BECFC0E0BCCF92
:100790000E940BB80E9453590E9482290E943E2455
:1007A00010927C0F10927B0FE0E5F2E086E090E083
:1007B0009183808384E49CEAA0E0B0E08283938309
:1007C000A483B58317821682108610927E0F109232
:1007D0007D0F1092F60E1092A30D0E94815410927C
:1007E0009B0D10929C0D10929D0D10929E0D1092DB
:1007F0009F0D1092A00D1092A10D1092A20D1092BB
:10080000970D1092980D1092990D10929A0D1092CA
:10081000A80D10924F0D10924E0D10924A0D10928D
:100820004B0D10924C0D10924D0D1092490D1092DF
:10083000480D0E9422B181E00E9426B520E030E000
:10084000A90170E060E080E00C9444831F93CF9393
:10085000DF93182FEB0161E1442379F010928F0DA3
:100860001092900D1092910D1092920D1092930D86
:100870001092940D1092950D6AE01092960D40E042
:1008800085E89DE00E94C6AB811105C0DF91CF9144
:100890001F910C94338321E02093830D1092780DE7
:1008A0001092400D1093790DCE01B0E0A0E080933E
:1008B0007E0D90937F0DA093800DB093810D1092CB
:1008C0007A0D10927B0D10927C0D10927D0D20936D
:1008D000820D1092E3141092E2141092BC14109244
:1008E000BB14D4CFEF92FF920F931F93CF93DF935C
:1008F000EC01062F8091980F882309F49DC1CE0149
:100900000E9464AC81110E942E8110912804112351
:1009100009F492C1173009F48FC18091830D8111C0
:1009200010C0CE0101978115944008F449C010927F
:100930002704109226041092250410922404109289
:10094000230410912804173009F476C18091980F80
:10095000882309F471C1112309F46EC1209711F1A4
:10096000C13084E0D80708F0BDC08091450D90915A
:10097000460D8630910509F0A5C0A091410DB091BA
:10098000420D109709F4AEC09E010F94B4037C5F32
:100990008F4F9F4FEBE09695879577956795EA95F2
:1009A000D1F7EB01CE0101978038924008F49DC049
:1009B000DF91CF911F910F91FF90EF900C943383B3
:1009C0000111BFCFCE0103E0880F991F0A95E1F70F
:1009D00020912604309127042115310559F4909374
:1009E00027048093260481E090E09093250480936F
:1009F0002404A5CFBC01621B730B8217930718F464
:100A0000B901681B790BA9015695479556954795ED
:100A10004830510510F448E050E046175707F8F207
:100A200082179307E0F1821B930B0496A3E096953F
:100A30008795AA95E1F7820F931F909327048093DF
:100A4000260480912404909125048F3F980729F073
:100A5000019690932504809324048091240490911E
:100A600025048F3F910509F008F46BCF8091230492
:100A7000811167CF80912604909127040E94BE5473
:100A800021E0209323041550123008F45ACF8097A8
:100A9000C19708F056CF87E08093280452CFA90170
:100AA0004C5F5F4FBA01681B790BCB01F3E0969561
:100AB0008795FA95E1F7281B390B3093270420938B
:100AC0002604BFCF049741F489E1DE018A9FE0014B
:100AD0008B9FD00D112466CF73E0CC0FDD1F7A956C
:100AE000E1F760CFCFEFDFEF5DCF113009F081C0CC
:100AF00060912904611109C0D0932B04C0932A048A
:100B0000D0932D04C0932C0412C080912A0490919C
:100B10002B04C817D90720F4D0932B04C0932A04C0
:100B200080912C0490912D048C179D0748F380919F
:100B30002E0490912F04C80FD91FD0932F04C09377
:100B40002E046F5F60932904603208F475C0862F0D
:100B500086958C0F9D2F911D70E00F9476038B016D
:100B6000E0902A04F0902B0426E14FE0C7010E9498
:100B7000A254C82F882351F02AE142E1B8018091A4
:100B80002C0490912D040E94A254C82F21E149E029
:100B9000B801C7010E94A254882349F024E248E129
:100BA000B80180912C0490912D040E94A254909140
:100BB000790D2FEF290F243058F4CC2309F4F8CE07
:100BC000DF91CF911F910F91FF90EF900C943555CD
:100BD0009550943058F4882309F4EACEDF91CF91F0
:100BE0001F910F91FF90EF900C940B55CC2399F32C
:100BF000E7CF1230D1F5E0902904F0902A0429E1E2
:100C00004FE0B701CE010E94A25400912B04109135
:100C10002C048823C1F0BE01C7010E948654909322
:100C20002A04809329040F3F100731F00F5F1F4FF4
:100C300010932C0400932B04DF91CF911F910F91FF
:100C4000FF90EF9008950F3F110509F008F4B0CE22
:100C50002CE042E0B701CE010E94A254882309F49F
:100C6000A7CE83E080932804E7CF1330E9F46091A6
:100C7000290470912A042DE042E0CE010E94A25482
:100C8000882309F495CE8FEF80932D0410922E04C3
:100C900010922F04109230041092310410922C0400
:100CA00010922B0484E0DECF143009F0F6C00091DE
:100CB000290410912A0426E144E0B801CE010E94E3
:100CC000A254882309F474CE85E08C9FA0018D9FE7
:100CD000500D11249801220F331F200F311F81E086
:100CE0004217530708F480E090912D049F3F19F4B8
:100CF00080932D04A1CF89135BCE9FEF90932D0499
:100D0000C0912F04CC0FC82BC0932F0480912E04C8
:100D10008F5F80932E04883009F08ECF10922F04BD
:100D200010922E040E94FC5490913004882399F173
:100D3000911109C0CF3F09F03BCEC093310481E04F
:100D40008093300479CF80917A0D90917B0DA091A2
:100D50007C0DB0917D0D40917E0D50917F0D609185
:100D6000800D7091810D84179507A607B70788F449
:100D700020913104C227C09331040196A11DB11DF9
:100D800080937A0D90937B0DA0937C0DB0937D0D95
:100D900053CF87E067CF911115C0C11109CE8EEFF7
:100DA000890F8A30A0F4E92FF0E0ED57F24FC083AD
:100DB000809131049D30E1F420912B0430912C047A
:100DC0003C2B09C0913059F7C43048F3F1CD2C2F9A
:100DD00030E09C3069F730932C0420932B048091F1
:100DE0003104C827C09331049F5F9093300424CF0F
:100DF0009231A8F3C813DCCD60912B0470912C04C0
:100E0000C80182539140023331E0130738F482E382
:100E100091E0801B910B093E110520F19801295E9C
:100E20003109A801485C5109085A1109041715072E
:100E300030F40217130718F40817190740F1421786
:100E4000530718F44817590720F12817390718F5E0
:100E500082E041E0DF91CF911F910F91FF90EF90E1
:100E60000C94268429EE30E0201B310B083C110540
:100E7000C0F648EC50E0401B510B083A1105A0F6B3
:100E8000E8EAF0E0DF01A01BB10B8D01CFCF84E0D9
:100E9000E0CF83E0DECF81E0DCCF8BEF810F8230CB
:100EA00008F086CDE0902904F0902A042DE14CE072
:100EB000B701CE010E94A254882389F1BE01C70167
:100EC0000E94865490932A048093290480913104CF
:100ED000811104C081E080933104AECE10923104C0
:100EE00050E0153009F060C04091300480912F042B
:100EF00090E09C01220F331F252B277020932F0495
:100F0000433030F54F5F40933004433009F094CEC6
:100F100083E090E090932C0480932B048DCE26E305
:100F20004DE1B701CE010E94A254882309F440CDBF
:100F3000BE016F5F7F4F76956795C7010E9486540B
:100F400090932A04809329041092310451E0C9CF70
:100F500020912B0430912C0482FB882780F9851383
:100F60000BC02F3F320709F467CE2F5F3F4F3093FE
:100F70002C0420932B0460CE2F3F310549F240F220
:100F800010923204109233041092340410923504FB
:100F900010922C0410922B0410922E0410922D0407
:100FA0001092360486E05ECE552331F080913204F3
:100FB00091E0892780933204809133049091320428
:100FC000913061F021E030E0082E01C0220F0A9438
:100FD000EAF790913404922B909334048F5F8093BE
:100FE0003304883009F028CEC091340410923404C0
:100FF000109233040E94FC54909135048823E9F147
:10100000911106C0C13009F0D3CCC093350414CE81
:1010100040917A0D50917B0D60917C0D70917D0D0A
:1010200000917E0D10917F0D2091800D3091810DEA
:101030004017510762077307B8F480912D0490910F
:101040002E048C0F911D90932E0480932D044F5FDE
:101050005F4F6F4F7F4F40937A0D50937B0D60939E
:101060007C0D70937D0DE8CD913009F092CEC09348
:10107000360482E080933504DFCD911115C0C11193
:1010800097CC8FEF890F87FD37C020912D043091C9
:101090002E04C20FD32FD11DD0932E04C0932D0444
:1010A0009F5F90933504C8CD913041F4C23018F061
:1010B000C63709F07DCCC0932F04E3CF80912F0475
:1010C000811112C09C3090F02C2F30E0933139F018
:1010D0009431B9F620912B0430912C043C2B3093A1
:1010E0002C0420932B04CDCF933170F7E92FF0E03F
:1010F000ED57F24FC083E8CF913819F4C09336040E
:10110000CFCF923869F6809136049C2F20912D0420
:1011100030912E048217930709F04ACC41E0809168
:101120002F04811140E060912B0470912C04809178
:10113000290490912A049C0128563109883691058A
:1011400038F428E630E0281B390B8A35910500F188
:10115000FC01EA55F109DC01AF54B109865491094B
:101160008A179B0730F48E179F0718F4821793078E
:1011700020F1AE17BF0728F487E0A217B30708F4E1
:1011800069CE86E0E217F30708F464CE85E062CE0C
:10119000EAE5F0E0E81BF90B8F349105E0F6AFE4E7
:1011A000B0E0A81BB90B86349105C0F6C6E4D0E0C8
:1011B0008E01081B190BC801D3CF88E04BCEEF92EC
:1011C000FF920F931F93CF93DF93C82F162F693091
:1011D00048F4611108C0DF91CF911F910F91FF90EA
:1011E000EF90089518E0DC2FD170809139048111BF
:1011F00064C081E080933904D093470D1092380485
:101200001092370480E0113009F479C0812F8150A9
:10121000990B9C0181E090E001C0880F2A95EAF7C4
:101220008150DC2FD695DC27D82380E0EE24EA9489
:10123000FE2C01E0DD2309F462C09D2F9F702D2F4D
:10124000C0E019F422952F70C4E0322F337019F4E6
:1012500026952695CE5F20FFCF5FCF5F2091370484
:10126000309138049C2F981B892F90E0A90140955C
:10127000509548175907C8F5F0923804E0923704A2
:101280006091470D80913704909138042091280493
:10129000273091F50E9464AC81110E942E818091CB
:1012A000470D80278093470D109238041092370421
:1012B0008FEF8D0FD8238C2FBDCF6091470DD617A0
:1012C00009F4A0CF8091370490913804209128042C
:1012D000273041F40E9464AC882309F48DCF0E942A
:1012E0002E818ACF0E94728487CF280F391F3093B6
:1012F000380420933704C4CF0E947284D0CF209149
:10130000370430913804181B612F70E0C9018095B3
:1013100090958617970738F48FEF9FEF90933804D6
:101320008093370458CF620F731F70933804609313
:10133000370451CF0F931F93CF938C01C0E0F80176
:1013400081918F010E940C25882319F0CF5FC0384E
:10135000B1F7CF911F910F9108955F926F927F9295
:101360008F929F92AF92BF92CF92DF92EF92FF92B5
:101370000F931F93CF93DF93CDB7DEB7C05AD14001
:101380000FB6F894DEBF0FBECDBF682EA0904D0FF4
:10139000B0904E0FCE018F599E4F0E9405B3CE01E3
:1013A0008F5D9E4F0E9405B386EE94E1892B31F448
:1013B0008AE99EE00E9450C0712C49C088E4E6EEA4
:1013C000F4E1DE01AF56BF4F01900D928A95E1F72F
:1013D0006E0189EDC80ED11C88E4F60111928A9540
:1013E000E9F7CE018F599E4F0E94B6E5882321F37D
:1013F000F12CE12C712C81E6882E992493948C0E8B
:101400009D1EFCE08F0E911C01E211E00C0F1D1FD0
:10141000045F1F4FB401C8010E9422E8882349F0ED
:10142000A114B10461F1EA14FB0448F1C8010E945F
:1014300090E5CE018F599E4F0E945BCC882309F422
:10144000BBCF711063C081E99EE00E9450C0872D20
:10145000C056DE4F0FB6F894DEBF0FBECDBFDF9192
:10146000CF911F910F91FF90EF90DF90CF90BF90A1
:10147000AF909F908F907F906F905F900895AE0196
:101480004F5F5F4FB701CE018F5D9E4F0E94E9BF56
:10149000CE0101960E9451B2582E811104C0C8019C
:1014A0000E9490E5B7CF8FEFE81AF80ABE016F5699
:1014B0007F4FCE0101960E94FFB16620C9F087FFE1
:1014C000EECF772049F0BE01675B7F4FCE010196DA
:1014D0000E94FFB118161CF788E4FE013196DE0168
:1014E000A75BBF4F01900D928A95E1F7752CD7CF7E
:1014F0001816ACF6772081F3BE01675B7F4FCE01F3
:1015000001960E94FFB187FDE7CFC9CF88E4FE01B5
:10151000E75BFF4FD60101900D928A95E1F70E949B
:1015200095CC88E4F601A6EEB4E101900D928A957F
:10153000E1F780914B0F90914C0F611002C0019622
:1015400001C0019790934C0F80934B0F0E94CE5790
:101550000E9450547CCF3F924F925F926F927F9245
:101560008F929F92AF92BF92CF92DF92EF92FF92B3
:101570000F931F93CF93DF93CDB7DEB7C855D140FC
:101580000FB6F894DEBF0FBECDBF2091500F2111D2
:1015900002C010E0D5C0A0904D0FB0904E0FA11426
:1015A000B104B9F3462E6C013E0181E9680E711C4D
:1015B00088E4F30111928A95E9F7CE01875E9E4F88
:1015C0000E9405B3CE0187529F4F0E9405B3CE0102
:1015D000875E9E4F0E94B6E5882359F1512CF12C6D
:1015E000E12C99E1892E992493948C0E9D1EFCE0A8
:1015F0008F0E911C09ED10E00C0F1D1F045F1F4F93
:10160000B401C8010E9422E8882331F0EA14FB04E7
:10161000E0F0C8010E9490E5CE01875E9E4F0E94D7
:101620005BCC882331F0511041C087E79EE00E94D7
:1016300050C060E87EE08AE99CE00F944600892B68
:1016400009F4A7CF0E94BA71A4CFAE014F5F5F4FDC
:10165000B701CE0187529F4F0E94E9BFCE0101968C
:101660000E9451B2382E811104C0C8010E9490E539
:10167000C7CF8FEFE81AF80A5110F7CF22968FAD37
:1016800022974812F2CFB601CE0101960F9446057B
:10169000892B59F788E4FE013196DE01A75BBF4F25
:1016A00001900D928A95E1F7532CDFCFCE01875E32
:1016B0009E4F0E94B6E5882309F4BBCFD12CC12CE4
:1016C000F12CE12C89E1882E992493948C0E9D1E97
:1016D000ECE08E0E911C09ED10E00C0F1D1F045F55
:1016E0001F4FB401C8010E9422E8882339F0EA1490
:1016F000FB0408F43FC0C8010E9490E5CE01875E5C
:101700009E4F0E945BCC182F882309F492CF88E467
:10171000FE01E75BFF4FD30101900D928A95E1F73F
:101720000E9495CCD0924C0FC0924B0F88E4F301ED
:10173000A6EEB4E101900D928A95E1F70E94CE5792
:10174000812FC85ADE4F0FB6F894DEBF0FBECDBF53
:10175000DF91CF911F910F91FF90EF90DF90CF908D
:10176000BF90AF909F908F907F906F905F904F90C1
:101770003F900895AE014F5F5F4FB701CE01875292
:101780009F4F0E94E9BFCE0101960E9451B2811184
:1017900004C0C8010E9490E5A4CFFFEFEF1AFF0A32
:1017A000BE01675B7F4FCE0101960E94FFB187FFAC
:1017B000F0CF8FEFC81AD80AECCF8F929F92AF92DA
:1017C000BF92CF92DF92EF92FF920F931F93CF932E
:1017D000DF93CDB7DEB7C855D1400FB6F894DEBF62
:1017E0000FBECDBF8091500F811116C082E090E0F6
:1017F000C85ADE4F0FB6F894DEBF0FBECDBFDF91E3
:10180000CF911F910F91FF90EF90DF90CF90BF90FD
:10181000AF909F908F9008957E0181E9E80EF11CB2
:1018200018E4F701812F11928A95E9F7CE01875EBE
:101830009E4F0E9405B3CE0187529F4F0E9405B371
:10184000F70111921A95E9F7CE01875E9E4F0E942B
:10185000B6E581110BC08091AB0C8093500F8111C4
:10186000C5CF10924E0F10924D0FC0CF10E000E088
:10187000D12C89E1882E992493948C0E9D1EFCE036
:101880008F0E911C99EDA92EB12CAC0EBD1E8CE0D3
:10189000A80EB11C15C0AE014F5F5F4FB801CE015D
:1018A00087529F4F0E94E9BFCE0101960E9451B21C
:1018B000C82E81113AC0C5010E9490E5CD2CDC2CC8
:1018C000B401C5010E9422E8882339F0073EE3E015
:1018D0001E0708F3C5010E9490E5CE01875E9E4F6A
:1018E0000E945BCC882309F4B6CFDD2049F088E460
:1018F000FE01E75BFF4FD70101900D928A95E1F75A
:101900000E9495CC10934E0F00934D0F1092510FE3
:1019100010924C0F10924B0F012B11F586E79EE0B1
:101920000E94A17181E090E063CF0F5F1F4FDD2027
:1019300049F0BE01675B7F4FCE0101960E94FFB167
:1019400087FF0AC088E4FE013196DE01A75BBF4F26
:1019500001900D928A95E1F7C5010E9490E5AFCF05
:1019600088E4F701A6EEB4E101900D928A95E1F7C3
:101970000E94CE570E94505490E080E039CF809171
:10198000500F811104C01092510E0C94BA710E9434
:10199000DD8B9C019091500E9F5F9093500E21150E
:1019A000310519F41092510E08952130310571F46A
:1019B0009330C0F781E08093510E0E94A0DF605BFE
:1019C0007F4F7093670D6093660D08952230310547
:1019D00089F7933078F3D7CF89E89EE00E94CA79DF
:1019E0000E94027981E00E940DD68093500F1092E0
:1019F000540F1092530F1092520F1092510E1092DA
:101A0000500E0E9473770C94BF8CCF93DF9380911C
:101A10004F0F882331F00E9436B9049711F01092CD
:101A20004F0F0E9496B20E94EAB2882309F453C075
:101A30001092500F1092510E10924E0F10924D0FA7
:101A400010924C0F10924B0F1092540F1092530F94
:101A50001092520F60EC7EE086EE94E10F94460007
:101A6000892BE9F084EB9EE00E94A1718091510ED8
:101A70008823A9F00E94A0DF2091660D3091670DA8
:101A8000621B730B77FD0BC01092510E81E00E9418
:101A90000DD68093500F811125C00E94BA712AE69D
:101AA0003DE04FE65DE060E186EE94E10E9418596A
:101AB0000E949F77EC010E941254209739F060E158
:101AC000681B643008F464E0645089F410926E0D71
:101AD000DF91CF9108950E94F1B2882339F20E94DC
:101AE000EC8CC4CF0E9473770E94BF8CD8CF28E6BD
:101AF0003DE04EE65DE0CE01DF91CF910C941859A8
:101B00000E94DD8B9C01029721F40E94BA7180E053
:101B100003C081E0232BD9F708959091500F9923AA
:101B200039F020914D0F30914E0F2115310511F4F0
:101B30000C94505440914B0F50914C0F4F5F5F4F9E
:101B40004217530760F0882341F02130310529F016
:101B500081E00E94AF578823B9F00C94808D0E94D9
:101B6000505480E00E94AD8981110EC08091AB0C71
:101B7000882341F06BEA7EE08AE99CE00F944600FE
:101B8000892B59F30C94BA710895CF938091500F1B
:101B9000882331F080914D0F90914E0F009719F4EA
:101BA000CF910C94808D0E94F2EFC82F811105C057
:101BB0000E94BA718C2FCF91089580914D0F909112
:101BC0004E0F019790934C0F80934B0F0E94CE576E
:101BD0000E945054EFCF9091500F992339F02091EB
:101BE0004D0F30914E0F2115310511F40C945054C6
:101BF00040914B0F50914C0F452B61F4882341F0DD
:101C00002230310528F08FEF0E94AF578823B9F0BA
:101C10000C94C58D0E94505481E00E94AD898111C1
:101C20000EC08091AB0C882341F062EA7EE08AE925
:101C30009CE00F944600892B59F30C94BA710895D7
:101C40000E9473B3109295048FB7F89410927904A0
:101C5000109278041092980C1092970C98E0909340
:101C60002E0291E0909333028FBF1092960C109247
:101C7000990C10927A0408958091A30D8093A80D79
:101C8000882359F18091500290915102863091053C
:101C900099F50E9401B70E9473B380911B148823A9
:101CA00021F08BE194E10E94EBCE1092620D109234
:101CB000610D1092590D10925A0D10925B0D1092F9
:101CC0005C0D1092560D0E9473541092540D109298
:101CD000530D1092520D1092510D86E090E09093AA
:101CE0007C0F80937B0F1092A30D0E9481540E9461
:101CF00022B181E00C9426B59C0124503109223098
:101D0000310588F40E944B290E9473B380911B1403
:101D1000882321F08BE194E10E94EBCE1092A00F7A
:101D200010929F0FDACF0197C1F60E944B291092B3
:101D3000E3141092E2141092BC141092BB140E948F
:101D400073B380911B14882321F08BE194E10E94EE
:101D5000EBCE1092650410926404BFCF80917B0F8C
:101D600090917C0F8130910511F40C943C8E029778
:101D7000029708F051C08091500290915102863034
:101D80009105C9F48091610D9091620D01970297C0
:101D900040F40E9401B783E090E09093620D80933D
:101DA000610D84E090E090937C0F80937B0F0E9404
:101DB00081540C9422B1019799F48091640490911C
:101DC00065040197029768F70E94DD2A81E08093FD
:101DD000630483E090E09093650480936404E1CF12
:101DE00080919F0F9091A00F01970297D0F60E94CB
:101DF000DD2A9FB7F894809162049FBF843029F454
:101E000084EE9DE00E94573ACCCF83E090E090931F
:101E1000A00F80939F0FC5CF08954F925F926F924E
:101E20007F928F929F92AF92BF92CF92DF92EF926A
:101E3000FF920F931F93CF93DF931091A30D111176
:101E40003DC28091560290915702019741F48091D2
:101E5000500290915102069711F40E9422B12091F4
:101E600052023091530240915402509155026091B8
:101E7000500270915102809158020E944483C09197
:101E80005002D0915102C630D10509F032C101E0B3
:101E90008091560290915702019709F000E0C0909E
:101EA0005202D0905302E0905402F0905502C0913B
:101EB0007D0FD0917E0F0E9453590093550D809154
:101EC000AB0C81110FC08DE99CE00E94337B85E053
:101ED00090E09093620D8093610D81EA9FE00E94F3
:101EE000E680ECC10E94208E22E2C21626E5D206D0
:101EF000E104F10469F084E4C8168CEAD806E10430
:101F0000F10431F085E08093660480E99CE0DDCF48
:101F100060E074E284EF90E0A70196010F948A03D9
:101F200029014B01DA01C9018097A109B109803E5D
:101F30009F4FA105B10530F70E942DB88FB7F894D7
:101F4000D0927304C0927204509271044092700453
:101F500090926F0480926E0410926D0410926C0443
:101F600010926B0410926A04109269041092680433
:101F70001092670491E0909366048FBF8FB7F89436
:101F800010927704109276041092750410927404E3
:101F90008FBFCE010E94367D882309F498CFC0926E
:101FA0005D0DD0925E0DE0925F0DF092600D8BE1C1
:101FB00094E10E9458D4811103C081E89CE085CF50
:101FC00060E070E080E290E00E9431D0811105C0B5
:101FD00083E79CE00E94337B07C060E070E0CB01A8
:101FE0000E9401C1811105C00E9401B70E9473B314
:101FF0006ECF60E070E0CB010E945F7C8823A1F38C
:1020000060E072E080E090E00E9401C1882361F30B
:102010000E9447CF882341F380916604813019F0F4
:1020200085E69CE0D7CF0E9438B68823C9F381E0CB
:1020300090E09093620D8093610D81E08093A30DF9
:1020400082E090E090937C0F80937B0F0E948154FC
:102050000E94A0DF60939B0D70939C0D80939D0D5B
:1020600090939E0D10929F0D1092A00D1092A10DB5
:102070001092A20D1092970D1092980D1092990D3A
:1020800010929A0D8091560290915702019761F536
:102090008091500290915102069709F021C1209140
:1020A0005202309153024091540250915502A5E0E2
:1020B000B0E00F94C303DC01CB010796A11DB11D55
:1020C00023E0B695A795979587952A95D1F7009720
:1020D00021E0A207B10520F08FEF9FEFA0E0B0E074
:1020E0009093490D8093480D80E00E9426B511E041
:1020F000E5C0CE010497029708F076C0E0907D0F0E
:10210000F0907E0F0E9482298091AB0C811105C056
:1021100087E59CE00E94A0251BC0D093760FC0935A
:10212000750F2597E1F00E9459298CE991E390936E
:102130002A028093290282E08093280210923A04B6
:1021400081E080936204C7010E942A26811116C093
:1021500085E090E09093A00F80939F0FBECE0E94E9
:1021600059298CEF91E090932A028093290283E011
:102170008093280281E080933A04E2CF8BE194E1DE
:102180000E9458D4811103C08BE49CE0C3CF60E06F
:1021900070E080E290E00E9431D0882391F060E00E
:1021A00070E0CB010E9401C1882359F00E9447CF03
:1021B000882339F00E94A228811108C082E39CE0A4
:1021C00002C08DE39CE00E94573A87CE9FB7F894F7
:1021D00080913B049FBF80933C0481E090E090930A
:1021E000A00F80939F0F29CF219709F063C0C09162
:1021F0007D0FD0917E0F0E943E248091AB0C811107
:1022000005C084E29CE00E94337B15C00E945929DE
:102210008CEF91E090932A028093290283E08093CF
:10222000280281E080933A0480936204CE010E94E8
:102230004D25811107C085E090E09093650480935F
:1022400064044BCE8BE194E10E9458D4811103C009
:1022500089E19CE0D8CF6FE770E081E090E00E94D8
:1022600031D08823A1F060E070E0CB010E9401C171
:10227000882369F00E9447CF882349F00E948BAFE2
:102280000E94A228811108C081E09CE002C08BE07E
:102290009CE00E94383A21CE9FB7F89480913B048D
:1022A0009FBF80934F0481E090E0909365048093FA
:1022B0006404C3CE8BEA9CE00E94737F812FDF9180
:1022C000CF911F910F91FF90EF90DF90CF90BF9033
:1022D000AF909F908F907F906F905F904F900895F8
:1022E0002FB7F8948091780F9091790F2FBF90932A
:1022F0004F0D80934E0D80919B0D90919C0DA09160
:102300009D0DB0919E0D80934A0D90934B0DA0931F
:102310004C0DB0934D0DE8CECF92DF92EF92FF922D
:102320000F931F93CF93DF931F921F92CDB7DEB70A
:1023300080917B0F90917C0F209156023091570233
:102340008130910519F5232B81F0809156029091EF
:102350005702019781F49FB7F89480917A0F1092F9
:102360007A0F9FBF811105C006C00E9421B5882346
:1023700061F30E940D8F0F900F90DF91CF911F910D
:102380000F91FF90EF90DF90CF900895AC014250F5
:10239000510942305105E0F4232BD1F4029791F01A
:1023A00080917B0F90917C0F039791F48091080F9F
:1023B00081110EC00E9421B5811157C081E0809328
:1023C000070F06C00E9421B58111EACF0E94D48078
:1023D0008091560290915702019741F580917B0FB1
:1023E00090917C0F029711F58091500290915102CB
:1023F000069721F18FB7F8940091780F1091790F1B
:102400008FBF0E94A0DF20914E0D30914F0D2017FD
:102410003107A9F110934F0D00934E0D60934A0DB3
:1024200070934B0D80934C0D90934D0D8091500205
:10243000909151028630910509F055C18091610D4E
:102440009091620D9C01215031092230310508F034
:102450006BC09FB7F894809166049FBF843019F5D4
:1024600088E59DE00E94337B23C08091070F88237D
:1024700009F4AECF1092070F0E94897FA9CF009177
:102480004A0D10914B0D20914C0D30914D0D601B5C
:10249000710B820B930B683873418105910530F203
:1024A0000E94AE8EC3CF80E00E943A7B81110BC0A8
:1024B0000E9401B70E9473B385E090E09093620D93
:1024C0008093610D02C00E946BDC80915602909156
:1024D00057020197A9F480917B0F90917C0F02978E
:1024E00079F48091480D9091490D009749F0209121
:1024F000530D3091540D2817390710F00E94AE8EFD
:102500008091610D9091620D8330910509F4D1C0E5
:1025100008F093C38130910509F4D5C0029709F002
:102520002ACF83E090E0C7C0039779F60E946554F4
:10253000892B11F081E0B8CF80919C0F8111C3CF1E
:102540008091560D81116DC00E9404B48111BDCFE0
:102550008091560D8111B9CF81E08093560D109274
:10256000580D1092570D8FB7F894909167049923E6
:1025700071F0909169049093580D90916804909334
:10258000570D1092690410926804109267048FBF6F
:102590006091570D662309F498CF8091980F882396
:1025A00021F08091580D0E94DF886091570D409175
:1025B000580DEBE1F2E190E080E0A1E0B0E0861799
:1025C00070F49D01082E01C0220F0A94EAF724231B
:1025D00021F02BEE21930196F2CF24E1FBCF70E0A6
:1025E0008BE192E10E94FAC12091570D281719063C
:1025F00019F089E49DE036CF8091590D90915A0DE4
:10260000A0915B0DB0915C0D820F911DA11DB11DBC
:102610008093590D90935A0DA0935B0DB0935C0D70
:1026200054CF0E9404B4811150CFC090590DD09066
:102630005A0DE0905B0DF0905C0DC0FC17C082E07D
:10264000D80EE11CF11C6091590D70915A0D8091CA
:102650005B0D90915C0D0E945F7C81111BC080918D
:10266000A10F811125CF8FE29DE0FCCE10921B12AD
:1026700061E070E08BE192E10E94FAC1019719F0EC
:102680008DE39DE0EFCE91E0C90E92E0D91EE11CF2
:10269000F11CD9CFC701B6010E946DCF8823F9F292
:1026A0000E9447CF8823D9F20E9473B384E090E060
:1026B00005CF84E090E090937C0F80937B0F5BCEFE
:1026C0000E94676E58CE80917B0F90917C0F04978B
:1026D00009F451CE82E090E090937C0F80937B0FC1
:1026E0000E94815448CE9C0124503109223031058A
:1026F00008F0A8C08FB7F894209162048FBF809132
:102700009F0F9091A00FAC014150510942305105EB
:10271000A0F480E79DE0243009F491C00E94C22516
:10272000882321F00E94AD26811102C00E94B9F0D9
:1027300080919F0F9091A00FE7CE0397C9F70E9459
:10274000C225882399F30E94AD26882379F30E943D
:102750009428892B69F78091400490914104892B3A
:1027600039F780913F048111E3CF80913E048111BC
:10277000DFCF80913D048111DBCF0E94952581112F
:10278000D7CF80914204E82FF0E0DF01AA0FBB1FF2
:10279000A554B34F2D913C91232B51F0E55BFB4F9A
:1027A0009081911105C091E0908389278093420424
:1027B0000E94C225882309F4B9CF80914B0481116E
:1027C000B7CF80914C048111B3CF8091BB0C909115
:1027D000BC0C892B09F0ACCF8091BD0C9091BE0C44
:1027E000892B09F0A5CF0E9404B48111A1CF60917B
:1027F0004704709148048091490490914A040091E3
:10280000430410914404209145043091460460171C
:1028100071078207930789F40E946DCF882369F0BE
:102820000E9447CF882349F00E9473B384E090E070
:102830009093A00F80939F0F7BCF85E69DE00E9431
:10284000573A76CF019709F096CD8FB7F89420913B
:1028500062048FBF8091640490916504019703978F
:1028600008F019C187ED9DE0243091F18091610459
:10287000882309F451C00E9404B48111D6C110927A
:10288000BA0C1092B90C1092B80C1092B70C1092AE
:10289000600410925F0410925E0410925D04109226
:1028A000590410925A0410925B0410925C04109226
:1028B000AE0C1092AF0C1092B00C1092B10C60E004
:1028C00070E0CB010E9401C1811105C08EEC9DE03A
:1028D0000E94383AAAC180914D0490914E0400970D
:1028E000A9F30E949A89882389F31092610481E0F8
:1028F000809358044091B20C5091B30C6091B40C89
:102900007091B50C41155105E1E06E077105B8F104
:102910001092E3141092E2140E94A724882309F471
:102920007BC0809157048111B6C022E0E22EF12CC9
:10293000CC24C394D12C01E080916404909165046F
:10294000E0915D04F0E0E15AFB4F20812111A3C02A
:102950002091610421119FC0039721F480915704B5
:102960008111A0C080915404882309F43FC01092C3
:1029700054040E94272B882309F44EC0DDCF22E0A7
:1029800030E03093E3142093E2141092BC141092C0
:10299000BB1425E030E03093CA142093C914109280
:1029A000CE141092CD141092CF141092D014109215
:1029B000D1141092D2141092D3141092D4141092F5
:1029C000D5141092D6144093D7145093D814609312
:1029D000D9147093DA141092DC141092DB14109254
:1029E000DE141092DD148093DF1496CFCE01019691
:1029F0000E948F26882309F44EC08091550490913F
:102A000056048130910579F41092560410925504C1
:102A10008981803108F0ADCF8091A10F811138C03C
:102A200083EC9DE055CF029761F41092560410920A
:102A300055040E9444AC80914F04802780934F043A
:102A40007BCF1981113029F4D0925604C0925504DD
:102A500073CF123019F40E9444AC6ECF133029F4B6
:102A6000F0925604E092550467CF212F30E094E0B5
:102A7000359527959A95E1F71F702115310561F27B
:102A8000822F0E94272B882339F21093540454CFAD
:102A900090E080E01DCF80916404909165040397DD
:102AA00009F0C3C080915704811118C0809163045C
:102AB000882309F4FECD0E949428892B09F0B5C023
:102AC0008091550490915604892B09F0AEC08091F5
:102AD00054048111AAC084EB9DE0FACE0E948F2499
:102AE0000E94A724811103C08AEA9DE0F1CE809163
:102AF0005F0481119AC080916004811196C0809119
:102B0000B70C9091B80C892B09F08FC08091B90C4B
:102B10009091BA0C892B09F088C00E9404B48111ED
:102B200084C06091AE0C7091AF0C8091B00C90910C
:102B3000B10C009150041091510420915204309135
:102B40005304601771078207930709F073C000915F
:102B5000590410915A0420915B0430915C04601771
:102B600071078207930709F065C00E946DCF882323
:102B700009F460C00E9447CF882309F45BC00E941B
:102B800073B31092E3141092E2141092BC141092DA
:102B9000BB148091AC0C9091AD0C8B3008F03FC011
:102BA000BE016F5F7F4F0E9439AA8823C1F1E9817E
:102BB000FA81E131A0F5FF27EE0FFF1FE258F24F37
:102BC000059114910115110551F16BE174E18BE14F
:102BD00092E10E9478DA882311F1A80160E870E0A0
:102BE0008BEB92E10E94CCF00BEB12E1F80101902B
:102BF0000020E9F78F010C5B12418BE192E10E940A
:102C000058D4882361F0B8018BEB92E10E94FAC19D
:102C10008017910711F40E9447CF0E9473B384E09C
:102C200090E0909365048093640480916404909193
:102C300065046ACC80EA9DE04BCE8430910509F4AE
:102C40003FCD059709F097CB81EA9FE00E94E6808F
:102C500092CBFC0160817181828193810895809182
:102C60007A0E90917B0E039761F5E091BD0FF09184
:102C7000BE0F3697E930F10508F58827ED5BF94678
:102C80008F4F0D94AC03529652965E964F964C968B
:102C90005B9658966696559684E490E1089589EF80
:102CA0009DE0089580E09AE008958FE49FE1089503
:102CB0008CEA91E1089580E29DE008958AE39BE02B
:102CC0000895809106029091070208958DEE9EE18D
:102CD000089580917A0E90917B0E039761F5E091B3
:102CE000BD0FF091BE0F3697E930F10508F5882742
:102CF000E358F9468F4F0D94AC038C968C969896BA
:102D00008996869695969296A0968F9689EA9EE0E9
:102D100008958FEF9AE0089580E09AE008958FE497
:102D20009FE108958CEA91E1089580E29DE0089585
:102D30008AED99E008958091080290910902089522
:102D400082E59DE1089580917A0E90917B0E039724
:102D500061F5E091BD0FF091BE0F3697E930F105B6
:102D600008F58827E954F9468F4F0D94AC03C696B1
:102D7000C696D296C396C096CF96CC96DA96C9964A
:102D800084EB98E008958AEC97E0089580E095E060
:102D9000089580EA9FE008958FEC98E0089589E80F
:102DA00096E0089585E597E008958091020290915C
:102DB000030208958EE790E1089580917A0E909134
:102DC0007B0E039761F5E091BD0FF091BE0F369732
:102DD000E930F10508F58827EF50F9468F4F0D943B
:102DE000AC03009700970C97FD96FA960997069703
:102DF000149703978AE197E008958FE795E0089587
:102E000080E095E008958FEA9FE008958DED98E0C9
:102E1000089587E996E0089580ED94E00895809103
:102E2000040290910502089589EA9EE00895E0E980
:102E3000F0E080818F7C8083E1E7F0E080818B7F10
:102E400080830895982F9F7D91549A31D0F090ED12
:102E5000980F9A30B0F08032A1F093ED980F923035
:102E600080F08F3571F098ED980F923050F08B32E2
:102E700041F0662321F061E08F3209F060E0862F97
:102E8000089561E0FCCFCF92DF92EF92FF920F9313
:102E90001F93CF93DF93D42EC22E8C017C01E60EBC
:102EA000F11CD0E0E016F10639F1F801C1918F0173
:102EB000CC2311F1CD3001F1D11005C0EC2FF0E0A1
:102EC000EE52FD4EC4918C2F8F7D81548A3180F05B
:102ED00080ED8C0F8A3060F06C2D8C2F0E94229731
:102EE000882301F3C032F1F2DF3FE1F2DF5FDACF96
:102EF000DE3FC0F6DE5FD6CF8D2FDF91CF911F91E1
:102F00000F91FF90EF90DF90CF900895AF92BF9216
:102F1000CF92DF92EF92FF920F931F93DC01DC962A
:102F2000ED91FC91DD97309731F1808140E050E0E8
:102F3000BA0183FF0CC0408D518D628D738D8089E5
:102F40009189A289B389481B590B6A0B7B0B4115E8
:102F5000B0E85B076105710520F04FEF5FE760E0C7
:102F600070E0CA011F910F91FF90EF90DF90CF901A
:102F7000BF90AF900895DE96ED91FC9180E090E0D7
:102F8000309781F384A583FF23C020853185428556
:102F900053856485758586859785A080B180C280BC
:102FA000D380E480F580068117810F940305F22F0A
:102FB000E32F2F3F3F47410551056105710581050D
:102FC000910519F010F0FFEFEFE78F2F9E2FCACF7A
:102FD00020E030E040E050E060E070E080E090E031
:102FE000E6CF9091BE0D662321F0892B8093BE0D14
:102FF000089580958923FACF90E080E00895AF92FC
:10300000BF92CF92DF92EF92FF920F931F93CF93D5
:10301000DF930097B9F17B018C01EC01099000204E
:10302000E9F72197C81BD90BCB010F944F006C0116
:10303000C817D90738F1C81BD90BC00FD11F10E032
:1030400000E0C016D10691F0F701E00FF11FB49037
:10305000899190E00F942105A82E8B2D90E00F947C
:103060002105A8120FC00F5F1F4FEBCF81E0DF914A
:10307000CF911F910F91FF90EF90DF90CF90BF9075
:10308000AF90089580E0F3CFFC0180A991A900974B
:1030900021F030E020E00C94B7E682A993A90097D4
:1030A00011F00C9488678FEF9FEF0895CF93DF9313
:1030B0001F92CDB7DEB741E050E0BE016F5F7F4F9A
:1030C0000C960E944498019731F4898190E00F900A
:1030D000DF91CF9108958FEF9FEFF9CF4F925F92DD
:1030E0006F927F928F929F92AF92BF92CF92DF9218
:1030F000EF92FF920F931F93CF93DF931F92CDB761
:10310000DEB7FC0104AD15AD01151105A9F1F801FB
:1031100080889188A288B388C484D584E684F784A3
:1031200030E020E041E050E0BE016F5F7F4FC8011A
:103130000E94B7E60197E9F4898190E0F801808A5E
:10314000918AA28AB38AC486D586E686F7860F90CE
:10315000DF91CF911F910F91FF90EF90DF90CF9073
:10316000BF90AF909F908F907F906F905F904F90A7
:1031700008958FEF9FEFE2CF06AD17AD8FEF9FEF72
:103180000115110521F3F8014080518062807380A0
:1031900084809580A680B780C08CD18CE28CF38C23
:1031A00041E050E0BE016F5F7F4FC8010E94886719
:1031B000019781F4898190E0F80140825182628216
:1031C000738284829582A682B782C08ED18EE28E6F
:1031D000F38EBDCF8FEF9FEFEFCFFC0180A991A9B8
:1031E000009711F00C9453E582A993A9009711F070
:1031F0000C94B86280E008950C960C94ED98DF92E0
:10320000EF92FF920F931F93CF93DF93EB018C010B
:10321000FE01D490F801F1908F018F2D0E94216062
:10322000E82E8D2D0E942160E81204C0FF2059F085
:103230002196EECF80E0DF91CF911F910F91FF900B
:10324000EF90DF90089581E0F6CFCF92DF92EF927A
:10325000FF920E94A0DF6B010E945BD8892BA9F02E
:1032600081E08093BE0DD092BB0DC092BA0DD0927A
:10327000BD0DC092BC0D8091BE0D877E8093BE0DAA
:10328000FF90EF90DF90CF90089587E0EACF2F92E4
:103290003F924F925F926F927F928F929F92AF92E6
:1032A000BF92CF92DF92EF92FF920F931F93CF9333
:1032B000DF93CDB7DEB76E970FB6F894DEBF0FBEC3
:1032C000CDBF7E876D875E8B4D8BDC01D0960D90D8
:1032D000BC91A02DBA87A987109709F4E1C0129676
:1032E0008C9181FF1BC083FD21C08D889E88A40125
:1032F00070E060E0E985FA8580899189A289B389C7
:1033000080959095A095B0955F01FCE0AF0EB11C43
:1033100084179507A607B70708F0D6C4E985FA858C
:103320008181816081831E8A1D8A9FC0A985BA859B
:1033300058964D915D916D917C915B97CD010E9466
:10334000E7E58111D2CFEACF95010E947FE487FDA6
:10335000E5CF811106C089859A850E94F35A88239A
:10336000E9F2A985BA851696ED91FC9117971C96FE
:103370004D915D916D917C911F974250510961096A
:103380007109848104C0440F551F661F771F8A95F9
:10339000D2F781899289A389B489480F591F6A1F7E
:1033A0007B1FFDC4E985FA85848D958DA68DB78D2B
:1033B0000097A105B10589F4CF010E94F35A882333
:1033C00009F4ACCFE985FA8584859585A685B7850E
:1033D000848F958FA68FB78FB8C4E985FA858487C7
:1033E0009587A687B787B1C421E03AC49401232FFB
:1033F000332726950281011B110B2017310708F492
:1034000089012801542C4424550CC416D506E6061F
:10341000F70698F0DB01CA01800F911FA11DB11DB5
:10342000C816D906EA06FB0640F414A28FEF9FEFF8
:10343000DC0187A390A7A1A7B2A72D853E85C30174
:103440000E94B4E128C4E985FA85808D918DA28D12
:10345000B38D8C159D05AE05BF0538F4C08ED18E99
:10346000E28EF38E8281806882838D899E896E963A
:103470000FB6F894DEBF0FBECDBFDF91CF911F9185
:103480000F91FF90EF90DF90CF90BF90AF909F9003
:103490008F907F906F905F904F903F902F90089506
:1034A000DC01D2960D90BC91A02DBE8FAD8F1097F0
:1034B00009F439CF9E968C9181FF73C183FD52C16F
:1034C000ED8DFE8DF081F983AD8DBE8D1196BC9191
:1034D000B987ED8DFE8DF281FB87AD8DBE8D139684
:1034E000BC91BC87ED8DFE8DF481FF87AD8DBE8DC7
:1034F0001596BC91B88BED8DFE8DF681F98BAD8D57
:10350000BE8D1796BC91BA8BED8DFE8D408851888B
:1035100062887388848895882688378829813985C8
:103520004B855C856F85788989899B2F5201630162
:10353000740181010F940C0511F008F03BC11B864A
:103540001C861F86188A198A1A8A1F8A188E8D88E7
:103550009E889A8689862D8D3E8D285E3F4F3C8FB2
:103560002B8FAD8DBE8D2C9011963C90119712969D
:103570004C90129713965C90139714966C90149736
:1035800015967C90159716968C90169717969C908A
:103590001797E985FA85EF2B09F40AC39096ED9108
:1035A000FC91DF01AC5DBD4FCD90DD90ED90FC90C6
:1035B000320121014C205D206E207F20920131706C
:1035C0003C8B2B8B411451046104710409F056C0EB
:1035D000AD8DBE8D5896CD90DD90ED90FC905B97B3
:1035E000C114D104E104F10409F423C19E968C9125
:1035F0009E9786FF0EC15C968D909D90AD90BC907D
:103600005F9718962C91189719963C9119971A96CE
:103610004C911A971B965C911B971C966C911C976A
:103620001D967C911D971E968C911E971F969C91BE
:10363000AFEF0F94F704E15DFD4F0081075F0F943A
:10364000D30429833A834B835C836D837E838F838A
:10365000988729813A814B815C81820E931EA41E3A
:10366000B51EC814D904EA04FB0408F4C4C08D8D47
:103670009E8D0E942760882309F493C0AD8DBE8D76
:103680009096ED91FC91DF01A15DBD4F3C907301DF
:10369000620119E0F694E794D794C7941A95D1F78C
:1036A000AD8DBE8D58964D905D906D907C905B97E2
:1036B000B2E04B1A510861087108032C04C0440C95
:1036C000551C661C771C0A94D2F74C0C5D1C6E1CB2
:1036D0007F1CCF01885E9D4FDC014D915D916D9106
:1036E0007C91440E551E661E771E8B889C88892807
:1036F00009F0C1C089849A84811422E0920608F4FA
:10370000BAC02B853C854F85588969897A898F890C
:10371000988DA0E00F94150509F0ADC04381548148
:103720006581768181819281811434E0930608F06D
:10373000E9C1441655066606770641F410824FEF3C
:103740005FEFBA0143835483658376832D853E857D
:10375000B301A2010E9436E2882319F1212C82E0F4
:10376000382E11C1AD8DBE8D18960C9118971996F3
:103770001C9119971A962C911A971B963C911B979E
:103780001C964C911C971D965C911D971E966C91F2
:103790001E971F967C911F97CD010E94D3608111C7
:1037A0008FCEAD8DBE8D9D968C919D9781609D969F
:1037B0008C93B9CD82019301A401B1018D8D9E8DB1
:1037C0000E94D360882369F3298139854B855C8504
:1037D0006F85788989899A89520163017401810111
:1037E0000F9403052B873C874F87588B698B7A8B07
:1037F0008F8B988FACCE3FEFC31AD30AE30AF30A3C
:10380000AD8DBE8D5896CD92DD92ED92FC925B9778
:1038100035CF2B8D3C8DB701A601CF010E94915D64
:10382000082E000C990B97FDBCCF892B09F41FCFF4
:1038300025CFED8DFE8D848D958DA68DB78D00974E
:10384000A105B10589F4CF010E942760882309F4FE
:10385000A8CFED8DFE8D808D918DA28DB38D848F3F
:10386000958FA68FB78F0ACFED8DFE8D808F918FAC
:10387000A28FB38F03CF212CB2E03B2E8B889C8884
:1038800028183908892809F02EC1AD8DBE8D2C91DC
:1038900011963C91119712964C91129713965C9148
:1038A000139714966C91149715967C9115975096D2
:1038B000AC9050975196BC9051975296CC9052979D
:1038C0005396DC9053975496EC9054975596FC90F1
:1038D000559756960C91569757961C915797169652
:1038E0008C91169717969C910F940C0508F4FBC0C9
:1038F00025E0B301A201CF010E94C0E3009709F4C3
:1039000050CFEB89FC89E80FF91F2B853C854F854B
:10391000588969897A898F89988DA0E00F94150557
:1039200009F4E3C04101B12CA12CC12CD12C7601AA
:1039300029829A82AB82BC82CD82DE82EF82F886B7
:103940005101C12CD12CE12CF12C00E010E00F949E
:103950000C0510F4222E332EA10170E060E0CF019F
:103960000F943F058B899C89820D931D8115924090
:1039700051F4AD8DBE8D90968D919C910E948AE2FE
:10398000882309F40ECF910150E040E060E070E040
:10399000CB0129823A834B835C836D837E838F8343
:1039A000988740E050E060E070E080E090E0AD8D0E
:1039B000BE8DAC901196BC9011971296CC90129738
:1039C0001396DC9013971496EC9014971596FC9030
:1039D000159716960C91169717961C9117970F949A
:1039E000EE04722E832E942E652E562E472EF82F1F
:1039F000E92F2C9311963C93119712964C931297A2
:103A000013965C93139714966C93149715967C9366
:103A1000159716968C93169717969C932B853C8535
:103A20004F85588969897A898F89988DA0E00F948C
:103A3000150509F4B0C0A980BA80C12CD12CE12CA5
:103A4000F12C00E010E00F9403052B873C874F8793
:103A5000588B698B7A8B8F8B988FAD8DBE8D5096DE
:103A6000AC9050975196BC9051975296CC905297EB
:103A70005396DC9053975496EC9054975596FC903F
:103A8000559756960C91569757961C915797272DF8
:103A9000382D492D562D652D742D8F2F9E2F0F9467
:103AA0000C0509F008F45DCD9E968C919E97806878
:103AB0009E968C939E9750967C92509751968C929E
:103AC000519752969C92529753966C925397549654
:103AD0005C92549755964C9255975696FC935697F0
:103AE0005796EC933ECD21E004CF89849A848214CA
:103AF000930408F41401A1016D857E85CF010F9414
:103B0000360530CF09851A85012F1127069530E03B
:103B100020E0812C912C5401839404C0880C991CC2
:103B2000AA1CBB1C3A94D2F789829A82AB82BC82CF
:103B30008C189D08AE08BF08081519052A053B0515
:103B400010F44801590195018401A9E0000F111FEB
:103B5000221F331FAA95D1F718018401441555057A
:103B60006605770588F0840C951CA61CB71C4815C3
:103B700059056A057B0540F410822FEF3FEFA9013C
:103B800023833483458356832D853E85B301A2016B
:103B90000E94B4E1F5CEAD84BE84A20CB31CBE86F7
:103BA000AD8629853A85221933093A87298755CF69
:103BB000ED8DFE8D20853185428553856485758523
:103BC0008685978551016201730184010F940C056C
:103BD00008F04BCC208631864286538664867586F3
:103BE0008686978686A5806886A73FCCFC014250D2
:103BF000510961097109848104C0440F551F661F72
:103C0000771F8A95D2F781899289A389B489480F51
:103C1000591F6A1F7B1F80E092E0861997092401D3
:103C20008815990508F42C016114710409F0DCCBA6
:103C3000A985BA8550960D911D912D913C91539770
:103C40005896CD90DD90ED90FC905B970C151D057E
:103C50002E053F0520F412968C9185FFC5CB25E0FB
:103C6000CF0184960E94C0E3009709F457CBA201CC
:103C70006D857E85860D971D0F943605640C751C29
:103C80006114B2E07B0651F4E985FA85868197815B
:103C900084960E948AE2882309F440CBE985FA855C
:103CA00080899189A289B389840D951DA11DB11DBB
:103CB000808B918BA28BB38B2D853E85240D351D7A
:103CC0003E872D8784189508E985FA85C088D188B4
:103CD000E288F3888114910409F4B5CB8681978139
:103CE000DC0113961C91B701A60129E07695679532
:103CF000579547952A95D1F714233601B1E07B22D9
:103D0000111123C04485558566857785611471043A
:103D100009F06CCF411551056105710509F442CBDD
:103D2000228126FF11CB208C318C428C538CC21403
:103D3000D304E404F50408F007CB4F5F5F4F6F4FE7
:103D40007F4F4487558766877787A985BA851696FA
:103D5000ED91FC9117971C964D915D916D917C9121
:103D60001F974250510961097109848104C0440FB1
:103D7000551F661F771F8A95D2F781899289A3897B
:103D8000B489840F951FA61FB71FAC01BD01410F59
:103D9000511D611D711D6114710409F03CCF811426
:103DA000B2E09B0608F437CFC7A0D0A4E1A4F2A4E8
:103DB00065A076A0811424E0920608F017CB4C157C
:103DC0005D056E057F0541F414A28FEF9FEFDC01C6
:103DD00087A390A7A1A7B2A72D853E85C3010E9406
:103DE00036E2882309F49ACA412C02E0502E56CFBD
:103DF0000C960C944799CF93DF931F92CDB7DEB703
:103E0000698341E050E0BE016F5F7F4F0C960E94D6
:103E100047990F90DF91CF910895CF93DF93C6E03C
:103E2000D0E120E8FE0111922A95E9F722E1FC0198
:103E3000DE0101900D922A95E1F76A8B7B8BFC01E4
:103E400076968AE2AAE1B0E101900D928A95E1F7B7
:103E5000DF91CF91089528E0462F50E05595479582
:103E600097FD0CC06170880F991F662319F035E02B
:103E7000832790582150642F79F708956095F2CFE9
:103E8000CF93DF9300D01F92CDB7DEB7BE016D5F39
:103E90007F4FCE0101960E944136882309F1498166
:103EA0005A812B813C81240F351F4115510511F496
:103EB00041E050E02230310510F422E030E02150A2
:103EC0003109309399002093980050939B004093C0
:103ED0009A00509349024093480291E090936E0EED
:103EE0000F900F900F900F90DF91CF9108959093C6
:103EF0007B0E80937A0E10928303109282031092AD
:103F0000810310928003109276031092770310922F
:103F10007803109279031092750310927403109233
:103F2000730310927D0310927C0310926A0E10921C
:103F3000690E1092680E1092790E1092780E1092FF
:103F4000770E1092760E1092750E1092740E1092DB
:103F5000730E1092720E1092710E1092700E1092DB
:103F60006F0E10926E0E10926B0E019711F410925C
:103F700093030895AF92BF92CF92DF92EF92FF9298
:103F80000F931F93CF93DF93F82E5B01E42E69010B
:103F9000E801882319F10E946996F60191838083D4
:103FA0000E942F969983888380913502882359F047
:103FB00080917A0E90917B0E039729F0A114B104A1
:103FC00089F5FF2061F1DF91CF911F910F91FF9053
:103FD000EF90DF90CF90BF90AF9008950E94DD9654
:103FE000F601918380830E94A39699838883A1140C
:103FF000B104D1F68091430E8823B1F2823051F49E
:1040000080E09FE0F6019183808380E890E19983CE
:104010008883D9CF8FED9EE0F601918380838DE276
:1040200090E1F5CFAA94AB2839F480E090E1FF202D
:1040300071F383E79EE1EBCFFF2039F08AE69EE142
:10404000EE2029F38DE39EE1E2CF87EF9FE0EE20A3
:10405000F1F28AEC9FE0DBCFCF92DF92EF92FF92FA
:104060000F931F93CF93DF93CDB7DEB76E970FB645
:10407000F894DEBF0FBECDBF8C018F30910509F4DF
:10408000B1C00797FF24F394029760F00630110542
:1040900009F0F12C0031110509F4A7C00A3011050F
:1040A00009F4A3C0EE24E3940930110509F0E12CD2
:1040B000680182E0C81AD1080B30110509F098C0D8
:1040C00082E08093340281E090E021E00D30110520
:1040D00009F020E020937B039801277F25303105EC
:1040E00011F483E090E02EE1289FB001299F700D2C
:1040F0001124645B784E4EE150E0CE0101960F949E
:104100003D008E819F8190930502809304028885F3
:10411000998590930302809302028A859B859093F0
:104120000902809308028C859D85909307028093F5
:1041300006020115110509F473C0F1100AC0FE2C26
:10414000E11007C0FF24F39483E0C816D10408F0FF
:10415000F12CF09235021092430E8E859F8590933C
:104160001202809311028A899B8990931002809396
:104170000F028E8980930E028F8980930C02888DA6
:1041800080930D02898D80930B028A8D80930A02A1
:104190008B8D9C8D909372038093710383E0C8167E
:1041A000D10488F48CE795E1909312028093110278
:1041B0009093100280930F0282E00430110509F001
:1041C00081E08093430E6E960FB6F894DEBF0FBE6B
:1041D000CDBFDF91CF911F910F91FF90EF90DF90B6
:1041E000CF900895FF24F3945DCFEE24E39460CF45
:1041F0000C30110531F483E08093340282E090E0CA
:1042000064CF0E30110531F484E0809334028AE0EB
:1042100090E05BCF81E08093340290E080E055CF66
:10422000FF24F39496CF982F96959575891B982F18
:104230009373869586958373890F982F92959F70B7
:10424000890F8F7008952F923F924F925F926F92D5
:104250007F928F929F92AF92BF92CF92DF92EF9216
:10426000FF920F931F93CF93DF93CDB7DEB7A6973F
:104270000FB6F894DEBF0FBECDBF8A8B2A013B017B
:104280000A871B872C873D878E2DDC8ACB8A0E946C
:1042900013A1982E8F2D0E9413A1980EA92CB12C3A
:1042A000D12CC12CAD8ABE8ACF8AD88E0E94DD96D1
:1042B0009A8389830E94A3968C010E9469969F8F9E
:1042C0008E8F0E942F9699A388A330E020E068018A
:1042D0007901A980BA80CA0CDB1CE11CF11CCA8ED2
:1042E000DB8EEC8EFD8EBA88209011023090120287
:1042F000B11004C020900F023090100280917B0317
:10430000882309F475C18091710390917203892B00
:1043100009F471C102E009879201A30160E070E035
:1043200080E090E003E00F94B804822E398F4BA315
:104330005AA3B62FA72FF82FE92F0A851B852C85A6
:104340003D857801890120E130E040E050E060E007
:1043500070E080E090E057016801E12CF12C00E072
:1043600010E00F94030559016A017B018C01282D8F
:10437000398D4BA15AA16B2F7A2F8F2F9E2F0F941F
:10438000EE04A92CB12CC12CD12CE12CF12C00E095
:1043900010E00F940305AA84BB84CC84DD844A0C0E
:1043A0005B1C6C1C7D1CCD88DE88EF88F88C4C0C67
:1043B0005D1C6E1C7F1C63015201E12CF12C8701F6
:1043C0004A86BB866C86DD86EE86FF86088B198B57
:1043D000512C412C612C712C4301BA88BB2009F46B
:1043E0000DC1C0900C02CD8AB984AB2CB12CD12C5C
:1043F000C12CE12CF12C8701A982BA82CB82DC820C
:10440000ED82FE820F83188759016A017B018C01BE
:10441000298530E040E050E060E070E080E090E02E
:104420000F94D60351016201730184010F94EE04CD
:10443000AD88B12CC12CD12CE12CF12C00E010E086
:104440000F94EE040985023009F0DCC0209071035E
:1044500030907203512C412C612C712C430151017D
:104460006201730184010F94EE0429873D8B498F0B
:104470005AA36BA37CA38DA39EA31A8980910E02DD
:10448000111102C080910D0280900A02880E9924B9
:10449000991C292D220F220B2A8B2A853B854C85BE
:1044A0005D8560E070E080E090E0A4E00F94F704A8
:1044B000A980BA80CB80DC80ED80FE800F811885DA
:1044C0000F94D60359016A017B018C0194014A893A
:1044D000542F642F742F842F942F0F94EE04A8A1CF
:1044E000B9A16D01F12CE12CEE8DFF8DCE0EDF1EFA
:1044F000E11CF11C56016701E12CF12C00E010E0F9
:104500000F94D60329013A014B011C01CA8CDB8CA4
:10451000EC8CFD8C56016701E12CF12C8701A982FE
:10452000BA82CB82DC82ED82FE820F831887A98457
:10453000BD88C98CDAA0EBA0FCA00DA11EA1298129
:104540003A814B815C8160E070E080E090E00F9404
:10455000D6032056304F4F4F5F4F6F4F7F4F8F4FD7
:104560009F4F59016A017B018C019201A301B401A3
:10457000C1010F94EE04E0E4AE2EFFE1BF2EC12C8A
:10458000D12CE12CF12C00E010E00F945B04298782
:104590003983F42FE52F2F3F3F4F4F4F5F4F61057A
:1045A000710581059105B9F1B0F18FEF9FEFDC0145
:1045B000EB89FC8980839183A283B38380E0A696F4
:1045C0000FB6F894DEBF0FBECDBFDF91CF911F9124
:1045D0000F91FF90EF90DF90CF90BF90AF909F90A2
:1045E0008F907F906F905F904F903F902F900895A5
:1045F00011E0198791CE21E029878ECED0900B0251
:10460000DD8AF2CE212C312C412C512C612C712CC5
:10461000812C912C24CF85E993E0892B31F2898577
:104620009981AF2FBE2F40919503509196036091D1
:104630009703709198038A019B010095109520952E
:104640003095081719072A073B0760F48FEF9FEF93
:10465000DC018093950390939603A0939703B09306
:104660009803A3CF480F591F6A1F7B1F40939503E0
:10467000509396036093970370939803EB89FC899A
:1046800040815181628173818A019B01009510955F
:1046900020953095081719072A073B0708F485CF9E
:1046A000840F951FA61FB71F80839183A283B383B6
:1046B00081E085CF2F923F924F925F926F927F92CF
:1046C0008F929F92AF92BF92CF92DF92EF92FF9222
:1046D0000F931F93CF93DF93CDB7DEB76B970FB6D2
:1046E000F894DEBF0FBECDBF69877A878B879C8722
:1046F00029013A01802FC98ADA8AEB8AFC8ABB8EAB
:10470000AA8E0E9413A1082F812F0E9413A1E82FC7
:1047100049855A856B857C85A3E0440F551F661F2C
:10472000771FAA95D1F7441555056605770508F456
:1047300005C1A301920160E070E0CB0149823A8398
:104740006B825C836D837E838F8398870E0F098FC6
:104750004BA95CA99A0140E050E060E070E080E085
:1047600090E0A0E10F94F7045401C12CD12CE12C6E
:10477000F12C00E010E00F94EE04A988BA88CB88F1
:10478000DC880F94EE04A980BA80CB80DC800F9483
:10479000030539014A01B62FA72FF82FE92FE98425
:1047A000FA840B851C856701780100E010E0980110
:1047B000C986DA86EB86FC860D871E872F87388BA5
:1047C0009601A70160E070E080E090E003E00F94C4
:1047D000B80459016A017B018C019301A4016B2F7C
:1047E0007A2F8F2F9E2F0F94EE04A98CB12CC12C01
:1047F000D12CE12CF12C00E010E00F9403054FA820
:1048000058AC69AC7AAC1201510163010F94D60324
:10481000322E832E942E252E2B013C014DA95EA90C
:104820009A0140E050E060E070E080E090E0A2E0BB
:104830000F94F704E9A9FAA95F01C12CD12CE12C4E
:10484000F12C00E010E00F94EE04CA8CDB8C5601D2
:10485000D12CC12CE12CF12C8701A98ABA8ACB8AF0
:10486000DC8AED8AFE8A0F8B188FC12CD12CE12CAB
:10487000F12C00E010E00F94EE04A980BA80CB8008
:10488000DC800F94EE04A984BA84CB84DC840F947A
:10489000EE04A98CB12CC12CD12C0F94EE04CBAC1E
:1048A000DCACEDACFEAC56016701E12CF12C8701CC
:1048B000A982BA82CB82DC82ED82FE820F831887C6
:1048C000E12CF12C00E010E00F94D6032056304F7D
:1048D0004F4F5F4F6F4F7F4F8F4F9F4F59016A016F
:1048E0007B018C01232D382D492D522DB201C3019E
:1048F0000F94EE04E0E4AE2EFFE1BF2EC12CD12CCC
:10490000E12CF12C00E010E00F945B04F42FE52F74
:104910002F3FAFEF3A074A075A0761057105810536
:10492000910571F068F08FEF9FEFDC012196EEADFD
:10493000FFAD219780839183A283B38380E01FC062
:10494000C901AF2FBE2F2196EEADFFAD219740815B
:104950005181628173818A019B0100951095209598
:104960003095081719072A073B07E8F2840F951FAF
:10497000A61FB71F80839183A283B38381E06B96C8
:104980000FB6F894DEBF0FBECDBFDF91CF911F9160
:104990000F91FF90EF90DF90CF90BF90AF909F90DE
:1049A0008F907F906F905F904F903F902F900895E1
:1049B00081E08093B30F109294038FEF80930002F5
:1049C000E091B40FF091B50F309711F080E0199499
:1049D00008958FB7F89410927F0310927E0310927F
:1049E000700310926F03109201028FBF08954FB7AA
:1049F000F89420917E0330917F0380916F03909112
:104A000070034FBF821B930B08955B9A08958091AA
:104A1000B60F882359F02091BD0F3091BE0F26505C
:104A2000310981E02230310508F080E0089580915D
:104A3000B60F882359F02091BD0F3091BE0F24503E
:104A4000310981E02230310508F080E0089580913D
:104A5000B60F882359F02091BD0F3091BE0F23501F
:104A6000310981E02330310508F080E00895E6EB5C
:104A7000FFE080E5DF011D928A95E9F70895CF9266
:104A8000DF92EF92FF921F93CF93DF93182FD62FD1
:104A9000C42F0E9423DF6B017C0180910301817090
:104AA0001817B1F10E9423DF6C197D098E099F0947
:104AB000613472448F40910580F385E58093F50F52
:104AC0008CE48093F60F87E38093F70F8091BD0FFE
:104AD0009091BE0F0597D1F08CE48093F80F80E29F
:104AE0008093F90FD093FA0FC370C05DC093FB0F92
:104AF0008093FC0F88E00E94CFDC80E0DF91CF91B3
:104B00001F91FF90EF90DF90CF90089588E4E5CF5C
:104B100081E0F4CF882311F0749A08957498089571
:104B2000AC0161E170E085EF9FE00C94CCF0CF9296
:104B3000DF92EF92FF92CF93C82F0E9423DF6B0189
:104B40007C01809103018170C817B1F00E9423DFBE
:104B50006C197D098E099F096132714A8740910560
:104B600080F38CE894E10E9490A580E0CF91FF90C3
:104B7000EF90DF90CF90089581E0F8CF1F93CF930F
:104B8000DF938095C82FCC0FC11DCC0FC11D14E041
:104B900080E00E9497A58823E9F08C2F881F882742
:104BA000881F0E948AA55B9881E00E9497A5D82F54
:104BB000882381F0C6FB882780F90E948AA50E947D
:104BC00005A5CC0FCC0F115019F78D2FDF91CF9188
:104BD0001F910895D0E0F9CFEAECFFE080E09191D9
:104BE000992311F09D3059F4E82FF0E0E653F04F8F
:104BF000882349F09291903231F48150F9CF8F5F40
:104C0000813169F7F1CF08958E30910549F09C010B
:104C10002B50310981E02230310518F080E00895F1
:104C200081E008958091B60F882331F08091BD0F07
:104C30009091BE0F0C9404A680E008950E9412A6E5
:104C4000882359F020917A0E30917B0E2250310941
:104C500081E02230310508F080E008958D30910523
:104C600049F09C012850310981E02330310518F0CA
:104C700080E0089581E00895EF92FF920F931F93D3
:104C8000CF93DF93DC01892B49F490E080E0DF9142
:104C9000CF911F910F91FF90EF9008958091B60FE3
:104CA000882399F34091C10F5091C20F6417750783
:104CB00060F30091BD0F1091BE0FC80101970297DC
:104CC00008F0C4C00230110509F0BBC08091BF0FCD
:104CD0009091C00F480F591F8DEE8C9383E711966A
:104CE0008C93119712964C93129713965C9313978B
:104CF00081E314968C931497CA01429615968C936F
:104D0000159716969C93169787E090E0E6E0F6E1FB
:104D1000ED01C80FD91F2AE036E1649169933196FD
:104D20002E173F07D1F79C012C5F3F4F6091BD0FBD
:104D30007091BE0F6230710581F4ECE6F6E1ED0191
:104D4000C20FD31F20E736E16491699331962E1785
:104D50003F07D1F79C01285F3F4FED01C20FD31FE2
:104D600081E088839091C30F8091C40FF90131963F
:104D7000EA0FFB1F9083818381E28B839091C50FA3
:104D80008091C60FF9013496EA0FFB1F908381834F
:104D900081E18E839091C70F8091C80FF9013796FA
:104DA000EA0FFB1F9083818385ED898784ECE82ED1
:104DB00085E1F82EC9010A968A0F9B1F63E076E110
:104DC000F7011491FC011193CF01FFEFEF1AFF0AD5
:104DD0006E157F05A9F789EDFE01E75BFF4F808324
:104DE00091E031969083319610823196908331967E
:104DF000808331961082B901605B7F4F81EE3196DE
:104E000080838091BD0F9091BE0F029799F46A0F35
:104E10007B1F8DEEFB018083CF5ADF4F8BE78883AA
:104E2000F901EE5AFF4FEA0FFB1F40835183B9018E
:104E30006C5A7F4FCB010196A60FB71F29EE2C931A
:104E400026CF50E040E090E080E060CF03301105D5
:104E500009F0D6C08091BA0F811140C0EFE4F6E1AD
:104E6000CD014D96ED012491299331968C179D0724
:104E7000D1F781E05D968C935D979091C30F8091FF
:104E8000C40F5E969C935E975F968C935F9781E2CA
:104E900090968C9390979091C50F8091C60F9196A4
:104EA0009C93919792968C939297E9E8F5E1ED01A6
:104EB000A396CD01825A9F4F2491299331968C1746
:104EC0009D07D1F73091C70F2091C80FFC013083A7
:104ED000A15ABF4F2C9380E690E0D9CE91E29C93EB
:104EE0008DE111968C93119781E112968C93129714
:104EF00013968C93139714961C92149780EC159626
:104F00008C93159785ED16968C93169721E017963E
:104F10002C93179783E518968C93189719961C92E3
:104F200019978DEE1A968C931A9780EB1B968C939B
:104F30001B9789EC1C968C931C975EE31D965C93E3
:104F40001D9748E01E964C931E9733ED1F963C9399
:104F50001F978EEC50968C9350978DEC51968C93B6
:104F6000519752965C93529757E053965C935397A0
:104F700054968C93549755964C93559743E0569678
:104F80004C93569757968C9357978EEB58968C93D5
:104F9000589782E059968C9359975A963C935A9712
:104FA00080EE5B968C935B975C962C935C9720913C
:104FB000C30F8091C40F5D962C935D975E968C9382
:104FC0005E9789ED5F968C935F9790969C939097F0
:104FD0009091C50F8091C60F91969C939197929650
:104FE0008C939297EEE4F5E1ED01A396CD01825A00
:104FF0009F4F2491299331968C179D07D1F762CF4B
:10500000ED01C8010E942EA6882361F0EEEEF4E1C6
:10501000CE01805A9F4F2491299331968C179D077A
:10502000D1F759CFC8010E9404A6882309F447C0CC
:10503000E4E9F4E1DE01CE01865A9F4F24912D93DD
:1050400031968A179B07D1F78091BD0F9091BE0FC3
:105050008C30910591F10E9771F582E5FE01E55BCB
:10506000FF4F808331968091C90F80839091C30F49
:105070008091C40F31969083319680839091C50FB3
:105080008091C60F31969083319680839091C70F9F
:105090008091C80F3196908331968083DE01AD5A9E
:1050A000BF4F97E0E1EEFFE001900D929A95E1F796
:1050B0008AE590E0ECCD8BE1D1CF89E2CFCF0450EF
:1050C00011090230110508F091C00E94ECA5209151
:1050D000BF0F3091C00F4091C50F5091C60F61E5D1
:1050E0004115504108F463E5620F732F711D9EE373
:1050F000988396E199839DEC9A8392E19B831C822D
:1051000091E19D836E837F839FED98872091C50FEA
:105110003091C60F09E010E02115304130F493EDD5
:10512000998790EE9A870BE010E0DE01A00FB11F87
:1051300091E09C934091C30F9091C40FF801319678
:10514000EC0FFD1F4083918399ED13969C93139769
:1051500091E214969C9314974091C50F9091C60FBD
:10516000F8013596EC0FFD1F4083918320E736E16F
:10517000A801495F5F4F4C0F5D1F6EEA76E1F901B0
:105180009491FA019193AF012F5F3F4F621773071C
:10519000B1F7AB5BBF4F93EC9C934091C70F9091DD
:1051A000C80FF801EA5BFF4FEC0FFD1F40839183AE
:1051B000085B1F4FE82EF12CA7016AEC7FE0CE01BF
:1051C000800F911F0F94360598012E0D3F1DC20FC1
:1051D000D31F8DE088838091C10F9091C20F2F5F04
:1051E0003F4F2817390709F050CD51CD81E0888312
:1051F0009091C30F8091C40F99838A8381E28B833E
:105200009091C50F8091C60F9C838D8381E18E8321
:105210009091C70F8091C80F9F83888785ED8987FC
:105220008091BD0F9091BE0FDE011A96EAE0F6E183
:105230000297D1F484918D93319686E1EE34F8078C
:10524000C9F7FE01E25BFF4F8DEE808331968BE75D
:1052500080833196108231961082CE5ADF4F89EECC
:10526000888383E590E013CD84918D93319696E108
:10527000EF34F907C9F78FE490E009CDCF93DF93BE
:105280008091B60F882391F0C091BD0FD091BE0FD1
:10529000CE010E942EA6811109C0CE010E9404A653
:1052A000811104C0DF91CF910C9407A5DF91CF91BC
:1052B00008958091B60F882331F08091BD0F9091B1
:1052C000BE0F0C942EA680E008950F931F93CF93EA
:1052D000C091B60FCC2399F00091BD0F1091BE0F75
:1052E000C8010E942EA6C82F81110EC0C8010E94BD
:1052F00004A6811104C00E9407A5C1E0C8278C2F15
:10530000CF911F910F910895C0E0F9CFCF93DF9314
:10531000CDB7DEB72E970FB6F894DEBF0FBECDBF68
:105320002FEF260F283628F5883021E1920759F50E
:10533000FE0133968CE0DF011D928A95E9F783EC3C
:10534000898388E08A8381E18B83DE011196AE0137
:10535000415F5F4F2D9190E080E08D30910569F1C4
:10536000FC01E850F44E3491231327C0E4912E172A
:1053700051F180E02E960FB6F894DEBF0FBECDBF80
:10538000DF91CF9108958115904C99F781E289833F
:1053900088E08A8381E18B838C831D8280EC8E83FD
:1053A00091E09F83688719869DEE9A8790EB9B8793
:1053B00093EC9C871D868E87C8CF0196811531E0BE
:1053C000930759F6D6CF4A175B0709F0C3CF81E0A0
:1053D000D1CF282F30E09091620E992339F01092AE
:1053E000600E10925F0E922F882708958C3490F0F3
:1053F0002B54310940E253E0249FC001259F900DBA
:10540000349F900D11249093600E80935F0E80E680
:105410009AEE08951092600E10925F0E40E253E0F3
:10542000249FC001259F900D349F900D1124089555
:105430004FB7F8942091660E3091670E8091640EFC
:105440009091650E4FBF821B930B0895CF93C62F8B
:10545000AC0161E170E089E092E10E94CCF0C09380
:10546000630ECF910895FC016081718182819381E7
:105470000895DB01FC013197EA30F10588F58827B2
:10548000EB5BF5458F4F0D94AC034FAA55AA5EAA6E
:1054900061AA64AA6AAA6DAA58AA5BAA67AA8BE045
:1054A00090E08D939C9381E008958CE090E0F9CF9B
:1054B0008EE090E0F6CF8FE090E0F3CF86E090E0D2
:1054C000F0CF87E090E0EDCF88E090E0EACF80E198
:1054D00090E0E7CF89E090E0E4CF8AE090E0E1CF90
:1054E0001D921C92E0CF4F925F926F927F928F92AB
:1054F0009F92AF92BF92CF92DF92EF92FF920F9363
:105500001F93CF93DF935C014B016A012901CB010B
:105510000F944F00EC013C018FEF681A780AF501F7
:105520008081882309F450C08501F80181918D3074
:1055300009F446C08A3009F443C0882309F444C002
:1055400078015701F7018191882321F08D3011F006
:105550008A30C1F5E01AF10A6E147F0400F7AE013B
:10556000B401C8010F943000892BC9F6F801EC0F83
:10557000FD1F80818D3399F6C095D095EC0EFD1EF0
:10558000E414F50408F5B801660D771DA701C601FE
:105590000F943605EC0CFD1CF701108281E0DF91C1
:1055A000CF911F910F91FF90EF90DF90CF90BF9020
:1055B000AF909F908F907F906F905F904F900895E5
:1055C0008F01B3CF7F01BDCF80E0E9CFDF92EF92B3
:1055D000FF920F931F93CF93DF937C018B01EA011E
:1055E0006BE274E10E94FF98D82E82E090E0D11027
:1055F00040C062E274E1C7010E94FF98D82E83E0A8
:1056000090E0D11036C069E174E1C7010E94FF98B3
:10561000882371F024E030E039832883D82E8D2D43
:10562000DF91CF911F910F91FF90EF90DF90089540
:10563000F8018081811102C0D12CF1CF62E174E1C7
:10564000C7010E94FF98D82E882351F16EE074E1C3
:10565000C8010F944600892B19F419821882DFCFF4
:105660006AE074E1C8010F944600892B29F48BE0AD
:1056700090E099838883D3CF66E074E1C8010F94EA
:105680004600892B19F48CE090E0F3CF62E074E1DE
:10569000C8010F944600892B79F68EE090E0E9CF9F
:1056A0006CEF73E1C7010E94FF98D82E8823A9F000
:1056B00068EF73E1C8010F944600892B19F48DE05F
:1056C00090E0D7CF64EF73E1C8010F944600892BB7
:1056D00009F0B2CF85E090E0CCCF61EF73E1C70174
:1056E0000E94FF98D82E882349F16DEE73E1C8011E
:1056F0000F944600892B19F48FE090E0BACF69EE41
:1057000073E1C8010F944600892B19F486E090E0FC
:10571000B0CF65EE73E1C8010F944600892B19F4F0
:1057200087E090E0A6CF61EE73E1C8010F944600D8
:10573000892B09F081CF88E090E09BCF6EED73E17B
:10574000C7010E94FF98D82E882309F475CF6AED0F
:1057500073E1C8010F944600892B19F480E190E0B1
:1057600088CF66ED73E1C8010F944600892B19F4C8
:1057700089E090E07ECF62ED73E1C8010F944600AE
:10578000892B09F059CF8AE090E073CF7F928F92F6
:105790009F92AF92BF92CF92DF92EF92FF920F93C0
:1057A0001F93CF93DF938C01E62E942E242F41E09C
:1057B0000E944397782E292D40E06E2DC8010E944B
:1057C0004397882E6801E00EF12EF11CA12CB12C1C
:1057D000D0E0EC14FD0429F0F601C1916F01C11174
:1057E0000CC0F801ED0FF11DDD23A1F18291803293
:1057F00011F08E3279F5D150F7CFCD3091F3781486
:1058000028F4EC2FF0E0EE52FD4EC491C03211F0BE
:10581000CE3211F4DD23E9F2692D8C2F0E942297FC
:10582000811116C0A110D5CFCFE5AA24A3948C2F47
:105830008F7D81548A3120F080ED8C0F8A3010F4F6
:10584000BB24B394F801ED0FF11DC083DF5FC1CF1E
:10585000A12CEDCFF801ED0FF11D1082BB2029F036
:10586000BB24B394D11101C0B12C8B2DDF91CF910A
:105870001F910F91FF90EF90DF90CF90BF90AF906E
:105880009F908F907F9008958091E2149091E314FF
:105890008130910581F480E890E0A0E0B0E0809351
:1058A000D7149093D814A093D914B093DA1490E03D
:1058B00080E00C9464D9029731F480914D0490916A
:1058C0004E04892BA1F70895CF92DF92EF92FF92B9
:1058D0000F931F93CF93DF93EC01162FE090E21408
:1058E000F090E314E114F10431F001978115944034
:1058F00020F00E9444AC80E02CC06111FCCFC0902D
:10590000C914D090CA14C114D10461F54091D014C7
:10591000442309F4B0C28091CF148C171D0611F0F6
:1059200008F0A9C24C171D0608F4A5C28091CD1439
:105930009091CE148F3F980729F001969093CE1442
:105940008093CD1481E02091BB143091BC14232BA3
:1059500091F2DF91CF911F910F91FF90EF90DF9027
:10596000CF90089589EC94E1892B61F385E0C81606
:10597000D10409F0F6C0CE010E94ACD92091CD141B
:105980003091CE1481111CC02F3F310509F030F445
:105990002F5F3F4F3093CE142093CD148091CD14C0
:1059A0009091CE148115914069F684E090E0909337
:1059B000CA148093C9141092CE141092CD14C2CF81
:1059C00020383105C0F3CE010E9464D9BBCF8D3C95
:1059D000910508F072C0C032D10508F09CC0E82FD4
:1059E0005C2F550F550F550F252F281B581710F4F6
:1059F000282F251BBC0175956795759567956830AF
:105A000008F468E0621708F486C030E05E1708F416
:105A10004BC02C5F3F4FA3E036952795AA95E1F741
:105A2000820F90E09093CC148093CB140F3F10071B
:105A300031F00F5F1F4F1093CE140093CD1480915F
:105A4000CD149091CE148115914009F07BCF8091B7
:105A5000CB149091CC149C01215031092C3C310580
:105A600008F070CF582F9C013595279535952795CF
:105A7000283008F428E0251710F4482F421B50E086
:105A8000495F5F4F73E0569547957A95E1F74093EC
:105A9000CF14280F822F90E0E3E095958795EA9543
:105AA000E1F78093D0144ECF2D5F3F4FF3E0369552
:105AB0002795FA95E1F7821BB4CFBE01E3E0660FAC
:105AC000771FEA95E1F79B01281B390B68177907C7
:105AD00018F49C01261B370BFC01F695E795F6950B
:105AE000E795E217F307B8F06817790750F02C5FD5
:105AF0003F4FB3E036952795BA95E1F7820F931F94
:105B000091CF2D5F3F4FA3E036952795AA95E1F7FA
:105B1000821B930B87CFCE010E94ACD900311105B7
:105B200008F451CF813009F04ECF21E030E03093BE
:105B3000CA142093C9148093CF141092D014EA94FD
:105B4000EF2829F01092DC141092DB14FBCE63E0F6
:105B5000CC0FDD1F6A95E1F7D093DC14C093DB1402
:105B6000A0CFCE010E94ACD987FD2DCF91E0C91600
:105B7000D10409F066C09091CF14813009F045C07E
:105B80009F3F19F09F5F9093CF14EA94EF2809F09C
:105B9000D9CE2091D014203108F0D4CE53E0CC0FD0
:105BA000DD1F5A95E1F7211106C0D093DC14C09394
:105BB000DB1481E076CF8091DB149091DC14C81760
:105BC000D90790F0C81BD90B249643E0D695C7950A
:105BD0004A95E1F7C80FD91FD093DC14C093DB14AA
:105BE0002F5F2093D014AECEAC014D5F5F4F4C1BA6
:105BF0005D0B33E0569547953A95E1F7841B950B7D
:105C00009093DC148093DB14EBCF9C50953208F01A
:105C1000DACE8091DB149091DC149093E1148093A0
:105C2000E0141092DC141092DB141092D01482E075
:105C300090E09093CA148093C91481E08093CF14AC
:105C400081CE62E0C616D104B1F49091CF148111D7
:105C500007C09F3F09F476CE9F5F9093CF1472CE1A
:105C60009C50953208F0AFCE83E090E09093CA1438
:105C70008093C9149ECF93E0C916D10491F481306A
:105C800009F0A1CE8091D0148F5F8093D014823020
:105C900009F058CE84E090E09093CA148093C91420
:105CA00051CE2091D114283050F49091D214990FF4
:105CB000892B8093D2142F5F2093D11443CE81304F
:105CC00019F090E080E080CE6091D2142091D3143E
:105CD0003091D4144091D5145091D6148091D7149A
:105CE0009091D814A091D914B091DA1428173907DB
:105CF0004A075B0708F078C0E091DB14F091DC14F0
:105D0000962F992329F0892F8170180F9695F9CF36
:105D1000E10FF11DF093DC14E093DB14EA94EF281B
:105D200009F05DC0E22FF0E0EE53F24F6083809106
:105D3000D3149091D414A091D514B091D614019697
:105D4000A11DB11D8093D3149093D414A093D514A6
:105D5000B093D6142091D7143091D8144091D9140F
:105D60005091DA1469017A0162E0C60ED11CE11C7F
:105D7000F11C8C159D05AE05BF0561F56091DD1424
:105D80007091DE148091DB149091DC14E091E214A8
:105D9000F091E314319709F05EC06817790769F54F
:105DA00082EC9DE090934E0480934D048091CB143F
:105DB0009091CC1490932204809321041092E314C8
:105DC0001092E21420E030E0A90160E081E090E070
:105DD0000E9401DA1092D2141092D114B3CD82E055
:105DE00090E00E9401DAA3CF80E09091DD14862B31
:105DF0009093DE148093DD149ACF85E090E0909329
:105E0000CA148093C9141092CE141092CD1410921B
:105E1000CF141092D0141092D3141092D414109264
:105E2000D5141092D61480E890E0A0E0B0E0809302
:105E3000D7149093D814A093D914B093DA14109275
:105E4000DC141092DB141092DE141092DD1481E049
:105E50008093DF14BFCF6817790751F483E090E097
:105E600060E00E9401DA1092E3141092E214B2CFC3
:105E700084E090E0F5CF89EC94E1892B09F462CDC0
:105E80008091CB149091CC14009709F49CCD009193
:105E9000CD141091CE14442309F499CD8091CF14E0
:105EA0008C171D0611F008F036CE4C171D0608F4AD
:105EB00032CE0F3F100709F445CD0F5F1F4F1093EF
:105EC000CE140093CD143ECD20914D0430914E045C
:105ED000232B31F06115710521E08207910528F02F
:105EE0001092E3141092E214089522E030E030930F
:105EF000E3142093E2141092BC141092BB1460932C
:105F0000D7147093D8148093D9149093DA1490E036
:105F100080E00C9464D981E090E09093E314809346
:105F2000E21410924E0410924D041092220410922A
:105F300021041092E1141092E0141092BC141092FB
:105F4000BB1480E890E0A0E0B0E08093D714909379
:105F5000D814A093D914B093DA1490E080E00C9494
:105F600064D9FC01E55BFF4F2081223511F12B3113
:105F700019F1293221F525E030E0FC01E45BFF4F07
:105F80004081413011F04637D1F4DC01E4E9F4E11D
:105F900085EB8F3020F094914C91491310C08F5FA6
:105FA000119631968F30A9F7FB013183208381E070
:105FB000089527E030E0E1CF24E030E0DECF80E05C
:105FC0000895FC01218D2D34D1F02131D9F02631F5
:105FD000E1F02032E9F423E030E0DC019096EEEECF
:105FE000F4E188965D914491541312C03196A8173C
:105FF000B907C1F7FB013183208381E0089526E0D2
:1060000030E0EBCF21E030E0E8CF22E030E0E5CF38
:1060100080E00895CF93DF93DC01892B59F18C91B7
:10602000813011F0863731F552968D919C915397BE
:106030008A359105F9F454968D919C915597811567
:10604000944DC1F456968D919C9157978115944D1E
:1060500089F4ED016896E4EAF4E05F969991849101
:10606000981308C03196CA17DB07C1F781E0DF91AA
:10607000CF91089580E0FBCFCF93DF93EC016DECDF
:1060800072E10E94FF97811147C068EC72E1CE0176
:106090000E94FF97811143C063EC72E1CE010E9420
:1060A000FF97882329F088E090E0DF91CF91089551
:1060B0006FEB72E1CE010E94FF978111F4CF6AEB82
:1060C00072E1CE010E94FF978111EDCF65EB72E185
:1060D000CE010E94FF97811125C060EB72E1CE01D5
:1060E0000E94FF97811121C06BEA72E1CE010E94EC
:1060F000FF9781111DC066EA72E1CE010E94FF97F1
:10610000811119C061EA72E1CE010E94FF978111ED
:1061100015C090E080E0C9CF81E090E0C6CF82E07A
:1061200090E0C3CF83E090E0C0CF84E090E0BDCFAB
:1061300085E090E0BACF86E090E0B7CF87E090E0CE
:10614000B4CF9C0181E02230310529F0283031059F
:1061500011F080E0089508959C010197039730F0B5
:1061600081E02830310519F080E0089581E008953C
:106170001F920F920FB60F9211240BB60F921F931E
:106180002F933F934F935F936F937F938F939F933F
:10619000AF93BF93EF93FF93CF93DF931F921F9221
:1061A000CDB7DEB71091030111708091770F9091F8
:1061B000C10D911781F01093C10D2091780F30918E
:1061C000790F2F5F3F4F3093790F2093780F8130F5
:1061D000D1F480937A0F0F900F90DF91CF91FF91C0
:1061E000EF91BF91AF919F918F917F916F915F914F
:1061F0004F913F912F911F910F900BBE0F900FBEAB
:106200000F901F901895833031F78091620482308F
:1062100011F78091BC031817F1F2CE0101960E948C
:10622000DF29811106C00E94D62884E08093620491
:10623000D2CF89819A810E94F9298823A1F31093F2
:10624000BC03C9CF9FB7F894ECE6F0E080818D7F66
:106250008083E8E6F0E080818D7F808382E08BBBE5
:106260001092770F10927A0F9FBF089580910301CB
:1062700081708093C10D82E08BBBECE6F0E0808101
:1062800082608083E8E6F0E0808182608083089508
:10629000CF93CFB7F89410927A0F83E08093770F63
:1062A0000E9436B1CFBFCF91089560E08FE00E9489
:1062B00046DE60E08FE00E940BDD62E080E10E943C
:1062C00046DE61E082E00E9446DE61E082E10E94FB
:1062D00046DE61E083E10E9446DE10922E1581E0E9
:1062E000809313021092C00D60E082E00E940BDDEB
:1062F00061E082E10E940BDD60E083E10E940BDD42
:106300009FB7F8941092900088E0809391001092CB
:106310009500109294002FEF3FEF30939900209357
:106320009800E1E7F0E080818D7F808382E088BB88
:106330009FBF10928D0310928C0310928B031092CA
:106340008A03109289031092880310928703109297
:106350008603109285031092840310928E03089591
:106360009FB7F89480918E039FBF90E008959FB7E8
:10637000F8942091480E8091BF0D213019F48DBB07
:106380009FBF08958FBF0895CF93DF93CDB7DEB73A
:10639000AF970FB6F894DEBF0FBECDBFAC01892B0F
:1063A00061F18091AB0C882379F06091CF177091E7
:1063B000D0176115710589F019821A821B8220E0BD
:1063C000CE0101960E94CD5AAF960FB6F894DEBF6B
:1063D0000FBECDBFDF91CF9108956091D11770911D
:1063E000D2176115710549F01DA61EA61FA620E053
:1063F000CE0101960E94B06DE7CF80E0E5CFAF926D
:10640000BF92CF92DF92EF92FF920F931F93CF93A1
:10641000DF93FB01E05CFF4F2081FC01E05CFF4F5C
:106420003081332321F0211104C08FEF2FC02111BF
:1064300018C08B01EC016C015B01F60181916F01C9
:10644000F501F1905F01882371F0FF2051F00E9467
:106450002160E82E8F2D0E942160E81630F38E1502
:1064600060F781E013C0F110E0CFCA5BDF4F4881D5
:106470005981F801EA5BFF4F2081318142175307B0
:10648000A0F281E02417350708F080E0DF91CF917A
:106490001F910F91FF90EF90DF90CF90BF90AF9042
:1064A00008950F931F93CF93DF93FC01E05CFF4FA0
:1064B000C081C11133C03196C081C1112FC0DC0130
:1064C0000D900020E9F71197A81BB90BA430B10576
:1064D00058F18C010A0F1B1FF801349780818E320E
:1064E00019F5319680810E9421608D34E9F4F8011C
:1064F000329780810E942160D82FF80131978081E6
:106500000E942160893481F4D63441F0D23331F0D5
:10651000D43521F0C1E0DA3509F4C0E08C2FDF91E9
:10652000CF911F910F910895C1E0F8CFCF92DF92E4
:10653000EF92FF920E94A0DF6B018091BE0D80FD63
:1065400008C00E94259980E0FF90EF90DF90CF90E7
:1065500008958091BC0D9091BD0D9601281B390BBB
:106560002A30310580F3D092BD0DC092BC0D0E943F
:106570005BD89C0161E0892B09F060E09091BE0D31
:1065800091FB882780F9861308C084E00E94F19768
:10659000D092BB0DC092BA0DD6CF92FB882780F95E
:1065A0008613F3CF4091BA0D5091BB0DC41AD50A92
:1065B00082E3C816D10438F2232B49F49F7E9860F9
:1065C0009093BE0D82E00E94F19781E0BDCF977F4E
:1065D0009061F6CF0E9496B28091BE0D8295817037
:1065E00008950E9496B28091BE0D83FF05C0877FFB
:1065F0008093BE0D81E0089580E008951092B90D5A
:106600001092B80D1092B70D0895FC0113821282FA
:1066100088EE93E0A0E0B0E084839583A683B783FF
:1066200015AE14AE17AE16AE82E393E0918380836D
:106630000895DF92EF92FF920F931F93CF93DF9312
:106640000091E4141091E5140115110549F480E05E
:10665000DF91CF911F910F91FF90EF90DF90089500
:10666000D42E7B01EC010E9490E5F801E05AFD4F29
:10667000608171816115710589F0188219821A8211
:10668000D9ABC8AB2D2DA701CE010E94CD5A8823CE
:1066900011F081E0DDCF19AA18AADACFF801EE597E
:1066A000FD4F608171816115710589F21CA61DA6DF
:1066B0001EA6DBABCAAB2D2DA701CE010E94B06D8B
:1066C0008111E7CF1BAA1AAAC3CFFC0180A991A907
:1066D000892B39F481E022A933A9232B19F480E016
:1066E000089581E008958BE395E10E9465B38823C6
:1066F00021F08BE395E10C9490E50895909330029E
:1067000080932F02109295040C9473B38F929F92F2
:10671000AF92BF92CF92DF92EF92FF92CF93DF932F
:106720008BE395E10E9465B3882359F1E0916B15E5
:10673000F0916C15309799F080899189A289B3897D
:106740004C015D01C501B401DF91CF91FF90EF9045
:10675000DF90CF90BF90AF909F908F900895209141
:106760006D1530916E152115310531F0F9018080DC
:106770009180A280B380E6CF812C912CA12CB12CEA
:10678000E1CF60E070E0CB01DFCF8F929F92AF92BC
:10679000BF92CF92DF92EF92FF92CF93DF938BE382
:1067A00095E10E9465B3882359F1E0916B15F09152
:1067B0006C15309799F0808D918DA28DB38D4C0121
:1067C0005D01C501B401DF91CF91FF90EF90DF90A3
:1067D000CF90BF90AF909F908F90089520916D15AE
:1067E00030916E152115310531F0F90180849184C5
:1067F000A284B384E6CF812C912CA12CB12CE1CFC3
:1068000060E070E0CB01DFCFCF93C091AB0CCC2325
:1068100021F18BE395E10E9465B38823F9F0E091C3
:106820006B15F0916C15309761F00680F781E02DC3
:1068300080819181FC0125852130A9F0CF910C94B4
:10684000FEE0E0916D15F0916E15309751F000A0CB
:10685000F1A1E02DE45DFD4FEBCFC1E08C2FCF9196
:106860000895C82FFBCFC0E0F9CFDC01D096ED91A1
:10687000FC91D197309739F09081907D81E0911112
:1068800001C080E00895D296ED91FC913097C9F354
:1068900094A59075F3CF8EBD00000DB407FEFDCF1B
:1068A0008EB508952091480E222361F02FB7F894F9
:1068B0003091480E313049F43DB33093BF0D3DB3B4
:1068C0003DBB2FBF8CBD9DBD08952093BF0DFACF5A
:1068D0005B9A81E080931302089580FF05C0749A4B
:1068E00081E080932E150895749810922E150895C6
:1068F000CF938091B60F81110CC082EE98E10E9477
:1069000090A585EF9FE00E946BDBC0E08C2FCF91BC
:106910000895C091B70FC111F9CF8091BD0F90912B
:10692000BE0F04970297B0F50E9468B481E00E9400
:106930006DB46091E80F7091E90F8091EA0F90912A
:10694000EB0FE0914602F09147021995C82F811193
:1069500003C08AED98E1D3CF1092EC0F1092ED0FA7
:106960001092EE0F1092EF0F1092B80F1092B90F15
:106970001092F00F1092F10F1092F20F1092F30F8D
:1069800084E090E09093BC0F8093BB0F81E08093F4
:10699000B70FBCCF6091E80F7091E90F8091EA0FBB
:1069A0009091EB0FE0914602F09147021995C82FA4
:1069B00082ED98E1CC2309F4A2CF1092EC0F109253
:1069C000ED0F1092EE0F1092EF0F1092B80F109281
:1069D000B90F1092F00F1092F10F1092F20F109267
:1069E000F30F81E08093B70F0E9468B48091BD0FD0
:1069F0009091BE0F0397A1F480E00E946DB40E94B5
:106A0000A0DF6093F00F7093F10F8093F20F9093DB
:106A1000F30F81E090E09093BC0F8093BB0F76CF93
:106A200081E0EBCF982F8091610E811105C081E04C
:106A300019162CF080E003C081E01916DCF30C94E9
:106A40006DB4809100018695817008958093130242
:106A5000682F82E10C940BDD0E943FDD0E9473B32E
:106A600081E0809343021092630E1092670E1092A1
:106A7000660E1092650E1092640E1092600E1092C7
:106A80005F0E10925E0E10925D0E10925C0E1092D0
:106A90005B0E1092570E1092580E1092590E1092D3
:106AA0005A0E1092530E1092540E1092550E1092D0
:106AB000560E0C9426B5882329F0109A81E0809315
:106AC000490E0895109880E0FACF1F93CF93DF937B
:106AD00000D01F92CDB7DEB71FB7F894BE016D5F2F
:106AE0007F4FCE0101960E944136882309F456C09B
:106AF00029813A818B819C81820F931F823091057D
:106B000010F482E090E02115310511F421E030E02D
:106B100030934B0220934A0221E030E03093490247
:106B20002093480210926E0E2093700E10926F0EFA
:106B300010926B0E209171002A7F209371001092A9
:106B40009000109291000197909399008093980083
:106B500080914A0290914B0290939B0080939A00FF
:106B60008091980090919900909395008093940063
:106B700085E088BB80E00E946DB482E080931A12A9
:106B800081E00E945BB583E3809390008091710067
:106B900084608093710089E1809391001FBF809190
:106BA0000812823061F48091790E91E089270F906C
:106BB0000F900F900F90DF91CF911F91089580E07B
:106BC000F6CFCF930E9407A5C82F8823F1F08091BC
:106BD0007A0E90917B0E0397C1F48091820390917D
:106BE0008303892B91F48091740E81110CC00E9453
:106BF00039DD81E08093740E0E94A0DF7093730EE4
:106C00006093720E8C2FCF910895CF910C9465B53F
:106C1000909171009A7F9093710010929000109261
:106C2000910095E098BB90911A12923011F4109255
:106C30001A121092700E10926F0E10926E0E0E9429
:106C40006DB480E00C945BB5809171008B7F809374
:106C50007100109290001092910084E088BB8091A6
:106C60001A12813011F410921A1280E00C945BB564
:106C70001F93CF93DF931FB7F89410928500109263
:106C80008400809170049091710401979093890021
:106C90008093880010928000C1E8D0E088E088836B
:106CA00082E086BB8093660481E00E945BB5EFE6DC
:106CB000F0E080818260808389E088831FBF81E06B
:106CC000DF91CF911F9108951F920F920FB60F92EF
:106CD00011240BB60F922F933F934F935F936F93B3
:106CE0007F938F939F93AF93BF93EF93FF93809185
:106CF0006604823001F180916F008D7F80936F0078
:106D00001092810086E08093660480E00E945BB56B
:106D1000FF91EF91BF91AF919F918F917F916F9173
:106D20005F914F913F912F910F900BBE0F900FBE2F
:106D30000F901F9018958091030180FF0DC09091D6
:106D40006A0480916B0421E030E001C0220F9A9523
:106D5000EAF7822B80936B0480916A048F5F8093A3
:106D60006A0480916A04883041F520916B04809117
:106D70007404909175044091760450917704BC019D
:106D8000641B750BAB014F3F574048F080916F007B
:106D90008D7F80936F001092810084E0B4CFFC015E
:106DA000F770EA56FB4F2083019690937504809309
:106DB000740410926B0410926A0420917004309154
:106DC000710480916C0490916D0440916E04509117
:106DD0006F04840F951F40917204509173048417BF
:106DE000950720F0841B950B2F5F3F4F90936D0408
:106DF00080936C04215031093093890020938800DE
:106E000087CFCF93CFB7F89480916F008D7F809319
:106E10006F00109281001092800082E086BB9091FA
:106E20006B0480916A0410926B0410926A048823A8
:106E300039F0909369048093680481E0809367043B
:106E400080916604843011F01092660480E00E9404
:106E50005BB5CFBFCF9108951F920F920FB60F92DF
:106E600011240BB60F922F933F934F935F936F9321
:106E70007F938F939F93AF93BF93EF93FF938091F3
:106E80008E03823029F1809171008D7F8093710093
:106E900088E0809391001092900082E088BB80E0AF
:106EA0000E945BB587E080938E03FF91EF91BF91C5
:106EB000AF919F918F917F916F915F914F913F9192
:106EC0002F910F900BBE0F900FBE0F901F90189533
:106ED0008091840381111FC080917804909179047E
:106EE0002091970C3091980C8217930709F44EC0AB
:106EF000FC01F770EA56FB4F4081409385034091B7
:106F000033020196411137C090937904809378043D
:106F100088E08093840380918503282F30E03595A5
:106F20002795209385039091840391509093840337
:106F300081700E946DB420918A0330918B038091FF
:106F40008603909187034091880350918903840FB1
:106F5000951F40918C0350918D0384179507D8F5A8
:106F600090938703809386032150310930939900D1
:106F7000209398009ACF2817390731F680912E0276
:106F800030937904209378048111C3CF80917100EC
:106F90008D7F8093710088E0809391001092900023
:106FA00082E088BB80E00E945BB580E00E946DB407
:106FB00080913302882369F020917804309179041C
:106FC0008091970C9091980C2817390711F484E060
:106FD0006ACF85E068CF841B950B2F5F3F4FC0CFF2
:106FE000CF93CFB7F894109295001092940082E05E
:106FF00088BB1092900080938E0381E00E945BB565
:10700000E1E7F0E080818260808389E080939100F5
:10701000CFBFCF91089580E00C945BB52FB7F89463
:10702000909171009A7F909371001092900010924D
:10703000910095E098BB90911A12923011F4109241
:107040001A121092700E10926F0E10926E0E2FBFC9
:1070500081110E9439DD0C940BB89FB7F894EFE6CC
:10706000F0E080818D7F80831092810010928000FB
:1070700082E086BB9FBF0C940BB82FB7F894909119
:1070800071009D7F9093710098E090939100109211
:10709000900092E098BB2FBF81110E9439DD0C94C3
:1070A0000BB881E00E943DB88FB7F89410928E0320
:1070B00010928503109284038FBF0895CF92DF92C0
:1070C000FF920F931F93CF93DF9300D000D01F92B6
:1070D0001F92CDB7DEB7853608F084E628E0829FA0
:1070E000C0011124C29664E670E00F947603F62E78
:1070F00080913602861711F18E010F5F1F4FF80144
:1071000080E098E0961B20E0891708F02FE121939A
:107110008F5F8830C1F788E40E94EDDD680188E068
:10712000C80ED11CF80161918F0185EE97E10E9494
:1071300040DEC016D106B1F7F092360228960FB69F
:10714000F894DEBF0FBECDBFDF91CF911F910F919D
:10715000FF90DF90CF9008950C94F3DD0E94058D91
:107160001092970F1092960F0C94ACB80F931F9338
:10717000CF93DF93CDB7DEB72C970FB6F894DEBF71
:107180000FBECDBFFC0100811181011584E01807FD
:1071900008F04EC0A281B381A11584E0B80708F0C1
:1071A00047C064817581611584E0780708F040C0AC
:1071B00046815781411584E05807D0F520853185F7
:1071C000211584E03807A0F5828593858115E4E0D8
:1071D0009E0770F51A830983BC83AB837E836D831E
:1071E00058874F833A8729879C878B87FE01319682
:1071F00020E02F5FBF016E5F7F4FDB01322F363003
:1072000079F08D919D91408151818417950768F4A3
:107210008A01081B190BC801449750F03F5FEFCF5C
:10722000FB01263031F781E004C0841B950BF4CFBD
:1072300080E02C960FB6F894DEBF0FBECDBFDF9175
:10724000CF911F910F9108958091B50D9091B60D3A
:107250000197029750F40E94A0DF7093B40D6093E1
:10726000B30D7093B20D6093B10D08950E9438D89C
:107270009C0140913702509138024817590708F095
:107280005AC0BC01641B750BAB0180913F02909109
:1072900040028217930708F051C0F901E81BF90B6F
:1072A000CF018417950708F04CC0AC0184E090E052
:1072B0006091390270913A026217730708F044C076
:1072C000F901E61BF70BBF016417750718F4AB0152
:1072D00081E090E060913B0270913C02621773077D
:1072E000B0F5F901E61BF70BBF016417750718F439
:1072F000AB0182E090E060913D0270913E02621726
:10730000730740F5F901E61BF70BBF01641775071A
:1073100018F4AB0183E090E0609141027091420269
:1073200062177307D0F4261B370B2417350710F4A8
:1073300085E090E00895481B590BA7CF821B930B63
:10734000B0CF90E080E0B4CF621B730BBDCF621B67
:10735000730BCBCF621B730BD9CFFB01E21BF30B7B
:107360009F01E3CF1092B60D1092B50D1092B40D9F
:107370001092B30D1092B20D1092B10D1092B00D8B
:107380001092AF0D08950E9436B90397C1F4809111
:10739000960F9091970F892B19F481E08093740FC9
:1073A00081E08093420E10924F0E10924E0E10927A
:1073B0004D0E10924C0E0E94B2B981E0089580E00B
:1073C0000895CF92DF92EF92FF92CF93DF930E94C6
:1073D000A0DF6B010E9436B92091420E2223E9F012
:1073E000892B51F0D0E0C0E0CE01DF91CF91FF902A
:1073F000EF90DF90CF9008951092420E10924F0EB2
:1074000010924E0E10924D0E10924C0ED0924B0ECA
:10741000C0924A0E0E94B2B9E5CF20914E0E309133
:107420004F0E2817390741F090934F0E80934E0E60
:10743000D0924B0EC0924A0E20914A0E30914B0EC4
:10744000A601421B530B4431510508F445C020915D
:107450004C0E30914D0E28173907F1F190934D0ED7
:1074600080934C0E2115310509F50097A9F19093F1
:10747000B60D8093B50DD092B40DC092B30DD092DD
:10748000B20DC092B10D1092B00D1092AF0D9C01D3
:10749000215031092230310508F0A4CFC1E0D0E0FD
:1074A000029709F0A1CFC3E0D0E09ECF0097F9F694
:1074B000235031092330310560F48091B00D8111E2
:1074C00008C0285D3C4FF901C081D0E00E94B2B9EC
:1074D0008BCFD0E0C0E0FACF2091B50D3091B60D42
:1074E0002115310509F47ECF40914C0E50914D0E7F
:1074F0002417350709F076CF4091B30D5091B40DA4
:10750000B601641B750BAB01B901615071096230A2
:10751000710540F52817390729F56091AF0D611104
:1075200017C04C3B72E05707E8F021E02093AF0D05
:10753000D092B20DC092B10DC2E0D0E08130910581
:1075400009F452CFC4E0D0E0029709F44DCF4ACFFE
:107550006091B10D7091B20DF601E61BF70BE837A3
:10756000F10530F7235031092330310508F03ACFC7
:107570008091B00D811136CF4C3B524008F432CF90
:1075800081E08093B00D255D3C4FF901C081D0E0D2
:107590002BCFCF93DF93EC01019791F40E940BB8AE
:1075A0000E9439DD81E00E9426B561E087E10E94FA
:1075B0000BDDD093940FC093930FDF91CF9108957B
:1075C000D0E0C0E060E0F2CFFC01680F791F90E0EE
:1075D00080E02191820F911DE617F707D1F70895FA
:1075E000AF92BF92CF92DF92EF92FF920F931F93D1
:1075F000CF93DF93CDB7DEB72C970FB6F894DEBFED
:107600000FBECDBF5C01CE0101967C018CE0F7017D
:1076100011928A95E9F7670100E410E0C8010F9420
:107620005403F60181936F010F5F1F4F0C34110556
:10763000A9F789819A81AB81BC8189359345A4449E
:10764000B34549F58D819E81019729F50B851C85F0
:107650006AE070E0C7010E94E4BA08171907D9F47C
:107660008F819885A985BA85F50180839183A2834E
:10767000B38381E02C960FB6F894DEBF0FBECDBF6A
:10768000DF91CF911F910F91FF90EF90DF90CF90FE
:10769000BF90AF90089580E0EDCFAF92BF92CF92B0
:1076A000DF92EF92FF920F931F93CF93DF93CDB7AB
:1076B000DEB72C970FB6F894DEBF0FBECDBF5C01CE
:1076C000CE0101967C018CE0F70111928A95E9F7D1
:1076D000670100E310E0C8010F945403F6018193A1
:1076E0006F010F5F1F4F0C331105A9F789819A8134
:1076F000AB81BC8183349245A444B34549F58D8167
:107700009E81019729F50B851C856AE070E0C70111
:107710000E94E4BA08171907D9F48F819885A985C2
:10772000BA85F50180839183A283B38381E02C968F
:107730000FB6F894DEBF0FBECDBFDF91CF911F9182
:107740000F91FF90EF90DF90CF90BF90AF90089592
:1077500080E0EDCFAF92BF92CF92DF92EF92FF9297
:107760000F931F93CF93DF93CDB7DEB72E970FB64E
:10777000F894DEBF0FBECDBF5C01CE0101967C0147
:107780008EE0F70111928A95E9F7670100E210E0B7
:10779000C8010F945403F60181936F010F5F1F4FCF
:1077A0000E321105A9F789819A81AB81BC818C3495
:1077B0009045A444B34541F58D819E81019721F503
:1077C0000D851E856CE070E0C7010E94E4BA0817C1
:1077D0001907D1F486E0FE013796D50101900D928C
:1077E0008A95E1F781E02E960FB6F894DEBF0FBEC2
:1077F000CDBFDF91CF911F910F91FF90EF90DF9060
:10780000CF90BF90AF90089580E0EDCFAF92BF9240
:10781000CF92DF92EF92FF920F931F93CF93DF935C
:10782000CDB7DEB764970FB6F894DEBF0FBECDBFFD
:107830005C01CE0101967C0184E1F70111928A95E9
:10784000E9F7670110E000E0C8010F945403F60166
:1078500081936F010F5F1F4F04311105A9F78981D3
:107860009A81AB81BC818B349243A444B34541F5EA
:107870008D819E81029721F50B891C8962E170E060
:10788000C7010E94E4BA08171907D1F48CE0FE0181
:107890003796D50101900D928A95E1F781E06496C3
:1078A0000FB6F894DEBF0FBECDBFDF91CF911F9111
:1078B0000F91FF90EF90DF90CF90BF90AF90089521
:1078C00080E0EDCFFF920F931F93CF93DF93EC01F6
:1078D000F62E08811981C8010F945403F81621F07F
:1078E0006F2DC8010F945C03CE01DF91CF911F91E2
:1078F0000F91FF9008958A3060F08536E0F084E6BD
:10790000809359028091B0008F738093B0002C9ABD
:1079100008958AE0809359022FEF829FC0011124BD
:10792000C29664E670E00F9476036093B30083E838
:107930008093B000089580935902843619F3ECCFF8
:107940001F920F920FB60F9211240BB60F922F9326
:107950003F934F935F936F937F938F939F93AF93D7
:10796000BF93CF93EF93FF9380911A12823009F463
:107970005FC0833009F48DC0813009F0AFC18091C0
:10798000630E8230B1F00E9424B6FF91EF91CF9147
:10799000BF91AF919F918F917F916F915F914F9127
:1079A0003F912F910F900BBE0F900FBE0F901F9025
:1079B000189580915F0E9091600E009739F01092AB
:1079C000600E10925F0E0E94592EDFCF2091660E3E
:1079D0003091670E8091640E9091650E28173907DB
:1079E00091F0F901F770EA56FB4FC0818C2F2F5FA1
:1079F0003F4F3093670E2093660EC11113C08FE77F
:107A00000E94E9A9E0CF0E9424B680E00E946DB4F4
:107A100080914302882321F084E08093630EB5CFE8
:107A200085E0FBCFC7FDC1950E9412B58C2FE8CF32
:107A300080910812823009F0A8CF0E949639809177
:107A4000700E882301F1C1E0C8BB1092700E0E9435
:107A5000409F882331F08091710081608093710094
:107A600094CF80916B0E882351F0C0936F0E80915C
:107A700071008560809371000E94179786CF80E027
:107A80000E9408B682CF80916F0E882309F47DCFC3
:107A9000F3CF8091BB03823019F00E94AB2E75CFDB
:107AA000E091B603E150E83008F0B1C0F0E088277B
:107AB000E35AF2448F4F0D94AC0365BD70BD96BD83
:107AC000A1BDB4BDBFBD0ABE46BE81E00E946DB47B
:107AD00082E08093B6038091990390919A0323C02A
:107AE00080911A0290911B020E94CC2E8091A303D8
:107AF0009091A403009729F001979093A403809399
:107B0000A30380E00E946DB48091A3039091A4032D
:107B1000892B11F081E0DDCF83E08093B603809163
:107B20009B0390919C030E94592E2FCF81E00E94CD
:107B30006DB484E08093B60380919D0390919E0381
:107B4000F2CF80911802909119020E94CC2E80E011
:107B50000E946DB40E94492E90931D0280931C02D6
:107B600025E02093B603DFCF81E00E946DB486E06C
:107B70008093B60380911C0290911D02D4CF809116
:107B80001602909117020E94CC2E8091260290E05E
:107B90009595879580932602892BC9F68091AA0333
:107BA0009091AB0301969093AB038093AA0320912D
:107BB000AC033091AD038217930728F080E00E9458
:107BC0006DB487E086CF8091B9039091BA0329EA1A
:107BD00033E0232BB9F02091B7033091B80382171B
:107BE000930781F0FC01F770EA56FB4F2081209348
:107BF000A90301969093BA038093B90380E8809318
:107C00002602A5CF80912702882309F44DC087E082
:107C100090E04CC080911402909115020E94CC2EED
:107C200080911E02882359F00E94AB2E80E00E94B2
:107C30006DB41092B60384E08093BB03A6CE80E0BF
:107C40000E945BB581E08093B5031092B4038091EC
:107C5000A503811112C08DE590E09093B30380934A
:107C6000B20380E29EE49093B1038093B00388E076
:107C70008093B6030E94682E88CE8AE091E09093AC
:107C8000B3038093B20380E49CE9EDCF8091AE030F
:107C90009091AF030E94CC2E0E94682E811175CE68
:107CA0008091B403811105C085E090E00E94BF2E51
:107CB0006CCE40911F026091A6038091A703909122
:107CC000A8030E94272E1092B4031092B50381E0FE
:107CD0000E945BB580E00E946DB41CCF8091710062
:107CE0008B7F8093710084E088BB4FCE8F3F51F42F
:107CF0006DE674E180E00E94637261E674E181E008
:107D00000C9463720C94D475CF93C62FAC0161E1CF
:107D100070E089E092E10E944070C093081280E018
:107D2000CF910C946DB4CF93C62FAC0161E170E09C
:107D300089E092E10E944070C0930812809106127F
:107D400090910712089739F481E00E940EB881E003
:107D5000CF910C9426B5CF910895209194032111D1
:107D600002C00C9493BE08958F929F92AF92BF92DF
:107D7000CF92DF92EF92FF920F931F93CF93DF93F7
:107D8000E091B30FE11106C0E0916E03C09194033E
:107D9000EE2321F169017A014B015C01E091F00EC3
:107DA000F091F10E309741F11995D82F882321F1E8
:107DB00080916E03811126C081E08093940310921C
:107DC000B30F10926E03C0917A03C11107C067E030
:107DD00070E08FEA96E10E9493BECD2F8C2FDF9149
:107DE000CF911F910F91FF90EF90DF90CF90BF90B8
:107DF000AF909F908F900895C0916E03CC2331F087
:107E0000C0E0ECCF81E080937A03D6CF80E0C1144C
:107E1000D104E104F104A9F0C501B40124E630E085
:107E200040E050E00F942E04922ED32F56016701AC
:107E3000E12CF12C00E010E0292D3D2F0F945B0484
:107E4000822FE091B40FF091B50F309739F29091F5
:107E500000029F3F21F09B5F891708F4BFCF8093FA
:107E600000021995BBCFAF92BF92CF92DF92EF92F3
:107E7000FF920F931F93CF93DF93CDB7DEB7AE97EB
:107E80000FB6F894DEBF0FBECDBF8B017E0123E29B
:107E9000E20EF11CAC016CE070E0C7010E94407082
:107EA000FF92EF9285E594E19F938F931F9281E17A
:107EB0008F93CE0101966C019F938F930E94556E14
:107EC0000E94ACB8B60180E00E94226E6AE474E1C0
:107ED00081E00E9463720FB6F894DEBF0FBECDBF83
:107EE0000E9438D80817190758F4801B910B4E9739
:107EF00060F464E170E080E090E00E9448DFF0CF41
:107F00009801281B390BC901F2CF6AEF70E080E0BD
:107F100090E00E9448DF0E947ADF5C01BF928F935D
:107F200082E494E19F938F931F9281E18F936E017E
:107F300032E1C30ED11CDF92CF920E94556EB70181
:107F400080E00E94226EB60181E00E94226E6CEBFE
:107F500072E080E090E00E9448DF66E374E180E038
:107F60000E9463726EE274E181E00E9463720FB658
:107F7000F894DEBF0FBECDBF0E9438D8081719078E
:107F800058F4801B910B459760F064E170E080E04D
:107F900090E00E9448DFF0CF9801281B390BC901FF
:107FA000F2CF68EC70E080E090E00E9448DFC5010D
:107FB000AE960FB6F894DEBF0FBECDBFDF91CF9166
:107FC0001F910F91FF90EF90DF90CF90BF90AF90F7
:107FD00008958F929F92AF92BF92CF92DF92EF92CD
:107FE000FF920F931F93CF93DF937C018B01EA01E4
:107FF00088E4DA011D928A95E9F76701BCE0CB0EAF
:10800000D11CBA01C6010E94F9EBFE01EF5BFF4FE4
:1080100021E0009709F020E020831FAE892B39F47E
:1080200040E551E160E470E0CE010E944070C6017D
:108030000E9435B4FE01E05CFF4F8083D701DC96DF
:10804000ED91FC91DD973097E1F0808C918CA28CC2
:10805000B38CFE01EE5BFF4F80829182A282B382DD
:10806000CA5BDF4F19830883DF91CF911F910F9176
:10807000FF90EF90DF90CF90BF90AF909F908F9048
:108080000895DE96ED91FC91309729F080849184DB
:10809000A284B384DECF812C912CA12CB12CD9CF1A
:1080A000AC0161E170E08AE99CE00C944070809141
:1080B0009A0C811104C089E391E10E9450C061E0F3
:1080C00085E30E9446DE61E085E30E940BDD62E00D
:1080D00083E00E9446DE8091BE0D80FF0C942599BE
:1080E0000C9496B20E9473B31092AB0C0E94FEB235
:1080F0000E9496B28091BE0D84FD04C08FE191E193
:108100000C9450C08DE291E1FBCFEF92FF920F9360
:108110001F93CF93DF93CDB7DEB760970FB6F89478
:10812000DEBF0FBECDBF1091AB0C112309F442C0CE
:108130008091D3179091D417892B41F00E9496B269
:108140008091BE0D84FF04C00E9472C010E032C056
:10815000E090D317F090D41720E030E0A9016AE056
:10816000C7010E9469E18823A1F08CE1F7018387B0
:10817000C7010E9499E00E94A0DF4091B90D411112
:1081800027C021E02093B90D7093B80D6093B70D0F
:1081900011C040E150E0BE016F5F7F4FC7010E94F8
:1081A000EEE2082F882321F3C7010E9499E00E9484
:1081B000FEB2102F812F60960FB6F894DEBF0FBE6F
:1081C000CDBFDF91CF911F910F91FF90EF90089558
:1081D0002091B70D3091B80DFB01E21BF30BE43693
:1081E000F10540F37093B80D6093B70D4F3F21F048
:1081F00081E0840F8093B90D8091B90D8330D0F266
:10820000A3CF8F929F92AF92BF92CF92DF92EF92C5
:10821000FF920F931F93CF934B015C018091AB0CA6
:10822000882339F08BE395E10E9465B3C82F811153
:1082300010C00E9472C0C0E08C2FCF911F910F918F
:10824000FF90EF90DF90CF90BF90AF909F908F9076
:10825000089580916B1590916C15009781F0B50190
:10826000A4010E94E7E5811119C00E9485C0C82FB2
:10827000882311F386E592E10E9450C0DCCF809103
:108280006D1590916E15009781F38401950140E082
:1082900050E060E070E00E94D360E5CF0E94FEB243
:1082A000CBCF8F929F92AF92BF92CF92DF92EF92FD
:1082B000FF922091920E211131C0409106125091EF
:1082C00007124830510501F5C090970ED090980ED6
:1082D000E090990EF0909A0E6C157D058E059F0525
:1082E000B0F14B015C018C189D08AE08BF08C0902E
:1082F000930ED090940EE090950EF090960EC814C8
:10830000D904EA04FB0418F1FF90EF90DF90CF90BE
:10831000BF90AF909F908F900C9401C1C090930E2E
:10832000D090940EE090950EF090960EC616D7065B
:10833000E806F906B0F06093800E7093810E80938A
:10834000820E9093830E10927F0E10927E0E822FDB
:10835000FF90EF90DF90CF90BF90AF909F908F9065
:10836000089520E0F4CF8F929F92AF92BF92EF9248
:10837000FF920F931F9320FF0AC02F3FEFEF3E079E
:108380004E075E0769F12F5F3F4F4F4F5F4F490127
:108390005A0180949094A094B09486169706A806EB
:1083A000B906F0F049015A01860E971EA81EB91EA3
:1083B000E814F9040A051B0598F00E94C5B3681576
:1083C00079058A059B0560F0C501B4011F910F91E5
:1083D000FF90EF90BF90AF909F908F900C9401C151
:1083E00080E01F910F91FF90EF90BF90AF909F9012
:1083F0008F9008950F931F93CF93DF938C01EB0120
:10840000892B11F0209729F481E292E10E9450C05B
:108410000CC08091AB0C882331F08BE395E10E9476
:1084200065B3811105C00E9472C0DFEFCFEF14C0A9
:10843000AE01B8018BE395E10E9447998C179D0727
:1084400039F00E9485C0882381F381E192E1DECF7B
:10845000D82FC92F0E94FEB28D2F9C2FDF91CF9174
:108460001F910F9108952F923F924F925F926F92BA
:108470007F928F929F92AF92BF92CF92DF92EF92B4
:10848000FF920F931F93CF93DF93EC018B01892B06
:1084900011F0672B29F489E092E10E9450C00CC0D2
:1084A0008091AB0C882331F08BE395E10E9465B39A
:1084B000811105C00E9472C0CFEFDFEF38C0A80164
:1084C000BE018BE395E10E944498EC0197FF07C041
:1084D0000E9485C0882381F38AEF91E1DECF892B4A
:1084E00021F5E0916B15F0916C153097A1F1808921
:1084F0009189A289B3891C012D01612C712C430142
:10850000808D918DA28DB38D5C016D01E12CF12CDC
:1085100087019501A601B701C801510162017301EC
:1085200084010F940C0509F068F50E94FEB2CE019B
:10853000DF91CF911F910F91FF90EF90DF90CF903F
:10854000BF90AF909F908F907F906F905F904F9073
:108550003F902F900895E0916D15F0916E15309732
:1085600021F3208031804280538064807580868032
:108570009780A084B184C284D384E484F584068582
:108580001785C7CF0E9485C0882309F495CF8BEE4D
:1085900091E183CF8F929F92AF92BF92CF92DF9261
:1085A000EF92FF92CF93DF93EC01892B61F480E08F
:1085B000DF91CF91FF90EF90DF90CF90BF90AF9081
:1085C0009F908F90089560918F0370919003809198
:1085D0009103909192032091AF0E3091B00E409193
:1085E000B10E5091B20E6217730784079507F8F623
:1085F000E0917E0EF0917F0E3097B9F0C090440E5E
:10860000D090450EE090460EF090470E6C157D051B
:108610008E059F0550F0CE0EDF1EE11CF11C6C157F
:108620007D058E059F0508F43FC00E94B4BE8111F0
:10863000BECF80908F0390909003A0909103B09054
:1086400092038092440E9092450EA092460EB092F4
:10865000470EC090AF0ED090B00EE090B10EF090EB
:10866000B20EC501B4010E9401C1882309F49FCF55
:10867000C818D908EA08FB0885E5C816D104E10442
:10868000F10428F084E5C82ED12CE12CF12CB601A0
:1086900082EB91E10E9433C28C159D0509F087CFD2
:1086A00090937F0E80937E0E80918F039091900324
:1086B000A0919103B0919203FC01E455FE4F2091EB
:1086C000440E3091450EE21BF30BEA5FFF4E208112
:1086D00028830196A11DB11D80938F039093900371
:1086E000A0939103B093920381E062CF4F925F9287
:1086F0006F927F928F929F92AF92BF92CF92DF92B2
:10870000EF92FF920F931F93CF93DF93CDB7DEB716
:1087100060970FB6F894DEBF0FBECDBF5C01162F79
:10872000C090AF0ED090B00EE090B10EF090B20EAF
:10873000662309F4BFC028E2C216D104E104F104A3
:10874000C8F400E0802F60960FB6F894DEBF0FBE2D
:10875000CDBFDF91CF911F910F91FF90EF90DF90F0
:10876000CF90BF90AF909F908F907F906F905F90D1
:108770004F9008950C960E942996613071058105ED
:108780009105F9F6C50140960E9429966130710560
:1087900081059105B1F6C50144960E942996672B83
:1087A000682B692B71F6C50184960E942996C6161E
:1087B000D706E806F90628F2C61AD70AE80AF90A1F
:1087C00020E1C216D104E104F10408F4BACF0E94FA
:1087D00001C1082F882309F4B4CF60E170E0CE0115
:1087E00001960E9433C2409709F0ABCFCE010196AB
:1087F0000E9429964B015C01CE0105960E942996A4
:108800006B017C01CE0109960E9429962B013C0147
:10881000CE010D960E942996AB01BC01811484E023
:108820009806A104B10408F48CCFC114D104E1046A
:10883000F10409F486CF8091AF0E9091B00EA09113
:10884000B10EB091B20E88159905AA05BB0508F4C2
:1088500078CF88199909AA09BB098C159D05AE0521
:10886000BF0508F46ECF441555056605770508F475
:1088700068CFC416D506E606F70608F462CF8092E4
:108880008E0E90928F0EA092900EB092910EC0928A
:108890008A0ED0928B0EE0928C0EF0928D0E86E0B6
:1088A000111101C089E08093880E10927F0E109202
:1088B0007E0E48CF60E072E080E090E078CF8F924B
:1088C0009F92AF92BF92CF92DF92EF92FF92C090B1
:1088D000AF0ED090B00EE090B10EF090B20E0E94AC
:1088E00086B3C61AD70AE80AF90A80E8C816D1047E
:1088F000E104F10480F467E070E083EF96E10E9408
:1089000093BE80E0FF90EF90DF90CF90BF90AF904C
:108910009F908F90089560E870E086E090E10E945B
:1089200033C28038910561F097FF05C066E070E0C2
:108930008AEE96E1E4CF67E070E080EE96E1DFCF6B
:10894000C0901810D0901910F12CE12CC092A70EF5
:10895000D092A80EE092A90EF092AA0E8090AF0ECF
:108960009090B00EA090B10EB090B20E0E9486B35F
:10897000861A970AA80AB90A8C149D04AE04BF048B
:1089800028F467E070E085ED96E1B9CF60939F0E23
:108990007093A00E8093A10E9093A20EC60ED71EC8
:1089A000E81EF91EC092A30ED092A40EE092A50E6E
:1089B000F092A60E1092930310929B0E10929C0EB2
:1089C00010929D0E10929E0E10927D0E0E94E9A4B0
:1089D00081E098CFAF92BF92CF92DF92EF92FF9259
:1089E0000F931F93CF93DF93FA012091B30FC6E942
:1089F000D4E0A12C38E0B32E211105C0C2EBD1E1A7
:108A000024E5A22EB12C20918A0E30918B0E40913C
:108A10008C0E50918D0E621773078407950760F0D6
:108A200080E0DF91CF911F910F91FF90EF90DF9049
:108A3000CF90BF90AF9008958F016B017C01609142
:108A40007E0E70917F0E61157105B9F08091440E14
:108A50009091450EA091460EB091470EC816D906CA
:108A6000EA06FB0650F0860F971FA11DB11DC81620
:108A7000D906EA06FB0608F440C0C701B6010E9409
:108A8000B4BE8111CDCFC092440ED092450EE0927B
:108A9000460EF092470E80918A0E90918B0EA09117
:108AA0008C0EB0918D0E8C199D09AE09BF09A501E0
:108AB00070E060E0481759076A077B0708F05C011F
:108AC00060918E0E70918F0E8091900E9091910E0C
:108AD0006C0D7D1D8E1D9F1D0E9401C1882309F410
:108AE0009FCFB501CE010E9433C2A816B90609F086
:108AF00097CFB0927F0EA0927E0E8091440E9091FF
:108B0000450EC81AD90ACC0DDD1D8881F801808375
:108B100081E087CF4F925F926F927F929F92AF9248
:108B2000BF92CF92DF92EF92FF920F931F93CF935A
:108B3000DF931F92CDB7DEB74115510599F4B12CE3
:108B40008B2D0F90DF91CF911F910F91FF90EF90A0
:108B5000DF90CF90BF90AF909F907F906F905F908D
:108B60004F9008952091890E6B017C0164E0CC0C3C
:108B7000DD1CEE1CFF1C6A95D1F7C20ED11CE11C56
:108B8000F11C97018601025F1F4F2F4F3F4F8091CD
:108B90008A0E90918B0EA0918C0EB0918D0E73E089
:108BA000880F991FAA1FBB1F7A95D1F708171907BD
:108BB0002A073B0720F68A012601370153E0769405
:108BC0006794579447945A95D1F7AE014F5F5F4F22
:108BD000C301B2010E94EAC4882309F4B0CF99808E
:108BE000AE014F5F5F4FC301B2016F5F7F4F8F4F89
:108BF0009F4F0E94EAC4B82E882309F4A0CF8C2D81
:108C00008770A82E8981C92CD12CF12CE12CD82A6F
:108C1000E1E0EA1580F4C301B2016E5F7F4F8F4F30
:108C20009F4FAE014F5F5F4F0E94EAC4882309F453
:108C300086CF8981E82A04C0F694E794D794C79434
:108C4000AA94D2F7F5E5CF22DF22C6019695879543
:108C50008C299D29837393736C01D694C794D69401
:108C6000C794C82AD92A8FE0C822D822C60144E076
:108C7000969587954A95E1F7C82AF801C08260CF9A
:108C8000AC0160916A0370916B0380916C039091C9
:108C90006D030E948AC58823A1F040916A03509118
:108CA0006B0360916C0370916D034F5F5F4F6F4F6B
:108CB0007F4F40936A0350936B0360936C037093F0
:108CC0006D0308950F931F93CF93DF931F92CDB73A
:108CD000DEB70FEF10E0CE0101960E9440C6882358
:108CE000D1F09981992349F00F3F09F00F5F963138
:108CF00031F41F3F81F31F5FEECF00E0EBCF953AD9
:108D000049F7123038F3212F30E02F5E3F4F021722
:108D1000130609F0F8F60F90DF91CF911F910F9194
:108D200008953F924F925F926F927F928F929F929F
:108D3000AF92BF92CF92DF92EF92FF920F931F9369
:108D4000CF93DF9300D01F92CDB7DEB7982E5B0193
:108D50003A01290165EA90E080E00E942B9F6C01B6
:108D60000E9462C68823B9F0CE0101960E9440C6D7
:108D7000882389F0CE0102960E9440C6882359F0CC
:108D8000CE0103960E9440C6882329F06981911084
:108D900004C0662331F020E058C0862F8B7F8130DD
:108DA000D1F73A808B80982D832DF30191838083B6
:108DB000911003C08034910571F7C6010E942B9F6A
:108DC000632D0E942B9F682D0E942B9F4C01809148
:108DD0006A0390916B03A0916C03B0916D03F20153
:108DE00080839183A283B3830115110529F0F801D3
:108DF0001082118212821382E114F10419F0F7013A
:108E000011821082D12CC12CF30180819181C8166E
:108E1000D90690F1CE0104960E9440C6882309F439
:108E2000BACF6C81C4010E942B9F8C01CE010496A5
:108E30000E9440C6882309F4AECF6C81C8010E940D
:108E40002B9F21E0892B09F0A6CF822F0F900F9046
:108E50000F900F90DF91CF911F910F91FF90EF90A6
:108E6000DF90CF90BF90AF909F908F907F906F904A
:108E70005F904F903F900895CE0104960E9440C6A7
:108E8000882309F488CFA114B10449F0F0E4CF1687
:108E9000D10428F48C81F501EC0DFD1D80830115B2
:108EA000110519F4E114F104F1F08C810E9413A171
:108EB0000115110569F0F8014081518162817381CA
:108EC000480F511D611D711D40835183628373835F
:108ED000E114F10441F0F70120813181820F932FD9
:108EE000911D918380836C81C4010E942B9F4C0152
:108EF000FFEFCF1ADF0A88CF8F929F92AF92BF9277
:108F0000CF92DF92EF92FF920F931F93CF93DF9355
:108F10008C01EB018091920E882309F45BC0F12C47
:108F2000E12CCE15DF0509F453C08091800E90919D
:108F3000810EA091820EB091830E8090930E90903E
:108F4000940EA090950EB090960E88159905AA05DE
:108F5000BB05F0F58090840E9090850EA090860E53
:108F6000B090870EBC01CD01680D791D8A1D9B1D37
:108F7000A8014E0D5F1D0E948AC5811112C0E11427
:108F8000F10431F58FEF9FEFDF91CF911F910F919A
:108F9000FF90EF90DF90CF90BF90AF909F908F9019
:108FA00008958FEFE81AF80A8091800E9091810E53
:108FB000A091820EB091830E0196A11DB11D8093E8
:108FC000800E9093810EA093820EB093830EA9CF52
:108FD000C701DACF80910612909107120897B9F570
:108FE0000E9486B3AB01BC018091970E9091980EC0
:108FF000A091990EB0919A0E481759076A077B07FE
:1090000008F2C090930ED090940EE090950EF090E0
:10901000960E4A015B01881A990AAA0ABB0AC8146B
:10902000D904EA04FB0408F4ADCF8C0D9D1DAE1DE0
:10903000BF1D841B950BA60BB70BC9F0AE0170E0EA
:1090400060E084179507A607B70708F4EC01BE0196
:10905000C801DF91CF911F910F91FF90EF90DF90AA
:10906000CF90BF90AF909F908F900C9433C280E0D0
:1090700090E08ACF2F923F924F925F926F927F92B1
:109080008F929F92AF92BF92CF92DF92EF92FF9218
:109090000F931F93CF93DF9300D01F92CDB7DEB70E
:1090A0006B017C015C834B831901DA011D921D92D7
:1090B0001D921C921397F90111821082C114D104E0
:1090C000E104F10409F481C046015701F1E0CF1633
:1090D000F2E0DF06E104F10428F0812C82E0982E12
:1090E000A12CB12C9A828982B4018BE192E10E9479
:1090F0007CC78815990529F197FD1EC067E070E0CF
:109100008EEF96E10E9493BE80E00F900F900F903B
:109110000F90DF91CF911F910F91FF90EF90DF9013
:10912000CF90BF90AF909F908F907F906F905F9007
:109130004F903F902F90089566E070E088E097E1AF
:10914000E1CF0BE112E1D8018D918D010E9413A1B5
:10915000282FEB81FC814081518162817381482EEF
:10916000512C712C612CDB01CA0180959095A09542
:10917000B09584159505A605B705D8F48FEF9FEF38
:10918000DC0180839183A283B383F101808191818B
:10919000820F911D91838083C8018B519241298157
:1091A0003A818217930778F2C818D908EA08FB08B1
:1091B00085CF440D551D661D771DAB81BC814D9338
:1091C0005D936D937C931397E0CF81E09ECF2F92B8
:1091D0003F924F925F926F927F928F929F92AF9247
:1091E000BF92CF92DF92EF92FF920F931F93CF9394
:1091F000DF9300D000D01F921F92CDB7DEB71C01C5
:109200008090AF0E9090B00EA090B10EB090B20EC4
:109210000E9486B3861A970AA80AB90A67E070E026
:109220008FE297E120E882169104A104B10408F4CA
:109230009DC060E870E086E090E10E9433C2803813
:10924000910509F08DC006E010E118861F82812C7F
:10925000912C5401712CF80181918F010E9413A16E
:10926000880E911CA11CB11C2F813885280F311D3F
:1092700038872F83739430E87312EDCFC0901810A5
:10928000D0901910F12CE12CC092A70ED092A80E0C
:10929000E092A90EF092AA0E4090AF0E5090B00E40
:1092A0006090B10E7090B20E0E9486B3461A570AB3
:1092B000680A790A67E070E081E197E14C145D0487
:1092C0006E047F0408F452C06101EF80F8849501B8
:1092D000840140E850E060E070E081E00E9423A15A
:1092E000811102C080E023C06091A70E7091A80E8A
:1092F0008091A90E9091AA0E9E012B5F3F4FAE0167
:109300004F5F5F4F0E943AC8882361F3ED80FE8073
:1093100009811A812B813C814091A70E5091A80EA2
:109320006091A90E7091AA0E80E00E9423A1289658
:109330000FB6F894DEBF0FBECDBFDF91CF911F9166
:109340000F91FF90EF90DF90CF90BF90AF909F90E4
:109350008F907F906F905F904F903F902F900895E7
:1093600097FF07C066E070E086E297E10E9493BE37
:10937000B9CF67E070E08CE197E1F8CF8F929F92D0
:10938000AF92BF92CF92DF92EF92FF920F931F9313
:10939000CF93DF9300D000D000D01F92CDB7DEB7BF
:1093A00010929503109296031092970310929803CF
:1093B0001D821E821F8218861092AB0E1092AC0E78
:1093C0001092AD0E1092AE0E60E070E0CB010E94E4
:1093D00001C1182F66E070E083E497E11123E1F109
:1093E00080910612909107120297C9F5CE01059659
:1093F0000E94E7C8182F882309F463C00E9486B32F
:109400000091AF0E1091B00E2091B10E3091B20EBE
:10941000601771078207930748F36D817E818F8102
:1094200098856F3F2FEF72078207920709F05DC0A2
:109430006093AB0E7093AC0E8093AD0E9093AE0E16
:1094400060E070E0CB010E9401C1182F811139C08A
:1094500066E070E08AE397E10E9493BE32C0CE01DD
:1094600005960E94E7C8882359F18090AF0E90902E
:10947000B00EA090B10EB090B20E0E9486B3861AC4
:10948000970AA80AB90A49F29E01275F3F4FAE0129
:109490004F5F5F4FC501B4010E943AC8882381F035
:1094A000E984FA8409811A812B813C81CE010596D9
:1094B0006C01B501A40180E00E9423A18111ADCF10
:1094C00010E0812F2A960FB6F894DEBF0FBECDBFF5
:1094D000DF91CF911F910F91FF90EF90DF90CF9090
:1094E000BF90AF909F908F90089520913402220FEB
:1094F00030E050E040E00F948A03672B682B692B23
:1095000049F42093AB0E3093AC0E4093AD0E5093C4
:10951000AE0E96CF2F5F3F4F4F4F5F4FF2CF8F92E0
:109520009F92AF92BF92CF92DF92EF92FF920F93F2
:109530001F9340919B0E50919C0E60919D0E7091D7
:109540009E0E8091A70E9091A80EA091A90EB091A9
:10955000AA0E481759076A077B0730F08FB7F894AF
:1095600091E0909301029FC00E94F7A4811528E02A
:10957000920790F066E070E08CEC96E10E9493BE5A
:1095800080E01F910F91FF90EF90DF90CF90BF9000
:10959000AF909F908F9008956FEF77E0681B790BE5
:1095A00009F482C0613082E0780710F060E072E078
:1095B000C090A70ED090A80EE090A90EF090AA0E31
:1095C00000919B0E10919C0E20919D0E30919E0E4D
:1095D000CB01B0E0A0E046015701801A910AA20A2F
:1095E000B30A88169906AA06BB0618F4B601601BD2
:1095F000710B8BE192E10E947CC797FF05C066E08A
:1096000070E083EC96E1BACF009729F467E070E050
:1096100089EB96E1B3CF20916F0330917003EBE1BA
:10962000F2E1D901B7704191AA56BB4F4C932F5F1D
:109630003F4FAF014B5152414817590794F3092E40
:10964000000CAA0BBB0B40919B0E50919C0E60919D
:109650009D0E70919E0E840F951FA61FB71F8093BD
:109660009B0E90939C0EA0939D0EB0939E0E8FB771
:10967000F8943093700320936F0300919B0E109128
:109680009C0E20919D0E30919E0E4091A70E509100
:10969000A80E6091A90E7091AA0E0417150726074F
:1096A000370708F05DCF8FBF81E06BCFCF93DF939B
:1096B00040919B0E50919C0E60919D0E70919E0E5C
:1096C0008091A70E9091A80EA091A90EB091AA0E1C
:1096D000481759076A077B0768F40E94F7A4EC0152
:1096E0000E948FCA282F8823C1F00E94F7A48C17EC
:1096F0009D07F1F68091A70E9091A80EA091A90E5A
:10970000B091AA0E21E0892B8A2B8B2B31F00E947D
:10971000F7A421E0892B09F420E0822FDF91CF917B
:109720000895CF936091970E7091980E8091990E45
:1097300090919A0E0E9451C1C82F811109C066E014
:1097400070E089EE98E10E9493BE8C2FCF9108952E
:109750004091930E5091940E6091950E7091960EDB
:109760004093A70E5093A80E6093A90E7093AA0E73
:109770008091970E9091980EA091990EB0919A0EAB
:10978000840F951FA61FB71F8093A30E9093A40E5E
:10979000A093A50EB093A60E10929B0E10929C0E55
:1097A00010929D0E10929E0E10927D0E0E94E9A4C2
:1097B0000E9456CBC82F882341F281E080937D0E12
:1097C000C4CF0F931F93CF930E9418AA811528E04E
:1097D000920758F066E070E082E894E10E9426AAC1
:1097E00080E0CF911F910F9108956FEF77E0681B94
:1097F000790BC9F0613082E0780710F060E072E028
:109800008BE192E10E9433C297FF05C066E070E0F1
:1098100088E794E1E3CF009741F48FB7F89491E0A3
:10982000909343028FBF81E0DCCF2091640E309192
:10983000650EEBE1F2E1D901B7704191AA56BB4F39
:109840004C932F5F3F4FAF014B515241481759077F
:1098500094F3092E000CAA0BBB0B4091530E5091B0
:10986000540E6091550E7091560E840F951FA61FD1
:10987000B71F8093530E9093540EA093550EB09340
:10988000560ECFB7F8943093650E2093640E0E9465
:1098900086B30091570E1091580E2091590E3091B9
:1098A0005A0E601771078207930718F081E08093C2
:1098B0004302CFBFB8CFEF92FF920F931F93CF9386
:1098C0008C017C018CE0E80EF11CC7010E9465B39D
:1098D000C82F882379F0D801DC96ED91FC91DD97B3
:1098E0003097C9F08181C1E0811101C0C0E0C7019A
:1098F0000E9490E50E9485C0882339F0CC2329F08E
:109900008EE591E10E9450C080E0CF911F910F91B0
:10991000FF90EF900895DE96ED91FC91309739F32A
:1099200084A5882321F385A5DECF8CE191E10C94F9
:1099300050C0AF92BF92CF92DF92EF92FF921F93EF
:10994000CF93DF93CDB7DEB7CD5AD1090FB6F894D8
:10995000DEBF0FBECDBF5C016B01892B61F0672BB1
:1099600051F01091AB0C112331F08BE395E10E9483
:1099700065B38823B9F086E992E10E9450C010E0F7
:10998000812FC355DF4F0FB6F894DEBF0FBECDBF9A
:10999000DF91CF911F91FF90EF90DF90CF90BF901C
:1099A000AF9008956091CF177091D0176115710530
:1099B00071F019821A821B8220E0A601CE01019665
:1099C0000E94CD5A8823A1F08AE892E1D6CF609117
:1099D000D1177091D2176115710551F01DA61EA601
:1099E0001FA620E0A601CE0101960E94B06DEACF2D
:1099F000E090CF17F090D017E114F10409F45BC1A7
:109A0000C257DF4F1882CE58D040C157DF4F18825F
:109A1000CF58D040C057DF4F1882C059D04080ED9A
:109A2000E81A8DEFF80A20E0A501B701CE018257B0
:109A30009F4F0E944A5A882309F44DC018AA19AAB8
:109A40001AAA19821A821B82C257DF4F8881CE5808
:109A5000D040887109F43FC0CC56DF4F288139814E
:109A6000C459D040F701868197812817390799F5A5
:109A7000CE0182579F4F0E9453E580E2FE01E257DC
:109A8000FF4FDE01119601900D928A95E1F760E09B
:109A9000CE0182579F4F0E94D65AFC01892BD9F0E4
:109AA00090E2DE01A15ABF4F01900D929A95E1F725
:109AB000C257DF4F8881CE58D04083FF15C021E5C3
:109AC000A601B701CE01C0960E944A5AC12CD12CE2
:109AD0007601811118C00E9485C0182F882309F4CF
:109AE0004FCF8EE792E149CF20E0A601B701CE012A
:109AF000C0960E940A5D882371F36096CCACDDAC01
:109B0000EEACFFAC609728968CAD9DADAEADBFAD11
:109B10002897CE55DF4F88839983AA83BB83C25A87
:109B2000D0408CA99DA9CE56DF4F99838883C25916
:109B3000D0408BA9CF56DF4F8883C159D04088AD24
:109B400099ADAAADBBADCA56DF4F88839983AA836E
:109B5000BB83C659D04018AA1AAA61E0CE01825729
:109B60009F4F0E94D65A009709F4B5CFDC011D968D
:109B700023E1EFE5F0E0EC0FFD1F3D9601900D9223
:109B80002A95E1F7AB962FADAB97FC012387C11463
:109B9000D104E104F10409F46FC0CC56DF4FE88131
:109BA000F981C459D0408481B701A60142505109BE
:109BB0006109710904C0440F551F661F771F8A95FC
:109BC000D2F781899289A389B489480F591F6A1FE6
:109BD0007B1F20E0CF0184960E94C0E3FC01892B0B
:109BE00009F479CF90E2B096DE01A15ABF4F0190FF
:109BF0000D929A95E1F7B701A601CC56DF4F888107
:109C00009981C459D0400E9400E5882309F463CFAC
:109C1000CC56DF4FE881F981C459D040C655DF4F9B
:109C2000488159816A817B81CA5AD040425051098A
:109C300061097109848104C0440F551F661F771F95
:109C40008A95D2F781899289A389B489480F591FCF
:109C50006A1F7B1F21E0CF0184960E94C0E3DC01D4
:109C6000892B09F438CF90E2FE01E15AFF4F90961C
:109C700001900D929A95E1F71D8E1E8E1F8E18A2EF
:109C800082E08B8388E08983CE0101960E9441EBBC
:109C9000882309F420CFCC56DF4F88819981C4599D
:109CA000D0400E943B5C882309F415CF0E94FEB28D
:109CB0000E9495CC65CEE090D117F090D217E114B8
:109CC000F10409F408CFC557DF4F1882CB58D040B4
:109CD000C457DF4F1882CC58D040C357DF4F18828B
:109CE000CD58D040F0EDEF1AFDEFFF0A20E0A501BE
:109CF000B701CE01815A9F4F0E942C6D882309F431
:109D0000EACE6D961FAE6D976E961FAE6E976F96EC
:109D10001FAE6F971DA61EA61FA6C557DF4F8881D1
:109D2000CB58D040887109F4D6CEC158DF4F288176
:109D30003981CF57D040F70180A191A12817390769
:109D400009F0C9CE21E5A601B701CE01C0960E9457
:109D50002C6D882309F4BFCE8FE2FE01E15AFF4F3C
:109D6000DE01119601900D928A95E1F789E0FE01DE
:109D7000EE5AFF4FAFE5B0E0AC0FBD1F92960190D9
:109D80000D928A95E1F76C968FAD6C97C657DF4FB1
:109D90008883CA58D040C357DF4F8881CD58D04000
:109DA0008068C357DF4F8883CD58D040CE01815A99
:109DB0009F4F0E94B862882309F48DCE1D8E1E8E9F
:109DC0001F8E18A282E08FA788E08DA7CE01019692
:109DD0000E94226668CF1F93CF93DF93CDB7DEB783
:109DE000AF970FB6F894DEBF0FBECDBFAC01892B85
:109DF00021F01091AB0C111110C085E792E10E9487
:109E000050C010E0812FAF960FB6F894DEBF0FBEA2
:109E1000CDBFDF91CF911F9108956091CF177091C1
:109E2000D01761157105C1F019821A821B8221E0D9
:109E3000CE0101960E94CD5A882331F0CE010196C1
:109E40000E9441EB81111EC00E9485C0182F8823FB
:109E5000C9F285E692E1D3CF6091D1177091D21704
:109E60006115710589F31DA61EA61FA621E0CE016E
:109E700001960E94B06D882339F3CE0101960E94AD
:109E80002266E0CF0E94FEB20E9495CCBBCFCF935A
:109E90008091AB0C882331F08BE395E10E9465B390
:109EA000811106C00E9472C0C0E08C2FCF9108952E
:109EB0008BE395E10E94ED98C82F811109C00E94A3
:109EC00085C0882391F387E492E10E9450C0EDCFD2
:109ED0000E94FEB20E9495CCE8CF8F929F92AF92E3
:109EE000BF92DF92EF92FF920F931F93CF93DF9376
:109EF00000D01F92CDB7DEB74B015C018091AB0C57
:109F0000882339F08BE395E10E9465B3D82E811147
:109F100014C00E9472C0D12C8D2D0F900F900F9005
:109F20000F90DF91CF911F910F91FF90EF90DF90F5
:109F3000BF90AF909F908F900895E0906B15F09038
:109F40006C15E114F10409F474C0B501A401C70152
:109F50000E94E7E58823A1F1F701828181FF30C0EB
:109F6000848D958DA68DB78D0097A105B10509F457
:109F70005BC044855585668577854115510561052A
:109F8000710549F119821A821B821C829E012F5F82
:109F90003F4F868197810E947FE487FD11C088230F
:109FA00011F1F70144855585668577850FEF1FEF21
:109FB0002FEF3FE0868197810E940AE4811113C050
:109FC0000E9485C0D82E882309F4A6CF87E392E1AA
:109FD0000E9450C0A0CF89839A83AB83BC83148E28
:109FE000158E168E178E49815A816B817C814115A1
:109FF00051056105710539F0F701868197810E944D
:10A0000000E58823E9F2F70180899189A289B38963
:10A01000808F918FA28FB38F828180688283C701E6
:10A020000E9453E5882361F20E94FEB20E9495CC03
:10A0300073CFE0906D15F0906E15E114F10409F402
:10A04000BFCF8401950140E050E060E070E0C701BF
:10A050000E94D360882309F4B3CFC7010E946063D4
:10A06000E1CF2F923F924F925F926F927F928F92A9
:10A070009F92AF92BF92CF92DF92EF92FF920F9397
:10A080001F93CF93DF93CDB7DEB760970FB6F894E9
:10A09000DEBF0FBECDBF6D837E838F839887809197
:10A0A000AB0C882339F08BE395E10E9465B3F82E61
:10A0B00081111DC00E9472C0F12C8F2D60960FB6C9
:10A0C000F894DEBF0FBECDBFDF91CF911F910F91EE
:10A0D000FF90EF90DF90CF90BF90AF909F908F90C8
:10A0E0007F906F905F904F903F902F900895C09019
:10A0F0006B15D0906C15C114D10409F4D7C0D601EA
:10A1000012968C91129781FFC6C05C968D919D919D
:10A110000D90BC91A02D892B8A2B8B2B09F0BBC0F5
:10A12000F60126803780D10114962C91275F8D810E
:10A130009E81AF81B8850197A109B10904C0B69588
:10A14000A795979587952A95D2F78C019D010F5F6A
:10A150001F4F2F4F3F4F0D871E872F87388BD10101
:10A1600019968D909D90AD90BC901C97BFEF8B1A67
:10A170009B0AAB0ABB0A24013501EF2CF101818D4A
:10A18000928DA38DB48D88159905AA05BB0508F499
:10A1900082C09E012F5F3F4FB501A401C1010E9403
:10A1A0007FE4282F87FD77C0B501A4014F5F5F4F83
:10A1B0006F4F7F4F89819A81AB81BC81892B8A2B1C
:10A1C0008B2B11F421110BC084149504A604B70441
:10A1D00009F0E12C2A013B014A015B01CFCFDB01F1
:10A1E000CA0184199509A609B7090D851E852F8511
:10A1F0003889081719072A073B0771F7EE2039F04D
:10A20000D10119968D929D92AD92BC921C970FEF41
:10A210001FEF2FEF3FE0B501A401C1010E940AE446
:10A220008823C9F1481459046A047B04C0F49501D9
:10A23000840101501109210931090D871E872F87DB
:10A24000388B950184014D855E856F857889C101C4
:10A250000E940AE48D849E84AF84B888E1CFD60141
:10A260005C964D925D926D927C925F970D811E81FE
:10A270002F81388558960D931D932D933C935B97B2
:10A2800012968C911297806E12968C93C6010E9442
:10A2900053E5811181C00E9485C0F82E882309F4FE
:10A2A0000CCF89E292E10E9450C006CFC0906D159C
:10A2B000D0906E15C114D10471F3F60186A581FF0B
:10A2C000EACF848D958DA68DB78D892B8A2B8B2B0C
:10A2D00011F72D813E814F81588589019A0140E017
:10A2E00050E0BA010D831E832F83388749875A8730
:10A2F0006B877C8700A0F1A1E02D98014F815885E4
:10A3000060E070E080E090E0AFEF0F94F704DF01D1
:10A31000A15DBD4F0C91075F0F94D3045A01490111
:10A320003FEF831A930AA30AB30A9501840140E020
:10A3300050E0BA01CF010E94125F2B013C0142E0C4
:10A34000441651046104710408F4A5CFEE24E3948B
:10A350009501BC01A201D60190968D919C910E941D
:10A36000E75D882309F497CF0D81F60100871E81F0
:10A3700011872F81228738853387148615861686A4
:10A380001786448E558E668E778E86A5806C86A73E
:10A39000C6010E94B8627DCF0E94FEB20E9495CC99
:10A3A0008CCE2F923F924F925F926F927F928F92BC
:10A3B0009F92AF92BF92CF92DF92EF92FF920F9354
:10A3C0001F93CF93DF93CDB7DEB7CC52D1400FB6FA
:10A3D000F894DEBF0FBECDBF7C01C55DDE4F798333
:10A3E0006883CB52D140CE018F5B9F4F0E9405B353
:10A3F000CE018F579F4F0E9405B3CE0101965C019D
:10A400000E9405B3E114F10439F0F70180818F3225
:10A4100019F48181811105C085EC91E10E9450C041
:10A4200045C00E9485C0882309F440C040E0B701C0
:10A43000CE010D960E9419B3882309F453C0CE01B2
:10A440000D960E9435B4D82E811109C0CE010D960B
:10A450000E9490E58DEB91E10E9450C028C0CE0192
:10A460000D960E9490E50E94FEB20E9495CC01E4F8
:10A4700010E00C0F1D1F045F1F4F40E0B701C80123
:10A480000E9419B3811147C101E410E00C0F1D1F98
:10A49000045F1F4FC8010E9465B3882319F0C801EB
:10A4A0000E9490E50E9485C08111BBC1D12C8D2DE9
:10A4B000C45DDE4F0FB6F894DEBF0FBECDBFDF9197
:10A4C000CF911F910F91FF90EF90DF90CF90BF90B1
:10A4D000AF909F908F907F906F905F904F903F9044
:10A4E0002F9008950E9485C0882301F340E0B701B2
:10A4F000CE010D960E9419B3C82E882371F0CE01AB
:10A500000D960E9435B4D82E8111A9CFCE010D969B
:10A510000E9490E585EB91E19FCF6091CF177091FC
:10A52000D01761157105D1F0CF53DF4F1882C15C90
:10A53000D040CE53DF4F1882C25CD040CD53DF4FA6
:10A540001882C35CD040605D7D4F21E0A701CE0141
:10A550008F539F4F0E940A5DC82E53C00091D117A0
:10A560001091D2170115110509F44BC0C45EDE4FDE
:10A570001882CC51D140C35EDE4F1882CD51D140FC
:10A58000C25EDE4F1882CE51D140C75DDE4FF982E8
:10A59000E882C952D140C351DF4F1882CD5ED0400E
:10A5A000C251DF4F1882CE5ED040C151DF4F1882BA
:10A5B000CF5ED040F801E45AFD4F8081807509F1EB
:10A5C000F70180818F32D9F5C75DDE4FE881F981CF
:10A5D000C952D14080818F3241F43196C75DDE4F40
:10A5E000F983E883C952D140EFCF005D1D4FF801D8
:10A5F00060A171A1CE018F539F4F0E941D628111F6
:10A6000062C040E0B701CE010D960E9419B38111DE
:10A6100074C00E9485C0882309F448CF40E0B70188
:10A62000CE010D960E9419B3D82E811166C081EA21
:10A6300091E1CC2009F410CF8CEA91E10DCF005DBF
:10A640001D4FC75DDE4F68817981C952D1409E019F
:10A65000275D3E4FAE01415E5E4FCE0180519F4F60
:10A660000E94E166882369F2C75DDE4FE881F981C7
:10A67000C952D14080818823B1F120E0AE01415E12
:10A680005E4FB801CE0180519F4F0E94446A8823DB
:10A69000F1F08FE2FE01E051FF4FDE01AF53BF4FFB
:10A6A00001900D928A95E1F7CE0180519F4F0E9453
:10A6B000B862C45EDE4F1882CC51D140C25EDE4F1C
:10A6C0001882CE51D1408E010F531F4FBACFAE0129
:10A6D000415E5E4FB801CE0180519F4F0E94F46CE5
:10A6E0008111D7CF8ECFAE01415E5E4FB801CE0152
:10A6F00080519F4F0E94F46C2FCFCE010D960E9487
:10A7000035B4D82E8111ABCECE010D960E9490E5C6
:10A7100089E991E1A1CEC8010E9435B4882309F4EA
:10A72000B3CE0E94FEB2F12CE12C280101E810E02A
:10A730000C0F1D1F045F1F4F3E01F8E06F0E711CD0
:10A740008AE0282EB201C8010E9422E8D82E882370
:10A7500009F48EC0F50180E411928A95E9F7B501FC
:10A76000C8010E94F9EB21961FAE2197C8010E94F3
:10A7700035B481116CC0F50101900020E9F7CF01DB
:10A780000C978A159B0509F062C089810E9421609F
:10A79000823509F05CC08A810E942160853409F00D
:10A7A00056C08B810E942160833409F050C0888597
:10A7B0008E3209F04CC0FE013496912C812C81918F
:10A7C00090ED980F9A3008F042C0289C6001299CB7
:10A7D000D00C1124C80ED11C87FDDA94460180E309
:10A7E000881A9108E615F70551F789850E942160BE
:10A7F0008735D1F48A850E942160813441F58B85AB
:10A800000E942160863519F5E1E3CE1AD108FFE0F8
:10A81000CF16F7E2DF06D8F4E814F904C0F47401A7
:10A8200016C082EE91E1FACD8C34A9F43A84832DDE
:10A830000E942160853429F48B850E942160803537
:10A8400019F391E3391203C08B858633E9F2C8010D
:10A850000E9490E577CF8D34D1F78A850E942160E0
:10A860008A35A9F78B850E942160863481F7CCCF89
:10A87000C2010E9490E50E9485C0182F882309F428
:10A8800015CE8FE0E81687E2F80618F083ED91E127
:10A89000E3CD9FEFE91AF90AC55DDE4FE881F98142
:10A8A000CB52D140F182E0820E9495CCD12EFFCDD7
:10A8B000CF93DF93EC01892B49F480E991E10E9469
:10A8C00050C0C0E08C2FDF91CF9108950E9485C0C9
:10A8D0008823B9F38BE395E10E9465B3882321F0C7
:10A8E0008BE395E10E9490E542E3BE018BE395E1A5
:10A8F0000E9419B3C82F811109C00E9485C0882306
:10A9000001F38FE791E10E9450C0DCCF0E94FEB2BC
:10A910000E9495CCD7CFCF93DF93EC01892B49F4DC
:10A9200086E791E10E9450C0C0E08C2FDF91CF916B
:10A9300008950E9485C08823B9F38BE395E10E94B6
:10A9400065B3882321F08BE395E10E9490E540E018
:10A95000BE018BE395E10E9419B3C82F811109C094
:10A960000E9485C0882301F387E691E10E9450C0D0
:10A97000DCCF0E94FEB20E9495CCD7CF2F923F929F
:10A980004F925F926F927F928F929F92AF92BF92FF
:10A99000CF92DF92EF92FF920F931F93CF93DF93AB
:10A9A000CDB7DEB7E0970FB6F894DEBF0FBECDBFD0
:10A9B0002091CE0E3091CF0E232B09F4AEC000971C
:10A9C00009F4ABC02091CC0E3091CD0E2130310571
:10A9D00001F11092C50EFB013183208311E0812F1C
:10A9E000E0960FB6F894DEBF0FBECDBFDF91CF91DA
:10A9F0001F910F91FF90EF90DF90CF90BF90AF909D
:10AA00009F908F907F906F905F904F903F902F908E
:10AA100008955B0198AB8FA70E9486B31B012C01A0
:10AA20000E9473B3F501118210826091CE0E709175
:10AA3000CF0E1BA61AA68BE192E1892B11F4712C83
:10AA40009EC061157105D9F324E542E050E08BE129
:10AA500092E10E9432DA882391F38BE192E10E9425
:10AA6000C4B1882361F38BE192E10E948BD48EA75D
:10AA7000882329F3198E1DA2812C912C60E072E0AD
:10AA80008BE192E10E9433C23C0197FF03C00E9418
:10AA900073B3D5CF892B09F468C08BE192E19DA7F0
:10AAA0008CA7ECA5FDA58191FDA7ECA78D3011F039
:10AAB0008A3079F4882099F18BA58111E8CF812C17
:10AAC000912C8CA59DA58B519241861597054CF331
:10AAD00048C08110F6CF96E1991548F0E1E0F0E02A
:10AAE000EC0FFD1FE90DF11D80839394EACF8EA436
:10AAF000E8CF8BA5882309F481C0A501BE016B5D59
:10AB00007F4FCE0149960E94E6AA182F8AA70E947D
:10AB100073B3112309F493CF73C010E060CF992071
:10AB200071F2E1E0F0E0EC0FFD1FE90DF11D108284
:10AB3000CE018A966C0175018E010B5D1F4F9E013F
:10AB4000275E3F4FAE01455D5F4F6FA578A989979E
:10AB50000E94A3DA882309F49ACF8AA5882309F4EE
:10AB6000AECF8AA5882309F489CF7AA4711042C098
:10AB7000882011F18BA58823E9F10E9473B37092AC
:10AB8000C50E8091CE0E9091CF0E0E948BD4182FBF
:10AB900066E070E08CEF98E1112359F0C201B10139
:10ABA0000E9401C1182F81111ACF66E070E083EF77
:10ABB00098E10E9493BE13CF9920E1F0E1E0F0E02C
:10ABC000EC0FFD1FE90DF11D1082FE01BA966F0119
:10ABD00075018E010B5D1F4F9E01275E3F4FAE0139
:10ABE000455D5F4F6FA578A9CE0101960E94A3DA5B
:10ABF000882319F28AA5882309F47BCF0E9473B3B6
:10AC00008AA5882309F41BCF77247394F5018081EA
:10AC10009181019709F0B3CF12CFCF92DF92EF92DB
:10AC2000FF920F931F93CF93DF931F921F92CDB785
:10AC3000DEB7082F0E9457C0011119C08091AB0CDC
:10AC40008823A9F00E9485C0182F882381F00E94D4
:10AC500095CC0E942599812F0F900F90DF91CF9175
:10AC60001F910F91FF90EF90DF90CF9008950E9479
:10AC700073B31092AB0C002381F11092D017109295
:10AC8000CF171092D2171092D1170091D3171091AD
:10AC9000D41701151105E1F0F80181858823C1F071
:10ACA000C8010E94E2E29FB7F8948091BF0C88230C
:10ACB00019F081508093BF0C8091BF0C811105C0A9
:10ACC0008CB58F7B8CBD1092480E9FBFF80111860A
:10ACD0008091BE0D877E8093BE0D0E94FEB282E4FD
:10ACE00091E10E9450C061E085E30E940BDD0E946B
:10ACF000B96D82E590E00E9452B41AE08FEF0E9495
:10AD00004BB41150D9F78091480E81110E94B7B110
:10AD10001092DE171092E1171092E2171092E317CB
:10AD20001092E4171092E01785E38093DF1761E03B
:10AD30000E9446DE61E08091DF170E940BDD82E514
:10AD40008093D7171092D8170E94B96D81E0809335
:10AD5000DE1785ED97E10E94E5E061E08091DF1765
:10AD60000E940BDD1AE00E9496E01150E1F760E0CE
:10AD70008091DF170E940BDD0E94A0DF6053784FA7
:10AD80007A83698320E030E0A90160E085ED97E1F6
:10AD90000E9469E1082F813069F1CE0101960E947D
:10ADA00019E1882379F381E08093E01785ED97E13D
:10ADB0000E9499E085ED97E19093D4178093D31783
:10ADC000892BA1F08091E017811110C061E085ED21
:10ADD00097E10E9432ED811177C060E08091D31736
:10ADE0009091D4170E9432ED81116EC00E9472C002
:10ADF00010E031CF2AEA31E040E050E068E085ED34
:10AE000097E10E9469E182FD11C014E00E9496E082
:10AE10008093E3171150D1F78A3A29F1CE010196B8
:10AE20000E9419E1882331F386E0BECF11E0C12CE6
:10AE3000D12C760120E030E0A90167E385ED97E1B0
:10AE40000E9469E1A701960169E285ED97E10E9400
:10AE500069E1882379F0CE0101960E9419E18823E7
:10AE600049F387E1A1CF12E0C12CD12CE12C80E481
:10AE7000F82EE0CF1230C9F420E030E0A9016AE3F7
:10AE800085ED97E10E9469E1882311F082E18CCF82
:10AE90000E9496E0807C803C09F413E00E9496E0DA
:10AEA0000E9496E00E9496E0012F85ED97E10E94B6
:10AEB00099E080E58093D71781E08093D8170093BD
:10AEC000E4178093DD1776CF81E08093AB0C0E946E
:10AED000FEB20E9495CC0E94259911E0BCCE65304F
:10AEE00048F470E0660F771F680F791FFB018181BE
:10AEF000928108956B3050F46550770B660F771F81
:10AF0000680F791FFB018685978508956D3051F094
:10AF10006B50770B660F771F680F791FFB01848DCD
:10AF2000958D089590E080E008958150823108F079
:10AF30005AC0E82FF0E08827EF55F8428F4F0D9464
:10AF4000AC03C1D7C5D7B3D7B9D7BDD7F3D7C8D707
:10AF5000CED7D2D7D8D7DCD7E0D7E6D7EAD7F3D742
:10AF6000EED7F4D7F8D7809180008F778093800058
:10AF70000895809180008F7DF9CF80918000877F38
:10AF8000F5CF84B58F7784BD089584B58F7DFBCFD1
:10AF90008091B0008F778093B00008958091B000C9
:10AFA0008F7DF9CF809190008F77809390000895E6
:10AFB000809190008F7DF9CF80919000877FF5CFB1
:10AFC0008091A0008F778093A00008958091A000C9
:10AFD0008F7DF9CF8091A000877FF5CF80912001F0
:10AFE0008F77809320010895809120018F7DF9CF84
:10AFF00080912001877FF5CFAF92BF92CF92DF92F1
:10B00000EF92FF920F931F93CF93DF936C017B011D
:10B010008B01040F151FEB015E01AE18BF08C017AE
:10B02000D10759F06991D601ED91FC910190F08121
:10B03000E02DC6011995892B79F7C501DF91CF91D4
:10B040001F910F91FF90EF90DF90CF90BF90AF9046
:10B0500008950895FC019C01255F3F4F80E080FB2F
:10B06000879587F99191890FE217F307C1F7089542
:10B0700080917B00877F80937B0080E480937C00BD
:10B0800080917A00806480937A0080917A0086FDB6
:10B09000FCCF80917800909179000895FC01019097
:10B0A0000020E9F73197AF01481B590BBC0185EE31
:10B0B00097E10C94FCD7CF93DF93EAEDFDE1849107
:10B0C000E4E9FDE1D491EEE4FDE1C491CC23A1F0EB
:10B0D00081110E9495D7EC2FF0E0EE0FFF1FEF5C7F
:10B0E000F24EA591B491EC91ED2381E090E009F44A
:10B0F00080E0DF91CF91089580E090E0FACFAF92A9
:10B10000BF92CF92DF92FF920F931F93CF93DF9363
:10B11000EB015A018C0198012F5F3F4FD8018C91B0
:10B120008032D1F0198308831F821E82F801DF016B
:10B13000FD906D01FF2031F1BFE2FB1619F1F7FE22
:10B140000DC080E0DF91CF911F910F91FF90DF90B4
:10B15000CF90BF90AF9008958901DDCF8F2D0E94D1
:10B16000CA668111EECFC601801B910BEEE2FE167E
:10B1700039F0F0E2FF1621F09F838E83DD82CC82CE
:10B18000F601D5CF8E819F8101978F3F9105C8F63B
:10B190002E2F9F2F81918032D9F38F32C9F3D501A1
:10B1A0002C9311969C930C811D8128813981FE017D
:10B1B0003A96CE01459640E241938E179F07E1F7FC
:10B1C00081E0F90190819E3209F480E0F9012F5F5E
:10B1D0003F4F90819E32D1F3980121503109E217FF
:10B1E000F30720F4D9019C919E32B9F740E067E063
:10B1F000A0E050E078E0E017F10708F045C090814A
:10B200009E3241F42E173F0769F46AE0A8E070E12E
:10B210003196F1CF9232A1F09C3791F0B5EAB90F97
:10B22000B33070F0B6EDB90FB63010F49D3241F482
:10B23000B6ECB90FB63020F0BFEDB90FBE3528F02F
:10B24000907C9038B9F580E0E3CF6A1740F46A301B
:10B25000D1F02E173F07B8F0F9013197F4CFBFE9CD
:10B26000B90FBA3158F59052472BFF24F394FA0ED8
:10B27000AC0FBD2FB11D1A969C93B6E0BF1508F018
:10B28000F886AF2DC5CF80E09A85903209F459CF6A
:10B29000882329F0542309F042E0498753CF81E005
:10B2A00089878885C80FD11D8EE78A8781E38B87C0
:10B2B00081E048CF80E09FE56A1748F2BFEBB90F05
:10B2C000BA3198F6572BD1CF2091E2143091E31484
:10B2D0002130310521F41092E1141092E014109203
:10B2E000CA141092C914813024E0920728F11092F8
:10B2F000CC141092CB1490E080E09093CD14809306
:10B30000CE141092CF141092D0141092D114109227
:10B31000D2141092D3141092D4141092D514109207
:10B32000D6141092DC141092DB141092DE141092DA
:10B33000DD141092DF1408959C0183E0220F331F67
:10B340008A95E1F73093CC142093CB1491E080E000
:10B35000232B99F690E0D1CFCF92DF92EF92FF921C
:10B360004091CB145091CC144115510509F447C0BC
:10B370009C0173E0220F331F7A95E1F7E4E0880F18
:10B38000991FEA95E1F784179507C8F1CA01880F5C
:10B39000991F840F951F8217930788F12D3C8CE02D
:10B3A0003807B0F4443D88E0580790F484E1829F68
:10B3B000B001839F700D11248DE1849F9001859FC2
:10B3C000300D112441E06217730798F440E011C07A
:10B3D000A4E1B0E00F94B4036B017C019A01ADE1EC
:10B3E000B0E00F94B40341E0C616D706E806F906AC
:10B3F00068F3842FFF90EF90DF90CF9008954FEF88
:10B40000F8CFE091BB14F091BC14EF2B51F5909361
:10B41000BC148093BB146093BD142093BE1430936E
:10B42000BF144093C0145093C1148091DB149091C9
:10B43000DC149093C3148093C2148091DD14909116
:10B44000DE149093C5148093C4148091CD14909110
:10B45000CE149093C7148093C6148091DF14809308
:10B46000C8140895BF92CF92DF92EF92FF920F938C
:10B470001F93CF93DF93FB0101900020E9F73197F1
:10B480008F01061B170BF8013497EC39F10558F0C2
:10B4900080E0DF91CF911F910F91FF90EF90DF90AF
:10B4A000CF90BF900895E60FF71F30813E3281F7AD
:10B4B000B22E7A016B01EC01CB010E943CB08E15DB
:10B4C0009F0531F7A8014F5F5F4FB601CE010F9482
:10B4D0003605CE01800F911FFC0133972DE42083A8
:10B4E0003196B082019729E4FC01208381E0D1CF1D
:10B4F000009741F06115710529F026E441E050E024
:10B500000C9432DA80E008954230510541F0433026
:10B51000510579F04130510551F40C9478DA0097D7
:10B5200031F024E542E050E06115710551F480E00E
:10B5300008950097E1F361157105C9F322E343E033
:10B5400050E00C9432DA5F926F927F928F929F92CA
:10B55000AF92BF92CF92DF92EF92FF920F931F9321
:10B56000CF93DF93EC014B013A01590147E050E0E2
:10B570006FE07DE10F945800F3015080892B09F0B2
:10B580005FC05520B9F081E0F6018083A701B801C2
:10B59000C501DF91CF911F910F91FF90EF90DF9048
:10B5A000CF90BF90AF909F908F907F906F905F9063
:10B5B0000C94E6AAFE01379699F455245394852DF0
:10B5C000DF91CF911F910F91FF90EF90DF90CF907F
:10B5D000BF90AF909F908F907F906F905F900895F5
:10B5E0008F81882351F390E080E03AE0219122237B
:10B5F000B1F020532A3008F78A3949E19407E8F678
:10B60000893949E1940711F42630B8F6389FA00132
:10B61000399F500D1124CA01820F911DE7CF009769
:10B6200061F221E08816990609F020E0F3012083F9
:10B630008816990611F6F5011082F8011082BDCF27
:10B64000552009F4BACF45E050E069E07DE1CE0134
:10B650000F945800892B91F4BE016B5F7F4FFB0163
:10B6600001900020E9F73197E61BF70BAF014F5F20
:10B670005F4FC5013C97E8F0512CA1CF46E050E068
:10B6800062E07DE1CE010F945800892B09F095CF3F
:10B69000BE016A5F7F4FFB0101900020E9F73197FF
:10B6A000E61BF70BE530F10538F7AF014F5F5F4F51
:10B6B000C8010F94360583CFAC016BE174E18BE1D7
:10B6C00092E10E9484DA882321F08BE192E10C94CC
:10B6D000C4B180E008950097B9F448EF5CE161E1FE
:10B6E00070E089E092E10E942C7086E0809308125D
:10B6F0008091061290910712089781F481E00E94D0
:10B700000EB881E00C9426B540E150E0BC0189E020
:10B7100092E10F945D0510921912E7CF08950F93EF
:10B720001F93CF93DF93CDB7DEB76C970FB6F89426
:10B73000DEBF0FBECDBF2FEF260F283660F080E0B2
:10B740006C960FB6F894DEBF0FBECDBFDF91CF91E0
:10B750001F910F910895883021E1920709F048C0A8
:10B76000FE0171968CE0DF011D928A95E9F783EC6A
:10B770008F8788E0888B81E1898BDE0111969E019D
:10B78000215F3F4F89015A2F4B2F1097C1F2F901CA
:10B7900061919F0190E080E08D30910509F443C0F4
:10B7A000FC01E850F44EE4916E133DC08D93A01758
:10B7B000B10759F7E6E1F0E180E7DF011D928A95D4
:10B7C000E9F781E0809306108EE0E52FF42FA7E0E3
:10B7D000B0E101900D928A95E1F78DE0809315100C
:10B7E00080E880931C1080ED80931D1081E0A8CF2D
:10B7F0008115904C09F0A3CF81E28F8788E0888B78
:10B8000081E1898B8A8B1B8A80EC8C8B91E09D8BEC
:10B810006E8B1F8A9DEE988F90EB998F93EC9A8F89
:10B820001B8E8C8FAACF01968115F1E09F0709F03E
:10B83000B3CF85CFEAECFFE080E09191992311F03E
:10B840009D3059F4E82FF0E0E653F04F882349F09B
:10B850009291903231F48150F9CF8F5F813169F745
:10B86000F1CF0895E091B40FF091B50F309711F03A
:10B8700084E619951092B30F0895FC013197E730D3
:10B88000F10538F58827E85BF3428F4F0D94AC0340
:10B8900057DC5ADC5DDC63DC66DC4FDC60DC8FE0AF
:10B8A00090E090939E0F80939D0F81E0089586E035
:10B8B00090E0F7CF87E090E0F4CF88E090E0F1CF20
:10B8C00080E190E0EECF89E090E0EBCF8AE090E07D
:10B8D000E8CF80E008951F93CF93DF93D4E01FEF6C
:10B8E00040919C0F442329F180919B0F50915A0263
:10B8F000851719F190E4899F900111242A5F3F4E2A
:10B90000C0E490919A0F9C1718F110929A0F85132A
:10B9100004C010935A021092990F8F5F8770809322
:10B920009B0F415040939C0FDBCF80939A0FD11116
:10B93000D7CFDF91CF911F910895C091990FCC235C
:10B9400021F3E0E48E9F900111242A5F3F4ED9CF6E
:10B950008091980F882339F0290F311D68E0F90193
:10B9600080810E94DF8880919A0F8F5FD1508C1761
:10B97000E0F210929A0F80919B0F90915A028913D6
:10B9800004C010935A021092990F8F5F87708093B2
:10B990009B0F80919C0F815080939C0FC8CF40914A
:10B9A000EC0F242F3091ED0F532F52955F7090E0E4
:10B9B000FC01EB50F04F5A3030F5505D5083FC01E4
:10B9C000EA50F04F532F5F705A30F8F4505D5083B7
:10B9D000FC01E950F04F54E0369527955A95E1F770
:10B9E0002F702A30A0F4205D2083FC01E850F04F36
:10B9F000242F2F702A3068F4205D20838750904FC9
:10BA0000FC0110820895595CD9CF595CE0CF295CC4
:10BA1000EBCF295CF2CF1F93CF93DF93282F30E039
:10BA2000F901E952F24E8491F901EF56F24ED491A8
:10BA3000F901E55BF24EC491CC23A9F0162F8111D8
:10BA40000E9495D7EC2FF0E0EE0FFF1FE252F44E6C
:10BA5000A591B4918FB7F894EC91111108C0D095CD
:10BA6000DE23DC938FBFDF91CF911F910895DE2BF2
:10BA7000F8CF10922E1560E082E00C940BDD9FB79A
:10BA8000F894809171008B7F8093710010929000E8
:10BA90001092910084E088BB80911A12813011F4D9
:10BAA00010921A129FBF0E9439DD0C940BB8CF93ED
:10BAB000DF93EC0160E08E810E940BDD61E08E81FE
:10BAC0000E940BDD60E08E810E940BDD8BE891E02F
:10BAD0000197F1F7DF91CF910895CF92DF92EF9226
:10BAE000FF920F931F93CF93DF936C017C0187E04C
:10BAF000E80EF11CD0E0C0E0062F10E0B8010C2EDB
:10BB000002C0759567950A94E2F76170F70181911B
:10BB10007F010E940BDD2196C430D10579F7C60163
:10BB2000DF91CF911F910F91FF90EF90DF90CF9019
:10BB30000C9457DDCF92DF92EF92FF920F931F93F9
:10BB4000CF93DF93EC01F62E642F8C810E940BDDE6
:10BB50008D818F3F19F060E00E940BDD0F2D10E00A
:10BB60008F8584FF25C06E0187E0C80ED11CF12CA3
:10BB7000E12CB8010E2C02C0759567950A94E2F786
:10BB80006170F60181916F010E940BDDFFEFEF1AEA
:10BB9000FF0A88E0E816F10461F7CE01DF91CF914A
:10BBA0001F910F91FF90EF90DF90CF900C9457DD95
:10BBB000B80184E0759567958A95E1F7CE010E94FA
:10BBC0006DDD6F2DCE01DF91CF911F910F91FF9011
:10BBD000EF90DF90CF900C946DDD40E0682F85EE04
:10BBE00097E10C949ADD81E00E94EDDD8BE39FE10B
:10BBF0000197F1F708959091F817891710F08FEFDA
:10BC0000890FE82FF0E0EB51F84E848980680C949E
:10BC1000EDDDCF93DF93CDB7DEB761970FB6F89424
:10BC2000DEBF0FBECDBFAC0161E170E0CE01019679
:10BC30000E944070FE01319680E0919191110CC0FC
:10BC4000E1E0F0E0EC0FFD1FE80FF11D90E28F5FE7
:10BC500091938031E1F703C08F5F803171F7198ACA
:10BC600080E00E94FBDDCE0101960E944ED86196D5
:10BC70000FB6F894DEBF0FBECDBFDF91CF91089510
:10BC800041E00E949ADD81E090E00895CF93DF9338
:10BC900090E0FC01EF56F24E2491855B924EFC0140
:10BCA00084918823C9F090E0880F991FFC01EC5320
:10BCB000F44EA591B491FC01E252F44EC591D49199
:10BCC00061110DC09FB7F8948C91209582238C93BD
:10BCD0008881282328839FBFDF91CF910895623008
:10BCE00051F49FB7F8943C91822F809583238C93D5
:10BCF000E8812E2BEFCF8FB7F894EC912E2B2C935D
:10BD00008FBFEACFCF93DF93823029F49091F4175D
:10BD100098609093F4178093F8171092F91780E4C5
:10BD20008093FA1780E18093FB1780E58093FC17DE
:10BD300061E08091E9170E9446DE8091EA178F3F0B
:10BD400019F061E00E9446DE61E08091EB170E94ED
:10BD500046DEC5EED7E19E01255E37418091F4179E
:10BD600084FD0BC084E090E021962817390744F445
:10BD700061E08E810E9446DEEECF88E090E0F4CF55
:10BD80008BE39DE00197F1F760E08091E9170E9455
:10BD90000BDD60E08091EB170E940BDD8091EA17CC
:10BDA0008F3F19F060E00E940BDD8091F41784FD55
:10BDB00034C063E085EE97E10E946DDDCBE4D6E40C
:10BDC000CE010197F1F763E085EE97E10E946DDD0A
:10BDD0002197F1F763E085EE97E10E946DDD83E541
:10BDE00092E00197F1F762E085EE97E10E946DDD48
:10BDF0008091F41780620E94EDDD84E08093F51756
:10BE00008CE00E94EDDD0E94F3DD82E08093F61766
:10BE100086E0DF91CF910C94EDDD80620E94EDDD34
:10BE20008BE496E40197F1F78091F41780620E9409
:10BE3000EDDD83E592E00197F1F78091F4178062E0
:10BE40000E94EDDDD5CF3FB7F894809129189091ED
:10BE50002A18A0912B18B0912C1826B5A89B05C0C4
:10BE60002F3F19F00196A11DB11D3FBFBA2FA92F79
:10BE7000982F8827BC01CD01620F711D811D911D76
:10BE800042E0660F771F881F991F4A95D1F70895E2
:10BE90008F929F92AF92BF92CF92DF92EF92FF92DA
:10BEA0004B015C010E9423DF6B017C010E9423DFB8
:10BEB0006C197D098E099F09683E734081059105C3
:10BEC000A8F321E0821A9108A108B10888EEC80EF3
:10BED00083E0D81EE11CF11C81149104A104B1047B
:10BEE00029F7FF90EF90DF90CF90BF90AF909F9099
:10BEF0008F900895CF92DF92EF92FF92CF93C0E29E
:10BF0000C12CD12C76010E9438D8C80ED91EE11C54
:10BF1000F11C65E070E080E090E00E9448DFC150D5
:10BF200091F7D701C60125E0B695A7959795879516
:10BF30002A95D1F7CF91FF90EF90DF90CF900895A1
:10BF40002FB7F894609125187091261880912718C2
:10BF5000909128182FBF08954F925F926F927F9211
:10BF60008F929F92AF92BF92EF92FF920F931F9387
:10BF7000CF93DF93FB01C0E02191222309F475C028
:10BF8000CF5FCF33C9F77B018C018091B20F811154
:10BF90000DC081E08093B20F0E94A0DF60932D1846
:10BFA00070932E1880932F1890933018D1EFDC0FD8
:10BFB0002D2F30E0ACE2B1E00F94B4034B015C01F3
:10BFC0000E94A0DF40902D1850902E1860902F18DE
:10BFD000709030186419750986099709A5019401B4
:10BFE0002053384F4F4F5F4F0F948A03603B24E03C
:10BFF00072078105910508F44BC0605B74408109AC
:10C000009109681579058A059B0550F42CE231E009
:10C0100040E050E00F948A032F5F2D1708F4D22FD1
:10C02000D80190E080E04D2F50E02D2F280F2C17E5
:10C0300088F5FA01E80FF91FEE0DFF1D20812D9301
:10C0400001968F30910589F7F8011786DF91CF911E
:10C050001F910F91FF90EF90BF90AF909F908F90A6
:10C060007F906F905F904F900895C03108F08BCF14
:10C07000DF91CF911F910F91FF90EF90BF90AF9004
:10C080009F908F907F906F905F904F900C947D71F8
:10C09000D0E0C6CF20E2D3CF1F920F920FB60F92FF
:10C0A00011242F933F938F939F93AF93BF938091CE
:10C0B000251890912618A0912718B0912818309132
:10C0C000241823E0230F2D3758F50196A11DB11D2B
:10C0D000209324188093251890932618A09327184E
:10C0E000B09328188091291890912A18A0912B18A4
:10C0F000B0912C180196A11DB11D80932918909321
:10C100002A18A0932B18B0932C18BF91AF919F9130
:10C110008F913F912F910F900FBE0F901F90189508
:10C1200026E8230F0296A11DB11DD2CF8FEF0C94EC
:10C130004BB4CF93DF93FC012485222371F0EC01F3
:10C1400061E082850E940BDD8FEF0E944BB48091ED
:10C15000480E81110E94B7B11C86DF91CF910895DE
:10C160000F931F93CF93DF938C01862FEA010E94D8
:10C170004BB4FE0181918EBDDE5FEC17FD0741F0EF
:10C180008191000000000DB407FEFDCF8EBDF5CFFC
:10C190000DB407FEFDCF8FEF0E944BB48FEF0E94CE
:10C1A0004BB40E9496E0F80186878F71853059F074
:10C1B00081E28387C8010E9499E080E0DF91CF91FE
:10C1C0001F910F91089581E0F9CFCF93DF93FC0188
:10C1D0002485211110C0EC01828193810E9452B408
:10C1E00081E08C8760E08A850E940BDD8FEFDF9114
:10C1F000CF910C944BB4DF91CF9108950F931F937F
:10C20000CF93DF93EC010C85011102C00E94E5E0A1
:10C210000E9496E011E08F3F09F410E0011103C085
:10C22000CE010E9499E0812FDF91CF911F910F9154
:10C230000895CF93DF93FC01C081D1810E94A0DFDC
:10C24000C61BD70B8D2F881F8827881FDF91CF91A2
:10C2500008950F931F93CF93DF931F921F92CDB733
:10C26000DEB78C010E94A0DF600F711F7A836983A3
:10C270000E9496E08F3F71F0CE0101960E9419E175
:10C280008823B1F380E00F900F90DF91CF911F9141
:10C290000F91089581E0F7CF1F93CF93DF93EC01C7
:10C2A00088E592E00E9429E1182F882361F08DEF44
:10C2B0000E944BB4CE010E9499E01D86812FDF9130
:10C2C000CF911F9108958FE18B87CE010E9499E055
:10C2D000F5CFDF92EF92FF920F931F93CF93DF93EF
:10C2E000EC01162F022FF32EE42ED52E0E94E2E24F
:10C2F0008823C1F18C85811103C0CE010E94E5E045
:10C30000111128C0812F80640E944BB48D2D0E9492
:10C310004BB48E2D0E944BB48F2D0E944BB4802FB6
:10C320000E944BB487E8111101C085E90E944BB40B
:10C330000E9496E01AE00E9496E08E8787FF02C076
:10C340001150C9F7DF91CF911F910F91FF90EF909E
:10C35000DF9008951C30B1F28CE291E00E9429E157
:10C360008111D0CF8FEFEECF8F929F92AF92BF927D
:10C37000CF92DF92EF92FF920F931F93CF93DF93B1
:10C38000EC014A015B0169018D85823049F48C81A1
:10C390009D81AE81BF8188159905AA05BB0571F104
:10C3A0008F85A5019401833039F089E0220F331F76
:10C3B000441F551F8A95D1F769E1CE010E9469E1BA
:10C3C0008823B1F08EE08B87CE010E9499E0CE01E8
:10C3D0000E9499E080E0DF91CF911F910F91FF9033
:10C3E000EF90DF90CF90BF90AF909F908F90089587
:10C3F00082E08D878C829D82AE82BF82F12CE12CFF
:10C40000E016F106A9F088E592E00E9429E1811189
:10C4100002C085E2D8CFA6016CEFCE010E94B0E049
:10C42000882391F28FEFE81AF80A8EEFD81AE8CF36
:10C430008C819D81AE81BF818E0D9F1DA11DB11D7F
:10C440008C839D83AE83BF8388858111C4CFCE0149
:10C45000DF91CF911F910F91FF90EF90DF90CF90E0
:10C46000BF90AF909F908F900C944CE1EF92FF9211
:10C470000F931F93CF93DF93EC0179018885882375
:10C4800071F001E010E0CE010E94B4E1182F812F7D
:10C49000DF91CF911F910F91FF90EF9008958F85BD
:10C4A000833039F089E0440F551F661F771F8A9546
:10C4B000D1F79A01AB0168E1CE010E9469E18823BE
:10C4C00039F08DE08B87CE010E9499E010E0DFCF3C
:10C4D000A7016EEFCE010E94B0E08823A1F388E5AA
:10C4E00092E00E9429E1182F84E2112359F320E001
:10C4F00030E0A9016DE0CE010E9469E1882311F0CE
:10C500008AE0E0CF0E9496E08111FACFCE010E942E
:10C5100099E0BDCFEF92FF921F93CF93DF93FC0181
:10C52000208111E020FF12C0EC017C01FCE0EF0E45
:10C53000F11C4B815C816D817E81970189819A819B
:10C540000E9436E2182F811108C010E0812FDF9180
:10C55000CF911F91FF90EF900895888181FD04C0D5
:10C5600088818E7F8883F2CF4B815C816D817E8153
:10C570008F819885A985BA85480F591F6A1F7B1F2F
:10C58000970189819A810E9436E28111E9CFDDCF3E
:10C59000CF93DF93EC011D8620E030E0A9016CE031
:10C5A0000E9469E1882349F089E08B87CE010E94CF
:10C5B00099E080E0DF91CF910895CE010E9499E04B
:10C5C00081E0F8CFFC012585223011F40C944CE178
:10C5D000213011F40C94C8E281E00895CF92DF92EB
:10C5E000EF92FF920F931F93CF93DF931F921F92AF
:10C5F000CDB7DEB78C017B016A010E94A0DF645DCC
:10C600007E4F7A8369830E9496E0F80186878F3F88
:10C61000C1F4CE0101960E9419E18823A1F38EE1B5
:10C62000F8018387C8010E9499E080E00F900F9085
:10C63000DF91CF911F910F91FF90EF90DF90CF90FE
:10C6400008958E3F11F089E1EBCF8FEF8EBDF7019A
:10C65000C6013FEF019749F0000000000DB407FE4E
:10C66000FDCF2EB53EBD2193F5CFF1E0CF1AD10815
:10C67000EC0CFD1C0DB407FEFDCF8EB5F7018083D9
:10C68000F80116860E9496E00E9496E081E0CECFE7
:10C690008F929F92AF92BF92CF92DF92EF92FF92D2
:10C6A0000F931F93CF93DF93EC014A015B01690164
:10C6B0008D85813049F48C819D81AE81BF81881543
:10C6C0009905AA05BB0559F18F85A5019401833011
:10C6D00039F089E0220F331F441F551F8A95D1F787
:10C6E00062E1CE010E9469E1882399F08CE08B879A
:10C6F000CE010E9499E080E0DF91CF911F910F91D0
:10C70000FF90EF90DF90CF90BF90AF909F908F9071
:10C71000089581E08D878C829D82AE82BF82F12C4C
:10C72000E12CE016F10671F040E052E0B601CE01D6
:10C730000E94EEE2882301F38FEFE81AF80A8EEFE9
:10C74000D81AEFCF8C819D81AE81BF818E0D9F1D48
:10C75000A11DB11D8C839D83AE83BF83888581110C
:10C76000CBCFCE01DF91CF911F910F91FF90EF9032
:10C77000DF90CF90BF90AF909F908F900C94C8E2C5
:10C780008F929F92AF92BF92FF920F931F93CF937E
:10C79000DF93DC011196ED91FC91EF2B61F490E0B9
:10C7A00080E0DF91CF911F910F91FF90BF90AF90EC
:10C7B0009F908F900895F22E4A015B01EC018B81CE
:10C7C0009C81AD81BE8188159905AA05BB0561F0E4
:10C7D000CE010E948AE2882311F3F2FE0DC0188276
:10C7E0008B829C82AD82BE822F2D2370F880F22A2C
:10C7F000F882CE010C96D5CF01E010E09E01245FB7
:10C800003F4FB501A40189819A810E9448E38111BB
:10C81000E6CFC5CF8F929F92AF92BF92CF92DF9219
:10C82000EF92FF920F931F934230510561057105FE
:10C8300060F480E01F910F91FF90EF90DF90CF9018
:10C84000BF90AF909F908F900895FC01C18CD28CC7
:10C85000E38CF48CC416D506E606F70650F34801BF
:10C8600059016A018581803249F585899689A789B0
:10C87000B08D17E076956795579547951A95D1F73E
:10C88000480F591F6A1F7B1F868123E0823009F001
:10C8900021E0CF0184960E94C0E3009751F2CC0CB6
:10C8A000DD1CCC0CDD1CF1E0DF228C0D9D1DFC019C
:10C8B00080829182A282B38281E0BCCF803109F074
:10C8C000B8CF458956896789708D4D0D511D611D01
:10C8D000711D868123E0823009F021E0CF0184962A
:10C8E0000E94C0E3009709F4A4CFCC0CDD1CF1E05A
:10C8F000DF22C80ED91EF60191828082DDCFCF9251
:10C90000DF92EF92FF920F931F93CF93DF9342300A
:10C9100051056105710550F48FEFDF91CF911F91A3
:10C920000F91FF90EF90DF90CF900895FC01C18CA4
:10C93000D28CE38CF48CC416D506E606F70660F3B9
:10C9400089016A01EC0185818032B1F5858996897A
:10C95000A789B08DE7E07695679557954795EA9555
:10C96000D1F7480F591F6A1F7B1F2E81223009F013
:10C9700020E0CE0184960E94C0E3009769F2CC0CBF
:10C98000DD1CCC0CDD1CF1E0DF228C0D9D1DFC01BB
:10C9900080819181A281B381498D5A8D6B8D7C8D6F
:10C9A000481759076A077B0748F1F801808391838C
:10C9B000A283B38381E0B1CF803109F0ADCF458947
:10C9C00056896789708D4D0D511D611D711D268120
:10C9D000223009F020E0CE0184960E94C0E3009747
:10C9E00009F49ACFCC0CDD1CF1E0DF22C80ED91E71
:10C9F000F60180819181B0E0A0E0CECF80E08DCFC4
:10CA00009F92AF92BF92CF92DF92EF92FF920F93DD
:10CA10001F93CF93DF9300D01F92CDB7DEB75C0199
:10CA20006A017B019E012F5F3F4FB701A601C5013F
:10CA30000E947FE4982E87FD34C000E010E098014A
:10CA4000B701A601C5010E940AE4882351F1F5014E
:10CA50004185528563857485C416D506E606F706BA
:10CA600050F4F1E0CF1AD108E108F108F501C186D0
:10CA7000D286E386F486C980DA80EB80FC80911050
:10CA8000D1CF0F900F900F900F90DF91CF911F910A
:10CA90000F91FF90EF90DF90CF90BF90AF909F905D
:10CAA000089580E0EECFCF93DF93FC012081211128
:10CAB00004C081E0DF91CF910895EC01828187FF6E
:10CAC00028C061E0CF010E94D65AFC01892B29F4CD
:10CAD00089818160898380E0EDCF8081853EC1F3CB
:10CAE000888187738387888183FF08C0888D998DAB
:10CAF000AA8DBB8D848F958FA68FB78F8C8D9D8DC2
:10CB0000AE8DBF8D938F828FB58BA48B8A818F77EB
:10CB10008A838E819F810E943B5C8823C9F2C9CFA2
:10CB20000F931F93CF93DF93EC0108A919A9011567
:10CB3000110579F0C8010E9453E5F80110821282B4
:10CB400019AA18AA1BAA1AAADF91CF911F910F91B7
:10CB500008950AA91BA981E00115110589F3C801EF
:10CB60000E94B862F80114A616A6EACF0F931F938D
:10CB7000CF938C010E9485C0811106C0C0E08C2F2C
:10CB8000CF911F910F910895045F1F4F40E06BE517
:10CB900072E0C8010E9419B3C82F811109C00E9418
:10CBA00085C0882359F380E29DE10E9450C0E7CF01
:10CBB000C8010E9435B4C82F811106C0C8010E9467
:10CBC00090E589E29DE1F1CF0E94FEB2D8CF4F926D
:10CBD0005F926F927F928F929F92AF92BF92CF920D
:10CBE000DF92EF92FF920F931F93CF93DF93EC01AD
:10CBF0004A015B014C845D846E847F8428812223FA
:10CC000009F45CC0488959896A897B8948155905A6
:10CC10006A057B0581F081149104A104B10469F4D3
:10CC20001C861D861E861F86888A998AAA8ABB8AC8
:10CC30008A818F7D8A8381E046C023FF2CC0888D46
:10CC4000998DAA8DBB8D88159905AA05BB05B0F1F4
:10CC5000EE81FF813481375F7501640181E0C81A7C
:10CC6000D108E108F108032E04C0F694E794D794A4
:10CC7000C7940A94D2F78A8186FF36C08C8D9D8D29
:10CC8000AE8DBF8D8C0D9D1DAE1DBF1D8C879D87EC
:10CC9000AE87BF87C9CF26FFDBCFEE81FF818781BB
:10CCA000908525E0880F991F2A95E1F7B0E0A0E074
:10CCB00088159905AA05BB0508F0B6CF4C865D8698
:10CCC0006E867F8680E0DF91CF911F910F91FF905C
:10CCD000EF90DF90CF90BF90AF909F908F907F901C
:10CCE0006F905F904F900895DB01CA010197A109F1
:10CCF000B10904C0B695A795979587953A95D2F74F
:10CD0000C816D906EA06FB0620F0452B462B472B12
:10CD100049F527FF22C0858D968DA78DB0A18C8700
:10CD20009D87AE87BF878E01045F1F4FC114D1045A
:10CD3000E104F10409F478CF4C855D856E857F852B
:10CD400098018E819F810E947FE491E0C91AD108E9
:10CD5000E108F108181654F3B1CF8C8D9D8DAE8D7E
:10CD6000BF8DDDCFC81AD90AEA0AFB0ADCCF2F92A1
:10CD70003F925F926F927F928F929F92AF92BF92FB
:10CD8000CF92DF92EF92FF920F931F93CF93DF9397
:10CD9000EC014B017A0139018A8180FFD2C0888180
:10CDA00083FF16C0888D998DAA8DBB8D48895989BE
:10CDB0006A897B89841B950BA60BB70BA70170E0D2
:10CDC00060E0481759076A077B07A0F07C0112C092
:10CDD00086FF10C0EE81FF818781908545E0880F36
:10CDE000991F4A95E1F728893989821B930B8E1583
:10CDF0009F0560F36701512C1E018CE0280E311C49
:10CE0000C114D10409F4ECC088899989AA89BB8925
:10CE1000EE81FF818C0111702881AC01BD0139E0E8
:10CE200076956795579547953A95D1F726FF30C087
:10CE3000858D968DA78DB0A1480F591F6A1F7B1F46
:10CE4000EE81FF810115110509F081C0C11482E056
:10CE5000D80608F47CC087A190A5A1A5B2A5481763
:10CE600059076A077B0709F472C0C11484E0D80629
:10CE700008F09CC001E010E0940185A196A10E94F9
:10CE800048E3882309F45DC0A12C82E0B82E78C065
:10CE9000538054220115110581F451100EC0892BC5
:10CEA0008A2B8B2B81F527FF29C0858D968DA78D29
:10CEB000B0A18C879D87AE87BF87EE81FF814C85AF
:10CEC0005D856E857F8542505109610971098481B4
:10CED00004C0440F551F661F771F8A95D2F78189BA
:10CEE0009289A389B489840F951FA61FB71FAC012F
:10CEF000BD01450D511D611D711DA2CF8C8D9D8DF4
:10CF0000AE8DBF8DD6CF4C855D856E857F8523FF29
:10CF10000CC08A8186FF09C04F5F5F4F6F4F7F4F04
:10CF20004C875D876E877F87C8CF9101CF010E94B4
:10CF30007FE487FD06C08111C0CF8881807D09F024
:10CF40004FC08981826089838FEF9FEF4CC080E062
:10CF500092E0801B910B56018C159D0508F45C0135
:10CF600020E0CF0184960E94C0E3009751F3BC01FA
:10CF7000600F711F61147104A1F0F301718360836C
:10CF80008A0C9B1C88899989AA89BB898A0D9B1D5B
:10CF9000A11DB11D888B998BAA8BBB8BCA18DB088E
:10CFA0002FCFA501C4010F943605EACF8601012FCA
:10CFB00011270695888186FD07C082818519990B06
:10CFC0008017910708F48C015801BA2CAA24BB0CD5
:10CFD0009401CF0184960E9450678111D1CFB1CFC7
:10CFE000C7018C199D09DF91CF911F910F91FF907F
:10CFF000EF90DF90CF90BF90AF909F908F907F90F9
:10D000006F905F903F902F900895CF93DF931F9282
:10D010001F92CDB7DEB71A8219829E012F5F3F4F54
:10D0200040E250E070E060E00E94B7E6809739F49B
:10D0300089819A810F900F90DF91CF91089590E0B0
:10D0400080E0F8CF8F929F92AF92BF92EF92FF92C3
:10D050000F931F93CF93DF93EC017B010E9490E528
:10D06000D701D0968D919C91D197892B09F460C0FE
:10D07000188219821A82D9ABC8ABD096ED90FC9079
:10D08000F7018081807D71F080899189A289B389BF
:10D090008F719927AA27BB2700E010E0892B8A2BE4
:10D0A0008B2B29F019AA18AA80E02FC000E0D70125
:10D0B00050968D909D90AD90BC905397C7010E9463
:10D0C00005E8009779F3FC012081222359F32E32E1
:10D0D00069F3253E59F3338533FD22C0002321F047
:10D0E0000E942AD88113DECFB501A40185E0769590
:10D0F0006795579547958A95D1F720E0B701CE01FE
:10D100000E94BB59882371F281E0DF91CF911F917A
:10D110000F91FF90EF90BF90AF909F908F900895E8
:10D120003F3021F626FFC3CF022F0F711585BFCFE9
:10D13000F70182A993A9892B09F4B6CF1CA61DA6D5
:10D140001EA6DBABCAAB02A8F3A9E02D84A58075AF
:10D1500019F41BAA1AAAA8CF20812F7130E040E051
:10D1600050E060E070E080E090E0A0E00F941505F2
:10D1700081F720E050E040E0BF01CE010E94446A08
:10D180008111C2CFE6CF2F923F924F925F926F9262
:10D190007F928F929F92AF92BF92CF92DF92EF9247
:10D1A000FF920F931F93CF93DF93CDB7DEB7AC976A
:10D1B0000FB6F894DEBF0FBECDBF8C016B01FA0134
:10D1C000DB018C91807D11F480E019C1D8018C9134
:10D1D0008111FACF868197810C966DE070E00F94F3
:10D1E00076036CA381858370662463948111660E37
:10D1F000722E7F011CA70BA7F6010680F781E02D98
:10D20000FAA3E9A340E050E0BA01C6010E94E7E5B5
:10D210001DA21EA2812C912C10E000E01BA2970100
:10D22000265F3F4F3AA729A7D60150962D903D90F3
:10D230004D905C90539765E05694479437942794AB
:10D240006A95D1F75101C6010E9405E8FC01892BBE
:10D25000A9F5F60181818111B7CF74FEB5CF872D75
:10D2600083708150823008F0AFCF112311F0ADA050
:10D27000BEA0161550F4C6010E9405E8892B09F0DE
:10D28000E9C0F601818181119FCF012F10E0862C2A
:10D29000912C0815190508F0DFC0C6010E94A65B95
:10D2A000882309F491CFA9A1BAA112968C91B0E17B
:10D2B0008B9FC0011124080F191FEBCF9081953E61
:10D2C00011F091110EC0111102C02DA23EA216152F
:10D2D00008F41F5F992309F4C0CF953E29F400E0BC
:10D2E000A3CF161508F44AC09E32C9F383858F3048
:10D2F00009F070C0011144C0292F2F71922E3CA15A
:10D30000321392CF96FF90CF8584032F81E098123D
:10D310008BCF80E2F601DE01119601900D928A9585
:10D32000E1F7D7018D919C91119713969C938E9361
:10D33000129744244394041508F476CFB501CE0126
:10D3400001960E941F5C1C01892B49F2F7010480A1
:10D35000F581E02DF8A7EFA3512C652DC1010E94A6
:10D360006FD7D7011296ED91FC912FA138A5E21746
:10D37000F30771F4892B09F457CFB1CF10E0B4CF84
:10D380009A949911ACCF8585881509F4BFCFA7CFA2
:10D390008038910508F0A3CF2FE9280F2A3108F42F
:10D3A00080529F012F5F3F4FD70113963C932E93DE
:10D3B000129790812FE9290F2A3108F4905298137F
:10D3C0008ECF5394BDE05B12C8CF4394E1E0AE1A18
:10D3D000B108B1CF83FD83CF002351F121E0921238
:10D3E000F3CECF010E942AD88811EECE76FCECCE87
:10D3F000272DA501B6018BA59CA50E94BB59AC9613
:10D400000FB6F894DEBF0FBECDBFDF91CF911F9155
:10D410000F91FF90EF90DF90CF90BF90AF909F90D3
:10D420008F907F906F905F904F903F902F900895D6
:10D430004BE050E069A57AA5CF010F942905892B0F
:10D4400009F0F2CED70119968C9180FFCFCF31E051
:10D450003BA3EACE1F5F0DCFEBA1EE2309F43FC043
:10D46000D70118965C9042E6442E10E000E05EE79B
:10D47000352E4701BAE08B0E911C0E94A0DF060FEB
:10D48000171FE3E0E51510F433E0532E94E0950DFB
:10D49000802F8F708A3008F080C0805DF701E90F1F
:10D4A000F11D828724E0169507952A95E1F79150A2
:10D4B000591670F3F701E50DF11D328640E050E09A
:10D4C000BA01C6010E94E7E5C6010E9405E800977F
:10D4D00009F065C0D60111968C91811175CE0FEFC0
:10D4E000060DA00EB11C80E2F601DE01119601903E
:10D4F0000D928A95E1F74701FAE08F0E911CC40165
:10D500000E942AD8582ED7018D919C91119713967D
:10D510009C938E93129711E0612C402E689446F8EC
:10D520008FE0382EB501011708F467C0611B71093F
:10D53000CE0101960E941F5CFC01892B09F444CEA8
:10D54000AF81B88594968C919497816094968C93D2
:10D55000842D0113812F8083338614865586138E84
:10D56000128ED70114964D915C9160E0D70112960E
:10D570002D913C9113972417350731F5662081F1E1
:10D5800063942FEF3FEF653080F5328321836F5F27
:10D5900032966D3059F71F5FC5CF895C7FCFFC0194
:10D5A0002081222309F49BCF238523FD8DCF4BE0DF
:10D5B00050E0BC01C4010F942905892B09F084CFE8
:10D5C0004A9441105ACF00CEC901019613969C93FC
:10D5D0008E931297D9012C91022E000C330BD3CFCE
:10D5E00030E020E066246394CECF6B3018F43583AE
:10D5F0002483CDCF37832683CACFC6010E941F5C08
:10D60000009709F4E1CD20E2FC0111922A95E9F797
:10D610002BE0F401DC0101900D922A95E1F7D7018E
:10D6200019962C912871FC01248721E23CE5318B6D
:10D63000208B318F208F338B228BA9A1BAA1949696
:10D640008C919497816094968C93D2CEFC018081CA
:10D6500081110EC080E2DF011D928A95E9F7778380
:10D660006683DB0115968C91803121F0803239F090
:10D6700080E0089580E4808381E08283089580E8DB
:10D68000FACF9F92AF92BF92CF92DF92EF92FF922A
:10D690000F931F93CF93DF93CDB7DEB7A0970FB64D
:10D6A000F894DEBF0FBECDBF19821A821B82DC0147
:10D6B00012962C9121FF12C08C01FC01448D558DD6
:10D6C000668D778D411551056105710549F461E05D
:10D6D000C8010E94D65A7C01009749F480E067C0D7
:10D6E000868197810E9400E58111F1CFF7CF0E94DA
:10D6F0002AD8B82E85EEF7018083D8011C921296A5
:10D700001C92129716968D919C910E943B5C8823E7
:10D7100029F3F8019381992309F449C08085918503
:10D72000A285B385668177819E012F5F3F4F690196
:10D730000097A105B10509F04CC0C9010E9426EB74
:10D74000882361F2EE24E394F12C95EEA92ED80102
:10D7500013968C9113978E1508F214966D917C9107
:10D760006E197F09C6010E941F5CFC01892B09F418
:10D77000B5CF83858F3009F0B1CF9081892F8F711C
:10D78000E812ACCF85858B11A9CFA082D80116965F
:10D79000ED91FC9184A1816084A3BFEFEB1AFB0A99
:10D7A00096FFD5CFF801868197810E943B5CA096B9
:10D7B0000FB6F894DEBF0FBECDBFDF91CF911F91A2
:10D7C0000F91FF90EF90DF90CF90BF90AF909F9020
:10D7D00008952CE1F60111922A95E9F720E12983B9
:10D7E00021E02B8378876F838D8F9E8FAF8FB8A3B7
:10D7F000A9CF3F924F925F926F927F928F929F92AA
:10D80000AF92BF92CF92DF92EF92FF920F931F934E
:10D81000CF93DF93CDB7DEB7A0970FB6F894DEBFF6
:10D820000FBECDBF7B01DB011C92FC01C0A8D1A8BB
:10D83000C114D10409F4D9C019821A821B82D601FD
:10D840008C91882309F4CCC013969C9191115EC0F1
:10D85000807CF9F08FE2FB018083118201E010E00F
:10D86000C801A0960FB6F894DEBF0FBECDBFDF9102
:10D87000CF911F910F91FF90EF90DF90CF90BF90CD
:10D88000AF909F908F907F906F905F904F903F9060
:10D89000089560E0C6010E94D65AFC01009709F481
:10D8A0009FC05C0100E068E020E0D5018C91283049
:10D8B000A9F4803229F160E19EE2402F50E06A0134
:10D8C0003FEFC31AD30A80E4C816D10408F088C019
:10D8D0000F5F4E0D5F1DDA019C930FC0BFEFAB1AB7
:10D8E000BB0A982F3FEB380F3A3128F434853623A2
:10D8F00011F0905EE2CF803201F72F5F2C30A9F655
:10D9000010E0F701E00FF11F1082AACFF601808529
:10D910009185A285B3859E012F5F3F4F2901892BF9
:10D920008A2B8B2B09F046C066817781C9010E9442
:10D9300026EB882309F454C066246394712C10E00C
:10D9400000E0D60113968C9113978615D0F21496A9
:10D950006D917C9166197709C2010E941F5C5C0180
:10D960000097F1F1FC0183858F30D1F580818F71B3
:10D97000681236C04701800E911E312C632DC501FF
:10D980000E946FD7009709F4BCCF0F5F1F4F003480
:10D99000110530F58F37910510F08FE390E0D40139
:10D9A0008D934D013394BDE03B12E8CFEFEF6E1A3B
:10D9B0007E0AC7CF80E2D9011D928A95E9F780E1FE
:10D9C000898381E08B838681978198878F83808587
:10D9D0009185A285B3858D8F9E8FAF8FB8A3ACCF75
:10D9E000D7011C9210E000E03BCFA2A8B3A8A1147D
:10D9F000B104C1F3D5019C968C91882381F182E01A
:10DA0000D82E10E000E0F50183A58D1508F479CF3C
:10DA100040E06D2DC5010E942F62009701F1DC01ED
:10DA20002C91213CE1F4FC013296D701A00FB11FEB
:10DA30008096219131912115310509F462CF0F5F54
:10DA40001F4F0034110558F42F37310510F02FE324
:10DA500030E02D938E179F0761F7D394D4CFF70151
:10DA60001082C0CF4F925F926F927F928F929F925F
:10DA7000AF92BF92CF92DF92EF92FF920F931F93DC
:10DA8000CF93DF937C01D62ECFE6D5E11092D0174D
:10DA90001092CF1710926F1588248A94982C5401F5
:10DAA0008092721590927315A0927415B0927515AC
:10DAB00010929D171092CB171092CC171092CD1781
:10DAC000D093D217C093D11790939C1780939B1734
:10DAD0009093711580937015662309F4DFC020E0E0
:10DAE00040E050E0BA01CE010E94C0E3009709F483
:10DAF000D9C0FC01E254FE4F2481222309F4D2C094
:10DB000020812F7709F03FC28A539E4FFC0180800D
:10DB10009180A280B38020E0B501A4018FE695E159
:10DB20000E94C0E3EC01009709F4BCC045E050E05E
:10DB300064E673E003960F944F05892B09F0B2C099
:10DB4000FE01E459FF4F8081893009F0ABC07C971A
:10DB500080819181A281B381880D991DAA1DBB1D71
:10DB600080937F1790938017A0938117B0938217AB
:10DB7000349680819181A281B381809383179093A1
:10DB80008417A0938517B09386173496808191816E
:10DB9000A281B381880D991DAA1DBB1D8093871793
:10DBA00090938817A0938917B0938A173496808131
:10DBB0009181A281B38180938B1790938C17A0934E
:10DBC0008D17B0938E17349680819181A281B38195
:10DBD00080938F1790939017A0939117B0939217FB
:10DBE000C359DF4F288120939E17275F81E090E083
:10DBF000A0E0B0E004C0880F991FAA1FBB1F2A95A0
:10DC0000D2F78093971790939817A0939917B09392
:10DC10009A170197A109B1098093931790939417CC
:10DC2000A0939517B093961710927B1710927C17BC
:10DC300010927D1710927E1701E010E020E030E096
:10DC400040E050E0BA018FE695E10E94125F80E467
:10DC500080939D178FE997E10E94B8621092CB17CD
:10DC60001092CD176FE675E18FE997E10E941D6272
:10DC70008823C1F08091331890913418892B31F4A6
:10DC80008FE695E190933418809333188FE695E1F1
:10DC90009093E5148093E41481E022C1812C912CAF
:10DCA000540139CF1092D2171092D11710927415D7
:10DCB000109293158FEF9FEFDC0180939615909350
:10DCC0009715A0939815B093991510929F171092DD
:10DCD000A0171092A1178FE695E19093D01780932B
:10DCE000CF17F0927015E0926F1581E090E0A0E000
:10DCF000B0E08093781590937915A0937A15B0933E
:10DD00007B15F0929515E0929415DD2009F447C03B
:10DD100020E040E050E0BA0183E995E10E94C0E3D1
:10DD2000009709F4D8C0FC01E254FE4F248122235D
:10DD300009F4D1C020812F7709F0CDC08A539E4FBE
:10DD4000FC01C080D180E280F38020E0B701A60111
:10DD500083E995E10E94C0E3FC01892B09F4BBC073
:10DD6000838594858115924009F0B5C020898FEF95
:10DD7000820F823008F0AFC020937515958590937F
:10DD800071158FEF890F8093721510E081E098175D
:10DD900051F01F5F193009F4F2C0880FF8CFC12C81
:10DDA000D12C7601D2CF1093731586899789B0E074
:10DDB000A0E080937C1590937D15A0937E15B09381
:10DDC0007F15892B8A2B8B2B61F484A195A1A6A1A9
:10DDD000B7A180937C1590937D15A0937E15B09389
:10DDE0007F158685978526013701480E591E611CCF
:10DDF000711C409284155092851560928615709220
:10DE00008715C189D289D0937715C09376158090F4
:10DE10007C1590907D15A0907E15B0907F15A22F57
:10DE2000B0E0A50194010F94C303460E571E681E6F
:10DE3000791E40928C1550928D1560928E157092BD
:10DE40008F1585E0CC0FDD1F8A95E1F7C150DE4FBD
:10DE5000CD2FDD27C6954C0E5D1E611C711C4092B6
:10DE60008015509281156092821570928315838976
:10DE70009489B0E0A0E00097A105B10521F480A14C
:10DE800091A1A2A1B3A1C418D508E608F7088C0D8A
:10DE90009D1DAE1DBF1D6C017D0104C0F694E7946D
:10DEA000D794C7941A95D2F7D701C6010196A11D40
:10DEB000B11D8093881590938915A0938A15B0930E
:10DEC0008B1585EFC8168FE0D806E104F104C8F47D
:10DED0008CE0809374151092D0171092CF1780E0C9
:10DEE000DF91CF911F910F91FF90EF90DF90CF9036
:10DEF000BF90AF909F908F907F906F905F904F906A
:10DF0000089580E125EFC2162FEFD206E104F10457
:10DF100068F084A595A5A6A5B7A580938C159093C8
:10DF20008D15A0938E15B0938F1580E28093741594
:10DF300080929A1590929B15A0929C15B0929D1577
:10DF40008FE997E10E9453E510929F171092A11755
:10DF50006FE675E18FE997E10E9426EB882309F4CB
:10DF6000BACF8091311890913218892B09F08ECE5A
:10DF70008FE695E1909332188093311887CE88E030
:10DF800080937315A8CF1092D2171092D1171092C8
:10DF90007415109293158092961590929715A092F1
:10DFA0009815B092991510929F171092A017109281
:10DFB000A117D093D017C093CF17F0927015E092AD
:10DFC0006F1581E090E0A0E0B0E080937815909329
:10DFD0007915A0937A15B0937B15F0929515E09280
:10DFE000941596CE8F929F92AF92BF92CF92DF926E
:10DFF000EF92FF920F931F93CF93DF93CDB7DEB7CE
:10E00000C151D1400FB6F894DEBF0FBECDBF5C0149
:10E01000E6EEF4E188E4DF011D928A95E9F7B2E0CB
:10E02000CF5EDE4FB883C151D14081ED882E912C57
:10E030008C0E9D1E8CE0880E911C91E9E92EF12C2E
:10E04000EC0EFD1EACE0EA0EF11CCE018F529F4F8C
:10E050000E9405B3CE018F569F4F0E9405B3CE019B
:10E060008F529F4F0E94B6E5811102C010E03DC063
:10E07000D12CC12C10E015C0AE014F5F5F4FB6012F
:10E08000CE018F569F4F0E94E9BFCE0101960E949C
:10E0900051B2082F81113EC0C7010E9490E5012FA7
:10E0A000102FB401C7010E9422E8882349F0A1146F
:10E0B000B10411F3CA14DB04F8F2C7010E9490E521
:10E0C000CE018F529F4F0E945BCC882379F211239F
:10E0D000E9F188E4FE01E75BFF4FA6EEB4E10190B1
:10E0E0000D928A95E1F70E9495CC812FCF5EDE4F8D
:10E0F0000FB6F894DEBF0FBECDBFDF91CF911F9159
:10E100000F91FF90EF90DF90CF90BF90AF909F90D6
:10E110008F900895BFEFCB1ADB0A112349F0BE019F
:10E12000675B7F4FCE0101960E94FFB1181654F431
:10E1300088E4FE013196DE01A75BBF4F01900D928E
:10E140008A95E1F7C7010E9490E5AACFCF5EDE4F26
:10E150008881C151D140813039F0A1E0CF5EDE4FDE
:10E16000A883C151D14071CF87E19DE10E9450C089
:10E17000BCCF0E944B290E9473B380911B1488234B
:10E1800021F08BE194E10E94EBCE85E090E090934A
:10E19000A00F80939F0F08950F931F93CF93DF934A
:10E1A0008B01009729F04115510539F4FC011082CB
:10E1B000DF91CF911F910F910895BA01EC010150A9
:10E1C0001109A8010F946600C00FD11F1882F0CF6B
:10E1D0000F931F93CF93DF938B01EA010E9433C209
:10E1E0000817190789F067E070E097FF04C066E040
:10E1F00070E0C7E0D9E1CE010E9493BE80E0DF91DC
:10E20000CF911F910F91089581E0F9CFCF92DF92C6
:10E21000EF92FF921F93CF93DF931F92CDB7DEB79C
:10E2200010E001C012E00E9486B3C090AF0ED09003
:10E23000B00EE090B10EF090B20E6C157D058E051B
:10E240009F0508F043C0717088279927672B682BBA
:10E25000692BA1F4E091F00EF091F10E309771F07E
:10E260001995882359F081E08093940367E070E06A
:10E2700089E299E10E9493BE80E012C04CE159E12D
:10E2800061E070E0CE0101960E94E8F0882341F041
:10E290009981113071F0C0F0123091F0953AA1F4EB
:10E2A0000F90DF91CF911F91FF90EF90DF90CF9073
:10E2B0000895963109F4B6CF992309F4B4CFB0CFBD
:10E2C00013E0963109F4AFCF11E0F6CF67E070E0CC
:10E2D0008FE099E1CFCF1092D0171092CF17109204
:10E2E000D2171092D1171092D4171092D317109200
:10E2F000D6171092D51780E58093D7171092D817AC
:10E300001092D9171092DA171092DB171092DC17BF
:10E310001092DD171092DE171092DF178AE28093B9
:10E32000E0171092E1171092E2171092E317109283
:10E33000E4178FE295E10E9405B3E5EEF7E1138261
:10E3400012828BE493E09183808388E084838FEF53
:10E35000858389E0868384E0878385E0808786E003
:10E36000818787E08287138614861586168617862E
:10E3700081E00C9482DECF93DF93CDB7DEB7C85730
:10E38000D1090FB6F894DEBF0FBECDBF789484B527
:10E39000826084BD84B5816084BD85B5826085BDA1
:10E3A00085B5816085BD80916E00816080936E002F
:10E3B0001092810080918100826080938100809121
:10E3C00081008160809381008091800081608093D2
:10E3D00080008091B10084608093B1008091B00092
:10E3E00081608093B0008091910082608093910061
:10E3F0008091910081608093910080919000816074
:10E40000809390008091A10082608093A100809110
:10E41000A10081608093A1008091A0008160809321
:10E42000A0008091210182608093210180912101CF
:10E43000816080932101809120018160809320017F
:10E4400080917A00846080937A0080917A00826063
:10E4500080937A0080917A00816080937A00809125
:10E460007A00806880937A001092C100E09135189C
:10E47000F0913618309711F4E9E3F8E18DB79EB7C3
:10E48000F0931C18E0931B18F0931A18E0931918D6
:10E4900021E020931D189F01205F3F4F2817390767
:10E4A00058F4409790931A188093191825EAE817A2
:10E4B000F90710F42193FBCF44E65AE16CE070E0D9
:10E4C0008DEF97E10E942C701098089A1092490ED7
:10E4D00060E087E10E940BDD61E087E10E9446DE9B
:10E4E0001092940F1092930F1092B0001092B100FE
:10E4F000109270001092B200249A83E08093B000D2
:10E5000081E08093B10080E50E947BBC10921F18CF
:10E5100010921E1880917F0F811102C00E94EF6D32
:10E5200082E00E9482DE0E94F3DD8FEF809336024C
:10E5300060E086E30E9446DE10924F0E10924E0E6F
:10E5400010924D0E10924C0E0E94A0DF70934B0E55
:10E5500060934A0E0E94B2B90E94ACB8CE018359B2
:10E560009F4F0E9406BC81119DC00E94ACB86DE512
:10E570007AE180E00E94637261E57AE181E00E94C5
:10E58000637260EB74E080E090E00E9448DF0E94DC
:10E59000ACB868EE79E180E00E9463726CED79E1DD
:10E5A00081E00E94637268EE73E080E090E00E9478
:10E5B00048DF0E947ADFAF969FAF8EAFAF97BC0166
:10E5C0008AE49AE10E9433BFE1969FAF8EAFE19754
:10E5D000AF966EAD7FADAF9785E49AE10E9433BFF1
:10E5E000E3969FAF8EAFE397AF966EAD7FADAF97DB
:10E5F00080E49AE10E9433BFE5969FAF8EAFE59726
:10E60000AF966EAD7FADAF9789E39AE10E9433BFBD
:10E61000E7969FAF8EAFE797AF966EAD7FADAF97A2
:10E6200084E39AE10E9433BFE9969FAF8EAFE997EA
:10E63000CE0183599F4F0E94B6B88111D2C068E2C3
:10E640007AE180E00E9463726AE17AE181E00E94EF
:10E65000637268E077E080E090E00E9448DF87EF37
:10E6600093E0AF969FAF8EAFAF9785E391E0E196D1
:10E670009FAF8EAFE19786E890E0E3969FAF8EAFB5
:10E68000E3978FED91E0E5969FAF8EAFE597E79624
:10E690001FAE1EAEE7978FEC92E0E9969FAF8EAF6C
:10E6A000E99717C0CE0183599F4F0E94B6B88823BF
:10E6B00009F45BCF8CE0FE01E359FF4FA7E3B2E022
:10E6C00001900D928A95E1F70E9436B9049709F4FA
:10E6D0004CCF8CE0FE01E359FF4FA7E3B2E001907D
:10E6E0000D928A95E1F70E9457C080E00E940DD6F6
:10E6F0008093500F1092540F1092530F1092520F9C
:10E7000010924F0F0E9473771092510E1092500E7C
:10E710000E9473770E94BF8C1092161810921518E1
:10E7200010928D0F1092860F1092850F1092880F05
:10E730001092870F1092520E70E060E090E080E03F
:10E740000E94927670E060E081E090E00E94927614
:10E7500063E070E082E090E00E94927662E070E018
:10E7600083E090E00E94927610928C0F10928B0FB3
:10E7700010928A0F1092890FCE0101960E94AABBB7
:10E78000882309F4E2C08981823008F0DEC0EA8182
:10E79000E13108F0DAC09B81923008F0D6C09C814C
:10E7A000943008F0D2C0817080938D0FE150E03139
:10E7B00008F007C3F0E08827EF51FC408F4F0D941D
:10E7C000AC03A6F6B1F6B4F6B7F6BAF6C7F6CEF6CF
:10E7D000D1F6DEF6DBF65DF464F4C1F69FF6C4F61E
:10E7E000D8F61C8A1B8A8BE492E3A4E4B3E5898300
:10E7F0009A83AB83BC8382E090E09E838D838CE020
:10E80000FE01E359FF4FDE01179601900D928A95A4
:10E81000E1F762E170E0CE0101960E94E4BA9C8BC0
:10E820008B8B9E012F5F3F4F790110E000E0A39694
:10E830001FAF0EAFA397D7016D917D01CE018F5908
:10E840009F4F0E9462BC0F5F1F4F0431110579F783
:10E85000F999FECFCE018F599F4F0E9406BC8823A5
:10E8600061F04CE050E0BE0163597F4FCE018F59FB
:10E870009F4F0F942905892B89F06DE07AE180E0A4
:10E880000E94637263E07AE181E00E94637268E053
:10E8900077E080E090E00E9448DF1BCF67EF79E1EE
:10E8A00080E00E94637261EF79E181E00E9463720F
:10E8B0006CEB72E080E090E0EECF1092860F109249
:10E8C000850F81E090E006C01092860F1092850FB0
:10E8D00082E090E09093880F8093870F8D81853A36
:10E8E00009F074C2EE801092520E10E000E0F12C9C
:10E8F000C8010496011102C090E080E09801220F47
:10E90000331FB70102C0759567952A95E2F76370CA
:10E9100077270E94A776BC01C8010E9492760F5FFC
:10E920001F4F0430110521F70E94BB768B8190E0C8
:10E9300090938C0F80938B0F8C81282F30E0843044
:10E9400020F430938A0F2093890F89E098E10E9488
:10E95000767610920F1810921818109217181092BD
:10E960008F0F10928E0F1092910F1092900F1092A5
:10E97000920FCE0101960E944DBB882311F199811F
:10E980008CEF890F833010F09130D9F48A81823076
:10E99000C0F43B813330A8F42C81223090F49130C4
:10E9A00009F017C284E090E090938F0F80938E0F50
:10E9B000832F90E09093910F8093900F217020937C
:10E9C000920F80E198E10E94037210921418109245
:10E9D0001B141092730F1092720F1092690F109205
:10E9E000680F1092670F1092660F1092650F1092C9
:10E9F000710F1092700F10926F0F10926E0F109295
:10EA00006D0F10926C0F10926B0F10926A0F0E9494
:10EA100025341092EF0E1092EE0E1092F30E10921B
:10EA2000F20E1092ED0E1092EC0E1092EB0EFF24EF
:10EA3000F394F0924D021092EA0E01E010E0109370
:10EA40004F0200934E021092E90E1092E80E1092BF
:10EA5000E70E1092E60E1092E20E1092E30E109264
:10EA6000E40E1092E50E0E94022F1092E10E109219
:10EA7000D00E0E9455B10E943FDD1092670E109299
:10EA8000660E1092650E1092640EF0924302109280
:10EA9000630E1092620E1092610E1092600E109230
:10EAA0005F0E10925E0E10925D0E10925C0E109230
:10EAB0005B0E1092570E1092580E1092590E109233
:10EAC0005A0E1092530E1092540E1092550E109230
:10EAD000560E1092091281E00E940EB81092081290
:10EAE0001092091210920712109206121092CF0E75
:10EAF0001092CE0E1092CD0E1092CC0EF0924C02CF
:10EB00001092CB0E1092CA0E1092C90E1092C80E1F
:10EB10001092C70E1092C60E1092C50E1092B30E30
:10EB200090E080E00E942CA01092AF0E1092B00EE8
:10EB30001092B10E1092B20E1092AB0E1092AC0E5B
:10EB40001092AD0E1092AE0E1092A70E1092A80E5B
:10EB50001092A90E1092AA0E1092A30E1092A40E5B
:10EB60001092A50E1092A60E10929F0E1092A00E5B
:10EB70001092A10E1092A20E10929B0E10929C0E5B
:10EB800010929D0E10929E0E1092970E1092980E5B
:10EB90001092990E10929A0E1092930E1092940E5B
:10EBA0001092950E1092960E1092920E10928E0E5A
:10EBB00010928F0E1092900E1092910E10928A0E5B
:10EBC00010928B0E10928C0E10928D0E1092890E58
:10EBD0001092880E1092840E1092850E1092860E5E
:10EBE0001092870E1092800E1092810E1092820E5B
:10EBF0001092830E10927F0E10927E0E0E94293A80
:10EC000010927D0E10927C0E10927B0E10927A0E56
:10EC10001092790E1092780E1092770E1092760E56
:10EC20001092750E1092740E1092730E1092720E56
:10EC30001092710E1092700E10926F0E10926E0E56
:10EC400010926D0E10926C0E10934B0200934A02BC
:10EC5000109349020093480210926B0E10926A0EB4
:10EC60001092690E1092680E0E94E9A40E9437A5C6
:10EC700081E591EC009711F481E091EC90934702CB
:10EC8000809346028CE797EC009711F483E392ECB3
:10EC900090934502809344020E946C3A86E79EEB73
:10ECA0009093B50F8093B40F83EC99EB9093F10E92
:10ECB0008093F00E0E94C8831092970F1092960FC7
:10ECC0000E94ACB8EDE62E2E312C2C0E3D1EB2E08B
:10ECD0002B0E311C0E94A0DF4B018091960F90916A
:10ECE000970F8130910509F083C10E946E4C80918D
:10ECF000221890912318F401E81BF90B359708F4BA
:10ED00007CC090922318809222180E94E1B900974B
:10ED100009F473C0FC013197E930F10508F06DC0CA
:10ED20008827EA56F9408F4F0D94AC03F7F6F7F6B3
:10ED30001FF71FF721F721F7FDF6FDF66BF710928D
:10ED4000860F1092850F83E090E0C4CD81E090E0C3
:10ED50009093860F8093850F1092880F1092870FE3
:10ED6000BDCD82E090E0F4CF83E090E0F1CF84E08D
:10ED700090E0EECF85E090E09093860F8093850F32
:10ED8000A7CD85E090E0E4CF86E090E0E1CF86E09B
:10ED900090E09093860F8093850FD5CF86E090E02A
:10EDA000EBCF86E090E09093860F8093850F89CD1E
:10EDB00087E090E0CDCF87E090E0F5CF87E090E06E
:10EDC000DBCF1092860F1092850FC6CF0E94ED7692
:10EDD000ADCD943019F483E090E0E6CD953019F490
:10EDE00082E090E0E1CD91E0892790E0DDCD8FEFEA
:10EDF0000E94515381110E9424B90E946E4C80914F
:10EE00002018909121189401281B390B2A3F3105B5
:10EE100060F09092211880922018CE0101960E94F5
:10EE2000B32FCE0101960E9486720E946E4C80E044
:10EE300090E0892B09F44ECF0E94000043CF81E07F
:10EE4000D7CF8091720F9091730F0E94A1B0882349
:10EE500081F180916C0F81112CC080916A0F81111A
:10EE600028C00E94F62E8C01892B79F48091F20E35
:10EE70009091F30E0E94A1B0882301F100914E02FF
:10EE800010914F0201151105C9F00E940C3D81E05F
:10EE90000E9426B510926F0F10926E0F10926D0F98
:10EEA0000E942534C8010E940F4C81110AC01092A3
:10EEB0006C0F0E94303D0E94AEB89FCF01E010E081
:10EEC000E4CF1092710F1092700F81E080936C0F5D
:10EED0000E9426B592CF8091720F9091730F892B6B
:10EEE00009F48BCF10916A0F111187CF8091700FA9
:10EEF0009091710F8130910509F447C0D8F00297C5
:10EF000009F456C00E940C3D1092710F1092700FC0
:10EF100010926F0F10926E0F10926D0F8091720F02
:10EF20009091730F0E94A1B080936C0F0E942534C2
:10EF300081E0CECF8091650F9091660F20916C0F8C
:10EF40002223A1F010926C0F892B59F480E00E94CB
:10EF500026B50E9421B5811104C081E080936F0F16
:10EF60004CCF10926F0F0E946A4A47CF892BC9F786
:10EF700080916E0F8111F5CF0E9421B58111F1CFE3
:10EF800081E080936F0F80E0A3CF0E941F3588231C
:10EF900009F433CF1092F40E81E02091700F30917C
:10EFA000710F2230310509F080E08093F50E25CFF6
:10EFB0001092F50E8091650F9091660F892B61F488
:10EFC00080916E0F811108C00E9421B5811104C08B
:10EFD00081E080936D0F11E01092F40E0E942A34AC
:10EFE00081110BCF112309F408CF10926D0F05CFBB
:10EFF000029709F0D5C00E948C91809122189091BF
:10F000002318D401A81BB90B159708F45BC0909284
:10F010002318809222180E94E1B9009709F452C087
:10F02000059710E000E08530910528F48E5B9C4F39
:10F03000FC01008110E0E0907B0FF0907C0FF7E086
:10F04000EF16F10421F569E77AE186EF9EE00F946F
:10F050004600892B11F40D940A0060E77AE186EFEF
:10F060009EE00F944600892B11F40D940A000130A4
:10F07000110541F10230110511F00D941E00C70178
:10F080000197039708F05EC00E94AE8E1BC001304E
:10F09000110581F7C70101970397A0F421E0E2165B
:10F0A000F10429F50E940D8F882361F080915602AA
:10F0B00090915702892B31F40E9421B5811102C031
:10F0C0000E94D4800E948C918091201890912118E8
:10F0D000D401A81BB90BAA3FB10530F090922118BA
:10F0E000809220180E948B7D0E948C91A0CE32E0ED
:10F0F000E316F10491F40E945780882319F31092CB
:10F10000070F81E020917B0F30917C0F2330310578
:10F1100009F080E08093080FD5CF1092080F8091FE
:10F12000560290915702892B41F40E9421B581111A
:10F1300004C081E08093070FC5CF1092070F0E9493
:10F14000897FC0CF80E097012550310923303105F8
:10F1500018F0EF2809F0B6CF882319F00E94EC8C44
:10F160001CC00E94808D8091500F8823A1F0809157
:10F17000510F811110C080914D0F90914E0F892B2E
:10F1800051F080914A0F882331F06091490F89E056
:10F190009FE00E94AB8A0E94ACB80E94AEB892CFAA
:10F1A0000E94058D0E94E1B9FC01892BF9F02091A4
:10F1B000960F3091970F2115310509F0B7C231979D
:10F1C000EA30F10598F48827E751F7408F4F0D9406
:10F1D000AC03F3F818F91AF91EF920F963F97EF96E
:10F1E000A8F9BFF9C8FA80E00E94EB8D8091201841
:10F1F000909121189401281B390B2837310508F408
:10F2000016CE90922118809220188091960F90919E
:10F21000970F8230910509F4D6C608F053C50097C0
:10F2200009F472C5019709F4C4C60E94AEB8FFCDB7
:10F2300081E0DACF80E00E948D8DD8CF81E0FBCFD6
:10F240008091510F8111D2CF8091500F882371F29C
:10F250000E9495778111CACF6FE270E08BE592E052
:10F260000F946C058C01009729F40E9473770E941B
:10F27000808DBCCF4FE350E0BC016F5F7F4FCE016C
:10F2800001960F945D0521961FAE2197B2E00B35D4
:10F290001B07B1F410925C0210924C0F10924B0FAE
:10F2A00010924A0F0E9468770E94808D898188237E
:10F2B00009F49CCF61E0CE0101960E94AB8A96CF03
:10F2C000F8011082E9CF8091510F811108C080911F
:10F2D000500F882321F00E949577882331F20E94F5
:10F2E000567710921F1810921E1880917F0F81116F
:10F2F00002C00E94EF6D85E090E03AC080914F0F10
:10F30000811174CF8091500F882321F08091510F8B
:10F31000882331F081E080934F0F0E94EC8C66CF00
:10F3200080E00E940DD6811103C01092500F9FCF34
:10F3300081E08093500F0E94567780918E0F9091BC
:10F340008F0F8430910509F068C101E010E077C1AA
:10F3500080914F0F81114ACF8091500F8823D1F2B5
:10F360008091510F8111D6CF0E94567784E090E0B2
:10F370009093970F8093960F0E94ACB837CF8091EF
:10F38000500F882351F28091510F8111C6CF809187
:10F390004D0F90914E0F892B29F48EEA9AE10E942D
:10F3A000CA7924CF80912715882319F080EA9AE141
:10F3B000F6CF80912615882309F448C08091E61481
:10F3C000882309F413CF06EE14E1D8010D90002034
:10F3D000E9F78D01075E14410E949577EE24E394CE
:10F3E000F12C811109C0EBE5F2E001900020E9F772
:10F3F0009F012C553240790198012E0D3F1D81113E
:10F40000E6C52F5F3F4F2036310518F084E89AE1BA
:10F41000C6CFA7016BE572E0CE0101960F943605C9
:10F42000E1E0F0E0EC0FFD1FEE0DFF1D8FE28083A9
:10F43000C7010196A8014F5F5F4F66EE74E1A1E03E
:10F44000B0E0AC0FBD1F8A0F9B1FCEC582E99AE1C9
:10F450000E94CA790E9456771092540F1092530F4F
:10F460001092520F1092740F86EE94E10E943CB0FD
:10F47000089719F480E00E94D475C0908B0FD0904B
:10F480008C0F0E9409762C01E0908D0F10921B14B6
:10F4900080915B02882309F480C08091E614882360
:10F4A00009F47BC00BE512E0F80101900020E9F7B8
:10F4B0008F010C551240E6EEF4E101900020E9F7CF
:10F4C0009F01275E34413901F801E65AFD4FF08073
:10F4D000C801820F931F21E030E04FE2F41202C016
:10F4E00030E020E0820F931F803A910508F055C06C
:10F4F000A8016BE572E08BE194E10F9436058FE291
:10F50000F81631F0F801E55EFB4E80830F5F1F4F68
:10F51000A3014F5F5F4F66EE74E1C801855E9B4EAD
:10F520000F94360586EE94E10E943CB09093730FE1
:10F530008093720FE092690F5092680F4092670FAC
:10F54000D092660FC092650F1092710F1092700FDB
:10F5500010926F0F10926E0F10926D0F10926C0F31
:10F5600010926B0F10926A0F0E9425348091720FD7
:10F570009091730F892B41F50E940C3D8091740F7F
:10F58000882309F447C00E94303D0E94AEB82ECEB9
:10F590000E94567783E090E0EBCE1092730F1092AA
:10F5A000720F1092710F1092700F10926F0F1092D5
:10F5B0006E0F10926D0F10926C0F10926B0F1092D5
:10F5C0006A0F0E942534D8CF0E9438360E94293A0B
:10F5D00081E090E00E940F4C882381F28091720FAD
:10F5E0009091730F0E94A1B0882331F081E0809345
:10F5F0006C0F0E9426B5C2CF8091650F9091660F67
:10F60000892B29F481E080936F0F80E0F2CF0E9474
:10F610006A4AB4CF81E090E0ABCE8330910509F423
:10F6200002C58230910509F401C506E010E064E4EA
:10F63000462E6CEA562E612C712C892B31F052E249
:10F64000452E56E5552E612C712CE090900FF090D0
:10F65000910FD090920F0E94C8838DEF97E1909305
:10F660007E0F80937D0F10935102009350024092C1
:10F670005202509253026092540270925502F092DC
:10F680005702E0925602D092580292E0E916F10435
:10F6900041F480E00E9426B50E940D8F82E090E048
:10F6A00067CE0630110521F58DEF97E10E94367D7A
:10F6B000882371F180E00E9426B581E090E090936C
:10F6C0007C0F80937B0F8091560290915702019797
:10F6D00029F71FB7F89410927A0F1092790F1092B1
:10F6E000780F81E08093770F0E9436B11FBFD6CF8D
:10F6F0000130110529F48DEF97E10E944D25D8CFF7
:10F70000C8010497029748F088EB9AE10E94A0256F
:10F7100081EA9FE00E94E680C1CF1093760F0093AC
:10F72000750F8DEF97E10E942A26C2CF2330310555
:10F7300009F01CC13197E930F10508F057CD882751
:10F74000EB55F4408F4F0D94AC03AEFBAEFBBDFB0D
:10F75000BDFB46FC46FCF6F8F6F8C5FB8091151893
:10F76000815087FD0EC0853074F4082E000C990B73
:10F77000909316188093151839CD809115188F5FC6
:10F78000F0CF84E0F2CF80E0F0CF80911518909117
:10F790001618009751F480918D0F91E0892780937E
:10F7A0008D0F81E080930F1821CD8130910579F480
:10F7B00081E090E020918B0F30918C0F232B11F082
:10F7C00090E080E090938C0F80938B0FEACF823093
:10F7D000910581F40E94ED768091850F9091860FBE
:10F7E0000196877099279093860F8093850F0E94CA
:10F7F000BB76D7CF0397F1F58091850F9091860F57
:10F800000097D1F48091870F9091880F009749F469
:10F8100081E090E09093880F8093870F0E94ED76AF
:10F82000C0CF8130910519F482E090E0F3CF0297C8
:10F83000E1F483E090E0EECF8530910549F48091CA
:10F84000870F9091880F892B79F390E080E0E2CFC9
:10F8500086309105B9F2079709F78091870F90914B
:10F86000880F0097A9F20197F9F21092880F109271
:10F87000870FD4CF8091890F8F5F843008F080E0AC
:10F8800090E090938A0F8093890F8BCF80910F180F
:10F89000882309F47ACECE0183599F4F0E94767651
:10F8A00046E050E069E078E1CE0183599F4F0F9424
:10F8B0002905892B19F410920F1867CE1E861D8614
:10F8C0008CE490E5A4E4B3E589839A83AB83BC839D
:10F8D00081E090E09E838D8386E0FE01E359FF4F37
:10F8E000DE01179601900D928A95E1F76CE070E0C9
:10F8F000CE0101960E94E4BA9E878D87DE011196A3
:10F900007D0100E210E0A3961FAF0EAFA397F701B1
:10F9100061917F01CE018F599F4F0E9462BC0F5FA2
:10F920001F4F0E32110579F7F999FECFCE018F598D
:10F930009F4F0E94AABB882309F427CE46E050E0DF
:10F94000BE0163597F4FCE018F599F4F0F942905F8
:10F95000892B09F01ACE86E0FE01E359FF4FA9E09A
:10F96000B8E101900D928A95E1F7A5CF24303105D9
:10F9700009F0D4C03197E930F10508F037CC882779
:10F98000EB53F3408F4F0D94AC03CEFCCEFCDDFC6B
:10F99000DDFC1AFD1AFDF6F8F6F8E4FC8091171864
:10F9A000909118189927029663E070E00F947603FF
:10F9B000909318188093171819CC8091171890916C
:10F9C000181899270196F0CF809117189091181860
:10F9D000009791F480918E0F90918F0F9927019647
:10F9E00065E070E00F94760390938F0F80938E0FF5
:10F9F00081E080931418FACB0197A9F48091900FBD
:10FA00009091910F009749F0019751F482E090E0B6
:10FA10009093910F8093900FEBCF81E090E0F8CF1F
:10FA200090E080E0F5CF8091920F91E0892780935C
:10FA3000920FDECF80911418882309F4A6CDCE0151
:10FA400083599F4F0E94037244E050E060E178E1E7
:10FA5000CE0183599F4F0F942905892B19F41092D9
:10FA6000141893CD1C861B8683E492E5A4E4B3E5C9
:10FA700089839A83AB83BC8381E090E09E838D83EE
:10FA8000E1968CAD9DADAEADBFADE1978F8398870C
:10FA9000A987BA876AE070E0CE0101960E94E4BAB5
:10FAA0009C878B87DE0111967D0100E310E0A39611
:10FAB0001FAF0EAFA397F70161917F01CE018F5960
:10FAC0009F4F0E9462BC0F5F1F4F0C33110579F7E7
:10FAD000F999FECFCE018F599F4F0E944DBB8823CD
:10FAE00009F453CD44E050E0BE0163597F4FCE018D
:10FAF0008F599F4F0F942905892B09F046CDE19628
:10FB00008CAD9DADAEADBFADE197809310189093D5
:10FB10001118A0931218B0931318A1CF25303105F6
:10FB200009F064CB3197E930F10508F05FCB882705
:10FB3000E356F2408F4F0D94AC03A6FDA6FDB5FD34
:10FB4000B5FDE2FDE2FDF6F8F6F8BDFD80911E1868
:10FB5000815087FD0EC0833074F4082E000C990B81
:10FB600090931F1880931E1841CB80911E188F5FB1
:10FB7000F0CF82E0F2CF80E0F0CF80911E1890911C
:10FB80001F18009791F481E090E02091930F30913D
:10FB9000940F232B11F090E080E00E94C9BA81E01D
:10FBA0008093840F1092950F21CB019709F01ECB03
:10FBB00080915902843620F4865F0E947BBCEFCF8F
:10FBC0008AE0FBCF8091840F882309F4DECCD10139
:10FBD0001D921C928091930FAE968FAFAE9780913D
:10FBE0005902AF968FAFAF9744E050E060E87FE0F6
:10FBF000CE0183599F4F0F942905892B29F4109228
:10FC0000840F1092950FC1CC1C861B8689E593E565
:10FC1000A4E4B3E589839A83AB83BC8381E090E05D
:10FC20009E838D83E1968CAD9DADAEADBFADE1976A
:10FC30008F839887A987BA876AE070E0CE01019622
:10FC40000E94E4BA9C878B87DE0111967D0100E457
:10FC500010E0A3961FAF0EAFA397F70161917F014C
:10FC6000CE018F599F4F0E9462BC0F5F1F4F0C3413
:10FC7000110579F7F999FECFCE018F599F4F0E9458
:10FC8000F0BA882361F044E050E0BE0163597F4F31
:10FC9000CE018F599F4F0F942905892B21F081E0C8
:10FCA0008093950F72CCE1968CAD9DADAEADBFAD9E
:10FCB000E1978093800F9093810FA093820FB09370
:10FCC000830F9DCF8430910509F48EC000F1059714
:10FCD00009F0ABCA80911E1890911F18009709F087
:10FCE000BFC068EB7BE180E00E941C778091930F9E
:10FCF0009091940F6EEA7BE1019711F064EA7BE149
:10FD000081E00E941C7793C80E94027990C880917C
:10FD1000151890911618009789F464E27BE180E051
:10FD20000E941C7780918D0F60E27BE1811102C0FF
:10FD30006BE17BE181E00E941C7779C881309105FD
:10FD400081F460E17BE180E00E941C7780918B0F61
:10FD500090918C0F68E07BE1019761F361E07BE1BA
:10FD6000E9CF8230910591F469EF7AE180E00E9459
:10FD70001C77E091850FE83008F0E0E0F0E0EE0F4E
:10FD8000FF1FED53F54E65917491D4CF0397E1F4C5
:10FD900062EF7AE180E00E941C778091850F90915C
:10FDA000860F009731F0059763ED7AE1039708F02D
:10FDB000C1CFE091870FE43008F0E2E0F0E0EE0F11
:10FDC000FF1FE952F54EDFCF67EE7AE180E00E9437
:10FDD0001C77E091890FE43008F0E0E0F0E0EE0FEE
:10FDE000FF1FE152F54ECFCF809117189091181850
:10FDF0000097B9F48DE59BE10E9409DEE0918E0F3A
:10FE0000F0918F0F80E39BE1E53038F4FF27EE0F90
:10FE1000FF1FEE5CF44E859194910E9427720C9422
:10FE200017F7019779F482E49BE10E9409DEE091E3
:10FE3000900FE33008F0E0E0F0E0EE0FFF1FE45C2D
:10FE4000F44EE9CF83E59BE10E9409DE8091920F99
:10FE5000882319F080E59BE1E0CF8CE49BE1DDCFC6
:10FE60000197C9F56FE77BE180E00E941C779091D4
:10FE7000950F809159029923F1F01F928F938EE68E
:10FE80009BE19F938F931F9281E18F9381E090E09C
:10FE90008C0F9D1F9F938F930E94556E0FB6F89401
:10FEA000DEBF0FBECDBFBE016F5F7F4F81E00E94FE
:10FEB000226E0C9417F71F928F9387E69BE19F9316
:10FEC0008F931F9281E18F93E1E0F0E0EC0FFD1F33
:10FED000FF93EF93E1CF67E97BE180E00E941C771D
:10FEE00080911D18209135183091361881113BC032
:10FEF000A9012115310511F449E358E18DB79EB7E9
:10FF00004817590708F04FC0841B950B2115310580
:10FF100011F429E338E14DB75EB72417350708F02F
:10FF200045C0421B530B9F938F935F934F938AE877
:10FF30009BE19F938F931F9281E18F93E1E0F0E02B
:10FF4000EC0FFD1FFF93EF930E94556EBE016F5F94
:10FF50007F4F81E00E94226E0FB6F894DEBF0FBE85
:10FF6000CDBF0C9417F7C9012115310511F489E3B0
:10FF700098E140911B1850911C184817590708F434
:10FF8000AC016091191870911A184617570758F468
:10FF9000CA01DC01EC91E53A09F0B6CF019686176B
:10FFA0009707B8F3B1CF90E080E0B0CF50E040E0E9
:10FFB000BACFCE0101960E94B32FCE0101960E94C6
:10FFC00086720C9417F70E948B7D0C9417F72036DD
:10FFD000310508F01BCA8FE28983A8014F5F5F4F8C
:10FFE00066EE74E1CE0102960F9436054FE550E0BF
:10FFF000BE016F5F7F4F8BE592E00F945D0510921D
:020000022000DC
:10000000BA0210924C0F10924B0F10924A0F0E949E
:1000100068772DC90130110509F454C80230110563
:1000200041F481E090C804E010E009CB05E010E065
:1000300006CB0330110509F045C890C803301105FF
:1000400009F040C8C7010197049728F047E0E4167B
:10005000F10409F037C80E943C8E0E94ACB832C847
:10006000FB01DC0104C08D910590801921F4415001
:100070005040C8F7881B990B0895FB01DC0102C0B2
:1000800005900D9241505040D8F70895FB01DC01D6
:100090008D91059080190110D9F3990B0895FC01F9
:1000A00005900020E9F7809590958E0F9F1F089589
:1000B000FB01DC014150504030F08D9105908019DA
:1000C00019F40020B9F7881B990B0895FB01DC0196
:1000D0004150504048F005900D920020C9F701C0F2
:1000E0001D9241505040E0F708950F931F93CF9316
:1000F000DF93CDB7DEB72E970FB6F894DEBF0FBEF5
:10010000CDBF8C01FA018EE08C831A83098377FFBF
:1001100002C060E070E8615071097E836D83A901BF
:10012000BF01CE0101960F94AE004D815E8157FD57
:100130000AC02F813885421753070CF49A01020F29
:10014000131FF80110822E960FB6F894DEBF0FBE73
:10015000CDBFDF91CF911F910F9108952F923F92C4
:100160004F925F926F927F928F929F92AF92BF92C7
:10017000CF92DF92EF92FF920F931F93CF93DF9373
:1001800000D000D000D01F921F92CDB7DEB77C0107
:100190003B018A01FC0117821682838181FFDDC148
:1001A000CE0101965C01F7019381F30193FD8591E6
:1001B00093FF81913F01882309F453C1853239F4BB
:1001C00093FD859193FF81913F01853229F4B70119
:1001D00090E00F94C602E7CF912C212C312CFFE147
:1001E000F31538F08B3211F190F4803209F183323B
:1001F00029F137FC3CC020ED280F2A3050F536FE9F
:1002000020C08AE0989E200D1124922E06C08D32C7
:1002100091F0803371F7689430F8F30193FD859184
:1002200093FF81913F018111DACF21C0689431F8A9
:10023000689432F8F2CF689433F8EFCF689434F8CA
:10024000ECCFEAE02E9E200D1124222E689435F882
:10025000E4CF8E3229F436FC04C1689436F8DDCF41
:100260008C3619F4689437F8D8CF8836B1F2982FC5
:100270009F7D95549330E0F08336A1F18337C1F12F
:10028000833509F063C02801F2E04F0E511CF801DC
:10029000C080D180692D70E036FC02C06FEF7FEF27
:1002A000C6010F94B0024C01689437F882010AC06D
:1002B0000C5F1F4FFFE3F98388248394912C650121
:1002C000E89437F833FE2DC0522C8114910471F557
:1002D000552009F468CFB70180E290E00F94C60280
:1002E0005A94F6CFF801808189830E5F1F4FE4CFC7
:1002F0002801F2E04F0E511CF801C080D180692D19
:1003000070E036FC02C06FEF7FEFC6010F94BB02B6
:100310004C018201D5CFB70180E290E00F94C60274
:100320002A942814190409F0B0F7CECFF60137FC4F
:10033000859137FE81916F01B70190E00F94C6025D
:1003400051105A94F1E08F1A9108BFCF843619F0FA
:10035000893609F077C0F80137FE6BC06081718182
:10036000828193810C5F1F4FF32DFF763F2E97FF05
:1003700009C090958095709561957F4F8F4F9F4FE5
:10038000689437F82AE030E0A5010F94F602C82EF1
:10039000CA188C2C432C36FE0CC0E89440F8C914C3
:1003A00040F434FE05C032FC03C0F32DFE7E4F2E18
:1003B000892C44FEAAC0FE01EC0DF11D8081803322
:1003C00009F09CC0242D297E422E842D8870582E41
:1003D00043FCAAC040FEA4C09C2C821418F42C0C30
:1003E000922C981844FEA6C0B70180E390E00F94C9
:1003F000C60242FE09C088E790E041FE02C088E5DF
:1004000090E0B7010F94C602C91408F49FC0CA94C3
:10041000D12C9FEFC91AD90ACA0CDB1CF6018291B4
:100420006F01B70190E00F94C602AC14BD04B1F7A0
:100430004FCF60817181072E000C880B990B0E5FE6
:100440001F4F92CFD32CE894D4F82AE030E08537C0
:10045000E1F1232D297FD22E8F36A9F1F0F48835D2
:1004600051F1F701868197812B960FB6F894DEBF84
:100470000FBECDBFDF91CF911F910F91FF90EF90F5
:10048000DF90CF90BF90AF909F908F907F906F90B4
:100490005F904F903F902F900895803749F08837B4
:1004A00001F7D4FE02C06894D2F820E130E00DC01C
:1004B0006894D4F8F6CF34FE03C0822F8660D82E1D
:1004C00020E132E002C028E030E0F801D7FE0FC0A2
:1004D00060817181828193810C5F1F4FA5010F9410
:1004E000F602C82ECA183D2CE89437F852CF608126
:1004F000718190E080E00E5F1F4FF0CF42FC02C0A0
:10050000839463CF8394839460CF842D867809F499
:100510005CCFF6CFB70180E290E00F94C6028394DF
:100520008214C0F3512C5ECF522C5818821408F458
:1005300059CFF8CF842D867809F466CF8BE241FE3F
:1005400080E247FC8DE2B70190E05CCFB70180E329
:1005500090E00F94C6029A9457CF8FEF9FEF84CF0D
:10056000FC010590615070400110D8F7809590957E
:100570008E0F9F1F0895FC01615070400190011083
:10058000D8F7809590958E0F9F1F08950F931F9316
:10059000CF93DF93182F092FEB018B8181FD09C0C9
:1005A0001FEF0FEF812F902FDF91CF911F910F91B0
:1005B000089582FF14C02E813F818C819D81281770
:1005C00039073CF4E881F981CF010196998388834A
:1005D00010838E819F8101969F838E83E3CFE88570
:1005E000F985812F1995892BA1F3DACFFA01AA2772
:1005F000283051F1203181F1E8946F936E7F6E5F66
:100600007F4F8F4F9F4FAF4FB1E03ED0B4E03CD013
:10061000670F781F891F9A1FA11D680F791F8A1FF6
:10062000911DA11D6A0F711D811D911DA11D20D05D
:1006300009F468943F912AE0269F11243019305D17
:100640003193DEF6CF010895462F4770405D419308
:10065000B3E00FD0C9F7F6CF462F4F70405D4A3355
:1006600018F0495D31FD4052419302D0A9F7EACF1D
:10067000B4E0A6959795879577956795BA95C9F74C
:1006800000976105710508959B01AC010A2E06943F
:100690005795479537952795BA95C9F7620F731FF8
:1006A000841F951FA01D0895F999FECF92BD81BDAD
:1006B000F89A992780B50895262FF999FECF1FBA89
:1006C00092BD81BD20BD0FB6F894FA9AF99A0FBE7B
:1006D00001960895991B79E004C0991F961708F0B8
:1006E000961B881F7A95C9F780950895AA1BBB1B96
:1006F00051E107C0AA1FBB1FA617B70710F0A61B22
:10070000B70B881F991F5A95A9F780959095BC0142
:10071000CD010895A1E21A2EAA1BBB1BFD010DC03D
:10072000AA1FBB1FEE1FFF1FA217B307E407F507A1
:1007300020F0A21BB30BE40BF50B661F771F881F7D
:10074000991F1A9469F760957095809590959B0113
:10075000AC01BD01CF010895EE0FFF1F881F8BBFB5
:100760000790F691E02D1994A29FB001B39FC001AC
:10077000A39F700D811D1124911DB29F700D811DCD
:100780001124911D08950F94B403A59F900DB49F5B
:10079000900DA49F800D911D11240895B7FF0D9415
:1007A000C3030F94C303821B930B0895DF93CF936E
:1007B0001F930F939A9DF02D219FF00D8B9DF00DAF
:1007C0008A9DE02DF10D039FF00D029FE00DF11DBC
:1007D0004E9DE00DF11D5E9DF00D4F9DF00D7F9340
:1007E0006F93BF92AF925F934F93D5010F94B40371
:1007F0008B01AC01D7010F94B403EB01E80FF91F93
:10080000D6010F9425042F913F91D6010F94B40384
:10081000C60FD71FE81FF91FAF91BF910F94250492
:100820002F913F910F94B403C60FD71FE81FF91FF4
:10083000D6010F94B403E60FF71F9801BE01CF0154
:100840000F911F91CF91DF9108950F94B403460F3C
:10085000571FC81FD91F08F431960895E894DF93F5
:10086000CF93FC01DB010F94B4037F936F93E901F5
:100870009A01AC01BF93AF933F932F93DF010F9485
:10088000B40326F46C1B7D0B820B930B9E01EB01D2
:10089000FC010F942504AF91BF912F913F910F94CC
:1008A0002504BE01CF01F9012F913F91CF91DF9136
:1008B0000895689401C0E8948F929F92CF93DF933C
:1008C0000F946704DF91CF919F908F9008958824B3
:1008D0009924F401E401B0E49F93AA279A158B04AC
:1008E0009C04ED05FE05CF05D007A10798F4AD2FB8
:1008F000DC2FCF2FFE2FE92D982C892E982F872FB4
:10090000762F652F542F432F322F2227B85031F7DF
:10091000BF9127C01B2EBF91BB27220F331F441F3F
:10092000551F661F771F881F991F881C991CEE1F73
:10093000FF1FCC1FDD1FAA1FBB1F8A149B04EC05E1
:10094000FD05CE05DF05A007B10748F08A189B0812
:10095000EC09FD09CE09DF09A00BB10B21601A9447
:10096000E1F62EF49401AF01BE01CD01000C089513
:10097000002E083090F0982F872F762F652F542F58
:10098000432F322F22270850F4CF220F331F441F4A
:10099000551F661F771F881F991F0A95B2F7002DF4
:1009A000089597FD1094002E083098F00850232FDA
:1009B000342F452F562F672F782F892F912DF4CF65
:1009C000159497958795779567955795479537959A
:1009D00027950A95AAF71124002D08952A0D3B1D8D
:1009E0004C1D5D1D6E1D7F1D801F911F08950024ED
:1009F000A7FD00942A0F301D401D501D601D701D65
:100A0000801D901D08952A193B094C095D096E0946
:100A10007F09800B910B08952A153B054C055D0558
:100A20006E057F058007910708950024A7FD0094B7
:100A30002A173005400550056005700580059005B2
:100A400008959111089581568A5108F4805285586D
:100A50000895FB01DC0104C08D910190801921F4FF
:100A600041505040C8F7881B990B0895FB01DC01E9
:100A700002C001900D9241505040D8F70895DC011A
:100A800001C06D9341505040E0F70895FB01DC0137
:100A90008D91019080190110D9F3990B0895FB01F4
:100AA000DC014150504030F08D910190801919F4D3
:100AB0000020B9F7881B990B0895FB01DC01415018
:100AC000504048F001900D920020C9F701C01D92DE
:100AD00041505040E0F70895FC0181E090E0019022
:100AE000061609F4CF010020D1F7019708950F935E
:100AF0001F93CF93DF93CDB7DEB72E970FB6F89441
:100B0000DEBF0FBECDBF0E891F89888D998D26E06F
:100B10002C831A83098397FF02C080E090E8019735
:100B20009E838D83AE01445E5F4F6A8D7B8DCE01C7
:100B300001960F94AE004D815E8157FD0AC02F8152
:100B40003885421753070CF49A01020F131FF8015E
:100B500010822E960FB6F894DEBF0FBECDBFDF9188
:0C0B6000CF911F910F910895F894FFCFE2
:100B6C00FF01F70FDF0E6A1E521D02142814287C99
:100B7C0015F82A010100010001000100010001012A
:100B8C000100010001008001029C31649B000801FE
:100B9C00000100010101FFF70335018600DF0100B0
:100BAC0000CF020133C201C10100010001010100AB
:100BBC00060044AC000000000050FF2F00000000B5
:100BCC000000000000000000000000000000000019
:100BDC000000000000000000000000000000000009
:100BEC0000000000000000000000000000000000F9
:100BFC0000000000000000000000000000000000E9
:100C0C0000000000000000000000000000000000D8
:100C1C00000000000000000000000046261109A39F
:100C2C000B451E220FC51D0D070D098B17C50B8417
:100C3C00190B06C2072E14170A6F1514058406F437
:100C4C00107A0808090A0B0C000000000D0E162083
:100C5C0011114D2D514420666F726D61742DFFFF83
:100C6C00FFFFFF0304050607090A530B4F0B4B0B41
:100C7C00470B430B3F0B3B0B370B330B2F0B2B0B48
:100C8C00270B230B1F0B1B0B05070906080A00007B
:100C9C000000FB9EF89EFC97FC98869756986E98E1
:100CAC00000002030000010000000040DEFCD7FC45
:100CBC009729D8485843514444525600257525630A
:0A0CCC0025752000455846415400EC
:00000001FF
