:100000000C94F70E0C94280F0C94280F0C94280FC6
:100010000C94280F0C94280F0C94280F0C94280F84
:100020000C94280F0C94280F0C94136E0C94280F2A
:100030000C94280F0C94280F0C94280F0C94280F64
:100040000C94280F0C94BF730C94280F0C94280F59
:100050000C94280F0C94280F0C94280F0C947FDF1D
:100060000C94280F0C94280F0C94280F0C94280F34
:100070000C94280F0C94280F0C94280F0C94280F24
:100080000C9487740C94077A0C94280F0C9485397F
:100090000C94280F0C94280F0C94280F0C94280F04
:1000A0000C94280F0C94280F0C94280F0C94280FF4
:1000B0000C94280F0C94280F0C94280F0C94F628FD
:1000C0000C94280F0C94280F0C94280F0C94280FD4
:1000D0000C94280F0C94280F0C94280F0C94280FC4
:1000E0000C94280F0C9499DB0C9433370C945755CF
:1000F0000C9466C00C9421D70C94AD7B0C944B38B7
:100100000C94AF150C94B5300C9407380C948DDB1F
:100110000C944FBF0C94B3530C94BF670C941AF912
:100120000C942A770C94B0670C9449B50C9469BF71
:100130000C94565C0C9490F30C9427D70C94DD7BB4
:100140000C943DFC0C949FBF0C948A380C94DB1DDE
:100150000C94D9F50C9435540C942BD70C94B0B561
:100160000C94E1F80C9464B60C94B0530C9403B660
:100170000C940BF60C941B540C94E4F50C94EE3890
:100180000C941DFB0C9415FD0C9437FA0C94BAB525
:100190000C94C1530C942A540C947B1E0C94B5FB04
:1001A0000C9426D70C9411F60C94DE140C9405D7FD
:1001B0000C94D1140C94B7370C94B5B50C94E21D83
:1001C0000C94B6360C9419D70C94B87E0C94F4F5B4
:1001D0000C9492150C94A4F80C9424FD0C946F5478
:1001E0000C946AB60C949EF00C9455B60C9413D7EC
:1001F0000C94751E0C9493DB0C94B3670C947CF8F0
:100200000C94B8300C94BC670C94D77A0C9454F6C8
:100210000C9421540C941E540C9452B60C949B14C0
:100220000C94E6D60C9457560C94535C0C9482DBD9
:100230000C94F0530C94BFB50C94EAF50C945C3715
:100240000C948ADB0C94B6670C9456C00C942FD790
:100250000C94681E0C94A0F80C94CC7A0C94AA53BD
:100260000C9458540C94F0D60C94C4300C94C9B52A
:100270000C944CFC0C9467B60C9496DB0C94F353E2
:100280000C94E7F50C94FAF50C9432F90C9489FC73
:100290000C9461540C9401F60C949EF60C94BB30B3
:1002A0000C949A7F0C94D0360C94E4530C945B54C9
:1002B0000C94EA530C943E300C942D540C9404F698
:1002C0000C94AF300C94A6380C94C0140C94717B31
:1002D0000C94FB530C94FD360C940FD70C9401D75F
:1002E0000C945CD70C94D41D0C948CB60C94E384C1
:1002F0000C94A6F80C949EF80C94AA670C941B7BA3
:100300000C94D2F50C9434FB0C941F370C94C95503
:100310000C9452F60C9451FD0C9473DD0C942454FF
:100320000C94ED530C94F8D60C94F3140C94CEB5B5
:100330000C9497F30C94611E0C942AF60C9413C041
:100340000C94EDF50C9453FC0C942CFB0C946E1E49
:100350000C9471380C9428390C9433150C94C8679C
:100360000C94B9530C94B2300C942CFD0C94267B55
:100370000C94E1540C94F4D60C94F7F50C94275497
:100380000C9490DB0C940BD70C9473B60C941DD783
:100390000C9467540C94FD7A0C9479F80C94ECD678
:1003A0000C94F4F80C940EF60C94B6530C94FBD603
:1003B0000C945E540C94AD530C94087B0C94D3B500
:1003C0000C94B1550C94C5670C94687E0C94C4B51C
:1003D0000C9455540C94A7530C946D150C9481B641
:1003E0000C9430F60C9464540C94E1530C94D5BFE7
:1003F0000C94C2670C94E7530C94B9670C949DB5A8
:1004000054494D45522041524700424144205449ED
:100410004D455200554E44455252554E00424144BE
:100420002057415600424144205241544500384231
:100430004954204F4E4C59004D4F4E4F204F4E4C7B
:10044000590050434D204F4E4C59004E4F204441CF
:100450005441004E4F20464D5400424144205249E1
:100460004646004E4F542057415645004E4F5420AB
:100470005249464600494F204552524F52004F5074
:10048000454E204552524F5200424144204152476E
:10049000004F4B004D5A54205345454B00524543A5
:1004A0004F5244005B96A59D9AB75D004C44522084
:1004B000424C4F434B005144205345454B004D5A4D
:1004C000462054494D4500494D4147452054494D2A
:1004D00045004C445220484541444552004D5A5431
:1004E000205345454B004D5A462053544154450036
:1004F0005144205345454B0050574D2050495045DD
:10050000004D5A46205354415445004D5A3720520D
:100510004546494C4C004D5A4620554E44455200E4
:100520004241442053455353494F4E0045444745AB
:1005300020464952535400494E534552542043419A
:10054000524400544150204649464F00554E4445C0
:100550005252554E00544150204649464F004D5A84
:100560004620535441525400554C20535441525448
:10057000004D5A37205345454B004D5A54205345A2
:10058000454B00554C372041434B00554C372041DB
:10059000524D00554C2053484F525400554C205258
:1005A00045414400554C205741495400554C205377
:1005B000484F525400554C205245414400554C2060
:1005C000415247004D5A3720524546494C4C004D48
:1005D0005A46205354415254004D5A4620535441D8
:1005E000525400504C4159204552524F520014046D
:1005F0000A04000454494D45520000000000100058
:10060000800000AA00389B71910489047E0475045F
:100610006C0463045A0453044B04420438042E044B
:1006200025041D04574156204552524F52004E4F4B
:100630002057415620494E464F00454D50545920B1
:1006400057415600454D50545920454447450045B3
:10065000444745204F50454E0045444745204152B0
:10066000470053504545440054595045004D5A5495
:10067000205345454B004D5A54205245434F524458
:10068000004D5A5420464F524D4154004D5A54206B
:100690005345454B004D5A5420434F554E54004D41
:1006A0005A5420484541444552004D5A5420534520
:1006B000454B00514446205345454B00514446208C
:1006C0005345454B00514446204652414D4500514B
:1006D0004446205245434F52440051444620434F24
:1006E000554E540051444620484541444552004D22
:1006F0005A51205345454B004D5A51205245434FC6
:10070000524400514420424F445920435243005127
:10071000442052454144004D5A51205345454B0019
:1007200051442053484F525420424F4459004D5A8F
:10073000512053495A45004D5A51204441544120BB
:100740004844520051442053484F525420424F4491
:1007500059005144204845414445522043524300EA
:1007600051442053484F5254204844520051442091
:1007700053484F525420484452004D5A5120464944
:100780004C45204844520051442053484F52542075
:10079000484452004D5A51205245434F5244004D57
:1007A0005A5120434F554E54004D5A5120454D50FB
:1007B0005459004D5A512048454144455200514436
:1007C0002053484F5254204844520051442052452F
:1007D0004144005144205345454B00514420464C70
:1007E0004153480051442048584300514420534845
:1007F0004F5254005144205245414400514420532B
:1008000045454B004D5A462053484F5254004D5ACF
:1008100046204F50454E004D5A4620415247005405
:10082000415020524541440054415020464C4147DC
:1008300000544150205452554E4300544150204CD6
:10084000454E4754480054415020524541440054BD
:100850004150204C454E47544800454D5054592076
:1008600054415000544150204F50454E0054415087
:10087000204152470042414420464F524D415400CE
:10088000544150205452554E43005441502052453B
:10089000414400544150204649464F0054415020A5
:1008A0005245414400544150205452554E43005447
:1008B0004150204649464F0054415020464C414744
:1008C00000544150205452554E4300544150204C46
:1008D000454E47544800544150204C454E475448DB
:1008E0000054415020524541440054415020464953
:1008F000464F0045444745204552524F5200504113
:10090000544820544F4F204C4F4E470025732F52D0
:100910004543253034752E4C45500025732F5245E4
:1009200043253034752E4C31360045444745205719
:1009300052495445005354414745204552524F5265
:100940000042414420544F4B454E005041544348CF
:10095000205752495445005041544348204C4F536E
:10096000540042414420544F4B454E0042414420E4
:10097000544F4B454E0042414420544F4B454E008E
:100980005041544820544F4F204C4F4E4700257340
:100990002F524543253034752E4D5A46004D5A4648
:1009A000205752495445004D5A4620434845434B31
:1009B00053554D004D5A4620434845434B53554DE2
:1009C00000544320434845434B53554D0054432066
:1009D0004C4F41444552004F4B0053442043415239
:1009E00044204552524F5200494E534552542043E1
:1009F000415244004E4F5420494E49540053442024
:100A000043415244204552524F52004E414D4520E1
:100A1000544F4F204C4F4E470046494C45204F50B5
:100A2000454E204641494C004241442050415448E3
:100A30000046494C452043524541544520464149D2
:100A40004C004241442050415448004E4F542044F1
:100A50004952004D4B444952204641494C004449BB
:100A600052204641494C004E4F5420444952004EBA
:100A70004F54204449520042414420444952454386
:100A8000544F525900524543204E414D4553204644
:100A9000554C4C00444952204641494C0046494C73
:100AA000452052454144204641494C0046494C4569
:100AB0002052454144204641494C00424144204196
:100AC00052470046494C452057524954452046411B
:100AD000494C004241442041524700505245414C4C
:100AE0004C4F43204641494C0046494C4520545206
:100AF000554E43204641494C0046494C45205359E8
:100B00004E43204641494C0046494C4520534545FB
:100B10004B204641494C0046494C452052454D4FDB
:100B2000564520455252004241442050415448000D
:100B300052454E414D45204641494C0046494C45A1
:100B400020455849535453004241442052454E4198
:100B50004D45002E544150002E574156002E4C3129
:100B600036002E4C4550002E4D3132002E51444659
:100B7000002E5144002E4D5A51002E4D5A54002E35
:100B80004D5A460000202020202020202020202018
:100B90002000202020202020202020202020202075
:100BA00020202020202122232425262728292A2B03
:100BB0002C2D2E2F303132333435363738393A3BFD
:100BC0003C3D3E3F404142434445464748494A4BED
:100BD0004C4D4E4F505152535455565758595A5BDD
:100BE0005C5D5E5F2020202020202020202020200F
:100BF00020202020202020202020202020202020F5
:100C000020202020202020202020202020202020E4
:100C10002020202020206520202074676820627812
:100C20006472706371617A77737569204F6B667651
:100C30002075426A6E20556D2020206F6C416F61D7
:100C4000207920202020202020202020202020204B
:100C50002020202020202020202020202020202094
:100C60002020202020202020202020202020202084
:100C70002020202020202020202020202020202074
:100C800020202020313A3200313A3300313A31000D
:100C9000544300313A3200313A3300313A340031B2
:100CA0003A3100494300313A3300313A31004D5A6C
:100CB00037303000313A3400313A3300313A3200C3
:100CC000313A31004E4F524D414C00554C5F4D5A18
:100CD00037303000554C5F4D5A38303000554C009D
:100CE000574149542E2E2E0052454C454153452024
:100CF000414C4C004144433A253475005741495416
:100D000020494E50555400505245535320252D3103
:100D1000307300504C4541534520574149540051D0
:100D200044204C4F41442E2E2E004544474520522E
:100D30004541440045444745204649464F00554CEF
:100D40002057414954003E08D3CEE5210000D3E4AA
:100D50007ED3E077237CFE1020F43A4BD4324B0A4A
:100D60003A4CD4321205214DD4110211010D00ED7F
:100D7000B0E17CFED428122A0411D92100122204E9
:100D800011CD2A00D3E4C39AE9CD2A00D3E4C324C9
:100D90000100000000000000000000000000000052
:100DA0003E08D3CECD3E07360197575FCD0803CD21
:100DB000BE02D3E21AD3E01213CB6228F53EC3324F
:100DC0001F06215C112220062A08117D3212057CA3
:100DD000324B0A2A0A11220211CDF80401CF06ED86
:100DE00071D3E2DAAAE9210A11C308EDC53A10115C
:100DF000EE0C32101101CF06ED79C1C93139383707
:100E00001102E0F31AE62028FB137B121B010004F9
:100E10001ACB6728FBE620B1074F7B13121B1ACBB6
:100E20006720FBE620B1074F137B121B10E27123F2
:100E3000D90B79B0D920D64F04D9C31102E0F31AE7
:100E4000E62028FB137B121BC50100041ACB672880
:100E5000FBE620B1074F7B13121B1ACB6720FBE682
:100E600020B1074F137B121B10E271C10B2379B025
:100E700020D60601D9C31102E0DD2103E0AF3D20F9
:100E8000FDF31AE62028FBDD360003C50100041A35
:100E9000CB6728FBE620B1074FDD3600021ACB678F
:100EA00020FBE620B1074FDD36000310E271C10BD5
:100EB0002379B020D600E1E93E08D3CE1102E0DD6F
:100EC0002103E0AF3D20FDF31AE62028FBDD3600CC
:100ED00003C50100041ACB6728FBE620B1074FDDEC
:100EE0003600021ACB6720FBE620B1074FDD360043
:100EF0000310E271C10B2379B020D6010001D9E1C2
:100F0000E93E08D3CECD3E07360197575FCD0803A3
:100F1000CDBE02D3E21AD3E01213CB6228F53E080D
:100F2000D3E01102E0F37B13121B1AE62028FB1317
:100F30007B121B0100041ACB6728FBE620B1074F88
:100F40007B13121B1ACB6720FBE620B1074F137BE4
:100F5000121B10E27123D90B79B0D920D64F04D9D6
:100F6000C351442043414E43454C004D5A46205303
:100F7000484F5254004D5A462052454144004D5A64
:100F800046204649464F004D5A46204C454E475450
:100F900048004D5A542053484F5254004D5A542043
:100FA00052454144004D5A54204845414445520061
:100FB0004D5A462053484F5254004D5A46205245F0
:100FC0004144004D5A46204C454E475448004D5A26
:100FD000542053484F5254004D5A542052454144D6
:100FE000004D5A5420484541444552004D5A462030
:100FF0005345454B004D5A46205345454B00000094
:10100000000007DF0EF70F521D6A1EF82A00007C51
:101010001500002828141402000000000100000040
:10102000071A07B408A90E4410F82A00007C15001E
:101030000028281414020000000002000000077FAE
:1010400005CA07FF0AF90DF82A00007C15000028E0
:1010500028141402000000000300010007000F80A4
:1010600010001DE01EF82A00007C1500002828143E
:10107000140200000000040004000900050005003F
:101080000A000AF82A00007C15000028281414021F
:1010900000000000050002000FD0045507DA093AED
:1010A0000BF82A00007C1500002828141402000008
:1010B0000000060002000F7F05CA07FF0AF90DF8BD
:1010C0002A00007C150000282814140200000000EB
:1010D000070002000F1A07B408A90E4410F82A00EE
:1010E000007C1500002828141402000000000800ED
:1010F00003000F97068906200D200DF82A00007CBA
:101100001500002828141402000000000900030044
:101110000FDD08CF08AC11AC11F82A00007C1500D7
:10112000002828141402000000000A00000007D064
:10113000045507DA093A0BF82A00007C150000284C
:1011400028141402000000000B0002000FA90E7EFC
:1011500010521DED1EF82A00007C150000282814EE
:101160001402000000000C0003000FAF0FA00F4F8F
:101170001F4F1FF82A00007C1500002828141402B5
:1011800000000000554C205345454B00554C205362
:1011900045454B00554C2041524700545552422082
:1011A0005345454B004D5A54205345454B004D5A2D
:1011B000542052454F50454E005144205245414421
:1011C0000051442053484F52542048445200514447
:1011D0002053484F52542048445200514420434128
:1011E0004E43454C00545950453D54430A535045D5
:1011F00045443D313A310A00545950453D49430A6E
:1012000053504545443D313A310A00545950453D0B
:101210004E4F524D414C0A53504545443D313A34AE
:101220000A00545950453D4D5A3730300A53504505
:1012300045443D313A310A00545950453D4E4F52D4
:101240004D414C0A53504545443D313A330A005410
:101250005950453D4E4F524D414C0A53504545441F
:101260003D313A320A00545950453D54430A5350D7
:101270004545443D313A320A00545950453D5443A6
:101280000A53504545443D313A330A0054595045BC
:101290003D49430A53504545443D313A320A0054D2
:1012A0005950453D49430A53504545443D313A3331
:1012B0000A00545950453D49430A53504545443D61
:1012C000313A340A00545950453D4D5A3730300AAE
:1012D00053504545443D313A330A00545950453D39
:1012E000554C5F4D5A3730300A00545950453D55E2
:1012F0004C5F4D5A3830300A00545950453D554CDA
:101300000A00545950453D4E4F524D414C0A5350DE
:101310004545443D313A310A00455252005041554D
:1013200000504C5900524459005443310049433154
:10133000004E3134004D3731004E3133004E3132E2
:10134000005443320054433300494332004943338D
:1013500000494334004D373300554C3700554C3865
:1013600000554C00544320313A3100494320313A72
:1013700031004E524C20313A34004D5A3720313A28
:1013800031004E524C20313A33004E524C20313A0B
:101390003200544320313A3200544320313A330072
:1013A000494320313A3200494320313A330049431E
:1013B00020313A34004D5A3720313A33004E524CE6
:1013C00020313A310043504D20313A340043504DE2
:1013D00020313A330043504D20313A320043504DD2
:1013E00020313A310053494E20313A340053494EAE
:1013F00020313A330053494E20313A320053494E9E
:1014000020313A3100524543204552524F52004D4F
:101410005A4620535441525400505245414C4C4F6F
:1014200043204641494C004D5A46204352454154C1
:10143000450053442043415244204552524F5200EC
:101440004544474520535441525400505245414C65
:101450004C4F43204641494C0045444745204352A8
:101460004541544500534420434152442045525283
:101470004F52005245432054494D45522045525247
:1014800000505245414C4C4F43204641494C005777
:101490004156204352454154452045525200424155
:1014A0004420524543205241544500534420434177
:1014B0005244204552524F520052454320464F520B
:1014C0004D4154005245432050415553450052452B
:1014D0004320524553554D450025732F25735F25F5
:1014E0003032752E4C45500025732F25735F253003
:1014F00032752E4D5A460025732F25735F253032E5
:10150000752E4C31360025732F25735F25303275CB
:101510002E5741560025732F25732E4C455000251C
:10152000732F25732E4D5A460025732F25732E4C8D
:1015300031360025732F25732E57415600574156DB
:1015400020434C4F5345204552520057415620509E
:10155000414420455252005441494C20575249546D
:10156000452045525200524543204F564552464C65
:101570004F57004544474520434C4F534500454491
:101580004745204F564552464C4F57000213000026
:10159000F912EA12DB12C512B2129F128C127912E2
:1015A00066124F12381222120B12F811E5114D5A21
:1015B0004620434C4F5345004D5A462057524954FC
:1015C00045004D5A4620494E434F4D504C455445D9
:1015D000004D5A46204445434F4445004D5A46204D
:1015E0005345454B004D5A46204F564552464C4FA9
:1015F000570045444745204F564552464C4F5700EB
:101600005041544820544F4F204C4F4E47002573B3
:101610002F524543253034752E57415600574156B9
:1016200020484541444552204552520057415620DA
:10163000544F4F2042494700574156205752495472
:10164000452045525200414E414C59534953205177
:101650005545554500444952204641494C004E4F9E
:1016600020454E545259004F4B00534420434152A1
:1016700044204552524F5200494E53455254204344
:1016800041524400454D505459004E4F20454E5450
:10169000525900534420494E4954004E4F20454E64
:1016A0005452590042414420415247004E4F204578
:1016B0004E545259004E4F20454E545259002E2E32
:1016C0002F00454D505459005245434F52443D520E
:1016D00045545259005344204341524420455252EC
:1016E0004F5200494E53455254204341524400202A
:1016F000202020202020202020202020202020000A
:10170000251321131D131913504C410053544F50EE
:101710003D43414E43454C005144205343414E20EC
:101720002533752525004E313100484C4800554C75
:10173000004633480046334C0054430049430049B7
:10174000434C005537480055374C00484C4C004E30
:101750004C48004E4C4C00257320253032753A25FC
:101760003032752F253032753A25303275002573A9
:101770002020202020202020253033752525200002
:10178000257320252D337320202020253033752507
:1017900025200050415553454400257320252D3404
:1017A0007320253032753A25303275002573202597
:1017B0002D3473202D2D3A2D2D004D414E20252DF9
:1017C000347320253032753A253032750053454C3C
:1017D00020252D347320253032753A25303275009E
:1017E0004D544920252D347320253032753A25304B
:1017F0003275004D414E20252D3473202D2D3A2D6C
:101800002D0053454C20252D3473202D2D3A2D2DA0
:10181000004D544920252D3473202D2D3A2D2D00B7
:10182000554E535550504F52544544004552522046
:10183000252E31327300554E4B4E4F574E00BD137F
:101840000000000000000000B513AE13A713A013A2
:10185000991392138A1382137A1372136B136413FE
:101860000000FD13F513ED13E513DD13D513CD13B0
:10187000C51332326B0034346B005245430053566B
:10188000442000524543204552524F520052454396
:101890002043414E43454C4C45440046494C45206D
:1018A00044454C4554454400504C45415345205710
:1018B000414954005741495400534156494E47202D
:1018C00000504155202530326C753A2530326C7508
:1018D00000524543202530326C753A2530326C7504
:1018E0000050415553454420202020202020202016
:1018F0004D0057414954205349474E414C00205414
:10190000430020494300204D5A3730300020554CC9
:10191000204D5A3730300020554C204D5A38303049
:101920000020554C00204155544F00204E4F524D41
:10193000414C0020313A340020313A330020313A12
:10194000320020313A3100203235303020426400FC
:101950002032313030204264002031383030204293
:1019600064002031343030204264004D5A46004C2F
:1019700045502035307573004C3136203136757343
:10198000005741562032326B487A00574156203476
:10199000346B487A004D414E55414C004155544FEF
:1019A000004D4F544F520052454C45415345204144
:1019B0004C4C0043414C204E4F4E45005341564540
:1019C000440043414C4942524154494F4E004E4F0E
:1019D0005420534156454400454550524F4D2045F3
:1019E00052524F52005553494E47204445464155A7
:1019F0004C540043414C20494E56414C4944005000
:101A00004C4159005245434F52440053544F5000EB
:101A10004646574400524557494E440043414C49BD
:101A200042524154494F4E004B4559504144002FBA
:101A30005245434F5244494E475300494E53455235
:101A400054204341524400494E534552542043418F
:101A50005244005041544820544F4F204C4F4E4761
:101A60000046494C452053454C4543544544004E9F
:101A7000414D4520544F4F204C4F4E4700454D504F
:101A80005459204449520052454320464F524D413B
:101A900054002B192519211917190D1906190219A6
:101AA000FE18202D2D0042193D19381933196219DD
:101AB0005919501947193E54415020535045454437
:101AC000003E5350454544003E4C4F414445520072
:101AD000204D4F544F5200204D414E55414C003E39
:101AE000504C4159204354524C00204F4646002050
:101AF0004F4E003E57415620494E56455254003FE6
:101B0000008B19811978196F196B19A1199C1995F6
:101B1000193E524543204D4F4445004F4646004F25
:101B20004E003E4155544F4E414D45003E524543B7
:101B3000205459504500202533752525002533753F
:101B4000252520454550524F4D20455252003E42DA
:101B500041434B4C494748540052414D2025752084
:101B60004D494E25750041424F55542076322E3056
:101B70002E320020494E5445524E414C00204558CB
:101B80005445524E414C003E434D5420534F555204
:101B900043450000002100240027002A002D0030CA
:101BA00000330001010000040107010A01000022C6
:101BB00000250028002B002E003100340002010017
:101BC00000050108010B01F0F0F0F3F0F5F0F0F082
:101BD000F0F0F0F0F0F0F0F0C1C2C3C4C5C6F0F010
:101BE000F0F0F0F0F0F0F000616263646566676841
:101BF000696B6A2F2A2E2D202122232425262728AF
:101C0000294F2C512B57495501020304050607089B
:101C1000090A0B0C0D0E0F101112131415161718BC
:101C2000191A5259545045C7C8C9CACBCCCDCECFCA
:101C3000DFE7E8E9EAECEDD0D1D2D3D4D5D6D7D8D6
:101C4000D9DADBDCDDDEC080BD9DB1B5B9B49EB2B2
:101C5000B6BABE9FB3B7BBBFA385A4A5A694878819
:101C60009C82988492908391819A97939589A1AF51
:101C70008B8696A2ABAA8A8EB0AD8DA7A8A98F8CB1
:101C8000AEAC9BA099BCB8403B3A703C715A3D4306
:101C9000563F1E4A1C5D3E5C1F5F5E377B7F367A77
:101CA0007E334B4C1D6C5B7841353474303875395C
:101CB0004D6F6E3277767273477C53314E6D484666
:101CC0007D441B587942604D5A46204552524F522E
:101CD0000053504545443D00545950453D00524540
:101CE000434F52443D004E4F20454E5452590044FC
:101CF0004952204641494C004E4F5420444952001D
:101D0000000020002300260029002C002F003200B4
:101D1000000100000301060109010505050507058D
:101D200008080808020202020A0A08080404040457
:101D30000101010101010101030303030303030383
:101D4000040707070C0C0C0C0C0C0C0C0202020212
:101D500006060606060606060B0B0B0B0B0B0B0BFB
:101D600001021020200808102040102040800201AD
:101D70000201080402010102040810204080804092
:101D80002010080402018004020180402010080491
:101D9000020108040201010204081020408001022F
:101DA00004081020408000000A0B02090C0D0E08E8
:101DB0000703040100000000000000000000000014
:101DC0000000000000000000000000000000000013
:101DD00000001211100000000000000000000000D0
:101DE0000000000000000000000000009EF0112430
:101DF0001FBECFEFD1E2DEBFCDBF00E00CBF13E0CE
:101E0000A0E0B2E0EAE0FAE002E00BBF02C0079017
:101E10000D92AA36B107D9F728E1AAE6B3E001C0CE
:101E20001D92A833B207E1F71EE0C7EFDEE000E045
:101E300006C021970109802FFE010F94FB02C63FC7
:101E4000D10780E00807A9F70E94EEF00D94030582
:101E50000C9400008091D50491E089278093D504EB
:101E60001092D604109212041092110410920D04D4
:101E700010920E0410920F041092100410920C0491
:101E800010920B0410920A04109209041092080494
:101E900008958F929F92AF92BF92CF92DF92EF926E
:101EA000FF92CF93DF939091DB04292F30E0F9016B
:101EB000EC51FB4F4081411165C0A901440F551FF2
:101EC000DA01AC5AB24FCD91DC9111978090E004C9
:101ED0009090E104A090E204B090E30475016401E5
:101EE0006FEFC61AD60AE60AF60ABE016F5F7F4F89
:101EF0002097F9F4220F331F220F331FF901EB5EF5
:101F0000FB4F80829182A282B38291113DC021E079
:101F100030E03093550D2093540D80931912C092E8
:101F2000E004D092E104E092E204F092E30481E064
:101F30001EC029E132E1992311F024E030E14C5A2E
:101F4000524FDA016D937C93C20FD31F8883C092E6
:101F5000E004D092E104E092E204F092E30481E034
:101F60006115724021F4808398279093DB04DF9100
:101F7000CF91FF90EF90DF90CF90BF90AF909F9068
:101F80008F90089580E0F3CF21E030E02D933C93D3
:101F900080930410C4CF20912B0230912C02821721
:101FA000930710F090E080E0109220011092210140
:101FB00020912B0230912C022150310930932901BC
:101FC00020932801909325018093240182E08ABB0D
:101FD0008091730082608093730080912A028860F0
:101FE00080932101089520910104309102044091D1
:101FF0000104509102046091030470910404461B93
:10200000570B4F3F574069F0F901F770E15DFA4F08
:1020100080832F5F3F4F309302042093010481E0BF
:10202000089580E0089580910004882349F0829506
:10203000807F0E94F30F882321F0109200040895FE
:1020400081E0089582E08ABB0E941310811102C0D2
:1020500080E0089582E00E94F30F8823C9F391E0A5
:102060009093050408959FB7F8948091BB039FBF98
:1020700090E00895009711F481E090E020919400A1
:1020800030919500820F931F90939B0080939A004C
:1020900008954FB7F8942091B9033091BA03809115
:1020A000B7039091B8034FBF821B930B0895CF9253
:1020B000DF92EF92FF920F931F93C090F203D090A4
:1020C000F303E090F403F090F50397018601009587
:1020D000109520953095061717072807390790F4B3
:1020E0008FEF9FEFDC018093F2039093F303A093B3
:1020F000F403B093F5031F910F91FF90EF90DF90E1
:10210000CF900895DC01CB018C0D9D1DAE1DBF1D30
:10211000EACFE82F8BEF8E0F833048F4E550FF0BAA
:10212000EE0FFF1FE251FA4F85919491089584EFCD
:1021300095E008950F931F93282F8091EE03882335
:1021400009F44BC09091E003921346C00091EA035A
:102150001091EB032091EC033091ED034091B70E09
:102160005091B80E6091B90E7091BA0E0417150710
:102170002607370789F5913051F54091E6035091D4
:10218000E7036091E8037091E9038091960E9091C6
:10219000970EA091980EB091990E481759076A07AB
:1021A0007B07D1F44091E2035091E3036091E40393
:1021B0007091E5038091920E9091930EA091940EF0
:1021C000B091950E481759076A077B0729F481E0FB
:1021D0009091EF03911101C080E01F910F9108953C
:1021E0008091FA0E9091FB0E0E94FC6D882369F09D
:1021F00080910412909105120E94FC6D882329F0B1
:102200008091D00E9091D10E089590E080E00895D5
:1022100080910412909105120E94FC6D882329F090
:102220008091D20E9091D30E089590E080E00895B1
:102230008091FA0E9091FB0E0E94076E81110C9412
:10224000C06680E008954F925F926F927F92AF9246
:10225000BF92CF92DF92EF92FF920F931F93CF9393
:10226000DF93FA01C489D589C217D30789F0F12C0D
:102270008F2DDF91CF911F910F91FF90EF90DF9005
:10228000CF90BF90AF907F906F905F904F900895E8
:10229000270138018A015B016C01C301B7010E946B
:1022A000687EF82E882319F3BE01C8010E94685C7D
:1022B000B092D10EA092D00ED092D30EC092D20E78
:1022C00010929A0ECE01B0E0A0E08093AF0E9093F2
:1022D000B00EA093B10EB093B20E4092A70E5092E2
:1022E000A80E6092A90E7092AA0E840D951DA61DCF
:1022F000B71D8093AB0E9093AC0EA093AD0EB09330
:10230000AE0E109293031092A30E1092A40E109290
:10231000A50E1092A60E1092850E0E944462A8CFC0
:10232000AF92BF92CF92DF92EF92FF920F931F93E3
:10233000CF93DF935C01009709F462C068177907B7
:1023400008F45EC0FA01C489D589C217D30709F021
:1023500057C067017801CA018B01BE010E94685C09
:102360001093D10E0093D00EB092D30EA092D20E45
:10237000CE01B0E0A0E08093AF0E9093B00EA0939A
:10238000B10EB093B20E1092A70E1092A80E10923A
:10239000A90E1092AA0E8093AB0E9093AC0EA09350
:1023A000AD0EB093AE0EC0928C0ED0928D0EE09218
:1023B0008E0EF0928F0E1092880E1092890E10924F
:1023C0008A0E10928B0E81E080939A0E10929303E6
:1023D0001092A30E1092A40E1092A50E1092A60EAB
:1023E0001092850E0E94446281E0DF91CF911F918F
:1023F0000F91FF90EF90DF90CF90BF90AF90089536
:1024000080E0F3CF0F931F93CF93DF931F92CDB74D
:10241000DEB700E001C0082F10E040918F0350911B
:10242000900360919103709192038091B70E909107
:10243000B80EA091B90EB091BA0E481759076A07A5
:102440007B0740F000E0802F0F90DF91CF911F912C
:102450000F910895CE0101960E943180882391F357
:1024600099819923C1F20023B9F2963121F41F3FDB
:10247000A1F21F5FD2CF953A61F6123050F2E3CF4E
:102480007F928F929F92AF92BF92CF92DF92EF9204
:10249000FF920F931F93CF93DF9300D01F92CDB77E
:1024A000DEB7782E6B015A01490165EA90E080E0C1
:1024B0000E94865C7C010E9402128823B9F0CE0142
:1024C00001960E943180882389F0CE0102960E94F5
:1024D0003180882359F0CE0103960E9431808823F1
:1024E00029F06981711004C0662331F020E048C0F2
:1024F000862F8B7F8130D1F70A811B81C801F501BE
:1025000091838083711003C08034910579F7C701EE
:102510000E94865C602F0E94865C612F0E94865C10
:102520007C0180918F0390919003A0919103B091D1
:102530009203F40180839183A283B38310E000E0CF
:10254000F501808191810817190768F1CE01049681
:102550000E943180882351F26C81C7010E94865C01
:102560008C01CE0104960E943180882309F4BECFED
:102570006C81C8010E94865C21E0892B09F0B6CFEE
:10258000822F0F900F900F900F90DF91CF911F919E
:102590000F91FF90EF90DF90CF90BF90AF909F9002
:1025A0008F907F900895CE0104960E9431808823F9
:1025B00009F49CCF6C81C114D10439F000341105A9
:1025C00020F4F601E00FF11F6083C7010E94865CD2
:1025D0007C010F5F1F4FB4CFCF92DF92EF92FF923B
:1025E0000F931F938091C103882389F10E94D3DE4A
:1025F0000091BD031091BE032091BF033091C00331
:10260000DC01CB01801B910BA20BB30B0091C20329
:102610001091C3032091C4033091C503680179016F
:10262000C094D094E094F094C816D906EA06FB064C
:10263000A8F0080F191F2A1F3B1F0093C203109315
:10264000C3032093C4033093C5031092C1031F91A9
:102650000F91FF90EF90DF90CF9008950FEF1FEF55
:102660009801EBCFCF93DF93C091EE0ED091EF0E98
:102670002297AC0161E170E088ED9EE00E94D6B047
:102680000E94EC120E94667584E090E09093EF0E39
:102690008093EE0E229720F40E94C066882329F0D2
:1026A00081E0DF91CF910C948172DF91CF910895F9
:1026B000CF93DF93C091EE0ED091EF0E229700974B
:1026C000F9F488ED9EE0009731F043EE55E061E1CA
:1026D00070E00E94C2B00E94EC120E94667584E015
:1026E00090E09093EF0E8093EE0E229720F40E94DC
:1026F000C066882379F081E0DF91CF910C948172DC
:1027000040E150E0BC0188ED9EE00F94AC041092D3
:10271000E80EE1CFDF91CF9108950E94EC128091F5
:10272000EA0E9091EB0EA091EC0EB091ED0E009799
:10273000A105B10541F08093C2039093C303A09318
:10274000C403B093C50308958091C10381110DC0E6
:102750000E94D3DE6093BD037093BE038093BF03DA
:102760009093C00381E08093C10308954F925F92DC
:102770006F927F928F929F92AF92BF92CF92DF9291
:10278000EF92FF92CF93DF93EC019A01AB0160913E
:102790001102709112028130910541F060910F0297
:1027A00070911002039711F46CE775E12B01712C05
:1027B000612C64E170E0C130D10511F468E270E091
:1027C0004B01B12CA12C880C991CAA1CBB1CA9E0A4
:1027D000B0E00F9412036B017C0124E1C20ED11C06
:1027E000E11CF11CC40CD51CE61CF71C0E946D6397
:1027F000882329F0229722E630E0229710F022E089
:1028000030E0C80CD91CEA1CFB1CC701B601620FE2
:10281000731F811D911DDF91CF91FF90EF90DF908D
:10282000CF90BF90AF909F908F907F906F905F9070
:102830004F9008952F923F924F925F926F927F92A6
:102840008F929F92AF92BF92CF92DF92EF92FF92C0
:102850000F931F93CF93DF93CDB7DEB764970FB677
:10286000F894DEBF0FBECDBF2C011B013A01088BCF
:10287000198B2A8B3B8BAC8A8B828130910509F0B6
:102880004CC000911102109112021A83098308E2D0
:1028900010E049815A819A0150E040E02C833D8349
:1028A0004E835F83C801B0E0A0E0280F391F4A1FA4
:1028B0005B1F288739874A875B87280F391F4A1F84
:1028C0005B1F2C873D874E875F8749015A0152E085
:1028D000850E911CA11CB11CA9E0B0E09601A701D6
:1028E0000F941203AB01BC01F1013197ED30F105FA
:1028F00008F035C18827E058FB4E8F4F0D94FB023E
:102900009B14C014D114DE14F314F314F314331510
:10291000331533156D15AF159215039749F00091D6
:102920000F02109110021A83098304E110E0B1CF65
:102930000CE715E1F8CF09811A81B801661977090A
:102940006016710610F070E060E090E080E0649640
:102950000FB6F894DEBF0FBECDBFDF91CF911F91B0
:102960000F91FF90EF90DF90CF90BF90AF909F902E
:102970008F907F906F905F904F903F902F90089531
:102980006016710658F4061917096C817D818E81D5
:102990009F81600F711F811D911DD9CF10E000E054
:1029A000F4CF6016710638F4061917096885798521
:1029B0008A859B85EECF10E000E0F8CF82E090E0C2
:1029C0008619970912E06116710410F090E080E01A
:1029D0000C851D852E853F85080F191F211D311D72
:1029E000C901B801B4CF26013701088919892A899C
:1029F0003B89041515052605370510F42801390112
:102A0000A9E0B0E0A30192010F94120391012650B6
:102A100031092230310510F5452846284728F1F0C4
:102A2000AB01BC01495051096109710988E090E08E
:102A3000A0E0B0E016E02116310441F428E030E0D7
:102A40000C89201B3109C901B0E0A0E08A019B017B
:102A5000080F191F2A1F3B1FC901B801680D791DF6
:102A60008A1D9B1D74CF840E951EA61EB71E4B811A
:102A7000433008F042E050E09A01A9E0B0E00F9442
:102A8000030391012950310922303105B8F41B812B
:102A90001123A1F09A01215031090F94030329E079
:102AA00022163104A9F408E010E03C89031B110947
:102AB00030E020E0600F711F821F931F63317105AA
:102AC0008105910558F262E170E080E090E0C6CFA8
:102AD00008E010E020E030E0EDCF6A017B0182E108
:102AE000C80ED11CE11CF11C0E946D63882349F0C3
:102AF00092E0491A510882E690E0A2E04A16510499
:102B000010F082E090E06816790648F4861997097B
:102B1000C80CD91CEA1CFB1C970186015DCF90E014
:102B200080E0F6CFA601B701C20164960FB6F89413
:102B3000DEBF0FBECDBFDF91CF911F910F91FF90F0
:102B4000EF90DF90CF90BF90AF909F908F907F904D
:102B50006F905F904F903F902F900C94B61360E071
:102B600070E0CB01F4CE8F929F92AF92BF92CF9242
:102B7000DF92EF92FF920F931F93CF93DF9300D0DA
:102B800000D000D01F92CDB7DEB71D821E821F82FB
:102B900018861092B30E1092B40E1092B50E1092C9
:102BA000B60E10929503109296031092970310920E
:102BB000980334E0C32E30E1D32EF12CE12C812C8C
:102BC000912C540110E0F60181916F010E946E5E1C
:102BD000880E911CA11CB11CE80EF11C1F5F10385F
:102BE00091F7CE0105966C019501840140E850E013
:102BF00060E070E081E00E947E5E882389F1609150
:102C00009F0E7091A00E8091A10E9091A20E0E9435
:102C1000B87E882329F160919B0E70919C0E809163
:102C20009D0E90919E0E9E01275F3F4FAE014F5F1C
:102C30005F4F0E94A185882399F0E984FA84098175
:102C40001A812B813C8140919B0E50919C0E60918A
:102C50009D0E70919E0E80E00E947E5E811115C0D7
:102C600010E0812F2A960FB6F894DEBF0FBECDBFBD
:102C7000DF91CF911F910F91FF90EF90DF90CF9058
:102C8000BF90AF909F908F9008958D819E81AF816E
:102C9000B8858F3FFFEF9F07AF07BF0739F0019659
:102CA000A11DB11DB695A795979587958093B30EF5
:102CB0009093B40EA093B50EB093B60E60919F0E94
:102CC0007091A00E8091A10E9091A20E0E94B87EEC
:102CD000182F8111C6CF66E070E084E994E00E946D
:102CE000FA7BBFCF0F931F93CF93DF938091061290
:102CF000813029F080910612833009F090C0109243
:102D00007A038091840E882379F181E080936E03A9
:102D100010929403E091B20FF091B30F309711F03D
:102D20008FEF19950E94B315882309F46DC0609147
:102D30009F0E7091A00E8091A10E9091A20E009115
:102D4000A30E1091A40E2091A50E3091A60E600F37
:102D5000711F821F931F0E94B87E882309F454C0FC
:102D600010926E031092840E82E08093061280917E
:102D7000820E9091830E049719F080E00E94817278
:102D8000C091790ECC2309F458C01092800E81E0D6
:102D90009091740E911101C080E00E94C8711FB71C
:102DA000F8948091750ED0E3811101C0D0E082E0EB
:102DB0008093181281E00E94B67285E088BBD360D0
:102DC000D0939000809171008A7F809371008091F0
:102DD000750E882329F080917100846080937100C2
:102DE0008091780E882321F08091770E882329F036
:102DF0008091710081608093710089E180939100DE
:102E00001092790E1FBF13C010926E03C0917A0307
:102E1000CC2339F01092071281E080930612C0E0B3
:102E200006C066E070E080EF94E00E94FA7B8C2F91
:102E3000DF91CF911F910F9108958091820E909113
:102E4000830E049731F4DF91CF911F910F910C9471
:102E5000D371DF91CF911F910F910C9450732F92EA
:102E60003F924F925F926F927F928F929F92AF921A
:102E7000BF92CF92DF92EF92FF920F931F93CF9367
:102E8000DF93CDB7DEB7C657D1090FB6F894DEBFD2
:102E90000FBECDBF8C01E0900412F090051240905F
:102EA000B70E5090B80E6090B90E7090BA0E109296
:102EB000840E019711F410E000E0C8010E94875DC4
:102EC00080919A0E81114BC10E94E17060939F0E18
:102ED0007093A00E8093A10E9093A20E8091AF0EDE
:102EE0009091B00EA091B10EB091B20E80939B0E56
:102EF00090939C0EA0939D0EB0939E0E1093CF0EB8
:102F00000093CE0E80910412909105120E94FC6DE8
:102F1000811129C11092BB0E80910412909105126B
:102F20008330910519F4EE24E394F12C0E94FC6D9A
:102F30008823C1F080919A0E882309F43EC1409005
:102F4000AF0E5090B00E6090B10E7090B20E109215
:102F50009503109296031092970310929803EE2413
:102F6000E394F12C40919F0E5091A00E6091A10E20
:102F70007091A20EE3964CAF5DAF6EAF7FAFE3975B
:102F80000E9492620115110509F47EC3C8010B97D6
:102F9000049708F479C3EA94EF2809F040C284E06A
:102FA00090E1892B09F43BC220910410213019F0E3
:102FB000263709F034C22093C70F81E1E5E0F0E144
:102FC000A8ECBFE001900D928A95E1F740911610B0
:102FD000509117105093C20F4093C10F20901810BA
:102FE000309019103092C40F2092C30F60911A10C4
:102FF00070911B107093C60F6093C50F3DE0E6E122
:10300000F0E1A9EDBFE001900D923A95E1F7E3966A
:10301000CCACDDACEEACFFACE397C092E60FD09247
:10302000E70FE092E80FF092E90F4115510509F41E
:10303000F6C14101B12CA12CBA0190E080E0E796E5
:103040006CAF7DAF8EAF9FAFE7976A017C01C80C74
:10305000D91CEA1CFB1C71E0C716D104E706F10479
:1030600008F0DDC1E7968CAD9DADAEADBFADE79785
:10307000E3964CAD5DAD6EAD7FADE397840F951FCC
:10308000A61FB71F481659066A067B0608F4C7C173
:103090000F30110509F473C6A80146505109433099
:1030A000510508F46CC60031110509F49BC698015E
:1030B000295031092230310508F486C20330110548
:1030C00009F43EC20430110509F0DBC111E52114F9
:1030D00050E1350608F413E50E944763180F1F5F9F
:1030E000412E512C712C612CD301C201885F9E4E60
:1030F000AF4FBF4F69E0C61661E1D606E104F104A7
:1031000008F46CC088169906AA06BB0608F066C0CB
:103110008091C30F9091C40FB0E0A0E02091C10F47
:103120003091C20FAC01BD01420F531F611D711DD3
:103130004130504C6105710508F067C1612F80E096
:1031400090EC0E94E166882309F469C185E090E073
:103150009093BC0F8093BB0F80E090EC4FC060E079
:1031600070E0CB01B3CE85E090E1892B09F18BEBC8
:103170009EE0009709F4D0CEA5E0B0E1FC018D916E
:1031800081932EE0EC3CF207D1F71092CC0E41E097
:1031900061E18BEB9EE00E9421698111BDCE4DE97A
:1031A00054E062E170E08BEB9EE00E94C2B0B4CECE
:1031B0008BEB9EE0892B99F7AFCE4090AB0E5090F1
:1031C000AC0E6090AD0E7090AE0E1092B30E1092D9
:1031D000B40E1092B50E1092B60EB9CE612F88E0E3
:1031E00091E10E94E166882309F492CF84E090E0A7
:1031F0009093BC0F8093BB0F88E091E19093BE0F3A
:103200008093BD0F812F90E09093C00F8093BF0FEC
:1032100081E08093B40F0E946262882309F46AC23D
:1032200088EC9FE0892B09F4E9C0D090C50FE090AD
:10323000C60FB090C30FC090C40F9090C10FA09064
:10324000C20FF090BF0F0091BD0F1091BE0F6F2DF8
:10325000C8010E94C2DA882309F4D0C00E944DDB65
:10326000811101C081E0075B1F4F6FEA60931C1062
:1032700091E290931D1010921E1050ED50931F106C
:1032800077E77093201021E12093211041E04093D3
:103290002210509323104093241037EE30932510C2
:1032A00033E0309326103DEE30932710E0EBE093AF
:1032B00028109093291000932A1010932B1020931C
:1032C0002C1010922D1050932E1040932F1080939D
:1032D00030101092311030933210E093331086E1A9
:1032E0008093341084EE809335104EE14093361075
:1032F00040EE40933710909338101092391010928E
:103300003A104AE440933B1030933C1059E75093F5
:103310003D104EE740933E104BE440933F103093F6
:103320004010509341107093421033E23093431099
:103330003BEC3093441034E63093451038E2309340
:10334000461033EF309347103EE33093481035E199
:103350003093491032E330934A1040934B103AE0D7
:1033600030934C1090934D1090924E10A0924F10AD
:1033700032E23093501042E04093511020935210AB
:1033800090935310B0925410C09255103093561031
:1033900094E090935710209358109DEC90935910FF
:1033A0009AE290935A1010925B109AED90935C10F1
:1033B0009EEF90935D1010925E1060935F1093EDFE
:1033C000909360108093611083EC80936210D09290
:1033D0006310E09264100E944DDB28EC3FE0A5E60C
:1033E000B0E190E0811179C1E7EEFBE1E491E09377
:1033F000651081E0875BF81609F4A3C167E070E00F
:1034000082ED94E00E94FA7B20C0F0EC5F0E611C1C
:10341000711C84159505A605B70508F08FCE0E948E
:10342000926290E080E00E94875D1092CF0E109231
:10343000CE0E80910412909105120E94FC6D8111B4
:1034400023C10E9425878111FDC010E0812FCA5839
:10345000DF4F0FB6F894DEBF0FBECDBFDF91CF9127
:103460001F910F91FF90EF90DF90CF90BF90AF90A2
:103470009F908F907F906F905F904F903F902F9094
:1034800008950530110509F089C088EC9FE010E02F
:10349000892B39F00E944DDB811101C081E019E4D4
:1034A000180F8FEF810F883608F0B9CF412E512CBD
:1034B000712C612CD301C201885F9E4EAF4FBF4F6C
:1034C00029E0C21621E1D206E104F10428F18816B0
:1034D0009906AA06BB0600F58091C30F9091C40F10
:1034E000B0E0A0E02091C10F3091C20FAC01BD014E
:1034F000420F531F611D711D4130504C6105710514
:10350000A8F4612F80E090EC0E94E166882309F422
:1035100086CF87E090E01CCE612F88E091E10E9489
:10352000E1668823C9F286E090E062CE40EC540E5A
:10353000611C711C84159505A605B70510F76FCFA2
:1035400051E1C516D506E104F10428F060E726161E
:1035500061E1360688F083E090E09093BC0F8093A1
:10356000BB0F1092B80F80E191E19093BE0F809352
:10357000BD0F80E690E048CE71E0C71670ECD7062C
:10358000E104F10408F04BCF83E090E09093BC0F8E
:103590008093BB0F81E08093B80FE5CFB1E0CB16ED
:1035A000B1E1DB06E104F104A8F581E090E090933D
:1035B000BC0F8093BB0F80E091E19093BE0F80938E
:1035C000BD0F85E590E004C4E1E0CE16E4EDDE0633
:1035D000E104F10440F0FAE58F16F4ED9F06A10432
:1035E000B10408F41CCF90E080E04B30510528F482
:1035F0004D515D4FDA018C9190E09093BC0F809318
:10360000BB0F80E094ED9093BE0F8093BD0F8AE5D1
:1036100090E0DEC3B5E58B16B1E19B06A104B104D1
:1036200020F6E1E0CE16E0ECDE06E104F10408F05D
:10363000F6CE82E090E09093BC0F8093BB0F80E0C9
:1036400090ECBBCF0E94C681882309F4FECE809106
:10365000950390919603A0919703B09198038F3FA3
:10366000FFEF9F07AF07BF0739F00196A11DB11DFE
:10367000B695A795979587958093B30E9093B40EC2
:10368000A093B50EB093B60E80919A0E882309F4DC
:1036900066C31092950310929603109297031092AE
:1036A00098031092A30E1092A40E1092A50E1092E1
:1036B000A60E0E94446260919F0E7091A00E8091B0
:1036C000A10E9091A20E0E94B87E182F811139C3CD
:1036D00066E070E086EB94E052C09F5FF901419193
:1036E0009F01E42FF0E0E953F44EE491ED93891348
:1036F000F4CF80CE0E947262882309F443C068E64A
:1037000070E0CE0101960E9497638C018091BF0FFB
:103710009091C00F0817190709F070CE602F8091A3
:10372000BD0F9091BE0F0E94C2DA882309F466CEC5
:10373000A8015527BE016F5F7F4F8CE190E10F9488
:1037400085040E9482628111D1C00E94B4668111F9
:10375000CDC00E946262182F8111C8C060E072E083
:1037600089E192E10E9497639C01215031092F3F2A
:10377000374008F483C067E070E08CEA94E00E9470
:10378000FA7B64CE0091BB0F1091BC0FC8010E9460
:103790008963E090BD0FF090BE0F0330110511F06A
:1037A0008823C9F09BEB909304101092161010928E
:1037B00017101092181092E190931910E0921A10BD
:1037C000F0921B1081112EC08091C70F80931C10A6
:1037D0008091C20F34C0C8010E945F632091BF0F67
:1037E0009091C00F882309F43CC020931610909349
:1037F0001710E0921810F0921910E0921A10F0923F
:103800001B108CE190E1009709F49BCFE4EAF4E00F
:10381000DC0184E290E124912D9331968A179B0775
:10382000D1F78FCF81E080931C100950110981E1FD
:103830000530110520F402511D4FD8018C91809361
:103840001D1086E0E9EDFFE0AEE1B0E101900D92E0
:103850008A95E1F760E670E084E290E10E94976368
:1038600070CF2093161090931710E0921810F092DA
:103870001910E0921A10F0921B1063CFE9E1F2E107
:1038800030E020E04191D901A15DBA4F4C932F5F08
:103890003F4F82179307B1F72FB7F89410927F0329
:1038A00010927E039093700380936F0331E0309306
:1038B00001022FBFB0E0A0E08093AF0E9093B00E56
:1038C000A093B10EB093B20E8093A30E9093A40E6A
:1038D000A093A50EB093A60E1092AB0E1092AC0E54
:1038E0001092AD0E1092AE0E1092850E0E94996647
:1038F000882309F40CC23E01E9E66E0E711CD30167
:103900001D921D921D921C921397A4E0EA2EA0E135
:10391000FA2E10E000E0212C312C2101F7018191D9
:103920007F010E946E5E280E311C411C511C080F45
:10393000111DF4E8EF16F0E1FF0681F729823A82C3
:103940004B825C82AF961FAF0EAFAF9780900C0298
:10395000912CA0900E02B12CC0901102D0901202B6
:10396000F12CE12C7F926F92209108023091090294
:103970008091060290910702B0E0A0E0820F931FB1
:10398000A11DB11DBF93AF939F938F93209104020C
:10399000309105028091020290910302B0E0A0E014
:1039A000820F931FA11DB11DBF93AF939F938F9360
:1039B0001F9282E08F931F921F9280910A021F92A2
:1039C0008F93A201910160E870E080E090E00E9496
:1039D000B5600FB6F894DEBF0FBECDBF811113C026
:1039E00080910612863009F430CD809104129091B6
:1039F00005120E94FC6D882309F486C187EC94E0CF
:103A000067E070E0FFCC0E946D63882309F483C0F7
:103A100060E072E089E192E10E9497635C01892B8A
:103A2000F9F28091B40F8823D9F28091BF0F909161
:103A3000C00FA816B906A1F6F9E1CF2EF2E1DF2EEC
:103A400010E000E0212C312C2101C6018951924166
:103A50008A159B0560F4D6018D916D010E946E5E02
:103A6000280E311C411C511C080F111DEECF29825C
:103A70003A824B825C82AF961FAF0EAFAF978090B9
:103A80000B02912C80910D02A82FB0E0C0900F0284
:103A9000D0901002F12CE12CB50190E080E07F92F3
:103AA0006F92E0910802F091090220910602309194
:103AB000070250E040E02E0F3F1F411D511D5F9354
:103AC0004F933F932F93E0910402F09105022091D0
:103AD00002023091030250E040E02E0F3F1F411DD3
:103AE000511D5F934F933F932F931F921F921F92ED
:103AF00022E62F9320910A021F922F935D01A201CB
:103B000091010E94B5600FB6F894DEBF0FBECDBF25
:103B1000882309F465CF60919F0E7091A00E80916B
:103B2000A10E9091A20E0E94B87E882309F458CF6E
:103B300060919B0E70919C0E80919D0E90919E0EB7
:103B40009E0123593F4FAE014F5F5F4F0E94A185F9
:103B5000182F882309F463C0AF960EAD1FADAF9741
:103B600029813A814B815C8120909B0E30909C0E84
:103B700040909D0E50909E0EE091BB0FF091BC0FB7
:103B80003697E930F10508F0BDC08827E553F24EBD
:103B90008F4F0D94FB02611E611EE21DDB1D7B1E1B
:103BA000751E6E1ED41D681E92E080E0EFE3FCE3FC
:103BB00067E27FE10DC092E080E0E8EFF8E169E4C0
:103BC0007DE006C092E080E0E4E1F5E165E27CE0C2
:103BD0007F926F921F921F92FF93EF931F921F92FB
:103BE0007F936F931F929F931F928F931F9282E0F8
:103BF0008F9364E1862E912C74E1A72EB12CECE713
:103C0000CE2EE5E1DE2EE12CF12CC201B1010E94A5
:103C1000B560182F0FB6F894DEBF0FBECDBF609110
:103C20009F0E7091A00E8091A10E9091A20E0E9405
:103C3000B87E882309F4D4CE112309F4D1CE0E9492
:103C400062628823B1F0F30180819181A281B38106
:103C5000803EFCEF9F07FFEFAF07BF0708F0C0CE25
:103C6000805E9C4FAF4FBF4FF30180839183A2834F
:103C7000B383F30180819181A281B3818F3FFFEFF4
:103C80009F07AF07BF0739F00196A11DB11DB6957B
:103C9000A795979587958093B30E9093B40EA093B4
:103CA000B50EB093B60E0E94B466811105C00E9495
:103CB0006262882309F44DC00E94F888811149C0CE
:103CC000C4CB92E080E0E0E0F4E160E07AE080CF15
:103CD00090E082E6EEE9FEE36FE46BCF90E082E6EF
:103CE000E8E5F3E26CEA71E173CF90E082E6E0E4AC
:103CF000FAE160E265CF92E080E0EDEEFEE16EEC8D
:103D00007FE066CF10E08BCF8EEB94E079CE809190
:103D10000412909105120E94FC6D1092B30E109245
:103D2000B40E1092B50E1092B60E882309F4BBCFD4
:103D30001092950310929603109297031092980395
:103D4000B2CF0E94BD88882309F47FCB81E08093A5
:103D5000840E81E090E00E94D25C11E077CB8091EC
:103D60000412909105120E94FC6D811103C00E9403
:103D7000BD88A4CF0E94B3158111F9CF66CB213045
:103D800009F04DCB81E1C816D806E104F10440F0FA
:103D900090E7891691E19906A104B10408F43FCB9C
:103DA0000650110990E080E00B30110528F40D5108
:103DB0001D4FD8018C9190E09093BC0F8093BB0F66
:103DC00080E191E19093BE0F8093BD0F80E690E07B
:103DD0002091BB0F3091BC0F2230310509F014CA7D
:103DE0000F9612CA21E0C21624EDD206E104F104B6
:103DF00008F4FECB3AE5831634ED9306A104B10432
:103E000008F40DCBF5CBCF92DF92EF92FF920F9398
:103E10001F93CF93DF931F921F92CDB7DEB7E09031
:103E2000820EF090830E81E0E816F10409F04AC09A
:103E30000E946262882381F08091850E811106C004
:103E40000E94F888811102C010E025C083E090E054
:103E50000E94D25C11E01FC00E948262182F88234A
:103E600051F10E947262882311F180E00E9469750D
:103E700081E00E94C87184E090E09093830E80936B
:103E8000820E1092810E1092800E10927F0E109270
:103E90007E0E10927D0E812F0F900F90DF91CF91AB
:103EA0001F910F91FF90EF90DF90CF90089581E0E8
:103EB0000E946975E0CF0E94B4668111BDCF82E097
:103EC00090E0C6CF82E0E816F10421F40E949966E2
:103ED0008111B6CFC7010297029738F067E070E012
:103EE00086EE94E00E94FA7BAFCF82E0E816F10400
:103EF00029F40E94C066182F8111D9CF8091041235
:103F0000909105128230910509F060C00E94E17025
:103F10000091B70E1091B80E2091B90E3091BA0EE3
:103F2000601771078207930768F48091D20E909111
:103F3000D30E009739F02091D00E3091D10E821718
:103F4000930720F084E08093061284CF60919F0E47
:103F50007091A00E8091A10E9091A20E00919B0EE7
:103F600010919C0E20919D0E30919E0E600F711F3E
:103F7000821F931F0E94687E182F811107C066E080
:103F800070E08DED94E00E94FA7B85CF8091D20E97
:103F90009091D30E01969093D30E8093D20E0E94EF
:103FA000C681882309F450CFBE016F5F7F4F809197
:103FB000D20E9091D30E0E94FB91882309F444CF36
:103FC00089819A810E942F17182F65CF089709F4CD
:103FD000B9CF82E0E816F10409F0B4CF0E94E17095
:103FE0000091B70E1091B80E2091B90E3091BA0E13
:103FF000601771078207930708F0A4CF6801790161
:10400000C61AD70AE80AF90AB701A6014093AF0E0B
:104010005093B00E6093B10E7093B20E0093AB0E3E
:104020001093AC0E2093AD0E3093AE0E1092A30EF3
:104030001092A40E1092A50E1092A60E0E94446239
:104040000E94BD88882309F4FFCE39CF2F923F927A
:104050004F925F926F927F928F929F92AF92BF9298
:10406000CF92DF92EF92FF920F931F93CF93DF9344
:10407000CDB7DEB7CA5AD1090FB6F894DEBF0FBE6E
:10408000CDBF1C0181E00E949A10C956DF4F888382
:10409000C759D040882309F427C18091EF03282F06
:1040A00030E03093D10E2093D00E2114310421F54D
:1040B000C956DF4F1882C759D040C956DF4F888193
:1040C000C759D040C655DF4F0FB6F894DEBF0FBEBC
:1040D000CDBFDF91CF911F910F91FF90EF90DF90B7
:1040E000CF90BF90AF909F908F907F906F905F9098
:1040F0004F903F902F90089522153305C8F20FEF8F
:10410000020D0817A8F68091E1038093910E26E036
:10411000029F2001112482010A571F4EF201EB5722
:10412000FF4E808190E0B0E0A0E0BA2FA92F982F39
:104130008827F201EC57FF4E2081822BF801408145
:1041400050E070E060E0BA01552744274427552726
:1041500067707727842B952BA62BB72B80936A0348
:1041600090936B03A0936C03B0936D031092870E32
:104170001092860E65EA90E080E00E94865C60E026
:104180000E94865C60E40E94865C60E00E94865C1F
:104190006C017E01F1E4EF0EF11C5E0121E8A20E3C
:1041A000B11C37014701C7010E94A783882309F486
:1041B0007FCF3FEFE31AF30AD4016C91C6010E944E
:1041C000865C6C01EA14FB0469F7CE0101960E943B
:1041D000A783882309F46CCF6981C6010E94865C9D
:1041E0007C01CE0101960E94A783882309F460CF49
:1041F0006981C7010E94865C892B09F059CFF301C0
:1042000044895589CB56DF4F59834883C559D040DF
:10421000F201E857FF4E8081F201E957FF4EC0805E
:10422000D12CF12CE12CB5E0CC0CDD1CEE1CFF1CDC
:10423000BA95D1F7D8018C90912CB12CA12C13E018
:10424000B694A794979487941A95D1F7C828D9283B
:10425000EA28FB28882E912CB12CA12C0DE0880C8B
:10426000991CAA1CBB1C0A95D1F78824B0EE9B228E
:10427000B7E0AB22BB2487017601E828F9280A2998
:104280001B29C357DF4FE882F9820A831B83CD586D
:10429000D040F201E757FF4E2081E4E02E9F9001CD
:1042A000112490E066E0959587956A95E1F7282BB3
:1042B000392BA8EEB3E00F9403036093B30E709311
:1042C000B40E8093B50E9093B60E6091D00E70919F
:1042D000D10E9A01A301C1010E949011C956DF4F6E
:1042E0008883C759D040E9CE1092EE030E94336212
:1042F00000E0FF24FA948091900E002331F091E0C9
:10430000801708F490E0802F891B8093910E109203
:104310006A0310926B0310926C0310926D03F0927B
:1043200000021092870E1092860E0E94C983882385
:1043300009F411C265EA90E080E00E94865C6C019D
:10434000CE018F579F4F0E94A783882309F403C291
:10435000CE018F5B9F4F0E94A783882309F4FBC186
:10436000CE0101960E94A783882309F4F4C1CF5798
:10437000DF4F1881C158D040612FC6010E94865C72
:1043800022966FAD22970E94865C69810E94865CAE
:10439000892B59F610FDC9CF153638F6112309F4CB
:1043A000DEC11695612F70E07093D10E6093D00E30
:1043B0002114310409F4D3C16215730508F4CFC187
:1043C000F4E86F2EF0E17F2EC456DF4F1882CC59EF
:1043D000D040C656DF4F19821882CA59D0404424B3
:1043E0004394512CC356DF4F1882CD59D040C2564A
:1043F000DF4F1882CE59D040C156DF4F1882CF59B7
:10440000D040C056DF4F1882C05AD0408091D00EA5
:104410009091D10E8415950508F4B1C1F12CE12CD1
:1044200010E000E09E0127573F4FAE014D565F4F11
:10443000BE016F5F7F4F80E00E94F883882309F4FC
:104440008EC19E012F563F4F79018E010B571F4F92
:1044500024503109AE014B565F4F70E060E085E0BB
:104460000E94F883882309F47AC18D899E89C856F1
:10447000DF4F99838883C859D040CB56DF4F88815E
:104480009981C559D040C856DF4FA881B981C85914
:10449000D040A817B90709F062C1CF56DF4FE881B5
:1044A000F981C159D040CF55DF4FF983E883C15A14
:1044B000D040CB57DF4F88819981AA81BB81C558F5
:1044C000D040CD55DF4F88839983AA83BB83C35ADD
:1044D000D040CF57DF4F188219821A821B82C158F1
:1044E000D0408091950390919603A0919703B0914D
:1044F0009803C955DF4F88839983AA83BB83C75A22
:10450000D040C856DF4F68817981C859D040CE016C
:1045100001960E94685C04E010E1F12CE12C812CF2
:10452000912C5401D12CD8018D918D010E946E5E89
:10453000880E911CA11CB11CE80EF11CD394B0E8AC
:10454000DB12F1CFFE01EF57FF4F6F0195018401A0
:1045500040E850E060E070E081E00E947E5E182F4D
:104560008823D9F0C856DF4F28813981C859D040F7
:10457000A90170E060E0CF55DF4FE880F980C15AB3
:10458000D040CD55DF4F088119812A813B81C35A24
:10459000D04080E00E947E5E182FC955DF4F888191
:1045A0009981AA81BB81C75AD0408093950390938B
:1045B0009603A0939703B0939803112309F4CFC0F7
:1045C000CF57DF4F688179818A819B81C158D04064
:1045D00068517C4F8F4F9F4F20ED37E040E050E017
:1045E0000F94D902211594E039074105510508F0CF
:1045F000B9C0CF57DF4F288339834A835B83C158C3
:10460000D040CF57DF4F288139814A815B81C15823
:10461000D04093E34916510409F4A1C0C757DF4FB6
:1046200088809980AA80BB80C958D04081149104A9
:10463000A8E0AA06B10408F092C0C357DF4FC880B3
:10464000D980EA80FB80CD58D040C114D104B8E0B5
:10465000EB06F10408F083C0C9012115E4E03E0730
:1046600010F08FEF93E0D3018C9211969C921197EA
:104670006C2D660F660F660F6A2912966C9312975F
:104680004601570165E0B694A794979487946A957C
:10469000D1F713968C921397682F6295660F660F69
:1046A000607C460157017DE0B694A7949794879467
:1046B0007A95D1F7682914966C93149796958795F7
:1046C0009695879515968C9342145304E9F580E4EA
:1046D000FE013196DE01AF5BBF4F01900D928A95CE
:1046E000E1F7CB56DF4FE881F981C559D040C65676
:1046F000DF4FF983E883CA59D04044275527A8EEF5
:10470000B3E00F9412036093B30E7093B40E8093D2
:10471000B50E9093B60EC456DF4F1883CC59D040D7
:10472000C356DF4FC882CD59D040C256DF4FD88222
:10473000CE59D040C156DF4FE882CF59D040C05645
:10474000DF4FF882C05AD040FFEF4F1A5F0A26E0D1
:10475000620E711C5BCE0F5F003109F0CCCD109260
:10476000B10FABCC8FEF93E0A0E0B0E0CF57DF4FBD
:1047700088839983AA83BB83C158D04042CFC45653
:10478000DF4F3881CC59D040332349F34091B70EE5
:104790005091B80E6091B90E7091BA0E4093EA0331
:1047A0005093EB036093EC037093ED034091960EEE
:1047B0005091970E6091980E7091990E4093E60378
:1047C0005093E7036093E8037093E9034091920EDE
:1047D0005091930E6091940E7091950E4093E20368
:1047E0005093E3036093E4037093E5039091910E7B
:1047F0009093E1038093EF0381E08093E003809343
:10480000EE030E9465DB6091D00E7091D10EC3560D
:10481000DF4FE880CD59D040C256DF4FF880CE59E7
:10482000D040C156DF4F0881CF59D040C056DF4F2E
:104830001881C05AD040C656DF4F28813981CA59E5
:10484000D040AE014F5B5F4F46CD1092FE041092F8
:10485000FD0410929F0FE0E5FDE0138212821182A9
:104860001082E8EFF4E0118210821092F7041092A7
:10487000F6041092F2041092F3041092F4041092D1
:10488000F5041092470D1092480D1092490D1092A8
:104890004A0D10924B0D10924C0D10924D0D10922E
:1048A0004E0D1092E9041092EA041092EB0410925B
:1048B000EC041092FC041092F00410924F0D109230
:1048C000FA041092F1041092200410921F04109226
:1048D0001E041092460D1092450D1092EF04109296
:1048E000EE041092ED041092E80408958091F6040D
:1048F000E82FF0E0DF01AA0FBB1FA05BB24F2D91A4
:104900003C91232B51F0E850FB4F9081911105C051
:1049100091E0908389278093F6040895BF92CF9207
:10492000DF92EF92FF920F931F93CF93DF93B0909C
:10493000F704CB2DD0E0CE0188509B4F6C01FC01D9
:10494000008101110CC011E0812FDF91CF911F91E7
:104950000F91FF90EF90DF90CF90BF9008950E944D
:104960005F71182F8111EFCFCC0FDD1FFE01E05BCF
:10497000F24FE080F180C70101978115924070F5F8
:1049800089E192E1BB2011F084E090E1B7010E943F
:10499000617F8E159F0511F58091F2049091F304CB
:1049A000A091F404B091F5048E0D9F1DA11DB11DC1
:1049B0008093F2049093F304A093F404B093F5046D
:1049C000C05BD24F19821882F60110828091F704E1
:1049D00091E089278093F704102FB6CF8DE999E0F5
:1049E0000E9434BCB1CFCF93DF939091F604E92FAE
:1049F000F0E0DF01A850BB4F2C91211133C029E119
:104A000032E1992311F024E030E1EE0FFF1FE05B6B
:104A1000F24F40815181EA012196D183C083240F56
:104A2000351FF90180834091470D5091480D6091E9
:104A3000490D70914A0D4F5F5F4F6F4F7F4F40930D
:104A4000470D5093480D6093490D70934A0D81E0D6
:104A5000C115D24021F48C9398279093F604DF91EE
:104A6000CF91089580E0FBCFFF920F931F93CF93D8
:104A7000DF931F921F92CDB7DEB7082FF92EBE012C
:104A80006F5F7F4F0E940E8F182F811113C040E17E
:104A900050E063E37DE08FE99FE00F94AC04109257
:104AA000AF0F812F0F900F90DF91CF911F910F913A
:104AB000FF9008958A818F9389818F93FF920F933E
:104AC0008EE899E09F938F931F9280EA8F9389E1FC
:104AD00094E19F938F930E94EBAE01970FB6F894E9
:104AE000DEBF0FBECDBF8F399105D8F280E899E0C7
:104AF0000E9434BC10E0D5CF80910C04811106C017
:104B000080910B04811102C080910A040895AC01C8
:104B100061E170E08FE99FE00C94D6B0181634F094
:104B200081E499E00E94872580E008958093140431
:104B30006091D5046093130490E00E9471C5809148
:104B4000D50491E089278093D5049093D70481E020
:104B50000895BF92CF92DF92EF92FF920F931F932F
:104B6000CF93DF93B0901D04CB2DD0E0CE018C51BC
:104B70009B4F6C01FC01008101110CC011E0812FE1
:104B8000DF91CF911F910F91FF90EF90DF90CF9029
:104B9000BF9008950E945F71182F8111EFCFCC0F45
:104BA000DD1FFE01EC5AF24FE080F180C701019752
:104BB0008115924028F085E399E00E948725DFCF98
:104BC00089E192E1BB2011F084E090E1B7010E94FD
:104BD000617F8E159F0519F08AE299E0EECF8091F2
:104BE000DC049091DD04A091DE04B091DF048E0D11
:104BF0009F1DA11DB11D8093DC049093DD04A09343
:104C0000DE04B093DF04CC5AD24F19821882F60129
:104C1000108280911D0491E0892780931D04102F3C
:104C2000AECFFF920F931F93CF93DF931F921F92EC
:104C3000CDB7DEB7082FF92EBE016F5F7F4F0E9400
:104C40000E8F182F811122C083E39DE0892B99F4E8
:104C50008FE99FE0009731F043EF58E061E170E0A9
:104C60000E94C2B0812F0F900F90DF91CF911F91C2
:104C70000F91FF90089540E150E063E37DE08FE9FC
:104C80009FE00F94AC041092AF0FECCF89819A8112
:104C90002091730F3091740F2530310501F59F93EA
:104CA0008F93FF920F938BE199E09F938F931F92C5
:104CB00080EA8F9389E194E19F938F930E94EBAEFA
:104CC0000FB6F894DEBF0FBECDBF01978F399105A7
:104CD00048F28EEF98E00E94872510E0C3CF9F93A3
:104CE0008F93FF920F938CE099E0DFCFDC019FB7A9
:104CF000F8942091030430910404409101045091F0
:104D0000020480E04217530769F0F901F770E15D92
:104D1000FA4F80818C932F5F3F4F30930404209390
:104D2000030481E09FBF08952F923F924F925F92BC
:104D30007F928F929F92AF92BF92CF92DF92EF922B
:104D4000FF920F931F93CF93DF931F921F92CDB7C4
:104D5000DEB722E0E22EF12C77247394CC24C394A6
:104D6000D12CE091DB04F0E0EC51FB4F008101110C
:104D7000CBC08091D704882391F080911404909146
:104D80001304911101C081950E94490F8111109265
:104D9000D7048091D704882321F301E0B5C00E9495
:104DA0007C25082F882309F400C18091D60488232C
:104DB000A1F380910C04882321F18090E00490906D
:104DC000E104A090E204B090E304809112048823EF
:104DD000B1F081E00E94490F882371F080920D04A8
:104DE00090920E04A0920F04B092100470921104DD
:104DF00010920C0470920B040E947C25CCCF8FEF94
:104E0000E9CF00910B04002371F080E00E94490F6C
:104E1000882391F310920B0480910804882361F396
:104E20000E942A0FE9CF80910A04882309F4B5CFA4
:104E300010910904812F111614F08FE7810F9091C2
:104E40001204911101C0819590911104992309F4E4
:104E5000A7C080900D0490900E04A0900F04B09015
:104E60001004898340911504509116046091170431
:104E7000709118042091540D3091550D2115310574
:104E800089F084169506A606B70660F01A012B0174
:104E9000220E331E411C511C82149304A404B50439
:104EA00008F447C04091190450911A0460911B0402
:104EB00070911C042091560D3091570D211531052C
:104EC00091F084169506A606B70668F01A012B0124
:104ED000220E331E411C511C24E030E18214930445
:104EE000A404B50440F18091DC049091DD04A0910C
:104EF000DE04B091DF0488169906AA06BB0668F1A5
:104F000087E599E00E948725802F0F900F90DF9111
:104F1000CF911F910F91FF90EF90DF90CF90BF90B6
:104F2000AF909F908F907F905F904F903F902F9089
:104F3000089529E132E1841A950AA60AB70A820E79
:104F4000931EF401808310920A0411160CF068CFAE
:104F500070920B04709208044FCF0E945F71082F6B
:104F600081114ACFC501B4010E94687E811103C03E
:104F70008BE499E0C7CF61E070E0CE0101960E941A
:104F8000617F0197A9F76091DC047091DD04809145
:104F9000DE049091DF040E94687E8111D4CFE8CFB7
:104FA0000E94490F8111CFCF27CF8091D804882349
:104FB00041F01092D8040E948E25882309F4A4CFD2
:104FC000D0CECE0102960E947626882309F4E5CE43
:104FD0002091D9043091DA048A812130310581F49D
:104FE0001092DA041092D90490EF980F903718F0CD
:104FF00086E799E087CF0E948E258823C9F3B1CE3A
:105000002230310591F41092DA041092D904909173
:10501000D604992311F08F3F1CF482E699E072CFF9
:105020008093090470920A049CCE813029F4D092B6
:10503000DA04C092D90495CE8230D9F58091D60495
:1050400081112DC08091960F8823C1F01092D20457
:105050001092D1041092D0040E949F698091C104E3
:10506000873061F00E9432C41092C0041092BF04D5
:105070001092BE041092BD041092BC047092D6042B
:105080008091D504809312041092110410920C04A4
:1050900010920B0410920A041092080462CE8091C0
:1050A0001104811103C070920C045BCE70920B044A
:1050B00058CE833029F4F092DA04E092D90451CE2C
:1050C000282F30E094E0359527959A95E1F7182F31
:1050D0001F702115310519F48CE699E013CF822F4A
:1050E0000E948E25882309F40FCF112309F439CEAD
:1050F0001093D80436CE4FB7F89420910304309122
:10510000040480910104909102044FBF821B930B11
:105110000895CF938091FB04813069F5CFB7F8945F
:10512000809104018E7F80930401809105018E7F20
:10513000809305018091030181708093BC0380916D
:10514000BC038093D40410920704109206041092BA
:1051500005041092000490E080E00E94CB0F82E0F2
:105160008093FB040E94A36E81E00E94B672CFBFC1
:1051700081E0CF91089580E0FCCF0E947D6EE3E74F
:10518000F0E080818D7F80831092210110922001B8
:1051900082E08ABB80E00C94B672CF93DF93DFB7D6
:1051A000F8940E947D6ED19B0FC00E942210C82FE0
:1051B00081110AC00E94BD2884E08093FB04DFBFF8
:1051C0008C2FDF91CF91089580912401909125013A
:1051D00010922101909307048093060483E080934A
:1051E000FB0480E00E94B672C1E0E9CF1F920F92EB
:1051F0000FB60F9211240BB60F922F933F934F933C
:105200005F936F937F938F939F93AF93BF93EF932E
:10521000FF938091FB04823061F40E941310882375
:10522000D9F082E00E94F30F8823B1F081E08093EF
:105230000504FF91EF91BF91AF919F918F917F9165
:105240006F915F914F913F912F910F900BBE0F90F7
:105250000FBE0F901F9018950E94BD2884E0809388
:10526000FB04E7CFCF93CFB7F8940E94BD281092EC
:105270000504109200041092FB04CFBFCF91089553
:10528000CF93CFB7F8940E94BD28109204041092D7
:105290000304109202041092010410920704109269
:1052A00006048CE991E390932C0280932B0282E018
:1052B00080932A021092D3041092BC031092D4045B
:1052C00010920504109200041092FB04CFBFCF91FE
:1052D00008950E94402910929E0F10929D0F1092E7
:1052E000740F1092730F1092191410929F0FE4E52F
:1052F000FDE01182108213821282E4EEF4E010824B
:1053000011821092DB0410921D04E5E1F4E010829A
:1053100011821282138214821582168217821092D1
:10532000DC041092DD041092DE041092DF0410926F
:10533000E0041092E1041092E2041092E30410924F
:10534000DA041092D9041092D8041092D504109265
:10535000D70410921404109213041092D6041092E1
:1053600012041092110410920D0410920E04109267
:105370000F041092100410920C0410920B0410925F
:105380000A0410920904109208040895CF93DF9341
:10539000EC01D19910C0809124019091250199834D
:1053A0008883109225011092240182E08ABB81E05B
:1053B000DF91CF9108950E9422108823C9F3EBCF8B
:1053C000CF9320910504C091D304222309F441C056
:1053D000CC2359F0029696958795969587958038B7
:1053E000910570F080E0CF910895C29684369105C2
:1053F00030F084569109CF5FC038C1F7F3CF8C2FBE
:10540000409101045091020420910304309104045E
:10541000241B350B2150384F2230310518F32091D1
:10542000010430910204F901F770E15DFA4F93E055
:105430009083F9013196F770E15DFA4F80832E5F1A
:105440003F4F30930204209301041092050481E041
:10545000CACFCC23F1F102969695879596958795BC
:105460000097A1F18038910508F0BCCFC82FC0315A
:1054700008F450C00E941310882309F4B3CF409160
:105480000104509102042091030430910404241B70
:10549000350B2150384F2230310508F4A3CF20912D
:1054A000010430910204F901F770E15DFA4F91E0D7
:1054B0009083F9013196F770E15DFA4FC0832E5F5A
:1054C0003F4F30930204209301048DCF81E090E0A0
:1054D000CDCFC2968436910530F084569109CF5FC6
:1054E000C038C1F77FCFC111C2CF80910004C1E0A5
:1054F000811103C0C0930004AACF20E1829FC001A4
:1055000011248C2B0E94F30F882309F46BCF109287
:10551000000469CF80910004EBCF1F93CF93DF93FA
:105520001FB7F894C0910301C1708091BC038C1720
:1055300031F180910604909107040E94E029D82F50
:1055400081110BC00E94BD2884E08093FB041FBF23
:105550008D2FDF91CF911F910895C093BC031092BE
:10556000050490E080E00E94CB0F82E08093FB0472
:105570000E94A36E81E00E94B672D1E0E8CF8091D4
:10558000060490910704EFCF1F93CF93DF931F92F0
:105590001F92CDB7DEB71A8219821FB7F894809197
:1055A000FB04823021F08091FB04833021F50E94BE
:1055B0007D6E8091FB04823029F5CE0101960E9418
:1055C000C62910922101909173009D7F90937300E2
:1055D00092E09ABB8823F1F089819A810E94E029A8
:1055E0008823C1F00E9413108823A1F01092FB04BD
:1055F00080E00E94B6721FBF0F900F90DF91CF9195
:105600001F91089580910604909107049A838983DD
:1056100081E0D7CF84E08093FB04EACF2F923F92C2
:105620004F925F926F927F928F929F92AF92BF92B2
:10563000CF92DF92EF92FF920F931F93CF93DF935E
:105640001F921F92CDB7DEB718160CF05CC06091A8
:10565000E80490E00E94BF69382E8091E80491E050
:1056600089278093E804311018C033243394832DA4
:105670000F900F90DF91CF911F910F91FF90EF90BE
:10568000DF90CF90BF90AF909F908F907F906F9062
:105690005F904F903F902F90089597E2492E512CA4
:1056A0002CE2622E712C39E3832E912C0091B914D7
:1056B0001091BA1401151105D1F28091BB144091DB
:1056C000BC145091BD146091BE147091BF14A09091
:1056D000C414B090C5141092BA141092B9140130C9
:1056E000110509F07FC1C090E604D090E704009155
:1056F000BA041091BB04E090DE14F090DF148091A6
:105700004F0D882311F0312CB2CF809120048111EC
:10571000FACF69E172E1672B09F476C0C114D104B4
:1057200009F472C0D60158962C90B1E02B126CC0CF
:10573000BE016F5F7F4FC6010E943C6D882309F454
:1057400063C080E8F601A9E1B2E101900D928A956B
:10575000E1F720921912F6017A9686E0ABE2B2E107
:1057600001900D928A95E1F7E1E3F2E188E6DF012D
:105770001D928A95E9F789819A8190931F048093FD
:105780001E04019787309105C8F190E080E0909366
:10579000460D8093450D89E1C82E82E1D82EC601C1
:1057A0000E9499CA882309F4AECFD60152968D91F2
:1057B0009C91B0E0A0E080934B0D90934C0DA09392
:1057C0004D0DB0934E0D80589F4FAF4FBF4F8093FC
:1057D000E9049093EA04A093EB04B093EC0481E015
:1057E00080934F0DC6010E940AC260914B0D7091CB
:1057F0004C0D80914D0D90914E0D15C08D5F9C4FBD
:10580000FC01808190E0C3CFC6010E94656D8823B2
:1058100069F081E080932004C6010E940AC26AE513
:1058200070E080E090E00E94BF6C40CF0115110550
:1058300009F4D4C0E114F10409F04DC0C80188573F
:1058400091090837110538F488E790E0801B910B27
:105850000933110528F1A8014953510998012C5227
:1058600031090752110970E4A71A7FE1B70AA9E8C4
:10587000AA16A3E1BA0650F40217130738F4041766
:10588000150720F40817190708F4AAC04817590784
:10589000C0F42417350708F4B7C191E080E080C058
:1058A000A401401B510B0C321105C0F69301201BC3
:1058B000310B07321105A8F6B201601B710B8B0189
:1058C000D2CF2817390708F089C02417350708F008
:1058D00085C092E0E3CFA801485751090837110568
:1058E00020F448E750E0401B510BC7018B5E910943
:1058F000BBEEEB16F10420F48BEE90E08E199F09BD
:10590000480F591FC801C9970933110518F4C4017C
:10591000801B910B970125573109E5E7EE16F1043D
:1059200020F425E730E02E193F09280F391FC80160
:105930008C970C32110518F4C301801B910BB70131
:1059400068557109F8E5EF16F10420F468E570E098
:105950006E197F09860F971F0732110550F1075204
:1059600011097FE4E716F10448F1AFE4EA1AF108FF
:105970000E0D1F1D0817190730F40217130718F42E
:105980000417150768F124173507F0F482179307F9
:1059900008F43FC191E080E00217130708F490E09B
:1059A0009093450D8093460DC114D10409F4ABCEFC
:1059B000F6CEB201601B710B8B01D3CFEFE4F0E0A8
:1059C000EE19FF097F01D4CF8417950738F48217A9
:1059D000930720F40817190708F07BCF90E05ECFFB
:1059E00098E05CCF0230110539F59091200499239D
:1059F00059F04A3551056105710508F084CE475EBE
:105A00005D4EFA01808352CE90914F0D992309F497
:105A10007ACE00914B0D10914C0D20914D0D30918F
:105A20004E0D401751076207730708F06CCE0E94B5
:105A3000F32481113BCE67CE0330110509F0C5C0B8
:105A400080912004882309F498C064E070E1672BFA
:105A500009F488C00091E6041091E704C8010E948F
:105A6000656D882309F47EC089E192E1009709F40D
:105A700079C0BE016F5F7F4F0E940C6D882309F4CF
:105A800071C080E8F801A4E0B0E101900D928A9520
:105A9000E1F780916512809304108DE0E6E6F2E173
:105AA000A6E1B0E101900D928A95E1F710922310E2
:105AB00089819A8190931F0480931E0401978730F7
:105AC000910508F454C090E080E09093460D8093D7
:105AD000450D1092530D1092520D1092510D1092CF
:105AE000500D1092F9041092F8041092F7041092DD
:105AF000F6041092F2041092F3041092F40410923F
:105B0000F5041092470D1092480D1092490D109215
:105B10004A0D84E090E10E9499CA882309F4F3CDEC
:105B20008091161090911710B0E0A0E080934B0D7B
:105B300090934C0DA0934D0DB0934E0D80589F4FF8
:105B4000AF4FBF4F8093E9049093EA04A093EB0416
:105B5000B093EC0481E080934F0D1092200484E018
:105B600090E141CE8DEC99E00E9434BCCCCD8D5FAC
:105B70009C4FDC018C9190E0A8CF80914F0D882341
:105B8000A9F04091470D5091480D6091490D7091D9
:105B90004A0D8091E9049091EA04A091EB04B09140
:105BA000EC04481759076A077B0719F01092F004B4
:105BB000AACD81E08093F0040E94C42A0E9476243A
:105BC0001093FE040093FD0471CD0430110509F01B
:105BD0006DCD80912004882319F081EC99E0C4CF29
:105BE0008091F104882319F084EB99E0BDCF809176
:105BF0001E0490911F04892B21F481E08093FA0404
:105C000055CD87EA99E0B0CF2817390708F0E6CEDE
:105C100060CE8417950708F4DDCEE0CE9093AD03F7
:105C20008093AC031092AB031092AA036093A50378
:105C300040931E026093A90380E88093260281E0CE
:105C400090E090931D0280931C028AE496E061111B
:105C500002C080EC9FE09093A4038093A303089577
:105C60008091A90390912602892329F080919F03B6
:105C70009091A00308958091A1039091A2030895AB
:105C8000009711F481E090E020919A0030919B0000
:105C9000820F931F90939B0080939A0008958091A8
:105CA000B2039091B303892BB9F08091B203909124
:105CB000B30301979093B3038093B20380912002C2
:105CC000909121029093AF038093AE0380E69AEE09
:105CD0000E94402E81E008958091B0039091B1031D
:105CE000892BD1F08091B0039091B1031092B10350
:105CF0001092B00380322EE4920749F420912402DE
:105D0000309125023093AF032093AE03E1CF209171
:105D1000220230912302F6CF1092AF031092AE030D
:105D200080E00895809171008A7F809371001092C5
:105D300090001092910085E088BB8091181283300A
:105D400011F41092181280E00C94B672CF93C82F01
:105D50000E94922E80E00E94C8711092B603C093F8
:105D6000BB03CF9108950F931F934091FC03509173
:105D7000FD036091FE037091FF03B0E0A0E08A0193
:105D80009B010095109520953095081719072A0753
:105D90003B0770F48FEF9FEFDC018093FC0390933F
:105DA000FD03A093FE03B093FF031F910F9108958D
:105DB000840F951FA61FB71FF0CF8091FA0E909108
:105DC000FB0E0E94FC6D81110C94081190E080E0A4
:105DD00008951092C2031092C3031092C40310924C
:105DE000C5031092BD031092BE031092BF03109220
:105DF000C0031092C10308951F93CF93DF93182F10
:105E00008091FA0E9091FB0E0E94FC6D882309F49C
:105E100047C00E940811EC01892B09F441C0809110
:105E2000F00E9091F10E8C179D0751F10E94EC122B
:105E30000E94E92ED093F10EC093F00ED0934F0242
:105E4000C0934E028091B30E9091B40EA091B50E06
:105E5000B091B60E8093EA0E9093EB0EA093EC0EE9
:105E6000B093ED0E1123E1F09FB7F89480910612E4
:105E70009FBF8230A9F4DF91CF911F910C94A4139E
:105E80008091B30E9091B40EA091B50EB091B60E64
:105E90008093EA0E9093EB0EA093EC0EB093ED0E70
:105EA000DF91CF911F910895CF93DF93C091FA0EA8
:105EB000D091FB0EC630D105B1F40E940B6F049750
:105EC00021F080E0DF91CF9108950E94AC750E948F
:105ED0008D1381E08093E90E81E090E09093EF0EC6
:105EE0008093EE0EEFCFCE010E94076E882399F0CB
:105EF0009FB7F894809106129FBF843011F780916C
:105F0000FA0E9091FB0E0E94FC6D882301F380E055
:105F10000E94FC2EDCCF279729F40E9433100497AF
:105F200081F6D5CF9FB7F89480916B0E9FBF8430D8
:105F300041F6CDCF2F923F924F925F926F927F9218
:105F40008F92AF92BF92CF92DF92EF92FF920F9318
:105F50001F93CF93DF9300D000D000D01F92CDB716
:105F6000DEB79A8789870E947FBEA985BA85119678
:105F70009C938E9389E194E113969C938E93129750
:105F80008091700F9091710F15969C938E9314973A
:105F90008091670F16968C9316978091650F90915C
:105FA000660F18969C938E9317978091630F90912C
:105FB000640F1A969C938E93199780916D0F1B9680
:105FC0008C931B978091FC0E1C968C931C97809150
:105FD000FD0E1D968C931D9780916E0F90916F0F03
:105FE0001F969C938E931E9788ED9EE051969C93EE
:105FF0008E9350978091C103811143C00091C203D9
:106000001091C3032091C4033091C503E985FA853B
:10601000028B138B248B358B8091EA0E9091EB0EC3
:10602000A091EC0EB091ED0E868B978BA08FB18F67
:106030000091FA0E1091FB0EC8010E94076EF82E17
:10604000882309F49BC08091B40F882309F496C07B
:106050008091820E9091830E8430910509F491C055
:10606000039709F05FC00E9462628823B1F18091BA
:10607000BB0F9091BC0F079709F086C08BE090E0B2
:1060800033C00E94D3DE0091BD031091BE03209166
:10609000BF033091C003DC01CB01801B910BA20B2D
:1060A000B30B0091C2031091C3032091C40330913C
:1060B000C50368017901C094D094E094F094C816A7
:1060C000D906EA06FB0628F0080F191F2A1F3B1FF6
:1060D0009DCF0FEF1FEF980199CF0E946D6388232A
:1060E00009F455C089E090E0A985BA855C969C9337
:1060F0008E935B972091700F3091710FA9014450DE
:1061000051094230510508F448C02730310509F4DF
:1061100044C0009729F0069721E0069708F03EC09A
:1061200020E03CC00E94B466811131C00E946D63C2
:10613000811130C0E091BB0FF091BC0F3197E73077
:10614000F105E0F48827E855FF4C8F4F0D94FB02D2
:10615000B230AF30B530B830BB30C4303E3082E002
:1061600090E0C2CF81E090E0BFCF83E090E0BCCF71
:1061700084E090E0B9CF85E090E0B6CF90E080E099
:10618000B3CF8CE090E0B0CF8AE090E0ADCF87E075
:1061900090E0AACF88E090E0A7CF21E0E985FA85DA
:1061A000228FC8010497029708F0CCC0C0905F0E00
:1061B000D090600EE090610EF090620E0E947367C6
:1061C00040915B0E50915C0E60915D0E70915E0E81
:1061D000B0E0A0E0481759076A077B0708F48EC0B3
:1061E0009A01AB01281B390B4A0B5B0BC114D1047C
:1061F000E104F10409F086C020E0A985BA855D9626
:106200002C930091FA0E1091FB0EC801049702978F
:1062100008F050C20E9473678115B8E09B0708F42C
:106220000AC220E0A985BA855E962C935E9780917C
:10623000690F5F968C930091FA0E1091FB0EC801C6
:106240000E94FC6DF82E8091F20EFF2049F08091A3
:10625000041290910512029709F0D4C28091CD0EDC
:10626000E985FA8580A380916A0F81A30E94DD2EC3
:10627000A985BA8593969C938E9392970E94F0106D
:10628000E985FA8595A384A3FF2009F4BDC2809116
:106290000412909105120E94FC6D882309F4B4C287
:1062A0008BEB9EE0A985BA8597969C938E939697E3
:1062B000C8010E94076E882309F4A9C28091CE0EFE
:1062C0009091CF0EE985FA8591A780A72A960FB6FF
:1062D000F894DEBF0FBECDBFDF91CF911F910F911C
:1062E000FF90EF90DF90CF90BF90AF908F907F9016
:1062F0006F905F904F903F902F90089520E030E096
:10630000A90174CF2C153D054E055F0510F024E65C
:1063100074CFA4E6B0E00F9412039701860136957E
:10632000279517950795600F711F821F931FA7016F
:1063300096010F94D902253631054105510508F41F
:106340005CCFE5CFFF2009F41BC18091B40F8823F7
:1063500009F452CF8091820E9091830E0497B9F484
:10636000E091C10FF091C20F309709F445CF209111
:10637000EA0F3091EB0F4091EC0F5091ED0FA4E636
:10638000B0E00F9412039F0150E040E0D2CF8FB7EE
:10639000F8940091820E1091830E20918203309127
:1063A00083033E832D832090800330908103B0903F
:1063B000930340917E0350917F0358874F83A090B1
:1063C0007D0380907C038FBF40E850E060E070E088
:1063D00081E090E00E94B61369837A838B839C836B
:1063E0000E94B466811104C00E9462628823C1F0D9
:1063F00040919B0E50919C0E60919D0E70919E0E4F
:1064000083E090E00E94B61349805A806B807C80C4
:10641000460E571E681E791EC12CD12C760132C043
:106420000E948262811157C08091B40F4091BF0FCA
:106430005091C00F811102C050E040E070E060E078
:1064400082E090E00E94B6136B017C0149805A8083
:106450006B807C804C0C5D1C6E1C7F1C0E946D63ED
:10646000882381F040919B0E50919C0E60919D0E6F
:1064700070919E0E83E090E00E94B613460E571E68
:10648000681E791E411451046104710409F4B4CEEC
:106490000130110529F50B2D10E030E020E070E807
:1064A000C72ED12CE12CF12CA1016D817E8181E0E0
:1064B00090E00E941A149201A301641575058605E7
:1064C000970510F49B01AC01A4E6B0E00F94120311
:1064D000A30192012ECF49805A806B807C809CCF93
:1064E0000230110509F58F8198858C0130E020E09C
:1064F0008091B40FC090BF0FD090C00F811102C027
:10650000D12CC12CF12CE12CA1016D817E8182E086
:1065100090E00E941A1429813A814B815C81620FBC
:10652000731F841F951FC7CF03301105F9F48981AC
:106530009A81AB81BC818C0D9D1DAE1DBF1D8983D1
:106540009A83AB83BC83C0909B0ED0909C0EE0904E
:106550009D0EF0909E0EAF81B8858D0130E020E059
:10656000A1016D817E8183E090E0D3CF9201A301F0
:10657000012B09F0A9CF20E030E040E050E0A4CFAB
:106580000730110509F038CE0E943310049709F442
:10659000BECE8091F2039091F303A091F403B091E9
:1065A000F503892B8A2B8B2B09F426CE8FB7F89411
:1065B0002091FC033091FD034091FE035091FF03B5
:1065C0008FBFC090F203D090F303E090F403F090FB
:1065D000F5032C153D054E055F0558F569E2C61615
:1065E0006CE5D6066FE8E60662E0F606A0F0569582
:1065F000479537952795D701C601B695A7959795E5
:106600008795E1E0CE22DD24EE24FF24C80ED91EBA
:10661000EA1EFB1EE3CFA4E6B0E00F941203A7012D
:1066200096010F94D902243631054105510508F42D
:10663000E4CD23E6E2CDAC0170E060E040905B0E7B
:1066400050905C0E60905D0E70905E0E4416550684
:106650006606770608F4E5CD441A550A660A770AF5
:10666000C0905F0ED090600EE090610EF090620ED0
:106670004C145D046E047F0410F024E6D3CD9C011D
:10668000A4E6B0E00F940303A7019601241935098D
:10669000460957092115E8E03E074105510508F074
:1066A00067C00F94D902253631054105510508F41C
:1066B000B9CDE3CFC8010E94076E882309F45DC0FD
:1066C0008091820E9091830E9C01215031092330DC
:1066D000310598F6019721F40E9482628111CDCF95
:1066E0008091AF0E9091B00EA091B10EB091B20E0C
:1066F000892B8A2B8B2B09F20E9452628115F8E0BC
:106700009F0708F08ECDAC0170E060E04090A30ED2
:106710005090A40E6090A50E7090A60E44165506DB
:106720006606770608F47DCD441A550A660A770A8C
:10673000C090AF0ED090B00EE090B10EF090B20EBF
:106740004C145D046E047F0408F097CF9C01A4E60E
:10675000B0E00F940303A7019601241935094609F7
:1067600057092115A8E03A074105510508F499CFCA
:106770002FEF37E040E050E094CF0730110571F57E
:106780000E9449104FB7F8943091B5032091B4039B
:106790004FBF332329F0211103C0009709F441CDE5
:1067A0008115B8E09B0708F03CCD6091FA03709129
:1067B000FB036C01F12CE12CC60ED71EE11CF11C71
:1067C000C114D104E104F10409F457CF9C01A4E6FB
:1067D000B0E00F940303A70196015CCF06301105CA
:1067E00009F01FCD80913502811147CF0E94F2BA86
:1067F0009C01A4E6B0E00F94030328EF3FE340E0E0
:1068000050E04FCF80E02CCD83E693E04BCD8091DC
:10681000F30E9091F40E56CD1092FC0E1092FD0ED8
:106820000895CF93DF938091EE0E9091EF0E039732
:1068300091F4C091FA0ED091FB0EC630D10509F04B
:106840005FC00E940B6F039781F00E940B6F0E9444
:1068500089100E94321383E090E090936F0F809331
:106860006E0F80E0DF91CF91089520918A033091DF
:106870008B03809186039091870340918803509108
:106880008903840F951F40918C0350918D038417C9
:10689000950720F0841B950B2F5F3F4F9093870344
:1068A00080938603215031093093990020939800FA
:1068B0000E944B758091FA0E9091FB0E0E94FC6D28
:1068C000882319F080E00E94FC2E0E94A41382E02D
:1068D00090E09093EF0E8093EE0E81E090E0909325
:1068E0006F0F80936E0F0E940C3410926C0F80918A
:1068F000630F9091640F892B09F47FC081E0B2CFC0
:10690000CE010E94076E882349F00E947216811101
:10691000D1CF87E092E10E9458139DCF2797B1F520
:106920009091BB039330A9F7CFB7F8948091710091
:106930008A7F8093710010929000109291001092C3
:1069400095001092940085E088BB82E08093BB03A1
:10695000909318129091B60381E0983009F480E08A
:106960000E94B67281E0809391008091F003909133
:10697000F1030E943A101092F1031092F0038091FB
:106980007100846080937100CFBF94CF80916B0EB3
:10699000833009F0BECFDFB7F894109295001092C3
:1069A000940010929000C1E0C093910084E088BBF5
:1069B00082E080936B0E81E00E94B6728091630E3C
:1069C0009091640E9093680E8093670E1092640EFF
:1069D0001092630EC09318128091650E9091660E0E
:1069E0000E943A101092660E1092650E809171000E
:1069F000846080937100DFBFC8CF0E941811882384
:106A000009F47CCF91E090936C0F2CCFCF93DF9360
:106A10008091EE0E9091EF0E0297A9F40E94542FF0
:106A200081115FC0C091FA0ED091FB0EC630D10526
:106A3000F1F40E940B6F029781F00E940B6F0E948D
:106A400089100E94321383E090E090936F0F80933F
:106A50006E0F80E0DF91CF91089580E00E949875DD
:106A60008FB7F89493E090938E038FBF20C0CE0130
:106A70000E94076E882309F489C080910612823033
:106A800009F07FC080917C0E882321F083E0809301
:106A900006120DC08091810E8823B1F10E94031F60
:106AA000882309F46EC080910612843079F78091B2
:106AB000FA0E9091FB0E0E94FC6D882319F080E085
:106AC0000E94FC2E8091EE0E9091EF0E029709F439
:106AD000AAC00E94EC1283E090E09093EF0E8093A6
:106AE000EE0E8091EE0E9091EF0E019709F0A0C08E
:106AF00010926F0F10926E0F10926D0F10926B0F1D
:106B00000E940C3481E0A6CF8091820E9091830E7A
:106B1000049709F4BBCF9FB7F8944091940050912B
:106B2000950081E020914A0230914B0242175307B1
:106B300008F480E08093740E8091900085FB882794
:106B400080F98093750E809171008A7F8093710027
:106B500080919100887F80939100809190008F7C3C
:106B60008093900085E088BB81E08093790E83E07C
:106B7000809306129FBF80E00E94C8710E946675D4
:106B800096CF87E092E10E9458135DCF279701F5D9
:106B90008091BB038230A9F7CFB7F89480919A0017
:106BA00090919B002091940030919500C29903C070
:106BB000821B930B11F481E090E09093F10380939A
:106BC000F0030E94922E83E08093BB03CFBF4ECF91
:106BD00080916B0E8230A9F6CFB7F89480919A001D
:106BE00090919B002091940030919500C29903C030
:106BF000821B930B11F481E090E09093660E8093DA
:106C0000650E8091670E9091680E9093640E80934C
:106C1000630E1092680E1092670E0E94C07283E09D
:106C200080936B0ED3CF0E94542F81115ACF51CF36
:106C300082E090E090936F0F80936E0F63CF80910E
:106C4000700F9091710F0E948FDA8093690F0895F1
:106C50002F923F924F925F926F927F928F929F926C
:106C6000AF92BF92CF92DF92EF92FF920F931F935A
:106C7000CF93DF93CDB7DEB763970FB6F894DEBF3F
:106C80000FBECDBF7C018B012091820E3091830E0F
:106C90003B8B2A8B690132E0C31AD108B090AF0E4A
:106CA000A090B00E7090B10E6090B20E80917B03F8
:106CB0008B8720907103309072032A893B89215081
:106CC00031093D872C878A899B89039709F449C03C
:106CD00080910A02282F30E03A87298780910B02A1
:106CE000282F30E038872F8380910C02282F30E046
:106CF0003E832D8380910D02282F30E03C832B832F
:106D000080910E02282F30E03A83298330910F02C0
:106D1000388B80911002898B909111029E8720916F
:106D200012022F8795E0492E512CE0918203F091B9
:106D30008303EE30F10508F0B8C28827ED55F94C11
:106D40008F4F0D94FB02B636D036FD361F373337E2
:106D50005C37B73707384B3871388A38A638EE3881
:106D6000283982E090E09A878987B8CF8A899B8901
:106D70008130910579F0039781F49CE785E1909348
:106D800080038093810321E030E0309383032093DC
:106D90008203CBCF9E858F85F2CF98898989EFCFEB
:106DA0008091800390918103892BB1F48A899B891A
:106DB0008130910559F0039761F494E180E090935C
:106DC00080038093810322E030E0DFCF99818A81C4
:106DD000F6CF9B818C81F3CF970140E070E060E0BB
:106DE00080E00E94155D809180039091810301975E
:106DF0009093810380938003EEC0809180039091F3
:106E00008103892BB1F48A899B898130910559F0DE
:106E1000039761F494E180E0909380038093810371
:106E200023E030E0B2CF9D818E81F6CF9F818885AF
:106E3000F3CF970140E061E070E081E0D2CF809134
:106E4000800390918103892B49F489859A859093D9
:106E500081038093800324E030E097CF970140E0E6
:106E600061E070E0BDCF8091800390918103892B18
:106E700001F78A899B89019741F030E092E0C916B9
:106E8000D10420F49501C30104C030E820E090E073
:106E900080E0309376032093770390937803809378
:106EA0007903109275031092740310927C03509230
:106EB00083034092820339CF409176035091770348
:106EC0006091780370917903411551056105710551
:106ED00029F410927C0328E030E057CF8A899B89FF
:106EE000019711F58091930387FD3AC0E0919303D8
:106EF00081E08E0F80939303F0E0EC5FFF4E808182
:106F000080937303415051096109710940937603DD
:106F100050937703609378037093790388E08093AC
:106F20007D0326E030E031CF92E0C916D104C0F4F1
:106F300080917E0390917F0320916F0330917003C5
:106F40008217930769F0FC01F770E15DFA4F208129
:106F500020937303019690937F0380937E03D2CF97
:106F600065E070E086E195E00E94EB7BC4C1809112
:106F70007D03811107C087E090E0909383038093A5
:106F80008203D3CE40917303942F991F9927991FA1
:106F9000998346FB442740F9823008F441E0970189
:106FA00062E070E089810E94155D2981222349F009
:106FB000809174039091750301969093750380936B
:106FC000740380917303880F8093730380917D0312
:106FD000815080937D0399249394892D63960FB6F5
:106FE000F894DEBF0FBECDBFDF91CF911F910F91FF
:106FF000FF90EF90DF90CF90BF90AF909F908F90D9
:107000007F906F905F904F903F902F900895809168
:10701000760390917703A0917803B0917903409122
:107020007503892B8A2B8B2B89F08091820E90918E
:10703000830E81309105D1F48091930387FD29C09F
:10704000E0919303F0E0EC5FFF4E4081441F442742
:10705000441F970162E070E081E00E94155D85E0C9
:1070600090E09093830380938203B5CF02970297B9
:1070700080F480917E0390917F0320916F03309183
:1070800070038217930729F09770FC01E15DFA4FB6
:10709000DCCF40E0DECF80917C03823080F00E9424
:1070A0007963882349F082E690E09093810380938E
:1070B00080038BE090E061CF82E090E0F6CF90918A
:1070C000740320917503811101C0922F9093730373
:1070D0008F5F80937C0388E080937D0329E030E01C
:1070E00054CE90917D03911103C08AE090E045CF8A
:1070F00040917303842F881F8827881F46FB4427ED
:1071000040F9923008F441E0970162E070E00E949B
:10711000155D57CF80917C03823098F440917403C1
:1071200050917503440F452F441F550B51954170E5
:10713000970162E070E081E00E94155D88E090E0D8
:1071400090CF0E94796341E04827F2CF809080037E
:10715000909081038114910471F59B85992319F115
:107160002114310401F18091720E81111CC02C8513
:107170003D8522303105B8F481E08093720E309263
:107180008103209280032CE030E03093830320932E
:1071900082032A893B892130310541F410929303FF
:1071A0008093700EC2CD8DE090E0E7CE1092700E0D
:1071B0008093710EBACD0E947963882329F09701DC
:1071C00040E062E070E00CCE41E092E0891691046C
:1071D00008F440E0970162E070E02FCE80918003D8
:1071E00090918103892B09F0F7CD2A893B892230C0
:1071F000310559F49090700E911010C065E070E068
:107200008BE095E00E94EB7BE8CE8A899B89019711
:1072100041F030E091E0C916D10421F49501C30199
:1072200004C030E820E090E080E0309376032093C3
:1072300077039093780380937903109275031092EB
:10724000740310927C031092730310927D032FCE6F
:107250008091820E9091830E8230910559F50E94A3
:10726000C066982E882311F081E043C080910412FB
:10727000909105120897A9F04091AB0E5091AC0E79
:107280006091AD0E7091AE0E8091B70E9091B80ED8
:10729000A091B90EB091BA0E481759076A077B073B
:1072A00018F382E08093730E98CE67E070E081E07F
:1072B00095E05ACE0397C1F6809104129091051281
:1072C0000297B1F44091AB0E5091AC0E6091AD0EAF
:1072D0007091AE0E8091B70E9091B80EA091B90E3C
:1072E000B091BA0E481759076A077B0708F4BCCF5C
:1072F00082E08093730E912C70CE8091000181FD0D
:1073000003C081E08093800E08951F920F920FB604
:107310000F9211240BB60F922F933F934F935F93CD
:107320006F937F938F939F93AF93BF93CF93EF937D
:10733000FF9380911812823009F06AC08091061282
:10734000823021F080E00E9477731DC00E947D3959
:107350008091770E8823A9F1C091730EC13039F561
:107360008091820E9091830E019709F50E947262BE
:107370008823E9F01092730E81E00E947773C13088
:10738000D1F4C093810EFF91EF91CF91BF91AF9156
:107390009F918F917F916F915F914F913F912F912D
:1073A0000F900BBE0F900FBE0F901F90189510926C
:1073B000730E80E0E2CFC23031F784E08093061292
:1073C000E2CF8091760E811107C067E070E088EF10
:1073D00094E00E94EB7BB6CF8091480290914902E5
:1073E00090934B0280934A021092760E0E949B5C0F
:1073F0008111C9CF8091730E882309F4A3CF81E056
:107400008093770E80917100856080937100BBCF6F
:10741000809171008E7F8093710081E088BBB3CF33
:107420001092EE031092E0031092EF031092B10F4E
:107430001092940310926E0310927A0308950097AD
:1074400011F00E9434BC0E9432291092E114109273
:10745000E0141092BA141092B9140E94CE70809168
:107460001914882321F089E194E10E94288C85E099
:1074700090E09093FE048093FD0408950E94872578
:107480000E9432290E94CE7080911914882321F025
:1074900089E194E10E94288C85E090E090939E0F12
:1074A00080939D0F0895CF93CFB7F8940E94922EAA
:1074B000CFBF0E946CDC0E9466750E94CE708FB7B1
:1074C000F8941092BA031092B9031092B803109274
:1074D000B70391E0909327021092BB031092B6037A
:1074E0001092B5031092B4031092FC031092FD03A6
:1074F0001092FE031092FF031092B3031092B20396
:107500001092B1031092B0031092AF031092AE0329
:107510008FBF1092FB031092FA031092F6031092A1
:10752000F7031092F8031092F9031092F2031092ED
:10753000F3031092F4031092F5031092AD0310922E
:10754000AC031092AB031092AA031092A90380E837
:10755000809326021092F1031092F003109207120A
:1075600081E0CF910C9481720F931F93CF93DF939F
:107570008C01C62FDFB7F8940E94922EDFBF0E94C5
:107580006CDC0E9466750E94CE70A80161E170E01B
:1075900087E092E10E94D6B08FB7F8941092B603BC
:1075A000C093BB038FBFDF91CF911F910F910895BF
:1075B000CF93DF93EB010E949A7F97FF0AC066E0AA
:1075C00070E08CE998E00E94B43A80E0DF91CF91BE
:1075D00008958C179D0729F067E070E085EA98E030
:1075E000F2CF81E0F3CFCF93DF93C091FA03D09134
:1075F000FB03209741F48FB7F89491E09093270212
:107600008FBF81E00DC00E944910811528E09207CC
:1076100050F066E070E083E998E00E94B43A80E0C0
:10762000DF91CF9108952FEF37E0281B390B49F3F5
:10763000C13082E0D80710F0C0E0D2E02C173D073F
:1076400008F4E901BE0189E192E10E949A7F97FF67
:1076500005C066E070E08AE898E0DFCF8C179D07F0
:1076600029F067E070E080E898E0D7CF8091B70319
:107670009091B803E9E1F2E1DC01B7702191A15DDD
:10768000BA4F2C9301969F01295132412C173D0787
:1076900098F32091FA033091FB032C1B3D0B3093A0
:1076A000FB032093FA032FB7F8949093B8038093C9
:1076B000B7038091FA039091FB03892B19F481E0C1
:1076C000809327022FBF9DCF4F925F926F927F9240
:1076D0008F929F92AF92BF92CF92DF92EF92FF92E2
:1076E0000F931F93CF93DF9300D0CDB7DEB7082F52
:1076F0000E944910892B39F066E070E08AEE98E02C
:107700000E94B43A2DC00E94E170C090F603D09060
:10771000F703E090F803F090F903C616D706E806E1
:10772000F90628F466E070E081EE98E0E9CFA70161
:107730009601261B370B480B590BDA01C90102973A
:10774000A105B10528F467E070E086ED98E0D8CF98
:1077500062E070E0CE0101960E94D83A811116C015
:1077600010E0812F0F900F900F90DF91CF911F911C
:107770000F91FF90EF90DF90CF90BF90AF909F90D0
:107780008F907F906F905F904F900895E980FA807E
:1077900067E070E08BEC98E032E0E316F10408F467
:1077A000AFCF0E94E1708090F6039090F703A09015
:1077B000F803B090F903861A970AA80AB90A2701B4
:1077C000712C612C67E070E081EC98E084149504E2
:1077D000A604B70408F494CF61E070E0CE010396EC
:1077E0000E94D83A182F882309F4BACF8B81815090
:1077F0008E3F28F467E070E088EB98E081CFC70106
:1078000001979093FB038093FA038FB7F89410923B
:1078100027028FBF8091FA039091FB03892BD9F047
:107820000E9449106C010E94F33A81110FC08091AF
:10783000BB03863009F494CF8091BB03873009F4F1
:107840008FCF66E070E08FEA98E05ACF0E9449102F
:10785000C816D906F9F60E944910892B41F341E078
:1078600084149504A604B70409F040E06B8100235A
:1078700029F0C7010E940E2E102F73CFF092A8039B
:10788000E092A7036093A60340931F028FB7F8947A
:1078900091E09093B4038FBF64CF81E00E9469753B
:1078A0000E94CE700E944462109206121092830EC3
:1078B0001092820E1092810E1092800E10927F0E06
:1078C00010927E0E10927D0E10927C0E10927B0E06
:1078D00010927A0E1092790E1092780E1092770E06
:1078E0001092760E1092750E1092740E81E090E058
:1078F00090934B0280934A029093490280934802EE
:107900001092730E1092D70E1092D60E1092D50EC2
:107910001092D40E80934C021092D30E1092D20E7D
:107920001092D10E1092D00E1092CF0E1092CE0E59
:107930001092CD0E1092BB0E1092B70E1092B80E90
:107940001092B90E1092BA0E1092B30E1092B40E9D
:107950001092B50E1092B60E90E080E00E94875D06
:107960001092AF0E1092B00E1092B10E1092B20E95
:107970001092AB0E1092AC0E1092AD0E1092AE0E95
:107980001092A70E1092A80E1092A90E1092AA0E95
:107990001092A30E1092A40E1092A50E1092A60E95
:1079A00010929F0E1092A00E1092A10E1092A20E95
:1079B00010929B0E10929C0E10929D0E10929E0E95
:1079C0001092850E1092840E10926E0310927A031C
:1079D0001092720E1092710E1092700E0E949262AE
:1079E00081E00C9481720E9466750E94AC750E94C1
:1079F00099CE0E9487720E944D3C0E94533A81E0CA
:107A00000E9481721092EA0E1092EB0E1092EC0E10
:107A10001092ED0E1092F10E1092F00E0E94E92ECF
:107A20001092E90E1092EF0E1092EE0E08950E9441
:107A3000F33C81E00E94817210926F0F10926E0FE2
:107A400010926D0F10926C0F10926B0F10926A0FC4
:107A50001092680F0C940C342F923F924F925F92C9
:107A60006F927F928F929F92AF92BF92CF92DF924E
:107A7000EF92FF920F931F93CF93DF93CDB7DEB7B3
:107A8000CD5CD1090FB6F894DEBF0FBECDBF0E940A
:107A9000F33C1092D80EE090FA0EF090FB0E26E028
:107AA000E216F10409F0E2C30E94B06E0091F60EF6
:107AB0001091F70E0115110599F581E090E0909372
:107AC000340280933302E0913302F091340284E275
:107AD00096E0EE3038F4FF27EE0FFF1FE85FF94F16
:107AE000859194910E94321310E0812FC353DF4F90
:107AF0000FB6F894DEBF0FBECDBFDF91CF911F91BF
:107B00000F91FF90EF90DF90CF90BF90AF909F903C
:107B10008F907F906F905F904F903F902F9008953F
:107B2000F090F50E0E9499CE84E680932D028BE9A9
:107B300080932E02F0922F021092130510922F0DB7
:107B40001092320D8FB7F894109212051092110511
:107B50001092310D1092300D98E0909330021092F7
:107B600035028FBFE4E1F5E08AE1DF011D928A95DD
:107B7000E9F710922E0581E090E090933202809315
:107B80003102C8010E94C891811115C082E090E0C5
:107B900090933202809331028091310290913202AF
:107BA00090933402809333028FB7F89491E09093CE
:107BB00035028FBF88CF0E942071C054DF4F688389
:107BC00079838A839B83C05CD0406C3071058105CA
:107BD000910528F486E090E00E94D970DDCF6CE03A
:107BE00070E0CE018F579F4F0E949A7F0C9719F03B
:107BF00083E090E0F1CFCF57DF4F8881C158D0406C
:107C00008235A1F5CE57DF4F8881C258D0408934E4
:107C100069F5CD57DF4F8881C358D040863431F5A0
:107C2000CC57DF4F8881C458D0408634F9F4C75709
:107C3000DF4F8881C958D0408735A9F4C657DF4F38
:107C40008881CA58D040813471F4C557DF4F88818C
:107C5000CB58D040863539F4C457DF4F8881CC5893
:107C6000D040853431F085E090E0B6CF84E090E0FC
:107C7000B3CF81E890E08C0F9D1F04960E948E6721
:107C8000683FBFEF7B078B079B0708F098C0DC01BC
:107C9000CB010896A11DB11DC054DF4F488059800B
:107CA0006A807B80C05CD0408C309105A105B10515
:107CB00038F084159505A605B70510F42C013D0193
:107CC000C12CD12C312C212CE9EAF0E0EC0FFD1F66
:107CD0003496C853DF4FF983E883C85CD04021E471
:107CE00030E02C0F3D1F2C5F3F4FC653DF4F3983D1
:107CF0002883CA5CD04041E450E04C0F5D1F485FD0
:107D00005F4FC453DF4F59834883CC5CD0400E94FF
:107D1000E170641575058605970508F05FC1A3013C
:107D20009201261B370B480B590BDA01C901089742
:107D3000A105B10508F452C168E070E0CE01875595
:107D40009F4F0E949A7F089709F052CFC853DF4F88
:107D500088819981C85CD0400E948E674B015C018C
:107D60000E94E170CC53DF4F688379838A839B83C1
:107D7000C45CD040C755DF4F8881C95AD040863691
:107D800039F5C655DF4F8881CA5AD0408D3619F56E
:107D9000C555DF4F8881CB5AD0408437E1F4C455B4
:107DA000DF4F8881CC5AD0408032A9F430E183166D
:107DB0009104A104B10400F58DE090E00DCFC05412
:107DC000DF4F488059806A807B80C05CD04078CF8C
:107DD000843609F495C083017201A5019401CC5346
:107DE000DF4F688179818A819B81C45CD0400E9489
:107DF0001A7F81118CCFE0CF60E170E0CE018F5B04
:107E00009F4F0E949A7F409709F0F2CE23962EACA6
:107E10003FAC239725968EAD9FAD2597909329056E
:107E200080932805C653DF4F88819981CA5CD04072
:107E30000E948E6760931405709315058093160554
:107E400090931705C453DF4F88819981CC5CD04053
:107E50000E948E67609318057093190580931A0528
:107E600090931B052F968EAD9FAD2F9790932B056A
:107E700080932A0561968EAD9FAD619790932D05F5
:107E800080932C054EEF24164FEF340639F558E257
:107E900085169104A104B10408F48ECF68E170E066
:107EA000CE0101960E949A7F489709F085CF89817B
:107EB0009A81469718F489E090E08ECE29843A841E
:107EC00081E028163104B9F74EE050E06AEF75E022
:107ED000CE010B960E947FFF892B69F78301720107
:107EE000A5019401CC53DF4F688179818A819B8100
:107EF000C45CD0400E941A7FD82E811108CF5CCF7D
:107F0000C655DF4F8881CA5AD040813609F063CF09
:107F1000C555DF4F8881CB5AD040843709F05BCFFD
:107F2000C455DF4F8881CC5AD040813609F053CFF9
:107F3000D501C40180959095A095B095CC53DF4FA5
:107F4000288139814A815B81C45CD04082179307C4
:107F5000A407B50708F430CFDA01C901880D991DCF
:107F6000AA1DBB1DC054DF4F288139814A815B8126
:107F7000C05CD040281739074A075B0708F41CCFBC
:107F8000C11018C0CC53DF4F88819981AA81BB8171
:107F9000C45CD04080931C0590931D05A0931E05E2
:107FA000B0931F058092200590922105A092220592
:107FB000B0922305D1101CC083017201A501940168
:107FC000CC53DF4F688179818A819B81C45CD0402A
:107FD0000E941A7FC82E81119ACEEECE87E090E0E3
:107FE000DD2009F4F9CD88E090E0CC2009F4F4CD4F
:107FF0002A94232809F05FCF8091280590912905C4
:10800000019719F08AE090E0E7CD80912C059091DE
:108010002D05089719F08BE090E0DECD80911405D6
:1080200090911505A0911605B09117058232E6E5ED
:108030009E07A105B10579F08434FCEA9F07A105EC
:10804000B10549F080382BEB9207A105B10519F075
:108050008CE090E0C1CD20912A0530912B05213094
:10806000310509F0A9CE409118055091190560918C
:108070001A0570911B0584179507A607B70709F025
:108080009BCE60911C0570911D0580911E059091FD
:108090001F050E94687E882309F4AACD80912005DF
:1080A00090912105A0912205B0912305809324058C
:1080B00090932505A0932605B093270581E0809332
:1080C0002E0510923202109231028AE1E4E1F5E0CD
:1080D000A6ECB3E001900D928A95E1F7109234027C
:1080E000109233020E941EBC882309F4ECCC0E943B
:1080F0001EBC811105C00E9499CE8AE396E0F2CCA5
:108100000E94F2BA892BB9F310912E05111107C004
:108110000E9499CE8EE296E00E943213E6CCC09087
:10812000C603D090C703E090C803F090C9036091E4
:10813000D2037091D3038091D4039091D503812C05
:10814000912C5401C114D104E104F10491F1A7016F
:1081500096010F94D90229013A019B01AC018824B0
:108160008A94982C540188E3481689E8580681E4DB
:1081700068067104F0F4A8EEB3E00F9412039701BF
:1081800086013695279517950795600F711F821FF9
:10819000931FA70196010F94D90249015A01A8EE35
:1081A000B3E0A30192010F941203860E971EA81E3E
:1081B000B91E8092EA0E9092EB0EA092EC0EB09255
:1081C000ED0ED701C6010197A109B1098F3F9F4F5D
:1081D000A105B10550F087E080938E030E9499CEEF
:1081E0000E940B6F0E9489107DCC60E074E284EFE6
:1081F00090E0A70196010F94D90249012B01DA0101
:10820000C9010197A109B1098F3F9F4FA105B10590
:1082100010F086E0E1CF81E00E9498758FB7F89466
:108220001092950010929400D0928D03C0928C030E
:1082300090928B0380928A03509289034092880324
:108240001092870310928603109285031092840384
:1082500091E090938E038FBF1092E90E81E090E041
:108260009093EF0E8093EE0E11E03FCCC701049780
:10827000029708F08CC010E125E0E216F10409F045
:1082800012E3E090F60EF090F70E0E948772E11470
:10829000F10421F0103169F0123359F067E070E019
:1082A00089E596E00E94816787E092E10E94581379
:1082B0001BCC81E0103109F080E080936A0E1092AF
:1082C000690E109207128FB7F89410926F0E1092E9
:1082D0006E0E10926D0E10926C0E109243028FBFB4
:1082E0001092680E1092670E1092660E1092650E34
:1082F0001092640E1092630E10925B0E10925C0E40
:1083000010925D0E10925E0EC7010E94C8918111FD
:1083100005C066E070E08FE496E0C4CF0E94207153
:1083200060935F0E7093600E8093610E9093620E67
:10833000672B682B692B21F18091430281110CC0BE
:108340000E9473678C01809143028823A9F00E94E8
:1083500073670817190781F70E947367892B81F0EB
:1083600081E080936B0E1092EA0E1092EB0E109249
:10837000EC0E1092ED0E70CF0E9448898111E7CF6C
:108380000E94CE7067E070E084E496E08BCFC70176
:108390000E94076E182F882309F45FC68091F30EA0
:1083A0009091F40EC554DF4F99838883CB5BD04006
:1083B0001092F20E019709F07CC0C7018D7F0197E2
:1083C00009F0A4C06091F60E7091F70EC554DF4F0E
:1083D00019821882CB5BD040A70189E192E10E940B
:1083E000B7D9811102C080E062C089E192E10E94A8
:1083F0001F6F8823C1F389E192E10E94C89188230D
:1084000091F30E9420716B01DC01CB010197A1095E
:10841000B1098F379105A105B10518F00E94CE7002
:10842000E2CFB60189EB92E10E949A7F8C010E9413
:10843000CE700C151D05B9F6F601E754FD4E1082FD
:1084400089EB92E1892B79F22CE030E0AE014F5FAD
:108450005F4F68E676E089EB92E10E94CE67882361
:1084600011F222961FAE229725E030E0AE014F5B5D
:108470005F4F62E676E089EB92E10E94CE67AE0143
:1084800045545F4FBE016F5B7F4FCE0101960E9446
:108490004168882309F4A7CF81E0C554DF4F2881C4
:1084A0003981CB5BD0402130310509F49CCF8093DA
:1084B000F20EB0904D0240904E0250904F02C554C3
:1084C000DF4FC880D980CB5BD0400091FA0E10916D
:1084D000FB0EE090F60EF090F70EC754DF4FD982F6
:1084E000C882C95BD0400E944D3C10920712E11433
:1084F000F10429F0C8010E94076E811113C067E0E2
:1085000070E087E198E00E94FA7BCECEC7010E941E
:10851000FC6D8111CECFC554DF4F19821882CB5B21
:10852000D040C7CF1093051200930412F092D70EDB
:10853000E092D60ED092D50EC092D40EB0924C02DC
:108540001092D30E1092D20E1092D10E1092D00E25
:108550001092CF0E1092CE0E1092CD0E1092BB0E36
:1085600010929A0EC8010E94FC6D882331F04114CC
:10857000510419F444244394512C0230110571F034
:10858000C754DF4F88819981C95BD040019731F48E
:10859000C754DF4F19821882C95BD040C754DF4FE0
:1085A00088819981C95BD0408130910511F490E0B8
:1085B00080E00E94875DC7010E94C891811105C0BB
:1085C00066E070E08EE098E09ECF0E94207160939C
:1085D000B70E7093B80E8093B90E9093BA0E083010
:1085E000110509F4D3C0603871058105910538F48F
:1085F0000E94CE7067E070E084E098E084CF0230A3
:10860000110509F002C54114510419F4442443949E
:10861000512C1092D10E1092D00E60E070E0CB0180
:108620000E94687E811109C066E070E08AEA96E0E7
:108630000E94FA7B0E94CE7037CE712C812C912C37
:10864000A12CB12C10E000E00E94E1706B017C01D4
:108650008091B70E9091B80EA091B90EB091BA0E5C
:10866000C816D906EA06FB0698F58C199D09AE09CD
:10867000BF0980389105A105B10528F467E070E0D5
:108680008FE996E0D5CF0E94C681882399F20F3FEB
:10869000100729F467E070E085E996E0C9CF0F5F25
:1086A0001F4F0415150519F4782E460157016091E6
:1086B000AB0E7091AC0E8091AD0E9091AE0E0E94FB
:1086C000687E8111C1CF66E070E08CE896E0B0CFA3
:1086D000C816D906EA06FB0671F40115110559F012
:1086E0001093D10E0093D00E71100AC067E070E0B5
:1086F00086E796E09DCF67E070E081E896E098CF4E
:10870000B401C5010E94687E8823B1F10E94C68130
:10871000882391F15092D30E4092D20EBE0167543D
:108720007F4FC2010E94FB91882309F483CFC75475
:10873000DF4F88819981C95BD0400E942F17882321
:1087400009F478CF81E0809306128091B30E909166
:10875000B40EA091B50EB091B60E8093EA0E909330
:10876000EB0EA093EC0EB093ED0E0E9408119093C7
:10877000F10E8093F00E70CD80910612873009F4CF
:1087800059CF66E070E08DE696E052CF10929A0ED7
:108790001092940360E070E0CB010E94687E81112A
:1087A00005C066E070E08CEF97E042CF7E0141E8C3
:1087B000E40EF11C68E270E0C7010E949A7F8C0110
:1087C00066E070E084EF97E017FD32CF67E070E07D
:1087D0008BEE97E0083011050CF42ACF48E050E00A
:1087E00063E573E0C7010F947804892BA9F408327C
:1087F00011055CF061E0C7010E94DD80882329F04B
:10880000C2010E942620811192CF67E070E084EEC1
:1088100097E00E94147C0ECF003111050CF4E7C1E3
:1088200040E150E063EF72E0C7010F947804892BB8
:1088300009F0DDC182E00E949A10682E882309F4B5
:10884000A3C04114510409F4F5CE8091EF03682EC2
:10885000712C6414750408F4EDCE0FEF040D0817A5
:1088600008F0E8CE56E0059F80011124F801EB578F
:10887000FF4E2081F801EA57FF4E808190E0B0E082
:10888000A0E0DC0199278827922BF801EC57FF4ED6
:108890002081822B80938F0390939003A093910368
:1088A000B09392031092870E1092860E65EA90E0C4
:1088B00080E00E94865C60E00E94865C60E40E942A
:1088C000865C60E00E94865C5C016E0181E4C80EFB
:1088D000D11C16014601C6010E943180882309F48B
:1088E000A9CE9FEFC91AD90AD4016C91C5010E9483
:1088F000865C5C01CE14DF0469F7CE0101960E940C
:108900003180882309F496CE6981C5010E94865C76
:108910007C01CE0101960E943180882309F48ACE21
:108920006981C7010E94865C892B09F083CEF10121
:1089300024893589CB54DF4F39832883C55BD040E8
:10894000F801E857FF4E4081F801E757FF4E80815C
:1089500090E0B0E0A0E0DC0199278827942BF80193
:10896000E957FF4E40817C018D01E42AC755DF4F56
:10897000E882F9820A831B83C95AD040A101B3015E
:10898000C2010E942311D0CE1092EE0380E190E04C
:10899000A0E0B0E080938F0390939003A0939103A5
:1089A000B09392031092870E1092860E0E9433624B
:1089B0000E940212811107C01092B10F67E070E0AF
:1089C00084EE96E026CFCE0181549F4F0E943180E5
:1089D000882391F3CE0182549F4F0E9431808823D7
:1089E00059F3CE0183549F4F0E943180882321F395
:1089F00065EA90E080E00E94865CC154DF4F788099
:108A0000CF5BD040672D0E94865CC254DF4F6881E7
:108A1000CE5BD0400E94865CC354DF4F6881CD5B43
:108A2000D0400E94865C4C01892B31F48FEF870D7A
:108A3000843610F470FE07C01092B10F67E070E04A
:108A40008AED96E0E6CE7694A72CB12C4114510421
:108A500019F0A414B50438F41092B10F67E070E077
:108A60008FEC96E0D6CE74E8C72E70E1D72EE12CBD
:108A7000F12C00E010E022242394312C9E012F548D
:108A80003F4FAE0149545F4FBE016F5B7F4F80E0A7
:108A90000E944012882309F440C09E0127553F4F91
:108AA000AE014B545F4F70E060E085E00E944012E1
:108AB000882399F167962EAD3FAD6797CB54DF4F72
:108AC00048815981C55BD0402417350731F5CF5413
:108AD000DF4F488159816A817B81C15BD04041155C
:108AE00051056105F1E07F07A8F4D6014C9311967A
:108AF0005C93119712966C93C755DF4F488159814B
:108B00006A817B81C95AD040411551056105B1E0A8
:108B10007B0750F01092B10F8DCD1092B10F67E02E
:108B200070E085EC96E075CEF6014383548365834F
:108B30004214530471F490E4FE01EF5BFF4FDE0139
:108B4000119601900D929A95E1F7682E7A018B01AA
:108B50004901FFEF2F1A3F0A26E0C20ED11CA214D2
:108B6000B30408F08BCF611007C01092B10F66E01C
:108B700070E08CEB96E04DCE8091B70E9091B80EE0
:108B8000A091B90EB091BA0E8093EA039093EB03D3
:108B9000A093EC03B093ED031092E6031092E70369
:108BA0001092E8031092E9031092E2031092E3039B
:108BB0001092E4031092E5031092E1037092EF0328
:108BC00082E08093E00381E08093EE030E9465DB06
:108BD0009401AE014F5F5F4FB501C2010E942311A6
:108BE0008111A5CD66E070E083EB96E021CDD70141
:108BF00013968C9113978135A1F414968C9184343B
:108C000081F460E0C7010E94DD80882329F0C20161
:108C10000E94262081118BCD67E070E08BED97E0FC
:108C2000F8CD4114510419F444244394512C60E0CC
:108C300070E0CB010E94687E811105C066E070E0A3
:108C400083ED97E0F5CC68E070E0CE018F5B9F4F3D
:108C50000E949A7F8830910561F097FF05C066E019
:108C600070E08BEC97E0E4CC67E070E08EEB97E08F
:108C7000DFCC22968FAD229781111EC023968FAD37
:108C800023978631C9F424968FAD24978631A1F4B9
:108C900025968FAD2597853A79F427968FAD27973E
:108CA000833451F428968FAD2897823529F429967C
:108CB0008FAD2997833429F067E070E083EB97E06C
:108CC000B7CC26968FAD2697811105C067E070E07E
:108CD00089EA97E0ADCC80FD02C0853628F067E0D8
:108CE00070E08FE997E0A4CC8695082F10E067E04C
:108CF00070E084E997E00415150508F499CC222466
:108D00002394312CC653DF4F1882CA5CD040C8531D
:108D1000DF4F19821882C85CD040812C912C5401FD
:108D20000215130508F41CC10E941DF0882309F4E4
:108D300081CC47E857E063E070E0CE018F549F4F4D
:108D40000E94FFEF882309F475CCCF54DF4F888150
:108D5000C15BD04081110EC0CE54DF4F8881C25B11
:108D6000D040803439F4CD54DF4F8881C35BD0408C
:108D7000882329F067E070E08AE797E059CC4DE658
:108D800057E060E470E0CE0101960E94FFEF882377
:108D900009F450CC40E657E063E070E0CE0187551F
:108DA0009F4F0E94FFEF882309F444CCC755DF4F43
:108DB0008881C95AD040833471F4C655DF4F888109
:108DC000CA5AD040823539F4C555DF4F8881CB5A15
:108DD000D040833429F067E070E082E597E028CC4A
:108DE0000E941DF0882309F425CC44E457E063E099
:108DF00070E0CE018F549F4F0E94FFEFC054DF4FB1
:108E00008883C05CD040882309F414CCCF54DF4F52
:108E10008881C15BD0408B7F813029F067E070E0B2
:108E200087E397E005CCCE54DF4F68807980C25B42
:108E3000D0400E94E1706B017C018D899E8968168B
:108E4000790629F067E070E08EE297E0F1CB80913F
:108E5000B70E9091B80EA091B90EB091BA0E8C15C4
:108E60009D05AE05BF05D0F0930150E040E0CC5326
:108E7000DF4F288339834A835B83C45CD0408C19DD
:108E80009D09AE09BF09BA01A3014D5F5F4F6F4F46
:108E90007F4F84179507A607B70728F467E070E0AF
:108EA00080E297E0C5CB42145304B9F4B301CE017C
:108EB00001960E94685CC054DF4F3881C05CD0408E
:108EC000C653DF4F3883CA5CD040C853DF4F798226
:108ED0006882C85CD04046015701CC53DF4F68819F
:108EE00079818A819B81C45CD0406C0D7D1D8E1D73
:108EF0009F1D0E94687E811105C066E070E087E1D9
:108F000097E096CB63E070E0CE0187559F4F0E94BB
:108F10009A7F97FF05C066E070E08FE097E088CB0E
:108F20000397A9F4C755DF4F8881C95AD0408334CD
:108F300071F4C655DF4F8881CA5AD040823539F462
:108F4000C555DF4F8881CB5AD040833429F067E084
:108F500070E083E097E06CCB4FEF241A340AE0CE48
:108F60001093D10E0093D00EC653DF4F5881CA5CC8
:108F7000D04067E070E088EF96E0552309F458CBC5
:108F8000C501B4010E94687E811105C066E070E0F1
:108F90008FEE96E04DCB5092D30E4092D20E1092AF
:108FA0009A0EC853DF4FE881F981C85CD040CF01E9
:108FB000B0E0A0E08093AF0E9093B00EA093B10EFE
:108FC000B093B20E8092A70E9092A80EA092A90E16
:108FD000B092AA0E880D991DAA1DBB1D8093AB0EE1
:108FE0009093AC0EA093AD0EB093AE0E109293037F
:108FF0001092A30E1092A40E1092A50E1092A60E1F
:109000001092850E0E94446292CB0E94258788238D
:1090100009F410CB0E94C681882309F40BCB809100
:10902000950390919603A0919703B09198038F3F79
:10903000FFEF9F07AF07BF0739F00196A11DB11DD4
:10904000B695A795979587958093B30E9093B40E98
:10905000A093B50EB093B60E6ACB85E798E027E0F3
:10906000E216F10409F058C8E090870FF090880FDD
:109070000091F60E1091F70E0E94533A011511055A
:1090800081F031E0E316F10409F4E2C088F052E027
:10909000E516F10409F4E0C083E0E816F10409F4F0
:1090A000DFC067E070E08DE698E00E94B43AFCC84B
:1090B0008AE0EBEBF2E0A9E9B3E001900D928A952A
:1090C000E1F7109207121092F6031092F703109234
:1090D000F8031092F9031092F2031092F303109226
:1090E000F4031092F5031092FB031092FA034091DF
:1090F000990350919A0370E060E0DB01CA01880F88
:10910000991FAA1FBB1F81509F4FAF4FBF4F892F81
:109110009A2FAB2FBB270097A105B10521F481E061
:1091200090E0A0E0B0E090931B0280931A0220919F
:109130009B0330919C0380919D0390919E03B0E02E
:10914000A0E0820F931FA11DB11D81509F4FAF4F13
:10915000BF4F892F9A2FAB2FBB270097A105B105D1
:1091600021F481E090E0A0E0B0E0909319028093B8
:10917000180220919F033091A0038091A103909148
:10918000A203B0E0A0E0820F931FA11DB11D81508A
:109190009F4FAF4FBF4F892F9A2FAB2FBB27009701
:1091A000A105B10521F481E090E0A0E0B0E090934A
:1091B00017028093160241505F4F6F4F7F4F452F2C
:1091C000562F672F7727411551056105710521F449
:1091D00041E050E060E070E05093150240931402CB
:1091E0008BEE90E090932102809320028FE490E038
:1091F00090932502809324028DE990E090932302BE
:10920000809322028FB7F8941092BA031092B90398
:109210001092B8031092B70391E090932702109236
:10922000B5031092B4031092B6031092FC0310928F
:10923000FD031092FE031092FF038FBFC8010E942E
:10924000C891811111C066E070E084E698E02DCFEE
:109250008AE0E5ECF2E02FCF8AE0EFECF2E02BCFF2
:109260008AE0E9EDF2E027CF0E9420716093F603D7
:109270007093F7038093F8039093F903672B682B9F
:10928000692B29F467E070E08AE598E00ECF109230
:10929000F2031092F3031092F4031092F503C12C21
:1092A000D12C76018091F6039091F703A091F803F9
:1092B000B091F903C816D906EA06FB0608F0CBC040
:1092C0008C199D09AE09BF090297A105B10528F4C3
:1092D00067E070E08FE498E0E8CEC701B6010E9435
:1092E000687E811105C066E070E086E498E0DDCE1E
:1092F00062E070E0CE0101960E94D83A882311F412
:109300000C94544109811A810230110528F467E058
:1093100070E08BE398E0C9CE4801B12CA12C92E01B
:10932000890E911CA11CB11C8C0C9D1CAE1CBF1C79
:109330008C149D04AE04BF0468F08091F6039091F4
:10934000F703A091F803B091F90388159905AA05D0
:10935000BB0528F467E070E081E398E0A6CE61E009
:1093600070E0CE018F5B9F4F0E94D83A882311F4A2
:109370000C94544122968FAD22979FEF980F9E3FF9
:1093800028F467E070E088E298E08FCEC090F603A2
:10939000D090F703E090F803F090F90320EC3FE061
:1093A00040E050E0882321F02AE436E040E050E03D
:1093B000A0911A02B0911B020F9412030E94571041
:1093C000609118027091190290E080E00E9457109D
:1093D000A0911602B091170298010F94030323E0A5
:1093E000660F771F881F991F2A95D1F70E94571083
:1093F000609114027091150290E080E00E94571075
:109400008C149D04AE04BF0409F44CCF20912002BB
:109410003091210222968FAD2297811111C0ADE5C6
:10942000B0E00F9403030E945710609124027091E2
:10943000250290E080E00E9457107501640132CF50
:10944000AAE0B1E00F9403030E945710609122023A
:1094500070912302EECF60E070E0CB010E94687E45
:10946000811105C066E070E08FE198E01ECE80912A
:10947000F2039091F303A091F403B091F503892BCB
:109480008A2B8B2B11F40C94544181E00E94643B95
:10949000882311F40C94544181E08093BB030C9415
:1094A000B3410F931F93CF93DF938091EE0E909172
:1094B000EF0E019709F071C08091E90E811169C02A
:1094C000C091FA0ED091FB0EC630D10509F0A9C0AB
:1094D0000E940B6F019709F09BC08091840381115A
:1094E0001FC080911105909112052091300D30918F
:1094F000310D8217930709F479C0FC01F770E15D23
:10950000FA4F408140938503409135020196411105
:1095100061C0909312058093110528E02093840385
:1095200080918503282F30E035952795209385037A
:109530009091840391509093840381700E94C8712C
:1095400020918A0330918B03809186039091870349
:109550004091880350918903840F951F40918C039B
:1095600050918D038417950720F0841B950B2F5F76
:109570003F4F9093870380938603215031093093A6
:109580009900209398000E944B7580E00E948172A0
:109590006AC00E942C3D811193CF80917A03882369
:1095A00009F414C110926F0F10926E0F81E0809336
:1095B0006A0F10926D0F10926C0F10926B0F0E9439
:1095C0000C3481E00E94817280E0DF91CF911F9185
:1095D0000F9108958217930709F09BCF20913002D5
:1095E0009093120580931105211198CF8091350237
:1095F0008823A9F020911105309112058091300D3A
:109600009091310D2817390751F484E080938E032F
:109610000E940B6F0E9489100E943213BECF85E01A
:10962000F5CFCE010E94076E8823D1F10E947216F9
:10963000811109C080917A038111B4CF87E092E152
:109640000E945813AACF8091B30E9091B40EA091AE
:10965000B50EB091B60E8093EA0E9093EB0EA093E8
:10966000EC0EB093ED0E0E94A41382E090E0909374
:10967000EF0E8093EE0E81E090E090936F0F809359
:109680006E0F10926B0F0E940C3410926C0F809131
:10969000630F9091640F892B09F49FC081E095CFEF
:1096A000279709F048C0C091BB03C13039F64091FB
:1096B0001E026091A5038091AC039091AD030E94BE
:1096C0000E2E80E00E94C871DFB7F894809171007F
:1096D0008A7F8093710010929000109291001092F6
:1096E00095001092940085E088BBC093B603109259
:1096F000FC031092FD031092FE031092FF031092E0
:10970000AF031092AE0382E08093BB0383E08093AB
:10971000181281E00E94B672C09391008091990363
:1097200090919A030E943A10809171008460809316
:109730007100DFBF2ACFD0916B0ED13009F07ECF00
:1097400020916E0E30916F0E80916C0E90916D0E87
:1097500028173907A1F1F901F770E15DFA4FC081CF
:109760008C2F2F5F3F4F30936F0E20936E0ECC23C4
:1097700031F1C7FDC1950E946D728C2F0E94446724
:109780008C01CFB7F894109295001092940010922B
:109790009000D093910084E088BB82E080936B0EB0
:1097A00081E00E94B672D0931812C8010E943A104C
:1097B00080917100846080937100CFBFBBCF67E060
:1097C00070E08CE295E00E94816738CF23E030E0C2
:1097D00030936F0F20936E0FF8CE0E9418118823DC
:1097E00009F45CCF91E090936C0FEFCEBF92CF92D3
:1097F000DF92EF92FF920F931F93CF93DF93EC01D1
:109800000091700F1091710FB090670FC090650FAD
:10981000D090660FE090630FF090640F0E94F33CCD
:109820001092D80E89E194E1009719F00115110505
:1098300061F480E295E00E94321383E090E090931F
:109840006F0F80936E0F80E026C09093F70E809389
:10985000F60E1093FB0E0093FA0EB092F50ED09216
:10986000F40EC092F30E81E0EF2809F080E08093BF
:109870004D021092F20E209711F4C1E0D0E0D09387
:109880004F02C0934E021092F10E1092F00E0E9401
:109890002C3D882391F2DF91CF911F910F91FF9082
:1098A000EF90DF90CF90BF9008958F929F92AF92EC
:1098B000BF92CF92DF92EF92FF920F931F93CF93BD
:1098C000DF931F921F92CDB7DEB78091680F882378
:1098D00009F470C00E944C70882309F44FC081E0E5
:1098E0000E944A9381110DC00E94F33C87E395E0EA
:1098F0000E94321383E090E090936F0F80936E0F7D
:109900003DC01092680F10926D0F10926C0F109264
:109910006B0F10926A0F0E940C340E941F360E9437
:10992000103A8091700F9091710F0E94FC6D882306
:1099300071F08091FA0E9091FB0E0E94FC6D8823CD
:1099400031F080914E0290914F02009711F481E026
:1099500090E00E94F64B882389F010926F0F1092CE
:109960006E0F8091700F9091710F0E94FC6D882393
:10997000A1F081E080936A0F0E9481720F900F9096
:10998000DF91CF911F910F91FF90EF90DF90CF90DB
:10999000BF90AF909F908F9008958091630F9091AA
:1099A000640F892B29F481E080936D0F80E0E4CF70
:1099B00081E0E2CF0E944570882371F081E08093BE
:1099C000680F10926D0F10926C0F10926B0F109227
:1099D0006A0F0E940C3488CF8091EE0E9091EF0EAA
:1099E000029749F50091FA0E1091FB0E0630110511
:1099F00009F0AEC08091350281118DC00E94F2BA8B
:109A0000893F9D4308F087C00E9408BB811183C035
:109A10000E94AC75E0913302F091340284E296E04A
:109A2000EE3038F4FF27EE0FFF1FE85FF94F859106
:109A300094910E9432138091EE0E9091EF0E83303C
:109A4000910509F4A4C58430910509F4A7C50297CE
:109A500009F0B3C581E090E090936F0F80936E0F93
:109A60000E940C348091630F9091640F892BF9F45C
:109A70008091700F9091710F029781F40E941811DC
:109A800080936C0F882351F010926D0F10926B0F22
:109A90008091630F9091640F892B49F480916B0F33
:109AA000882329F00E947C72811110926B0F8091A3
:109AB0006A0F811163CF8091630F9091640F892B9E
:109AC00009F05CCF80916E0F90916F0F83309105FC
:109AD00009F454CF20916C0F211150CF20916B0FBE
:109AE00021114CCF20916D0F222309F489C50E94CA
:109AF0007C72882309F442CF8091EE0E9091EF0E94
:109B0000019709F03BCF0E94514A882309F436CFD0
:109B100010926D0F33CF0E940B6F8430910571F45A
:109B20000E94AC750E948D1381E08093E90E81E064
:109B300090E09093EF0E8093EE0E7DCF9C01255028
:109B400031092330310508F076CF0E94891071CF9A
:109B5000C8010E94076E882309F47DC48091061213
:109B6000823009F04CC080917C0E8823E1F00E9485
:109B7000D3DE20917A0E30917B0E621B730B60391D
:109B80007140E8F110927C0E0E94D472811137C0AE
:109B900080910612823099F567E070E089ED95E0DA
:109BA0000E94FA7B2CC08091810E882309F4C6C0E4
:109BB0008091810E882319F1809106128230F9F488
:109BC0000E94C066182F8091820E9091830E1123FF
:109BD000B9F18230910561F50E94826211E0182787
:109BE0000E946D63912F182F80914C02882309F4F5
:109BF00044C0992349F10E94031F811175C08091CF
:109C0000FA0E9091FB0E0E94FC6D882319F081E002
:109C10000E94FC2E9FB7F894809106129FBF84305B
:109C200009F480CF08F407CF883008F46BC403CF61
:109C3000019709F01BC50E948262982F10E0D4CFD3
:109C4000029771F290E0D0CF0E947C728823B9F223
:109C50000E94D3DE20917F0E211112C070937E0EE0
:109C600060937D0E81E080937F0E8091800E88232B
:109C700031F2112309F4BFCFC2CF992349F3BBCFEF
:109C80002091800E222319F0112309F4B4CF2091E2
:109C90007D0E30917E0E8B01021B130B8091820E84
:109CA0009091830E8130910559F40E94B466811120
:109CB00004C00E9462628823A1F089E591E00CC093
:109CC000029779F40E949966882359F00E946D6387
:109CD000882399F38EE690E00817190708F08BCFD8
:109CE0008ECF88E790E0F8CF80910612843009F497
:109CF00086CF8091820E9091830E049771F40E941A
:109D0000D37181117CCF80910612823009F077CF18
:109D100067E070E088E695E043CF80E00E948172C2
:109D20000E94507381116BCF80910612823009F02E
:109D300066CF67E070E08EE595E032CF8091820ECD
:109D40009091830E8430910509F006C38091B40F81
:109D5000882321F08091B50F811109C08DEB95E02A
:109D60000E94EB6283EF9FE00E949EDA48CF8091D1
:109D7000B60F811123C28091B90F9091BA0F823032
:109D8000910509F49EC08330910509F4D2C0019772
:109D9000F1F58091BB0F9091BC0F2CEBC22E22E00D
:109DA000D22EE12CF12C039729F094E6C92ED12C68
:109DB000E12CF12C0E94D3DE0091EE0F1091EF0FF9
:109DC0002091F00F3091F10F601B710B820B930B00
:109DD0006C157D058E059F05D0F08091BB0F90918D
:109DE000BC0F039709F06AC081E00E94C8710E940D
:109DF00056DE6093EE0F7093EF0F8093F00F909309
:109E0000F10F82E090E09093BA0F8093B90F8091A8
:109E1000B90F9091BA0F049709F0CBC18091B70F99
:109E200020E48823E9F08091F20F0E9419638823CF
:109E300009F498CF1092B70F8091EA0F9091EB0F31
:109E4000A091EC0FB091ED0F0196A11DB11D809373
:109E5000EA0F9093EB0FA093EC0FB093ED0F2FE36D
:109E60004091EA0F5091EB0F6091EC0F7091ED0F64
:109E70008091C10F9091C20F6C01F12CE12C4C1517
:109E80005D056E057F0508F069C1841B950BE22E08
:109E9000F12C8E159F0508F47C01E0914402F091AD
:109EA0004502B70189E192E119958E159F0509F4E4
:109EB0005EC097FF59C08CE995E052CF84E090E0F6
:109EC000A2CF0E9456DE0091EE0F1091EF0F20916D
:109ED000F00F3091F10F601B710B820B930B683EFA
:109EE00073408105910508F492CFE0914402F0910E
:109EF000450261E070E082EF9FE0199581309105A5
:109F000041F097FF03C085EB95E02ACF8CEA95E0FE
:109F100027CF81E08093B70F0E9456DE6093EE0F4B
:109F20007093EF0F8093F00F9093F10F83E090E028
:109F30006ACF8091030180FFC1CF0E9456DE00915D
:109F4000EE0F1091EF0F2091F00F3091F10F601B89
:109F5000710B820B930B61347B448C44910508F4A4
:109F600056CF84EA95E0FCCE83E995E0F9CE809166
:109F7000BB0F9091BC0F049709E112E1029708F022
:109F8000CBC089E1C82E82E1D82E8091EA0F909152
:109F9000EB0FA091EC0FB091ED0F960129513241DA
:109FA0002E153F0508F0DAC0F60111916F011095EA
:109FB000110F111D110F111D892B8A2B8B2B09F0ED
:109FC00086C00E9456DE4B015C010E946062749A5A
:109FD0008091030180FD0EC00E9456DE6819790948
:109FE0008A099B0961347B448C44910588F38BE892
:109FF00095E0B6CE80E00E94E5628091030180FF8B
:10A000000EC00E9456DE681979098A099B096134DD
:10A010007B448C44910588F383E895E0A1CE812FA1
:10A02000881F8827881F0E94E5625B9840E068E4EB
:10A0300081E00E949A62882309F494CE16FB882757
:10A0400080F90E94E5620E94606240E06CE480E07A
:10A050000E949A62882309F485CE110F110F01E046
:10A06000402F6CE480E00E949A62882309F47ACE43
:10A07000812F881F8827881F0E94E5625B98402FE8
:10A0800068E481E00E949A62882309F46BCE16FB93
:10A09000882780F90E94E5620E946062110F110F0B
:10A0A0000F5F0430E9F68091EA0F9091EB0FA091D9
:10A0B000EC0FB091ED0F0196A11DB11D8093EA0F39
:10A0C0009093EB0FA093EC0FB093ED0F5ECF00E0F9
:10A0D000402F6CE480E00E949A62882309F442CE0B
:10A0E000812F881F8827881F0E94E5625B98402F78
:10A0F00068E481E00E949A62882309F433CE16FB5B
:10A10000882780F90E94E5620E946062110F110F9A
:10A110000F5F0430E9F6C7CFC801895192418E150F
:10A120009F05E0F4F80181918F010E941963882353
:10A1300009F418CE8091EA0F9091EB0FA091EC0FEB
:10A14000B091ED0F0196A11DB11D8093EA0F909380
:10A15000EB0FA093EC0FB093ED0FDECF8091C10F0A
:10A160009091C20FB0E0A0E04091EA0F5091EB0F48
:10A170006091EC0F7091ED0F481759076A077B0744
:10A18000C0F08091BB0F9091BC0F0497029708F02C
:10A1900072C00E9456DE6B017C018091030180FD3C
:10A1A00038C081E08093B60F80E00E94C8710E94A1
:10A1B000C3718091B60F882309F421CD1092810ECE
:10A1C00010927F0E10927E0E10927D0E80910412DE
:10A1D00090910512029709F0B8C08091D20E90912B
:10A1E000D30E2091D00E3091D10E8217930708F034
:10A1F000ACC0009709F403CD1091CD0EBE016F5F86
:10A200007F4F01960E94FB9181113BC01093CD0EB0
:10A21000F6CC0E9456DE6C197D098E099F096134C7
:10A2200072448F40910508F4B8CF85E58093F30F11
:10A230008CE48093F40F87E38093F50F8091BB0F3C
:10A240009091BC0F0597A9F488E48093F60F80E203
:10A250008093F70F95E49093F80F9EE49093F90F95
:10A2600094E49093FA0F8093FB0F89E00E9402DC44
:10A2700079CD8CE4EACF80E00E94F262811191CF27
:10A2800071CDF090CD0E1093CD0E09811A81C801C9
:10A290000297039708F459C08091D20E9091D30E83
:10A2A000009739F02091D00E3091D10E821793078C
:10A2B000C8F084E08093061280910612843009F47D
:10A2C0009ECC80E00E9481720E945073811197CCD5
:10A2D00080910612823009F092CC67E070E08FEC3A
:10A2E00095E05ECC60919F0E7091A00E8091A10EC2
:10A2F0009091A20E80909B0E90909C0EA0909D0E2F
:10A30000B0909E0E680D791D8A1D9B1D0E94687E6F
:10A31000811105C066E070E08AE795E041CC80914C
:10A32000D20E9091D30E01969093D30E8093D20EBD
:10A330000E94C681882309F462CCF092CD0EC80138
:10A340000E942F178111B8CF5ACC84E08093061257
:10A3500081E00E94817253CC20917B03222309F477
:10A360004AC0029709F047C08091710E882309F412
:10A370004AC09FB7F8948091710E81111092710EAE
:10A380009FBF8823C1F16091A70E7091A80E8091A4
:10A39000A90E9091AA0E0E94B87E811110C066E0AD
:10A3A00070E081E795E00E94FA7B8091061282308E
:10A3B00009F025CC66E070E084EC95E0F1CB1092DA
:10A3C000A30E1092A40E1092A50E1092A60E0E943B
:10A3D00044628091AF0E9091B00EA091B10EB091F9
:10A3E000B20E892B8A2B8B2B89F58FB7F89491E0CD
:10A3F0009093700E8FBF8091820E9091830E029782
:10A40000029708F0FCCB8091810E8111F8CB0E945D
:10A4100052628115964008F0F2CB4091A30E509104
:10A42000A40E6091A50E7091A60E8091AF0E909132
:10A43000B00EA091B10EB091B20E481759076A073D
:10A440007B0708F0DCCB0E94F687D9CB0E94F68709
:10A450008111CBCFAACF0730110509F06EC00E9441
:10A4600033108230910559F52FB7F8949091B503C8
:10A470008091B4032FBF992379F081110DC0809191
:10A48000FA039091FB03892B09F441C066E070E068
:10A4900085E595E00E94B43A0E943310029769F472
:10A4A0008091FA039091FB03892B39F00E944910A7
:10A4B0008115964010F40E94F33A0E9433109C01DB
:10A4C000245031092430310590F427E032E14091E5
:10A4D000071241110AC08530910511F54CE455E091
:10A4E00061E170E0C901232B29F50E94CE700E9422
:10A4F00033108430910509F415CB08F49CCA0897F1
:10A5000008F099CA87E092E10E94581394CA0E9409
:10A510004910892B09F0BACF80E00E94643BBCCF80
:10A52000079719F7232B09F343E455E061E170E045
:10A5300087E092E10E94C2B0D8CF80916B0E82304A
:10A5400079F48091430281110BC00E9473678115D9
:10A55000964030F480914302811102C00E944889E4
:10A5600080916B0E843061F080916B0E853041F0EC
:10A5700080916B0E863021F080916B0E873011F444
:10A580000E94CE709FB7F89480916B0E47CB82E00B
:10A5900090E090936F0F80936E0F7ACA83E090E003
:10A5A00090936F0F80936E0F10926D0F10926C0F3F
:10A5B00010926B0F0E940C346BCA80916E0F9091B9
:10A5C0006F0F0197029708F063CA10926F0F1092F5
:10A5D0006E0F10926D0F10926C0F10926B0F0E9405
:10A5E0000C348091700F9091710F0E94FC6D882344
:10A5F00009F44ECA81E080936A0F0E94817248CAB2
:10A60000019789F080916E0F90916F0F029709F07A
:10A61000B5C98091FD0E8111B1C90E947C72811172
:10A620001BC081E016C00E947C728111EBCF10929A
:10A630006B0F0E940635882309F4A0C91092FD0E05
:10A6400081E020916E0F30916F0F2230310509F0BB
:10A6500080E08093FC0E92C98091FC0E882309F45F
:10A660008DC91092FC0E0E94113488C990E0E6CA90
:10A670001F93CF93DF93182F8091700F9091710FDC
:10A680000E94FC6D811106C0C0E08C2FDF91CF913C
:10A690001F91089580916A0F8823B1F380916E0F06
:10A6A00090916F0F892B81F7112371F30E94DD2E9A
:10A6B000EC010E94F010209739F3009729F31F3F17
:10A6C000D1F4C230D10510F0CE0101970E94F64BB3
:10A6D000C82F8823C9F210926D0F10926C0F109240
:10A6E0006B0F0E940C3410926F0F10926E0F81E06E
:10A6F0000E948172CACFC817D90718F4CE010196FB
:10A70000E5CF81E090E0E2CFFC0160817181828140
:10A71000938108958091820E9091830E039761F545
:10A72000E091BB0FF091BC0F3697E930F10508F5C9
:10A730008827E256FC4A8F4F0D94FB02AD53AD5370
:10A74000B953AA53A753B653B353C153B05384E478
:10A7500090E1089589EF9DE0089580E09AE00895E2
:10A760008FE49FE108958CEA91E1089580E29DE0F5
:10A7700008958AE39BE00895809106029091070274
:10A7800008958DEE9EE108958091820E9091830E42
:10A79000039761F5E091BB0FF091BC0F3697E9305C
:10A7A000F10508F58827E852FC4A8F4F0D94FB020B
:10A7B000E753E753F353E453E153F053ED53FB53A3
:10A7C000EA5389EA9EE008958FEF9AE0089580E0C9
:10A7D0009AE008958FE49FE108958CEA91E108954D
:10A7E00080E29DE008958AED99E008958091080245
:10A7F00090910902089582E59DE108958091820E6D
:10A800009091830E039761F5E091BB0FF091BC0F1F
:10A810003697E930F10508F58827EE5EFB4A8F4F41
:10A820000D94FB02215421542D541E541B542A54C0
:10A8300027543554245484EB98E008958AEC97E02B
:10A84000089580E095E0089580EA9FE008958FECF8
:10A8500098E0089589E896E0089585E597E00895E1
:10A86000809102029091030208958EE790E108958D
:10A870008091820E9091830E039761F5E091BB0F5A
:10A88000F091BC0F3697E930F10508F58827E45BB5
:10A89000FB4A8F4F0D94FB025B545B546754585432
:10A8A0005554645461546F545E548AE197E008959E
:10A8B0008FE795E0089580E095E008958FEA9FE0A6
:10A8C00008958DED98E0089587E996E0089580ED6C
:10A8D00094E008958091040290910502089589EA18
:10A8E0009EE00895E0E9F0E080818F7C8083E1E7DD
:10A8F000F0E080818B7F80830895982F9F7D915415
:10A900009A31D0F090ED980F9A30B0F08032A1F0EB
:10A9100093ED980F923080F08F3571F098ED980F8D
:10A92000923050F08B3241F0662321F061E08F329B
:10A9300009F060E0862F089561E0FCCFCF92DF92AE
:10A94000EF92FF920F931F93CF93DF93D42EC22EDB
:10A950008C017C01E60EF11CD0E0E016F10639F125
:10A96000F801C1918F01CC2311F1CD3001F1D1104B
:10A9700005C0EC2FF0E0EC57F44FC4918C2F8F7D85
:10A9800081548A3180F080ED8C0F8A3060F06C2D1C
:10A990008C2F0E947D54882301F3C032F1F2DF3FF7
:10A9A000E1F2DF5FDACFDE3FC0F6DE5FD6CF8D2F7C
:10A9B000DF91CF911F910F91FF90EF90DF90CF909B
:10A9C0000895AF92BF92CF92DF92EF92FF920F93D2
:10A9D0001F93DC01DC96ED91FC91DD97309731F10E
:10A9E000808140E050E0BA0183FF0CC0408D518D62
:10A9F000628D738D80899189A289B389481B590B17
:10AA00006A0B7B0B4115B0E85B076105710520F00F
:10AA10004FEF5FE760E070E0CA011F910F91FF9078
:10AA2000EF90DF90CF90BF90AF900895DE96ED91BC
:10AA3000FC9180E090E0309781F384A583FF23C0F0
:10AA40002085318542855385648575858685978502
:10AA5000A080B180C280D380E480F5800681178118
:10AA60000F945204F22FE32F2F3F3F47410551052A
:10AA7000610571058105910519F010F0FFEFEFE711
:10AA80008F2F9E2FCACF20E030E040E050E060E002
:10AA900070E080E090E0E6CF90913004662321F0F2
:10AAA000892B80933004089580958923FACF90E014
:10AAB00080E00895AF92BF92CF92DF92EF92FF9223
:10AAC0000F931F93CF93DF930097B9F17B018C0114
:10AAD000EC0109900020E9F72197C81BD90BCB01A5
:10AAE0000E949EFF6C01C817D90738F1C81BD90B0B
:10AAF000C00FD11F10E000E0C016D10691F0F701A1
:10AB0000E00FF11FB490899190E00F947004A82E8B
:10AB10008B2D90E00F947004A8120FC00F5F1F4F91
:10AB2000EBCF81E0DF91CF911F910F91FF90EF90DC
:10AB3000DF90CF90BF90AF90089580E0F3CFFC01FD
:10AB400080A991A9009721F030E020E00C94EAE57B
:10AB500082A993A9009711F00C941EA88FEF9FEF84
:10AB60000895CF93DF931F92CDB7DEB741E050E059
:10AB7000BE016F5F7F4F0C960E949F55019731F485
:10AB8000898190E00F90DF91CF9108958FEF9FEF33
:10AB9000F9CF4F925F926F927F928F929F92AF9276
:10ABA000BF92CF92DF92EF92FF920F931F93CF93BA
:10ABB000DF931F92CDB7DEB7FC0104AD15AD0115D3
:10ABC0001105A9F1F80180889188A288B388C4840E
:10ABD000D584E684F78430E020E041E050E0BE0117
:10ABE0006F5F7F4FC8010E94EAE50197E9F4898110
:10ABF00090E0F801808A918AA28AB38AC486D586B9
:10AC0000E686F7860F90DF91CF911F910F91FF900D
:10AC1000EF90DF90CF90BF90AF909F908F907F90FC
:10AC20006F905F904F9008958FEF9FEFE2CF06AD4A
:10AC300017AD8FEF9FEF0115110521F3F80140804B
:10AC400051806280738084809580A680B780C08C9C
:10AC5000D18CE28CF38C41E050E0BE016F5F7F4FFE
:10AC6000C8010E941EA8019781F4898190E0F80133
:10AC7000408251826282738284829582A682B782E8
:10AC8000C08ED18EE28EF38EBDCF8FEF9FEFEFCFD0
:10AC9000FC0180A991A9009711F00C9486E482A987
:10ACA00093A9009711F00C944EA380E008950C96A0
:10ACB0000C944856DF92EF92FF920F931F93CF931D
:10ACC000DF93EB018C01FE01D490F801F1908F012C
:10ACD0008F2D0E94B7A0E82E8D2D0E94B7A0E812FC
:10ACE00004C0FF2059F02196EECF80E0DF91CF9194
:10ACF0001F910F91FF90EF90DF90089581E0F6CFC4
:10AD0000CF92DF92EF92FF920E94D3DE6B010E94FE
:10AD10008ED7892BA9F081E080933004D0922D0446
:10AD2000C0922C04D0922F04C0922E048091300443
:10AD3000877E80933004FF90EF90DF90CF9008954E
:10AD400087E0EACF2F923F924F925F926F927F926D
:10AD50008F929F92AF92BF92CF92DF92EF92FF922B
:10AD60000F931F93CF93DF93CDB7DEB76E970FB6D8
:10AD7000F894DEBF0FBECDBF7E876D875E8B4D8B97
:10AD8000DC01D0960D90BC91A02DBA87A9871097B1
:10AD900009F4E1C012968C9181FF1BC083FD21C094
:10ADA0008D889E88A40170E060E0E985FA8580893D
:10ADB0009189A289B38980959095A095B0955F01FE
:10ADC000FCE0AF0EB11C84179507A607B70708F083
:10ADD000D6C4E985FA858181816081831E8A1D8AB6
:10ADE0009FC0A985BA8558964D915D916D917C91D2
:10ADF0005B97CD010E941AE58111D2CFEACF950170
:10AE00000E94B2E387FDE5CF811106C089859A854E
:10AE10000E94899B8823E9F2A985BA851696ED914F
:10AE2000FC9117971C964D915D916D917C911F97A8
:10AE30004250510961097109848104C0440F551FB2
:10AE4000661F771F8A95D2F781899289A389B48971
:10AE5000480F591F6A1F7B1FFDC4E985FA85848D41
:10AE6000958DA68DB78D0097A105B10589F4CF0109
:10AE70000E94899B882309F4ACCFE985FA858485F3
:10AE80009585A685B785848F958FA68FB78FB8C413
:10AE9000E985FA8584879587A687B787B1C421E0BD
:10AEA0003AC49401232F332726950281011B110BED
:10AEB0002017310708F489012801542C4424550C2B
:10AEC000C416D506E606F70698F0DB01CA01800F26
:10AED000911FA11DB11DC816D906EA06FB0640F454
:10AEE00014A28FEF9FEFDC0187A390A7A1A7B2A7C1
:10AEF0002D853E85C3010E94E7E028C4E985FA85D7
:10AF0000808D918DA28DB38D8C159D05AE05BF05ED
:10AF100038F4C08ED18EE28EF38E82818068828377
:10AF20008D899E896E960FB6F894DEBF0FBECDBF99
:10AF3000DF91CF911F910F91FF90EF90DF90CF9015
:10AF4000BF90AF909F908F907F906F905F904F9049
:10AF50003F902F900895DC01D2960D90BC91A02DCA
:10AF6000BE8FAD8F109709F439CF9E968C9181FFDB
:10AF700073C183FD52C1ED8DFE8DF081F983AD8DDE
:10AF8000BE8D1196BC91B987ED8DFE8DF281FB8748
:10AF9000AD8DBE8D1396BC91BC87ED8DFE8DF48179
:10AFA000FF87AD8DBE8D1596BC91B88BED8DFE8D56
:10AFB000F681F98BAD8DBE8D1796BC91BA8BED8D58
:10AFC000FE8D408851886288738884889588268899
:10AFD0003788298139854B855C856F857889898992
:10AFE0009B2F52016301740181010F945B0411F0E6
:10AFF00008F03BC11B861C861F86188A198A1A8A8C
:10B000001F8A188E8D889E889A8689862D8D3E8D02
:10B01000285E3F4F3C8F2B8FAD8DBE8D2C901196AF
:10B020003C90119712964C90129713965C90139740
:10B0300014966C90149715967C90159716968C9094
:10B04000169717969C901797E985FA85EF2B09F4C8
:10B050000AC39096ED91FC91DF01AC5DBD4FCD90A0
:10B06000DD90ED90FC90320121014C205D206E209E
:10B070007F20920131703C8B2B8B41145104610471
:10B08000710409F056C0AD8DBE8D5896CD90DD90FF
:10B09000ED90FC905B97C114D104E104F10409F434
:10B0A00023C19E968C919E9786FF0EC15C968D90D3
:10B0B0009D90AD90BC905F9718962C91189719961B
:10B0C0003C9119971A964C911A971B965C911B9775
:10B0D0001C966C911C971D967C911D971E968C91C9
:10B0E0001E971F969C91AFEF0F944604E15DFD4FB4
:10B0F0000081075F0F94220429833A834B835C838A
:10B100006D837E838F83988729813A814B815C810F
:10B11000820E931EA41EB51EC814D904EA04FB04B3
:10B1200008F4C4C08D8D9E8D0E94BDA0882309F4B3
:10B1300093C0AD8DBE8D9096ED91FC91DF01A15D28
:10B14000BD4F3C907301620119E0F694E794D794E7
:10B15000C7941A95D1F7AD8DBE8D58964D905D90E0
:10B160006D907C905B97B2E04B1A510861087108B2
:10B17000032C04C0440C551C661C771C0A94D2F79F
:10B180004C0C5D1C6E1C7F1CCF01885E9D4FDC014A
:10B190004D915D916D917C91440E551E661E771EFA
:10B1A0008B889C88892809F0C1C089849A8481147D
:10B1B00022E0920608F4BAC02B853C854F85588959
:10B1C00069897A898F89988DA0E00F94640409F0C9
:10B1D000ADC04381548165817681818192818114E2
:10B1E00034E0930608F0E9C1441655066606770672
:10B1F00041F410824FEF5FEFBA01438354836583BC
:10B2000076832D853E85B301A2010E9469E18823E2
:10B2100019F1212C82E0382E11C1AD8DBE8D18960A
:10B220000C91189719961C9119971A962C911A97A8
:10B230001B963C911B971C964C911C971D965C91FC
:10B240001D971E966C911E971F967C911F97CD019E
:10B250000E9469A181118FCEAD8DBE8D9D968C917E
:10B260009D9781609D968C93B9CD82019301A40135
:10B27000B1018D8D9E8D0E9469A1882369F329817A
:10B2800039854B855C856F85788989899A895201D2
:10B290006301740181010F9452042B873C874F870F
:10B2A000588B698B7A8B8F8B988FACCE3FEFC31AFC
:10B2B000D30AE30AF30AAD8DBE8D5896CD92DD9286
:10B2C000ED92FC925B9735CF2B8D3C8DB701A6019B
:10B2D000CF010E94279E082E000C990B97FDBCCF32
:10B2E000892B09F41FCF25CFED8DFE8D848D958D93
:10B2F000A68DB78D0097A105B10589F4CF010E94F5
:10B30000BDA0882309F4A8CFED8DFE8D808D918D91
:10B31000A28DB38D848F958FA68FB78F0ACFED8DB9
:10B32000FE8D808F918FA28FB38F03CF212CB2E03F
:10B330003B2E8B889C8828183908892809F02EC153
:10B34000AD8DBE8D2C9111963C91119712964C911A
:10B35000129713965C91139714966C911497159607
:10B360007C9115975096AC9050975196BC90519700
:10B370005296CC9052975396DC9053975496EC90FB
:10B3800054975596FC90559756960C91569757960C
:10B390001C91579716968C91169717969C910F941F
:10B3A0005B0408F4FBC025E0B301A201CF010E94B9
:10B3B000F3E2009709F450CFEB89FC89E80FF91FFD
:10B3C0002B853C854F85588969897A898F89988D25
:10B3D000A0E00F94640409F4E3C04101B12CA12C56
:10B3E000C12CD12C760129829A82AB82BC82CD827B
:10B3F000DE82EF82F8865101C12CD12CE12CF12C98
:10B4000000E010E00F945B0410F4222E332EA10113
:10B4100070E060E0CF010F948E048B899C89820DCF
:10B42000931D8115924051F4AD8DBE8D90968D91F6
:10B430009C910E94BDE1882309F40ECF910150E058
:10B4400040E060E070E0CB0129823A834B835C836B
:10B450006D837E838F83988740E050E060E070E0EA
:10B4600080E090E0AD8DBE8DAC901196BC901197B0
:10B470001296CC9012971396DC9013971496EC903A
:10B4800014971596FC90159716960C91169717968B
:10B490001C9117970F943D04722E832E942E652EC7
:10B4A000562E472EF82FE92F2C9311963C93119787
:10B4B00012964C93129713965C93139714966C9371
:10B4C000149715967C93159716968C931697179646
:10B4D0009C932B853C854F85588969897A898F890A
:10B4E000988DA0E00F94640409F4B0C0A980BA80DC
:10B4F000C12CD12CE12CF12C00E010E00F9452046F
:10B500002B873C874F87588B698B7A8B8F8B988FD3
:10B51000AD8DBE8D5096AC9050975196BC90519782
:10B520005296CC9052975396DC9053975496EC9049
:10B5300054975596FC90559756960C91569757965A
:10B540001C915797272D382D492D562D652D742D7B
:10B550008F2F9E2F0F945B0409F008F45DCD9E960B
:10B560008C919E9780689E968C939E9750967C9225
:10B57000509751968C92519752969C92529753960F
:10B580006C92539754965C92549755964C9255975B
:10B590005696FC9356975796EC933ECD21E004CFF8
:10B5A00089849A848214930408F41401A1016D859E
:10B5B0007E85CF010F94850430CF09851A85012F30
:10B5C0001127069530E020E0812C912C54018394C2
:10B5D00004C0880C991CAA1CBB1C3A94D2F789821F
:10B5E0009A82AB82BC828C189D08AE08BF080815F1
:10B5F00019052A053B0510F44801590195018401FC
:10B60000A9E0000F111F221F331FAA95D1F71801BF
:10B610008401441555056605770588F0840C951C52
:10B62000A61CB71C481559056A057B0540F4108215
:10B630002FEF3FEFA90123833483458356832D8564
:10B640003E85B301A2010E94E7E0F5CEAD84BE8441
:10B65000A20CB31CBE86AD8629853A852219330912
:10B660003A87298755CFED8DFE8D2085318542851E
:10B6700053856485758586859785510162017301BF
:10B6800084010F945B0408F04BCC208631864286FF
:10B690005386648675868686978686A5806886A783
:10B6A0003FCCFC014250510961097109848104C0F9
:10B6B000440F551F661F771F8A95D2F7818992899B
:10B6C000A389B489480F591F6A1F7B1F80E092E04D
:10B6D0008619970924018815990508F42C0161142D
:10B6E000710409F0DCCBA985BA8550960D911D91A6
:10B6F0002D913C9153975896CD90DD90ED90FC9014
:10B700005B970C151D052E053F0520F412968C91B4
:10B7100085FFC5CB25E0CF0184960E94F3E2009718
:10B7200009F457CBA2016D857E85860D971D0F9478
:10B730008504640C751C6114B2E07B0651F4E98544
:10B74000FA858681978184960E94BDE1882309F459
:10B7500040CBE985FA8580899189A289B389840DD6
:10B76000951DA11DB11D808B918BA28BB38B2D8557
:10B770003E85240D351D3E872D8784189508E98563
:10B78000FA85C088D188E288F3888114910409F48D
:10B79000B5CB86819781DC0113961C91B701A60178
:10B7A00029E076956795579547952A95D1F7142303
:10B7B0003601B1E07B22111123C044855585668591
:10B7C00077856114710409F06CCF4115510561054D
:10B7D000710509F442CB228126FF11CB208C318CDC
:10B7E000428C538CC214D304E404F50408F007CB54
:10B7F0004F5F5F4F6F4F7F4F4487558766877787CF
:10B80000A985BA851696ED91FC9117971C964D91D6
:10B810005D916D917C911F974250510961097109A9
:10B82000848104C0440F551F661F771F8A95D2F785
:10B8300081899289A389B489840F951FA61FB71F98
:10B84000AC01BD01410F511D611D711D61147104D9
:10B8500009F03CCF8114B2E09B0608F437CFC7A0B3
:10B86000D0A4E1A4F2A465A076A0811424E09206FD
:10B8700008F017CB4C155D056E057F0541F414A249
:10B880008FEF9FEFDC0187A390A7A1A7B2A72D851B
:10B890003E85C3010E9469E1882309F49ACA412CBC
:10B8A00002E0502E56CF0C960C94A256CF93DF9305
:10B8B0001F92CDB7DEB7698341E050E0BE016F5FF4
:10B8C0007F4F0C960E94A2560F90DF91CF91089562
:10B8D000CF93DF93C4E0D0E120E8FE0111922A95D6
:10B8E000E9F722E1FC01DE0101900D922A95E1F7D2
:10B8F0006A8B7B8BFC0176968AE2A8E1B0E101902D
:10B900000D928A95E1F7DF91CF91089528E0462FB7
:10B9100050E05595479597FD0CC06170880F991FB1
:10B92000662319F035E0832790582150642F79F76A
:10B9300008956095F2CFCF93DF9300D01F92CDB7DB
:10B94000DEB7BE016D5F7F4FCE0101960E942836A3
:10B95000882309F149815A812B813C81240F351FAD
:10B960004115510511F441E050E02230310510F449
:10B9700022E030E021503109309399002093980063
:10B9800050939B0040939A00509349024093480281
:10B9900091E09093760E0F900F900F900F90DF91A3
:10B9A000CF9108959093830E8093820E109283031B
:10B9B00010928203109281031092800310927603FA
:10B9C0001092770310927803109279031092750306
:10B9D000109274031092730310927D0310927C03F3
:10B9E0001092720E1092710E1092700E1092810EC3
:10B9F0001092800E10927F0E10927E0E10927D0E8D
:10BA000010927C0E10927B0E10927A0E1092790E8C
:10BA10001092780E1092770E1092760E1092730E8E
:10BA2000019711F4109293030895AF92BF92CF92B1
:10BA3000DF92EF92FF920F931F93CF93DF93F82E35
:10BA40005B01E42E6901E801882319F10E94C453C7
:10BA5000F601918380830E948A5399838883809121
:10BA60002902882359F08091820E9091830E0397CA
:10BA700029F0A114B10489F5FF2061F1DF91CF9184
:10BA80001F910F91FF90EF90DF90CF90BF90AF90FC
:10BA900008950E943854F601918380830E94FE53DA
:10BAA00099838883A114B104D1F68091B5048823C9
:10BAB000B1F2823051F480E09FE0F60191838083FF
:10BAC00080E890E199838883D9CF8FED9EE0F601DD
:10BAD000918380838DE290E1F5CFAA94AB2839F46D
:10BAE00080E090E1FF2071F383E79EE1EBCFFF2040
:10BAF00039F08AE69EE1EE2029F38DE39EE1E2CF64
:10BB000087EF9FE0EE20F1F28AEC9FE0DBCFCF924F
:10BB1000DF92EF92FF920F931F93CF93DF93CDB7F6
:10BB2000DEB76E970FB6F894DEBF0FBECDBF8C01A7
:10BB30008F30910509F4B1C00797FF24F394029761
:10BB400060F00630110509F0F12C0031110509F4FF
:10BB5000A7C00A30110509F4A3C0EE24E39409300C
:10BB6000110509F0E12C680182E0C81AD1080B30F8
:10BB7000110509F098C082E08093280281E090E0EE
:10BB800021E00D30110509F020E020937B0398019E
:10BB9000277F2530310511F483E090E02EE1289FC6
:10BBA000B001299F700D11246250704F4EE150E09A
:10BBB000CE0101960E948CFF8E819F819093050299
:10BBC00080930402888599859093030280930202F2
:10BBD0008A859B8590930902809308028C859D85B8
:10BBE00090930702809306020115110509F473C0B2
:10BBF000F1100AC0FE2CE11007C0FF24F39483E08B
:10BC0000C816D10408F0F12CF09229021092B50464
:10BC10008E859F8590931202809311028A899B8959
:10BC20009093100280930F028E8980930E028F8969
:10BC300080930C02888D80930D02898D80930B0276
:10BC40008A8D80930A028B8D9C8D909372038093D2
:10BC5000710383E0C816D10488F48CE795E19093D2
:10BC60001202809311029093100280930F0282E0DF
:10BC70000430110509F081E08093B5046E960FB68B
:10BC8000F894DEBF0FBECDBFDF91CF911F910F9112
:10BC9000FF90EF90DF90CF900895FF24F3945DCF55
:10BCA000EE24E39460CF0C30110531F483E08093EF
:10BCB000280282E090E064CF0E30110531F484E078
:10BCC000809328028AE090E05BCF81E08093280295
:10BCD00090E080E055CFFF24F39496CF982F96956F
:10BCE0009575891B982F9373869586958373890F15
:10BCF000982F92959F70890F8F7008952F923F9281
:10BD00004F925F926F927F928F929F92AF92BF926B
:10BD1000CF92DF92EF92FF920F931F93CF93DF9317
:10BD2000CDB7DEB7A6970FB6F894DEBF0FBECDBF76
:10BD30008A8B2A013B010A871B872C873D878E2D22
:10BD4000DC8ACB8A0E946E5E982E8F2D0E946E5EDA
:10BD5000980EA92CB12CD12CC12CAD8ABE8ACF8AC9
:10BD6000D88E0E9438549A8389830E94FE538C0196
:10BD70000E94C4539F8F8E8F0E948A5399A388A3D9
:10BD800030E020E068017901A980BA80CA0CDB1C90
:10BD9000E11CF11CCA8EDB8EEC8EFD8EBA882090E1
:10BDA000110230901202B11004C020900F023090A6
:10BDB000100280917B03882309F475C1809171037F
:10BDC00090917203892B09F471C102E009879201F5
:10BDD000A30160E070E080E090E003E00F940704CE
:10BDE000822E398F4BA35AA3B62FA72FF82FE92FF6
:10BDF0000A851B852C853D857801890120E130E08D
:10BE000040E050E060E070E080E090E057016801C1
:10BE1000E12CF12C00E010E00F94520459016A016A
:10BE20007B018C01282D398D4BA15AA16B2F7A2FC4
:10BE30008F2F9E2F0F943D04A92CB12CC12CD12CF7
:10BE4000E12CF12C00E010E00F945204AA84BB8492
:10BE5000CC84DD844A0C5B1C6C1C7D1CCD88DE8888
:10BE6000EF88F88C4C0C5D1C6E1C7F1C630152012A
:10BE7000E12CF12C87014A86BB866C86DD86EE8636
:10BE8000FF86088B198B512C412C612C712C43019E
:10BE9000BA88BB2009F40DC1C0900C02CD8AB984C8
:10BEA000AB2CB12CD12CC12CE12CF12C8701A98217
:10BEB000BA82CB82DC82ED82FE820F831887590121
:10BEC0006A017B018C01298530E040E050E060E0B0
:10BED00070E080E090E00F9425035101620173014E
:10BEE00084010F943D04AD88B12CC12CD12CE12CE0
:10BEF000F12C00E010E00F943D040985023009F0B8
:10BF0000DCC02090710330907203512C412C612CC5
:10BF1000712C430151016201730184010F943D04AE
:10BF200029873D8B498F5AA36BA37CA38DA39EA326
:10BF30001A8980910E02111102C080910D02809029
:10BF40000A02880E9924991C292D220F220B2A8B74
:10BF50002A853B854C855D8560E070E080E090E05F
:10BF6000A4E00F944604A980BA80CB80DC80ED80E9
:10BF7000FE800F8118850F94250359016A017B010A
:10BF80008C0194014A89542F642F742F842F942F8D
:10BF90000F943D04A8A1B9A16D01F12CE12CEE8D07
:10BFA000FF8DCE0EDF1EE11CF11C56016701E12C56
:10BFB000F12C00E010E00F94250329013A014B0118
:10BFC0001C01CA8CDB8CEC8CFD8C56016701E12CCA
:10BFD000F12C8701A982BA82CB82DC82ED82FE82BB
:10BFE0000F831887A984BD88C98CDAA0EBA0FCA0B8
:10BFF0000DA11EA129813A814B815C8160E070E036
:10C0000080E090E00F9425032056304F4F4F5F4F54
:10C010006F4F7F4F8F4F9F4F59016A017B018C01FA
:10C020009201A301B401C1010F943D04E0E4AE2EDE
:10C03000FFE1BF2EC12CD12CE12CF12C00E010E04F
:10C040000F94AA0329873983F42FE52F2F3F3F4F01
:10C050004F4F5F4F6105710581059105B9F1B0F151
:10C060008FEF9FEFDC01EB89FC8980839183A283B2
:10C07000B38380E0A6960FB6F894DEBF0FBECDBFA7
:10C08000DF91CF911F910F91FF90EF90DF90CF90B4
:10C09000BF90AF909F908F907F906F905F904F90E8
:10C0A0003F902F90089511E0198791CE21E02987C4
:10C0B0008ECED0900B02DD8AF2CE212C312C412C79
:10C0C000512C612C712C812C912C24CF85E993E08B
:10C0D000892B31F289859981AF2FBE2F409195032D
:10C0E0005091960360919703709198038A019B0188
:10C0F0000095109520953095081719072A073B07DA
:10C1000060F48FEF9FEFDC0180939503909396038B
:10C11000A0939703B0939803A3CF480F591F6A1FAA
:10C120007B1F4093950350939603609397037093FE
:10C130009803EB89FC8940815181628173818A0176
:10C140009B010095109520953095081719072A072F
:10C150003B0708F485CF840F951FA61FB71F808368
:10C160009183A283B38381E085CF2F923F924F9238
:10C170005F926F927F928F929F92AF92BF92CF9277
:10C18000DF92EF92FF920F931F93CF93DF93CDB780
:10C19000DEB76B970FB6F894DEBF0FBECDBF6987D1
:10C1A0007A878B879C8729013A01802FC98ADA8A8E
:10C1B000EB8AFC8ABB8EAA8E0E946E5E082F812FAE
:10C1C0000E946E5EE82F49855A856B857C85A3E0C9
:10C1D000440F551F661F771FAA95D1F744155505C3
:10C1E0006605770508F405C1A301920160E070E0DF
:10C1F000CB0149823A836B825C836D837E838F831C
:10C2000098870E0F098F4BA95CA99A0140E050E076
:10C2100060E070E080E090E0A0E10F9446045401FB
:10C22000C12CD12CE12CF12C00E010E00F943D0446
:10C23000A988BA88CB88DC880F943D04A980BA808D
:10C24000CB80DC800F94520439014A01B62FA72F0E
:10C25000F82FE92FE984FA840B851C8567017801A2
:10C2600000E010E09801C986DA86EB86FC860D872F
:10C270001E872F87388B9601A70160E070E080E071
:10C2800090E003E00F94070459016A017B018C01DF
:10C290009301A4016B2F7A2F8F2F9E2F0F943D04B3
:10C2A000A98CB12CC12CD12CE12CF12C00E010E098
:10C2B0000F9452044FA858AC69AC7AAC12015101EA
:10C2C00063010F942503322E832E942E252E2B01ED
:10C2D0003C014DA95EA99A0140E050E060E070E0A9
:10C2E00080E090E0A2E00F944604E9A9FAA95F017A
:10C2F000C12CD12CE12CF12C00E010E00F943D0476
:10C30000CA8CDB8C5601D12CC12CE12CF12C87017D
:10C31000A98ABA8ACB8ADC8AED8AFE8A0F8B188FAB
:10C32000C12CD12CE12CF12C00E010E00F943D0445
:10C33000A980BA80CB80DC800F943D04A984BA84A4
:10C34000CB84DC840F943D04A98CB12CC12CD12C5E
:10C350000F943D04CBACDCACEDACFEAC56016701F8
:10C36000E12CF12C8701A982BA82CB82DC82ED829A
:10C37000FE820F831887E12CF12C00E010E00F946F
:10C3800025032056304F4F4F5F4F6F4F7F4F8F4FDA
:10C390009F4F59016A017B018C01232D382D492DB6
:10C3A000522DB201C3010F943D04E0E4AE2EFFE133
:10C3B000BF2EC12CD12CE12CF12C00E010E00F9409
:10C3C000AA03F42FE52F2F3FAFEF3A074A075A078A
:10C3D000610571058105910571F068F08FEF9FEFA0
:10C3E000DC012196EEADFFAD219780839183A2837E
:10C3F000B38380E01FC0C901AF2FBE2F2196EEADE1
:10C40000FFAD219740815181628173818A019B0137
:10C410000095109520953095081719072A073B07B6
:10C42000E8F2840F951FA61FB71F80839183A28314
:10C43000B38381E06B960FB6F894DEBF0FBECDBF1D
:10C44000DF91CF911F910F91FF90EF90DF90CF90F0
:10C45000BF90AF909F908F907F906F905F904F9024
:10C460003F902F90089581E08093B10F1092940334
:10C470008FEF80930002E091B20FF091B30F3097ED
:10C4800011F080E0199408958FB7F89410927F030B
:10C4900010927E031092700310926F0310920102AB
:10C4A0008FBF08954FB7F89420917E0330917F039A
:10C4B00080916F03909170034FBF821B930B08957F
:10C4C0005B9A08958091B40F882359F02091BB0F97
:10C4D0003091BC0F2650310981E02230310508F03F
:10C4E00080E008958091B40F882359F02091BB0F0C
:10C4F0003091BC0F2450310981E02230310508F021
:10C5000080E008958091B40F882359F02091BB0FEB
:10C510003091BC0F2350310981E02330310508F000
:10C5200080E00895E4EBFFE080E5DF011D928A954D
:10C53000E9F70895CF92DF92EF92FF921F93CF9386
:10C54000DF93182FD62FC42F0E9456DE6B017C017B
:10C550008091030181701817B1F10E9456DE6C19A9
:10C560007D098E099F09613472448F40910580F3E3
:10C5700085E58093F30F8CE48093F40F87E3809339
:10C58000F50F8091BB0F9091BC0F0597D1F08CE413
:10C590008093F60F80E28093F70FD093F80FC3706B
:10C5A000C05DC093F90F8093FA0F88E00E9402DC0F
:10C5B00080E0DF91CF911F91FF90EF90DF90CF90BF
:10C5C000089588E4E5CF81E0F4CF882311F0749AD0
:10C5D000089574980895AC0161E170E083EF9FE0E5
:10C5E0000C9482F0CF92DF92EF92FF92CF93C82FFC
:10C5F0000E9456DE6B017C01809103018170C81797
:10C60000B1F00E9456DE6C197D098E099F096132D6
:10C61000714A8740910580F38EE39DE00E94EB62B2
:10C6200080E0CF91FF90EF90DF90CF90089581E070
:10C63000F8CF1F93CF93DF938095C82FCC0FC11DE8
:10C64000CC0FC11D14E080E00E94F2628823E9F063
:10C650008C2F881F8827881F0E94E5625B9881E0E5
:10C660000E94F262D82F882381F0C6FB882780F9C8
:10C670000E94E5620E946062CC0FCC0F115019F746
:10C680008D2FDF91CF911F910895D0E0F9CFE8EC85
:10C69000FFE080E09191992311F09D3059F4E82F4B
:10C6A000F0E0E853F04F882349F09291903231F452
:10C6B0008150F9CF8F5F813169F7F1CF08958E30C6
:10C6C000910549F09C012B50310981E02230310560
:10C6D00018F080E0089581E008958091B40F8823D8
:10C6E00031F08091BB0F9091BC0F0C945F6380E0A0
:10C6F00008950E946D63882359F02091820E309135
:10C70000830E2250310981E02230310508F080E0AB
:10C7100008958D30910549F09C012850310981E040
:10C720002330310518F080E0089581E00895EF92FC
:10C73000FF920F931F93CF93DF93DC01892B49F472
:10C7400090E080E0DF91CF911F910F91FF90EF90EB
:10C7500008958091B40F882399F34091BF0F5091B1
:10C76000C00F6417750760F30091BB0F1091BC0FE9
:10C77000C8010197029708F0C4C00230110509F002
:10C78000BBC08091BD0F9091BE0F480F591F8DEE19
:10C790008C9383E711968C93119712964C93129772
:10C7A00013965C93139781E314968C931497CA01A4
:10C7B000429615968C93159716969C93169787E03C
:10C7C00090E0E8EBFEE0ED01C80FD91F2CEB3EE056
:10C7D0006491699331962E173F07D1F79C012C5F26
:10C7E0003F4F6091BB0F7091BC0F6230710581F4B7
:10C7F000EEE1FFE0ED01C20FD31F22E23FE06491C2
:10C80000699331962E173F07D1F79C01285F3F4F60
:10C81000ED01C20FD31F81E088839091C10F8091F9
:10C82000C20FF9013196EA0FFB1F9083818381E2E9
:10C830008B839091C30F8091C40FF9013496EA0F56
:10C84000FB1F9083818381E18E839091C50F80913E
:10C85000C60FF9013796EA0FFB1F9083818385EDA0
:10C86000898786E7E82E8EE0F82EC9010A968A0F9E
:10C870009B1F65EB7EE0F7011491FC011193CF0142
:10C88000FFEFEF1AFF0A6E157F05A9F789EDFE018C
:10C89000E75BFF4F808391E0319690833196108261
:10C8A000319690833196808331961082B901605B16
:10C8B0007F4F81EE319680838091BB0F9091BC0FAA
:10C8C000029799F46A0F7B1F8DEEFB018083CF5A8C
:10C8D000DF4F8BE78883F901EE5AFF4FEA0FFB1F0A
:10C8E00040835183B9016C5A7F4FCB010196A60F4B
:10C8F000B71F29EE2C9326CF50E040E090E080E077
:10C9000060CF0330110509F0D6C08091B80F8111B6
:10C9100040C0E1E0FFE0CD014D96ED012491299367
:10C9200031968C179D07D1F781E05D968C935D97CA
:10C930009091C10F8091C20F5E969C935E975F9617
:10C940008C935F9781E290968C9390979091C30F10
:10C950008091C40F91969C93919792968C93929705
:10C96000EBE3FEE0ED01A396CD01825A9F4F2491A7
:10C97000299331968C179D07D1F73091C50F2091DF
:10C98000C60FFC013083A15ABF4F2C9380E690E084
:10C99000D9CE91E29C938DE111968C93119781E110
:10C9A00012968C93129713968C93139714961C924D
:10C9B000149780EC15968C93159785ED16968C93AD
:10C9C000169721E017962C93179783E518968C936A
:10C9D000189719961C9219978DEE1A968C931A97A0
:10C9E00080EB1B968C931B9789EC1C968C931C9761
:10C9F0005EE31D965C931D9748E01E964C931E9730
:10CA000033ED1F963C931F978EEC50968C93509766
:10CA10008DEC51968C93519752965C93529757E0B8
:10CA200053965C93539754968C93549755964C9386
:10CA3000559743E056964C93569757968C93579735
:10CA40008EEB58968C93589782E059968C93599711
:10CA50005A963C935A9780EE5B968C935B975C96C4
:10CA60002C935C972091C10F8091C20F5D962C93FF
:10CA70005D975E968C935E9789ED5F968C935F973A
:10CA800090969C9390979091C30F8091C40F91962C
:10CA90009C93919792968C939297E0E0FEE0ED0143
:10CAA000A396CD01825A9F4F2491299331968C17DA
:10CAB0009D07D1F762CFED01C8010E9489638823E9
:10CAC00061F0E0EAFDE0CE01805A9F4F2491299366
:10CAD00031968C179D07D1F759CFC8010E945F632B
:10CAE000882309F447C0E6E4FDE0DE01CE01865A62
:10CAF0009F4F24912D9331968A179B07D1F78091F0
:10CB0000BB0F9091BC0F8C30910591F10E9771F590
:10CB100082E5FE01E55BFF4F808331968091C70F70
:10CB200080839091C10F8091C20F3196908331968E
:10CB300080839091C30F8091C40F3196908331967A
:10CB400080839091C50F8091C60F31969083319666
:10CB50008083DE01AD5ABF4F97E0EFEDFFE001901B
:10CB60000D929A95E1F78AE590E0ECCD8BE1D1CF7B
:10CB700089E2CFCF045011090230110508F091C0AD
:10CB80000E9447632091BD0F3091BE0F4091C30FAB
:10CB90005091C40F61E54115504108F463E5620FFF
:10CBA000732F711D9EE3988396E199839DEC9A8380
:10CBB00092E19B831C8291E19D836E837F839FED35
:10CBC00098872091C30F3091C40F09E010E0211520
:10CBD000304130F493ED998790EE9A870BE010E0A6
:10CBE000DE01A00FB11F91E09C934091C10F909185
:10CBF000C20FF8013196EC0FFD1F4083918399ED30
:10CC000013969C93139791E214969C9314974091DA
:10CC1000C30F9091C40FF8013596EC0FFD1F4083B0
:10CC2000918322E23FE0A801495F5F4F4C0F5D1FF7
:10CC300060E67FE0F9019491FA019193AF012F5FD3
:10CC40003F4F62177307B1F7AB5BBF4F93EC9C93F9
:10CC50004091C50F9091C60FF801EA5BFF4FEC0FB2
:10CC6000FD1F40839183085B1F4FE82EF12CA70125
:10CC700068EC7FE0CE01800F911F0F94850498012E
:10CC80002E0D3F1DC20FD31F8DE088838091BF0FF3
:10CC90009091C00F2F5F3F4F2817390709F050CDF3
:10CCA00051CD81E088839091C10F8091C20F99830B
:10CCB0008A8381E28B839091C30F8091C40F9C8300
:10CCC0008D8381E18E839091C50F8091C60F9F83E4
:10CCD000888785ED89878091BB0F9091BC0FDE011D
:10CCE0001A96ECEBFEE00297D1F484918D93319685
:10CCF0008FE0E030F807C9F7FE01E25BFF4F8DEEF1
:10CD0000808331968BE78083319610823196108232
:10CD1000CE5ADF4F89EE888383E590E013CD84916E
:10CD20008D9331969FE0E130F907C9F78FE490E0E9
:10CD300009CDCF93DF938091B40F882391F0C091F8
:10CD4000BB0FD091BC0FCE010E948963811109C035
:10CD5000CE010E945F63811104C0DF91CF910C94DA
:10CD60006262DF91CF9108958091B40F882331F0F2
:10CD70008091BB0F9091BC0F0C94896380E0089563
:10CD80000F931F93CF93C091B40FCC2399F00091D0
:10CD9000BB0F1091BC0FC8010E948963C82F81117D
:10CDA0000EC0C8010E945F63811104C00E946262CC
:10CDB000C1E0C8278C2FCF911F910F910895C0E03B
:10CDC000F9CFCF93DF93CDB7DEB72E970FB6F89498
:10CDD000DEBF0FBECDBF2FEF260F283628F58830D7
:10CDE00021E1920759F5FE0133968CE0DF011D9297
:10CDF0008A95E9F783EC898388E08A8381E18B83D4
:10CE0000DE011196AE01415F5F4F2D9190E080E011
:10CE10008D30910569F1FC01E953F44E34912313EF
:10CE200027C0E4912E1751F180E02E960FB6F894AA
:10CE3000DEBF0FBECDBFDF91CF9108958115904C1D
:10CE400099F781E2898388E08A8381E18B838C83EF
:10CE50001D8280EC8E8391E09F83688719869DEE0A
:10CE60009A8790EB9B8793EC9C871D868E87C8CF13
:10CE70000196811531E0930759F6D6CF4A175B0723
:10CE800009F0C3CF81E0D1CF282F30E090916A0E16
:10CE9000992339F01092680E1092670E922F88270E
:10CEA00008958C3490F02B54310940E253E0249FD4
:10CEB000C001259F900D349F900D11249093680E12
:10CEC0008093670E80E69AEE08951092680E109295
:10CED000670E40E253E0249FC001259F900D349FD0
:10CEE000900D112408954FB7F89420916E0E309153
:10CEF0006F0E80916C0E90916D0E4FBF821B930B45
:10CF00000895CF93C62FAC0161E170E087E092E114
:10CF10000E9482F0C0936B0ECF910895FC01608156
:10CF20007181828193810895DB01FC013197EA30A0
:10CF3000F10588F58827E056F8498F4F0D94FB02DC
:10CF4000AA67B067B967BC67BF67C567C867B367DB
:10CF5000B667C2678BE090E08D939C9381E0089563
:10CF60008CE090E0F9CF8EE090E0F6CF8FE090E09B
:10CF7000F3CF86E090E0F0CF87E090E0EDCF88E05F
:10CF800090E0EACF80E190E0E7CF89E090E0E4CF65
:10CF90008AE090E0E1CF1D921C92E0CF4F925F9229
:10CFA0006F927F928F929F92AF92BF92CF92DF92B9
:10CFB000EF92FF920F931F93CF93DF935C014B018E
:10CFC0006A012901CB010E949EFFEC013C018FEF19
:10CFD000681A780AF5018081882309F450C0850118
:10CFE000F80181918D3009F446C08A3009F443C0BC
:10CFF000882309F444C078015701F70181918823FF
:10D0000021F08D3011F08A30C1F5E01AF10A6E146A
:10D010007F0400F7AE01B401C8010E947FFF892B95
:10D02000C9F6F801EC0FFD1F80818D3399F6C0958C
:10D03000D095EC0EFD1EE414F50408F5B801660D5C
:10D04000771DA701C6010F948504EC0CFD1CF701A8
:10D05000108281E0DF91CF911F910F91FF90EF90AF
:10D06000DF90CF90BF90AF909F908F907F906F9008
:10D070005F904F9008958F01B3CF7F01BDCF80E0C7
:10D08000E9CFDF92EF92FF920F931F93CF93DF933D
:10D090007C018B01EA016DED7CE00E945A56D82E8E
:10D0A00082E090E0D11040C064ED7CE0C7010E94B6
:10D0B0005A56D82E83E090E0D11036C06BEC7CE05D
:10D0C000C7010E945A56882371F024E030E039836A
:10D0D0002883D82E8D2DDF91CF911F910F91FF9036
:10D0E000EF90DF900895F8018081811102C0D12C6A
:10D0F000F1CF64EC7CE0C7010E945A56D82E8823F9
:10D1000051F160EC7CE0C8010E9495FF892B19F475
:10D1100019821882DFCF6CEB7CE0C8010E9495FF7A
:10D12000892B29F48BE090E099838883D3CF68EB37
:10D130007CE0C8010E9495FF892B19F48CE090E0F7
:10D14000F3CF64EB7CE0C8010E9495FF892B79F650
:10D150008EE090E0E9CF6EEA7CE0C7010E945A566B
:10D16000D82E8823A9F06AEA7CE0C8010E9495FFC6
:10D17000892B19F48DE090E0D7CF66EA7CE0C801F6
:10D180000E9495FF892B09F0B2CF85E090E0CCCFCB
:10D1900063EA7CE0C7010E945A56D82E882349F1E1
:10D1A0006FE97CE0C8010E9495FF892B19F48FE09C
:10D1B00090E0BACF6BE97CE0C8010E9495FF892B13
:10D1C00019F486E090E0B0CF67E97CE0C8010E94E6
:10D1D00095FF892B19F487E090E0A6CF63E97CE006
:10D1E000C8010E9495FF892B09F081CF88E090E06B
:10D1F0009BCF60E97CE0C7010E945A56D82E882355
:10D2000009F475CF6CE87CE0C8010E9495FF892B7A
:10D2100019F480E190E088CF68E87CE0C8010E94C2
:10D2200095FF892B19F489E090E07ECF64E87CE0DB
:10D23000C8010E9495FF892B09F059CF8AE090E040
:10D2400073CF7F928F929F92AF92BF92CF92DF92D5
:10D25000EF92FF920F931F93CF93DF938C01E62EF3
:10D26000942E242F41E00E949E54782E292D40E0D8
:10D270006E2DC8010E949E54882E6801E00EF12E8A
:10D28000F11CA12CB12CD0E0EC14FD0429F0F60126
:10D29000C1916F01C1110CC0F801ED0FF11DDD232B
:10D2A000A1F18291803211F08E3279F5D150F7CF11
:10D2B000CD3091F3781428F4EC2FF0E0EC57F44FD4
:10D2C000C491C03211F0CE3211F4DD23E9F2692DA0
:10D2D0008C2F0E947D54811116C0A110D5CFCFE5AF
:10D2E000AA24A3948C2F8F7D81548A3120F080ED65
:10D2F0008C0F8A3010F4BB24B394F801ED0FF11DAC
:10D30000C083DF5FC1CFA12CEDCFF801ED0FF11D80
:10D310001082BB2029F0BB24B394D11101C0B12CE1
:10D320008B2DDF91CF911F910F91FF90EF90DF90A8
:10D33000CF90BF90AF909F908F907F9008958091F5
:10D34000E0149091E1148130910581F480E890E03F
:10D35000A0E0B0E08093D5149093D614A093D71496
:10D36000B093D81490E080E00C9497D8029731F4F1
:10D370008091E6049091E704892BA1F70895CF925C
:10D38000DF92EF92FF920F931F93CF93DF93EC0105
:10D39000162FE090E014F090E114E114F10431F064
:10D3A00001978115944020F00E949F6980E02CC075
:10D3B0006111FCCFC090C714D090C814C114D1041F
:10D3C00061F54091CE14442309F4B0C28091CD148C
:10D3D0008C171D0611F008F0A9C24C171D0608F4A1
:10D3E000A5C28091CB149091CC148F3F980729F05F
:10D3F00001969093CC148093CB1481E02091B914C2
:10D400003091BA14232B91F2DF91CF911F910F919C
:10D41000FF90EF90DF90CF90089587EC94E1892BF7
:10D4200061F385E0C816D10409F0F6C0CE010E9470
:10D43000DFD82091CB143091CC1481111CC02F3F28
:10D44000310509F030F42F5F3F4F3093CC14209317
:10D45000CB148091CB149091CC148115914069F636
:10D4600084E090E09093C8148093C7141092CC1479
:10D470001092CB14C2CF20383105C0F3CE010E94E8
:10D4800097D8BBCF8D3C910508F072C0C032D10552
:10D4900008F09CC0E82F5C2F550F550F550F252F16
:10D4A000281B581710F4282F251BBC01759567956C
:10D4B00075956795683008F468E0621708F486C0CF
:10D4C00030E05E1708F44BC02C5F3F4FA3E0369569
:10D4D0002795AA95E1F7820F90E09093CA14809364
:10D4E000C9140F3F100731F00F5F1F4F1093CC147A
:10D4F0000093CB148091CB149091CC148115914062
:10D5000009F07BCF8091C9149091CA149C012150DD
:10D5100031092C3C310508F070CF582F9C0135950E
:10D52000279535952795283008F428E0251710F41D
:10D53000482F421B50E0495F5F4F73E05695479577
:10D540007A95E1F74093CD14280F822F90E0E3E025
:10D5500095958795EA95E1F78093CE144ECF2D5F90
:10D560003F4FF3E036952795FA95E1F7821BB4CF4C
:10D57000BE01E3E0660F771FEA95E1F79B01281BE8
:10D58000390B6817790718F49C01261B370BFC012F
:10D59000F695E795F695E795E217F307B8F0681763
:10D5A000790750F02C5F3F4FB3E036952795BA9539
:10D5B000E1F7820F931F91CF2D5F3F4FA3E0369588
:10D5C0002795AA95E1F7821B930B87CFCE010E9486
:10D5D000DFD80031110508F451CF813009F04ECF6A
:10D5E00021E030E03093C8142093C7148093CD1409
:10D5F0001092CE14EA94EF2829F01092DA141092C7
:10D60000D914FBCE63E0CC0FDD1F6A95E1F7D09310
:10D61000DA14C093D914A0CFCE010E94DFD887FDC1
:10D620002DCF91E0C916D10409F066C09091CD14B8
:10D63000813009F045C09F3F19F09F5F9093CD1452
:10D64000EA94EF2809F0D9CE2091CE14203108F0C9
:10D65000D4CE53E0CC0FDD1F5A95E1F7211106C05F
:10D66000D093DA14C093D91481E076CF8091D91485
:10D670009091DA14C817D90790F0C81BD90B2496DB
:10D6800043E0D695C7954A95E1F7C80FD91FD093C7
:10D69000DA14C093D9142F5F2093CE14AECEAC0110
:10D6A0004D5F5F4F4C1B5D0B33E0569547953A95A8
:10D6B000E1F7841B950B9093DA148093D914EBCF88
:10D6C0009C50953208F0DACE8091D9149091DA14FA
:10D6D0009093DF148093DE141092DA141092D91410
:10D6E0001092CE1482E090E09093C8148093C714F7
:10D6F00081E08093CD1481CE62E0C616D104B1F4EE
:10D700009091CD14811107C09F3F09F476CE9F5FA1
:10D710009093CD1472CE9C50953208F0AFCE83E03A
:10D7200090E09093C8148093C7149ECF93E0C916DD
:10D73000D10491F4813009F0A1CE8091CE148F5F95
:10D740008093CE14823009F058CE84E090E090931C
:10D75000C8148093C71451CE2091CF14283050F4B0
:10D760009091D014990F892B8093D0142F5F209320
:10D77000CF1443CE813019F090E080E080CE6091EC
:10D78000D0142091D1143091D2144091D3145091DF
:10D79000D4148091D5149091D614A091D714B0913F
:10D7A000D814281739074A075B0708F078C0E091BA
:10D7B000D914F091DA14962F992329F0892F8170CA
:10D7C000180F9695F9CFE10FF11DF093DA14E0935D
:10D7D000D914EA94EF2809F05DC0E22FF0E0EC5C88
:10D7E000FB4F60838091D1149091D214A091D314F7
:10D7F000B091D4140196A11DB11D8093D1149093C2
:10D80000D214A093D314B093D4142091D514309192
:10D81000D6144091D7145091D81469017A0162E06E
:10D82000C60ED11CE11CF11C8C159D05AE05BF0573
:10D8300061F56091DB147091DC148091D9149091A2
:10D84000DA14E091E014F091E114319709F05EC030
:10D850006817790769F584E394E09093E70480936F
:10D86000E6048091C9149091CA149093BB048093EC
:10D87000BA041092E1141092E01420E030E0A90103
:10D8800060E081E090E00E9434D91092D0141092B0
:10D89000CF14B3CD82E090E00E9434D9A3CF80E0D2
:10D8A0009091DB14862B9093DC148093DB149ACF39
:10D8B00085E090E09093C8148093C7141092CC1424
:10D8C0001092CB141092CD141092CE141092D11449
:10D8D0001092D2141092D3141092D41480E890E0D5
:10D8E000A0E0B0E08093D5149093D614A093D71401
:10D8F000B093D8141092DA141092D9141092DC1448
:10D900001092DB1481E08093DD14BFCF6817790794
:10D9100051F483E090E060E00E9434D91092E11469
:10D920001092E014B2CF84E090E0F5CF87EC94E160
:10D93000892B09F462CD8091C9149091CA14009783
:10D9400009F49CCD0091CB141091CC14442309F41C
:10D9500099CD8091CD148C171D0611F008F036CEAC
:10D960004C171D0608F432CE0F3F100709F445CDC1
:10D970000F5F1F4F1093CC140093CB143ECD20911A
:10D98000E6043091E704232B31F06115710521E0A5
:10D990008207910528F01092E1141092E014089586
:10D9A00022E030E03093E1142093E0141092BA1496
:10D9B0001092B9146093D5147093D6148093D71431
:10D9C0009093D81490E080E00C9497D881E090E098
:10D9D0009093E1148093E0141092E7041092E6040F
:10D9E0001092BB041092BA041092DF141092DE144D
:10D9F0001092BA141092B91480E890E0A0E0B0E060
:10DA00008093D5149093D614A093D714B093D814C0
:10DA100090E080E00C9497D8FC01E55BFF4F2081FB
:10DA2000223511F12B3119F1293221F525E030E0B1
:10DA3000FC01E45BFF4F4081413011F04637D1F4E7
:10DA4000DC01E6E4FDE085EB8F3020F094914C9111
:10DA5000491310C08F5F119631968F30A9F7FB01E3
:10DA60003183208381E0089527E030E0E1CF24E096
:10DA700030E0DECF80E00895FC01218D2D34D1F01F
:10DA80002131D9F02631E1F02032E9F423E030E011
:10DA9000DC019096E0EAFDE088965D914491541394
:10DAA00012C03196A817B907C1F7FB013183208353
:10DAB00081E0089526E030E0EBCF21E030E0E8CFD0
:10DAC00022E030E0E5CF80E00895CF93DF93DC01E2
:10DAD000892B59F18C91813011F0863731F55296AE
:10DAE0008D919C9153978A359105F9F454968D91B7
:10DAF0009C9155978115944DC1F456968D919C91AA
:10DB000057978115944D89F4ED016896E4EAF4E0A5
:10DB10005F9699918491981308C03196CA17DB07D4
:10DB2000C1F781E0DF91CF91089580E0FBCFCF93E3
:10DB3000DF93EC016FE77BE00E945A55811147C0EB
:10DB40006AE77BE0CE010E945A55811143C065E728
:10DB50007BE0CE010E945A55882329F088E090E0AE
:10DB6000DF91CF91089561E77BE0CE010E945A5585
:10DB70008111F4CF6CE67BE0CE010E945A558111F1
:10DB8000EDCF67E67BE0CE010E945A55811125C09A
:10DB900062E67BE0CE010E945A55811121C06DE5FD
:10DBA0007BE0CE010E945A5581111DC068E57BE0E3
:10DBB000CE010E945A55811119C063E57BE0CE0168
:10DBC0000E945A55811115C090E080E0C9CF81E0D4
:10DBD00090E0C6CF82E090E0C3CF83E090E0C0CF7A
:10DBE00084E090E0BDCF85E090E0BACF86E090E0A1
:10DBF000B7CF87E090E0B4CF9C0181E022303105BF
:10DC000029F02830310511F080E0089508959C0135
:10DC10000197039730F081E02830310519F080E05A
:10DC2000089581E008951F920F920FB60F9211246C
:10DC30000BB60F921F932F933F934F935F936F9366
:10DC40007F938F939F93AF93BF93EF93FF93CF9364
:10DC5000DF931F921F92CDB7DEB7109103011170B1
:10DC60008091750F90913304911781F010933304D4
:10DC70002091760F3091770F2F5F3F4F3093770FC2
:10DC80002093760F8130D1F48093780F0F900F900E
:10DC9000DF91CF91FF91EF91BF91AF919F918F91C4
:10DCA0007F916F915F914F913F912F911F910F90B5
:10DCB0000BBE0F900FBE0F901F901895833031F759
:10DCC0008091FB04823011F78091BC031817F1F2A8
:10DCD000CE0101960E94C629811106C00E94BD286E
:10DCE00084E08093FB04D2CF89819A810E94E0294D
:10DCF0008823A1F31093BC03C9CF9FB7F894ECE637
:10DD0000F0E080818D7F8083E8E6F0E080818D7F88
:10DD1000808382E08BBB1092750F1092780F9FBFAB
:10DD200008958091030181708093330482E08BBB5E
:10DD3000ECE6F0E0808182608083E8E6F0E08081BC
:10DD4000826080830895CF93CFB7F8941092780FB4
:10DD500083E08093750F0E94916ECFBFCF9108959D
:10DD600060E08FE00E9479DD60E08FE00E943EDCA1
:10DD700062E080E10E9479DD61E082E00E9479DD6D
:10DD800061E082E10E9479DD61E083E10E9479DD5A
:10DD900010922C1581E0809313021092320460E0FF
:10DDA00082E00E943EDC61E082E10E943EDC60E0B5
:10DDB00083E10E943EDC9FB7F8941092900088E0C7
:10DDC0008093910010929500109294002FEF3FEFF6
:10DDD0003093990020939800E1E7F0E080818D7FF7
:10DDE000808382E088BB9FBF10928D0310928C03CA
:10DDF00010928B0310928A03109289031092880369
:10DE00001092870310928603109285031092840368
:10DE100010928E0308959FB7F89480918E039FBF50
:10DE200090E008959FB7F8942091510E80913104AD
:10DE3000213019F48DBB9FBF08958FBF0895CF93F4
:10DE4000DF93CDB7DEB7AF970FB6F894DEBF0FBE46
:10DE5000CDBFAC01892B61F18091440D882379F00D
:10DE60006091CD177091CE176115710589F01982F7
:10DE70001A821B8220E0CE0101960E94639BAF961E
:10DE80000FB6F894DEBF0FBECDBFDF91CF910895DE
:10DE90006091CF177091D0176115710549F01DA6DB
:10DEA0001EA61FA620E0CE0101960E9446AEE7CF37
:10DEB00080E0E5CFAF92BF92CF92DF92EF92FF92D8
:10DEC0000F931F93CF93DF93FB01E05CFF4F208103
:10DED000FC01E05CFF4F3081332321F0211104C0AD
:10DEE0008FEF2FC0211118C08B01EC016C015B0179
:10DEF000F60181916F01F501F1905F01882371F0C6
:10DF0000FF2051F00E94B7A0E82E8F2D0E94B7A0ED
:10DF1000E81630F38E1560F781E013C0F110E0CF02
:10DF2000CA5BDF4F48815981F801EA5BFF4F2081CE
:10DF3000318142175307A0F281E02417350708F01A
:10DF400080E0DF91CF911F910F91FF90EF90DF90D4
:10DF5000CF90BF90AF9008950F931F93CF93DF930F
:10DF6000FC01E05CFF4FC081C11133C03196C0811C
:10DF7000C1112FC0DC010D900020E9F71197A81BFB
:10DF8000B90BA430B10558F18C010A0F1B1FF80121
:10DF9000349780818E3219F5319680810E94B7A026
:10DFA0008D34E9F4F801329780810E94B7A0D82F10
:10DFB000F801319780810E94B7A0893481F4D6346A
:10DFC00041F0D23331F0D43521F0C1E0DA3509F433
:10DFD000C0E08C2FDF91CF911F910F910895C1E088
:10DFE000F8CFCF92DF92EF92FF920E94D3DE6B01C7
:10DFF0008091300480FD08C00E94805680E0FF9030
:10E00000EF90DF90CF90089580912E0490912F048F
:10E010009601281B390B2A30310580F3D0922F044A
:10E02000C0922E040E948ED79C0161E0892B09F0DA
:10E0300060E09091300491FB882780F9861308C036
:10E0400084E00E944C55D0922D04C0922C04D6CF6F
:10E0500092FB882780F98613F3CF40912C045091CE
:10E060002D04C41AD50A82E3C816D10438F2232B32
:10E0700049F49F7E98609093300482E00E944C5552
:10E0800081E0BDCF977F9061F6CF0E94F16F8091C4
:10E0900030048295817008950E94F16F8091300460
:10E0A00083FF05C0877F8093300481E0089580E07E
:10E0B000089510922B0410922A04109229040895B6
:10E0C000FC011382128288EE93E0A0E0B0E084832A
:10E0D0009583A683B78315AE14AE17AE16AE84E152
:10E0E00093E0918380830895DF92EF92FF920F93E4
:10E0F0001F93CF93DF930091E2141091E314011565
:10E10000110549F480E0DF91CF911F910F91FF90AD
:10E11000EF90DF900895D42E7B01EC010E94C3E4C0
:10E12000F801E05AFD4F608171816115710589F038
:10E13000188219821A82D9ABC8AB2D2DA701CE0146
:10E140000E94639B882311F081E0DDCF19AA18AAF1
:10E15000DACFF801EE59FD4F6081718161157105CB
:10E1600089F21CA61DA61EA6DBABCAAB2D2DA701EE
:10E17000CE010E9446AE8111E7CF1BAA1AAAC3CFD7
:10E18000FC0180A991A9892B39F481E022A933A946
:10E19000232B19F480E0089581E0089589E395E147
:10E1A0000E94C070882321F089E395E10C94C3E4B8
:10E1B0000895909332028093310210922E050C94B0
:10E1C000CE708F929F92AF92BF92CF92DF92EF92DA
:10E1D000FF92CF93DF9389E395E10E94C07088237B
:10E1E00059F1E0916915F0916A15309799F080899D
:10E1F0009189A289B3894C015D01C501B401DF9108
:10E20000CF91FF90EF90DF90CF90BF90AF909F9015
:10E210008F90089520916B1530916C152115310563
:10E2200031F0F90180809180A280B380E6CF812C0B
:10E23000912CA12CB12CE1CF60E070E0CB01DFCFBD
:10E240008F929F92AF92BF92CF92DF92EF92FF9206
:10E25000CF93DF9389E395E10E94C070882359F141
:10E26000E0916915F0916A15309799F0808D918D44
:10E27000A28DB38D4C015D01C501B401DF91CF9139
:10E28000FF90EF90DF90CF90BF90AF909F908F90D6
:10E29000089520916B1530916C152115310531F0E1
:10E2A000F90180849184A284B384E6CF812C912CDF
:10E2B000A12CB12CE1CF60E070E0CB01DFCFCF9398
:10E2C000C091440DCC2321F189E395E10E94C070F7
:10E2D0008823F9F0E0916915F0916A15309761F0A3
:10E2E0000680F781E02D80819181FC012585213018
:10E2F000A9F0CF910C9431E0E0916B15F0916C1581
:10E30000309751F000A0F1A1E02DE45DFD4FEBCF7F
:10E31000C1E08C2FCF910895C82FFBCFC0E0F9CF7B
:10E32000DC01D096ED91FC91D197309739F0908136
:10E33000907D81E0911101C080E00895D296ED9129
:10E34000FC913097C9F394A59075F3CF8EBD000072
:10E350000DB407FEFDCF8EB508952091510E2223F6
:10E3600061F02FB7F8943091510E313049F43DB33C
:10E37000309331043DB33DBB2FBF8CBD9DBD08958F
:10E3800020933104FACF5B9A81E0809313020895C1
:10E3900080FF05C0749A81E080932C1508957498CD
:10E3A00010922C150895CF938091B40F81110CC059
:10E3B00084E991E10E94EB6283EF9FE00E949EDA84
:10E3C000C0E08C2FCF910895C091B50FC111F9CF46
:10E3D0008091BB0F9091BC0F04970297B0F50E94FB
:10E3E000C37181E00E94C8716091E60F7091E70FE0
:10E3F0008091E80F9091E90FE0914602F091470279
:10E400001995C82F811103C08CE891E1D3CF1092E8
:10E41000EA0F1092EB0F1092EC0F1092ED0F10928A
:10E42000B60F1092B70F1092EE0F1092EF0F1092DE
:10E43000F00F1092F10F84E090E09093BA0F809368
:10E44000B90F81E08093B50FBCCF6091E60F70915A
:10E45000E70F8091E80F9091E90FE0914602F0916B
:10E4600047021995C82F84E891E1CC2309F4A2CF83
:10E470001092EA0F1092EB0F1092EC0F1092ED0F2A
:10E480001092B60F1092B70F1092EE0F1092EF0F7E
:10E490001092F00F1092F10F81E08093B50F0E945F
:10E4A000C3718091BB0F9091BC0F0397A1F480E0E2
:10E4B0000E94C8710E94D3DE6093EE0F7093EF0F3D
:10E4C0008093F00F9093F10F81E090E09093BA0F5A
:10E4D0008093B90F76CF81E0EBCF982F8091690EB2
:10E4E000811105C081E019162CF080E003C081E0A5
:10E4F0001916DCF30C94C871809100018695817027
:10E50000089580931302682F82E10C943EDC0E94F0
:10E5100072DC0E94CE7081E08093430210926B0EF9
:10E5200010926F0E10926E0E10926D0E10926C0E75
:10E530001092680E1092670E1092660E1092650E81
:10E540001092640E1092630E10925F0E1092600E85
:10E550001092610E1092620E10925B0E10925C0E81
:10E5600010925D0E10925E0E0C948172882329F039
:10E57000109A81E08093520E0895109880E0FACFAF
:10E58000809171008B7F80937100109290001092A7
:10E59000910084E088BB80911812813011F41092B0
:10E5A000181280E00C94B6721F93CF93DF9300D0C3
:10E5B0001F92CDB7DEB71FB7F894BE016D5F7F4FD6
:10E5C000CE0101960E942836882309F456C029817D
:10E5D0003A818B819C81820F931F8230910510F4C8
:10E5E00082E090E02115310511F421E030E0309314
:10E5F0004B0220934A0221E030E0309349022093FD
:10E6000048021092760E2093780E1092770E109298
:10E61000730E209171002A7F209371001092900058
:10E6200010929100019790939900809398008091A7
:10E630004A0290914B0290939B0080939A008091A4
:10E64000980090919900909395008093940085E0B4
:10E6500088BB80E00E94C87182E08093181281E03C
:10E660000E94B67283E38093900080917100846071
:10E670008093710089E1809391001FBF8091061201
:10E68000823061F48091810E91E089270F900F9084
:10E690000F900F90DF91CF911F91089580E0F6CFFA
:10E6A000CF930E946262C82F8823F1F08091820E7E
:10E6B0009091830E0397C1F480918203909183031C
:10E6C000892B91F480917C0E81110CC00E946CDC2E
:10E6D00081E080937C0E0E94D3DE70937B0E60936A
:10E6E0007A0E8C2FCF910895CF910C94D472909183
:10E6F00071009A7F90937100109290001092910097
:10E7000095E098BB90911812923011F41092181263
:10E710001092780E1092770E1092760E0E94C871A9
:10E7200080E00C94B6721F93CF93DF931FB7F894D9
:10E7300010928500109284008091090590910A053D
:10E740000197909389008093880010928000C1E81F
:10E75000D0E088E0888382E086BB8093FF0481E07C
:10E760000E94B672EFE6F0E080818260808389E0EB
:10E7700088831FBF81E0DF91CF911F9108951F9281
:10E780000F920FB60F9211240BB60F922F933F9357
:10E790004F935F936F937F938F939F93AF93BF93A9
:10E7A000EF93FF938091FF04823001F180916F001D
:10E7B0008D7F80936F001092810086E08093FF042C
:10E7C00080E00E94B672FF91EF91BF91AF919F914F
:10E7D0008F917F916F915F914F913F912F910F900A
:10E7E0000BBE0F900FBE0F901F90189580910301E4
:10E7F00080FF0DC0909103058091040521E030E079
:10E8000001C0220F9A95EAF7822B8093040580912C
:10E8100003058F5F8093030580910305883041F5E0
:10E820002091040580910D0590910E0540910F05F2
:10E8300050911005BC01641B750BAB014F3F574055
:10E8400048F080916F008D7F80936F00109281005F
:10E8500084E0B4CFFC01F770E15DFA4F20830196AC
:10E8600090930E0580930D051092040510920305F8
:10E870002091090530910A058091050590910605C2
:10E880004091070550910805840F951F40910B0595
:10E8900050910C058417950720F0841B950B2F5F72
:10E8A0003F4F909306058093050521503109309321
:10E8B00089002093880087CFCF93CFB7F8948091B9
:10E8C0006F008D7F80936F00109281001092800006
:10E8D00082E086BB909104058091030510920405A7
:10E8E00010920305882339F0909302058093010567
:10E8F00081E0809300058091FF04843011F0109234
:10E90000FF0480E00E94B672CFBFCF9108951F929E
:10E910000F920FB60F9211240BB60F922F933F93C5
:10E920004F935F936F937F938F939F93AF93BF9317
:10E93000EF93FF9380918E03823029F180917100D3
:10E940008D7F8093710088E08093910010929000F9
:10E9500082E088BB80E00E94B67287E080938E03DD
:10E96000FF91EF91BF91AF919F918F917F916F91A7
:10E970005F914F913F912F910F900BBE0F900FBE63
:10E980000F901F9018958091840381111FC0809172
:10E990001105909112052091300D3091310D8217A3
:10E9A000930709F44EC0FC01F770E15DFA4F408116
:10E9B00040938503409135020196411137C09093F1
:10E9C00012058093110588E080938403809185036C
:10E9D000282F30E035952795209385039091840367
:10E9E00091509093840381700E94C87120918A0392
:10E9F00030918B0380918603909187034091880327
:10EA000050918903840F951F40918C0350918D0381
:10EA100084179507D8F59093870380938603215038
:10EA2000310930939900209398009ACF281739071D
:10EA300031F6809130023093120520931105811137
:10EA4000C3CF809171008D7F8093710088E08093A7
:10EA500091001092900082E088BB80E00E94B67224
:10EA600080E00E94C87180913502882369F020916E
:10EA70001105309112058091300D9091310D2817BC
:10EA8000390711F484E06ACF85E068CF841B950BC9
:10EA90002F5F3F4FC0CFCF93CFB7F8941092950020
:10EAA0001092940082E088BB1092900080938E03B5
:10EAB00081E00E94B672E1E7F0E0808182608083AD
:10EAC00089E080939100CFBFCF91089580E00C94AE
:10EAD000B6722FB7F894909171009A7F909371005D
:10EAE000109290001092910095E098BB90911812AE
:10EAF000923011F4109218121092780E1092770E34
:10EB00001092760E2FBF81110E946CDC0C946675FA
:10EB10009FB7F894EFE6F0E080818D7F80831092BC
:10EB200081001092800082E086BB9FBF0C946675C6
:10EB30002FB7F894909171009D7F9093710098E0A9
:10EB4000909391001092900092E098BB2FBF81119A
:10EB50000E946CDC0C94667581E00E9498758FB7FA
:10EB6000F89410928E0310928503109284038FBF45
:10EB70000895CF92DF92FF920F931F93CF93DF936D
:10EB800000D000D01F921F92CDB7DEB7853608F0B7
:10EB900084E628E0829FC0011124C29664E670E0FA
:10EBA0000F94C502F62E80913602861711F18E0160
:10EBB0000F5F1F4FF80180E098E0961B20E0891757
:10EBC00008F02FE121938F5F8830C1F788E40E941D
:10EBD00020DD680188E0C80ED11CF80161918F0129
:10EBE00083EE97E10E9473DDC016D106B1F7F09273
:10EBF000360228960FB6F894DEBF0FBECDBFDF9168
:10EC0000CF911F910F91FF90DF90CF9008950C94BA
:10EC100026DD80914A0F882351F06091400F80E0FB
:10EC20009FE00E94AACB811102C00E94F9CD1092F0
:10EC3000950F1092940F0C9407760F931F93CF9318
:10EC4000DF93CDB7DEB72C970FB6F894DEBF0FBEBB
:10EC5000CDBFFC0100811181011584E0180708F087
:10EC60004EC0A281B381A11584E0B80708F047C067
:10EC700064817581611584E0780708F040C04681A1
:10EC80005781411584E05807D0F52085318521153D
:10EC900084E03807A0F5828593858115E4E09E071E
:10ECA00070F51A830983BC83AB837E836D83588799
:10ECB0004F833A8729879C878B87FE01319620E016
:10ECC0002F5FBF016E5F7F4FDB01322F363079F04F
:10ECD0008D919D91408151818417950768F48A0137
:10ECE000081B190BC801449750F03F5FEFCFFB01A1
:10ECF000263031F781E004C0841B950BF4CF80E00F
:10ED00002C960FB6F894DEBF0FBECDBFDF91CF912A
:10ED10001F910F91089580912704909128040197E5
:10ED2000029750F40E94D3DE70932604609325046A
:10ED3000709324046093230408950E946BD79C0170
:10ED400040913702509138024817590708F05AC0CD
:10ED5000BC01641B750BAB0180913F029091400296
:10ED60008217930708F051C0F901E81BF90BCF0196
:10ED70008417950708F04CC0AC0184E090E06091E6
:10ED8000390270913A026217730708F044C0F90122
:10ED9000E61BF70BBF016417750718F4AB0181E0A0
:10EDA00090E060913B0270913C0262177307B0F5EE
:10EDB000F901E61BF70BBF016417750718F4AB01E7
:10EDC00082E090E060913D0270913E02621773070D
:10EDD00040F5F901E61BF70BBF016417750718F43E
:10EDE000AB0183E090E060914102709142026217B2
:10EDF0007307D0F4261B370B2417350710F485E072
:10EE000090E00895481B590BA7CF821B930BB0CFFE
:10EE100090E080E0B4CF621B730BBDCF621B730B1D
:10EE2000CBCF621B730BD9CFFB01E21BF30B9F010E
:10EE3000E3CF109228041092270410922604109217
:10EE4000250410922404109223041092220410929C
:10EE5000210408950E949D760397C1F48091940F38
:10EE60009091950F892B19F481E08093720F81E0C6
:10EE70008093B4041092580E1092570E1092560EB2
:10EE80001092550E0E94197781E0089580E0089550
:10EE9000CF92DF92EF92FF92CF93DF930E94D3DE67
:10EEA0006B010E949D762091B4042223E9F0892B06
:10EEB00051F0D0E0C0E0CE01DF91CF91FF90EF9014
:10EEC000DF90CF9008951092B4041092580E1092D3
:10EED000570E1092560E1092550ED092540EC092AC
:10EEE000530E0E941977E5CF2091570E3091580E9E
:10EEF0002817390741F09093580E8093570ED092FF
:10EF0000540EC092530E2091530E3091540EA60110
:10EF1000421B530B4431510508F445C02091550E56
:10EF20003091560E28173907F1F19093560E8093C1
:10EF3000550E2115310509F50097A9F19093280484
:10EF400080932704D0922604C0922504D0922404F2
:10EF5000C092230410922204109221049C0121509B
:10EF600031092230310508F0A4CFC1E0D0E002978A
:10EF700009F0A1CFC3E0D0E09ECF0097F9F623506F
:10EF800031092330310560F480912204811108C0D9
:10EF9000265F3C4FF901C081D0E00E9419778BCFEA
:10EFA000D0E0C0E0FACF2091270430912804211549
:10EFB000310509F47ECF4091550E5091560E24171D
:10EFC000350709F076CF4091250450912604B6010B
:10EFD000641B750BAB01B901615071096230710599
:10EFE00040F52817390729F560912104611117C0F0
:10EFF0004C3B72E05707E8F021E020932104D092C7
:10F000002404C0922304C2E0D0E08130910509F4C9
:10F0100052CFC4E0D0E0029709F44DCF4ACF6091BF
:10F02000230470912404F601E61BF70BE837F10581
:10F0300030F7235031092330310508F03ACF809161
:10F040002204811136CF4C3B524008F432CF81E08C
:10F0500080932204235F3C4FF901C081D0E02BCF85
:10F06000CF93DF93EC01019791F40E9466750E94A3
:10F070006CDC81E00E94817261E087E10E943EDCED
:10F08000D093920FC093910FDF91CF910895D0E06C
:10F09000C0E060E0F2CFFC01680F791F90E080E0F3
:10F0A0002191820F911DE617F707D1F70895AF92CE
:10F0B000BF92CF92DF92EF92FF920F931F93CF9365
:10F0C000DF93CDB7DEB72C970FB6F894DEBF0FBE37
:10F0D000CDBF5C01CE0101967C018CE0F70111925D
:10F0E0008A95E9F7670100E410E0C8010F94A302D4
:10F0F000F60181936F010F5F1F4F0C341105A9F7C3
:10F1000089819A81AB81BC8189359345A444B345FB
:10F1100049F58D819E81019729F50B851C856AE053
:10F1200070E0C7010E944B7808171907D9F48F8146
:10F130009885A985BA85F50180839183A283B383DD
:10F1400081E02C960FB6F894DEBF0FBECDBFDF91E5
:10F15000CF911F910F91FF90EF90DF90CF90BF90D4
:10F16000AF90089580E0EDCFAF92BF92CF92DF9243
:10F17000EF92FF920F931F93CF93DF93CDB7DEB73C
:10F180002C970FB6F894DEBF0FBECDBF5C01CE0149
:10F1900001967C018CE0F70111928A95E9F76701ED
:10F1A00000E310E0C8010F94A302F60181936F0100
:10F1B0000F5F1F4F0C331105A9F789819A81AB812D
:10F1C000BC8183349245A444B34549F58D819E8129
:10F1D000019729F50B851C856AE070E0C7010E9444
:10F1E0004B7808171907D9F48F819885A985BA85B6
:10F1F000F50180839183A283B38381E02C960FB6BF
:10F20000F894DEBF0FBECDBFDF91CF911F910F915C
:10F21000FF90EF90DF90CF90BF90AF90089580E087
:10F22000EDCFAF92BF92CF92DF92EF92FF920F930A
:10F230001F93CF93DF93CDB7DEB72E970FB6F89419
:10F24000DEBF0FBECDBF5C01CE0101967C018EE01A
:10F25000F70111928A95E9F7670100E210E0C80111
:10F260000F94A302F60181936F010F5F1F4F0E32BF
:10F270001105A9F789819A81AB81BC818C349045B5
:10F28000A444B34541F58D819E81019721F50D85FB
:10F290001E856CE070E0C7010E944B7808171907C3
:10F2A000D1F486E0FE013796D50101900D928A9542
:10F2B000E1F781E02E960FB6F894DEBF0FBECDBF0A
:10F2C000DF91CF911F910F91FF90EF90DF90CF9042
:10F2D000BF90AF90089580E0EDCFAF92BF92CF92F4
:10F2E000DF92EF92FF920F931F93CF93DF93CDB7EF
:10F2F000DEB764970FB6F894DEBF0FBECDBF5C01DA
:10F30000CE0101967C0184E1F70111928A95E9F71B
:10F31000670110E000E0C8010F94A302F601819399
:10F320006F010F5F1F4F04311105A9F789819A8181
:10F33000AB81BC818B349243A444B34541F58D81AC
:10F340009E81029721F50B891C8962E170E0C7015B
:10F350000E944B7808171907D1F48CE0FE0137960C
:10F36000D50101900D928A95E1F781E064960FB680
:10F37000F894DEBF0FBECDBFDF91CF911F910F91EB
:10F38000FF90EF90DF90CF90BF90AF90089580E016
:10F39000EDCFFF920F931F93CF93DF93EC01F62EE7
:10F3A00008811981C8010F94A302F81621F06F2D6E
:10F3B000C8010F94AB02CE01DF91CF911F910F9145
:10F3C000FF9008958A3060F08536E0F084E68093FF
:10F3D00059028091B0008F738093B0002C9A0895E9
:10F3E0008AE0809359022FEF829FC0011124C296B8
:10F3F00064E670E00F94C5026093B30083E88093E5
:10F40000B000089580935902843619F3ECCF1F920F
:10F410000F920FB60F9211240BB60F922F933F93BA
:10F420004F935F936F937F938F939F93AF93BF930C
:10F43000CF93EF93FF9380911812823009F45FC04D
:10F44000833009F48DC0813009F0AFC180916B0E1B
:10F450008230B1F00E94C072FF91EF91CF91BF91C5
:10F46000AF919F918F917F916F915F914F913F915C
:10F470002F910F900BBE0F900FBE0F901F901895FD
:10F480008091670E9091680E009739F01092680E87
:10F490001092670E0E94402EDFCF20916E0E3091A9
:10F4A0006F0E80916C0E90916D0E2817390791F0B8
:10F4B000F901F770E15DFA4FC0818C2F2F5F3F4F4C
:10F4C00030936F0E20936E0EC11113C08FE70E9410
:10F4D0004467E0CF0E94C07280E00E94C8718091B2
:10F4E0004302882321F084E080936B0EB5CF85E042
:10F4F000FBCFC7FDC1950E946D728C2FE8CF809124
:10F500000612823009F0A8CF0E947D398091780ED2
:10F51000882301F1C1E0C8BB1092780E0E949B5C69
:10F52000882331F08091710081608093710094CFC5
:10F530008091730E882351F0C093770E80917100F3
:10F540008560809371000E94725486CF80E00E9493
:10F55000777382CF8091770E882309F47DCFF3CF24
:10F560008091BB03823019F00E94922E75CFE091FA
:10F57000B603E150E83008F0B1C0F0E08827EC5362
:10F58000F5488F4F0D94FB02CC7AD77AFD7A087B31
:10F590001B7B267B717BAD7B81E00E94C87182E082
:10F5A0008093B6038091990390919A0323C0809130
:10F5B0001A0290911B020E94B32E8091A303909196
:10F5C000A403009729F001979093A4038093A303C9
:10F5D00080E00E94C8718091A3039091A403892BBD
:10F5E00011F081E0DDCF83E08093B60380919B032F
:10F5F00090919C030E94402E2FCF81E00E94C87101
:10F6000084E08093B60380919D0390919E03F2CF96
:10F6100080911802909119020E94B32E80E00E94FE
:10F62000C8710E94302E90931D0280931C0225E029
:10F630002093B603DFCF81E00E94C87186E08093FB
:10F64000B60380911C0290911D02D4CF80911602C6
:10F65000909117020E94B32E8091260290E095951A
:10F66000879580932602892BC9F68091AA039091F1
:10F67000AB0301969093AB038093AA032091AC0354
:10F680003091AD038217930728F080E00E94C87183
:10F6900087E086CF8091B9039091BA0329EA33E0DD
:10F6A000232BB9F02091B7033091B8038217930749
:10F6B00081F0FC01F770E15DFA4F20812093A903EE
:10F6C00001969093BA038093B90380E88093260251
:10F6D000A5CF80912702882309F44DC087E090E0F0
:10F6E0004CC080911402909115020E94B32E80911B
:10F6F0001E02882359F00E94922E80E00E94C87159
:10F700001092B60384E08093BB03A6CE80E00E94F3
:10F71000B67281E08093B5031092B4038091A50383
:10F72000811112C08DE590E09093B3038093B203F2
:10F7300080E29EE49093B1038093B00388E08093CD
:10F74000B6030E944F2E88CE8AE091E09093B303D7
:10F750008093B20380E49CE9EDCF8091AE03909159
:10F76000AF030E94B32E0E944F2E811175CE80915F
:10F77000B403811105C085E090E00E94A62E6CCEF6
:10F7800040911F026091A6038091A7039091A80366
:10F790000E940E2E1092B4031092B50381E00E94D5
:10F7A000B67280E00E94C8711CCF809171008B7F7F
:10F7B0008093710084E088BB4FCE8F3F51F46FE19E
:10F7C0007DE080E00E9497B263E17DE081E00C94EF
:10F7D00097B20C9408B6CF93C62FAC0161E170E0EC
:10F7E00087E092E10E94D6B0C093061280E0CF91EC
:10F7F0000C94C871CF93C62FAC0161E170E087E033
:10F8000092E10E94D6B0C0930612809104129091AA
:10F810000512089739F481E00E94697581E0CF9163
:10F820000C948172CF91089520919403211102C00C
:10F830000C94FA7B08958F929F92AF92BF92CF92D1
:10F84000DF92EF92FF920F931F93CF93DF93E0919C
:10F85000B10FE11106C0E0916E03C0919403EE2355
:10F8600021F169017A014B015C01E091F80EF09100
:10F87000F90E309741F11995D82F882321F1809105
:10F880006E03811126C081E0809394031092B10F22
:10F8900010926E03C0917A03C11107C067E070E057
:10F8A00081E69FE00E94FA7BCD2F8C2FDF91CF91D4
:10F8B0001F910F91FF90EF90DF90CF90BF90AF908E
:10F8C0009F908F900895C0916E03CC2331F0C0E0DB
:10F8D000ECCF81E080937A03D6CF80E0C114D104CD
:10F8E000E104F104A9F0C501B40124E630E040E0F0
:10F8F00050E00F947D03922ED32F56016701E12C27
:10F90000F12C00E010E0292D3D2F0F94AA03822F47
:10F91000E091B20FF091B30F309739F2909100025D
:10F920009F3F21F09B5F891708F4BFCF80930002AF
:10F930001995BBCFAF92BF92CF92DF92EF92FF9219
:10F940000F931F93CF93DF93CDB7DEB7AE970FB66C
:10F95000F894DEBF0FBECDBF8B017E0123E2E20E25
:10F96000F11CAC016CE070E0C7010E94D6B0FF92C0
:10F97000EF9287E09DE09F938F931F9281E18F9399
:10F98000CE0101966C019F938F930E94EBAE0E9473
:10F990000776B60180E00E94B8AE6CEF7CE081E0B3
:10F9A0000E9497B20FB6F894DEBF0FBECDBF0E9483
:10F9B0006BD70817190758F4801B910B4E9760F40A
:10F9C00064E170E080E090E00E947BDEF0CF98017F
:10F9D000281B390BC901F2CF6AEF70E080E090E09C
:10F9E0000E947BDE0E94ADDE5C01BF928F9384EFAC
:10F9F0009CE09F938F931F9281E18F936E0132E180
:10FA0000C30ED11CDF92CF920E94EBAEB70180E013
:10FA10000E94B8AEB60181E00E94B8AE6CEB72E015
:10FA200080E090E00E947BDE68EE7CE080E00E9457
:10FA300097B260EE7CE081E00E9497B20FB6F89436
:10FA4000DEBF0FBECDBF0E946BD70817190758F451
:10FA5000801B910B459760F064E170E080E090E0DE
:10FA60000E947BDEF0CF9801281B390BC901F2CF31
:10FA700068EC70E080E090E00E947BDEC501AE960D
:10FA80000FB6F894DEBF0FBECDBFDF91CF911F91AF
:10FA90000F91FF90EF90DF90CF90BF90AF900895BF
:10FAA0008F929F92AF92BF92CF92DF92EF92FF928E
:10FAB0000F931F93CF93DF937C018B01EA0188E4BE
:10FAC000DA011D928A95E9F76701BCE0CB0ED11CE3
:10FAD000BA01C6010E942CEBFE01EF5BFF4F21E053
:10FAE000009709F020E020831FAE892B39F44BE00A
:10FAF0005AE060E470E0CE010E94D6B0C6010E94D8
:10FB00009071FE01E05CFF4F8083D701DC96ED91A0
:10FB1000FC91DD973097E1F0808C918CA28CB38CB6
:10FB2000FE01EE5BFF4F80829182A282B382CA5BAC
:10FB3000DF4F19830883DF91CF911F910F91FF90C1
:10FB4000EF90DF90CF90BF90AF909F908F900895EF
:10FB5000DE96ED91FC91309729F080849184A28407
:10FB6000B384DECF812C912CA12CB12CD9CFAC0148
:10FB700061E170E083E39DE00C94D6B08091330D99
:10FB8000811104C084EF99E00E94B77D61E085E3B4
:10FB90000E9479DD61E085E30E943EDC62E083E063
:10FBA0000E9479DD8091300480FF0C9480560C9483
:10FBB000F16F0E94CE701092440D0E9459700E9405
:10FBC000F16F8091300484FD04C08AED99E00C94BB
:10FBD000B77D88EE99E0FBCFEF92FF920F931F93D2
:10FBE000CF93DF93CDB7DEB760970FB6F894DEBF43
:10FBF0000FBECDBF1091440D112309F442C0809176
:10FC0000D1179091D217892B41F00E94F16F80910A
:10FC1000300484FF04C00E94D97D10E032C0E0901F
:10FC2000D117F090D21720E030E0A9016AE0C701B7
:10FC30000E949CE08823A1F08CE1F7018387C70133
:10FC40000E94CCDF0E94D3DE40912B04411127C0DB
:10FC500021E020932B0470932A046093290411C09F
:10FC600040E150E0BE016F5F7F4FC7010E9421E27B
:10FC7000082F882321F3C7010E94CCDF0E9459700E
:10FC8000102F812F60960FB6F894DEBF0FBECDBF48
:10FC9000DF91CF911F910F91FF90EF9008952091E8
:10FCA000290430912A04FB01E21BF30BE436F10531
:10FCB00040F370932A04609329044F3F21F081E0C0
:10FCC000840F80932B0480912B048330D0F2A3CF38
:10FCD0008F929F92AF92BF92CF92DF92EF92FF925C
:10FCE0000F931F93CF934B015C018091440D8823A8
:10FCF00039F089E395E10E94C070C82F811110C0CE
:10FD00000E94D97DC0E08C2FCF911F910F91FF9061
:10FD1000EF90DF90CF90BF90AF909F908F9008951D
:10FD20008091691590916A15009781F0B501A40141
:10FD30000E941AE5811119C00E94EC7DC82F88230A
:10FD400011F388E09BE00E94B77DDCCF80916B15BA
:10FD500090916C15009781F38401950140E050E08B
:10FD600060E070E00E9469A1E5CF0E945970CBCF9E
:10FD70008F929F92AF92BF92CF92DF92EF92FF92BB
:10FD800020919A0E211131C0409104125091051218
:10FD90004830510501F5C0909F0ED090A00EE09024
:10FDA000A10EF090A20E6C157D058E059F05B0F199
:10FDB0004B015C018C189D08AE08BF08C0909B0EDB
:10FDC000D0909C0EE0909D0EF0909E0EC814D90429
:10FDD000EA04FB0418F1FF90EF90DF90CF90BF9002
:10FDE000AF909F908F900C94687EC0909B0ED090A7
:10FDF0009C0EE0909D0EF0909E0EC616D706E8066B
:10FE0000F906B0F06093880E7093890E80938A0E85
:10FE100090938B0E1092870E1092860E822FFF9079
:10FE2000EF90DF90CF90BF90AF909F908F9008950C
:10FE300020E0F4CF8F929F92AF92BF92EF92FF9209
:10FE40000F931F9320FF0AC02F3FEFEF3E074E078F
:10FE50005E0769F12F5F3F4F4F4F5F4F49015A01D6
:10FE600080949094A094B09486169706A806B9063C
:10FE7000F0F049015A01860E971EA81EB91EE8141B
:10FE8000F9040A051B0598F00E9420716815790590
:10FE90008A059B0560F0C501B4011F910F91FF9089
:10FEA000EF90BF90AF909F908F900C94687E80E011
:10FEB0001F910F91FF90EF90BF90AF909F908F9008
:10FEC00008950F931F93CF93DF938C01EB01892B40
:10FED00011F0209729F483ED9AE00E94B77D0CC0C1
:10FEE0008091440D882331F089E395E10E94C07030
:10FEF000811105C00E94D97DDFEFCFEF14C0AE01A4
:10FF0000B80189E395E10E94A2568C179D0739F04C
:10FF10000E94EC7D882381F383EC9AE0DECFD82F1A
:10FF2000C92F0E9459708D2F9C2FDF91CF911F9167
:10FF30000F9108952F923F924F925F926F927F920E
:10FF40008F929F92AF92BF92CF92DF92EF92FF92E9
:10FF50000F931F93CF93DF93EC018B01892B11F04B
:10FF6000672B29F48BEB9AE00E94B77D0CC080913F
:10FF7000440D882331F089E395E10E94C07081111E
:10FF800005C00E94D97DCFEFDFEF38C0A801BE01C8
:10FF900089E395E10E949F55EC0197FF07C00E94FD
:10FFA000EC7D882381F38CEA9AE0DECF892B21F562
:10FFB000E0916915F0916A153097A1F180899189D6
:10FFC000A289B3891C012D01612C712C4301808D04
:10FFD000918DA28DB38D5C016D01E12CF12C870117
:10FFE0009501A601B701C8015101620173018401A5
:10FFF0000F945B0409F068F50E945970CE01DF91FF
:020000021000EC
:10000000CF911F910F91FF90EF90DF90CF90BF9015
:10001000AF909F908F907F906F905F904F903F90A8
:100020002F900895E0916B15F0916C15309721F3A6
:1000300020803180428053806480758086809780E4
:10004000A084B184C284D384E484F58406851785B2
:10005000C7CF0E94EC7D882309F495CF8DE99AE003
:1000600083CF8F929F92AF92BF92CF92DF92EF9207
:10007000FF92CF93DF93EC01892B61F480E0DF9155
:10008000CF91FF90EF90DF90CF90BF90AF909F9077
:100090008F90089560918F037091900380919103E8
:1000A000909192032091B70E3091B80E4091B90E05
:1000B0005091BA0E6217730784079507F8F6E0911E
:1000C000860EF091870E3097B9F0C090B604D090AC
:1000D000B704E090B804F090B9046C157D058E0566
:1000E0009F0550F0CE0EDF1EE11CF11C6C157D0546
:1000F0008E059F0508F43FC00E941B7C8111BECF76
:1001000080908F0390909003A0909103B090920301
:100110008092B6049092B704A092B804B092B90449
:10012000C090B70ED090B80EE090B90EF090BA0E15
:10013000C501B4010E94687E882309F49FCFC818C6
:10014000D908EA08FB0885E5C816D104E104F104E2
:1001500028F084E5C82ED12CE12CF12CB60180EBDF
:1001600091E10E949A7F8C159D0509F087CF9093AD
:10017000870E8093860E80918F0390919003A091BB
:100180009103B0919203FC01E455FE4F2091B60417
:100190003091B704E21BF30BEC5FFF4E2081288304
:1001A0000196A11DB11D80938F0390939003A0939E
:1001B0009103B093920381E062CF4F925F926F926E
:1001C0007F928F929F92AF92BF92CF92DF92EF92E7
:1001D000FF920F931F93CF93DF93CDB7DEB7609756
:1001E0000FB6F894DEBF0FBECDBF5C01162FC090D6
:1001F000B70ED090B80EE090B90EF090BA0E66230C
:1002000009F4BFC028E2C216D104E104F104C8F425
:1002100000E0802F60960FB6F894DEBF0FBECDBF12
:10022000DF91CF911F910F91FF90EF90DF90CF90D2
:10023000BF90AF909F908F907F906F905F904F9006
:1002400008950C960E9484536130710581059105D3
:10025000F9F6C50140960E9484536130710581050D
:100260009105B1F6C50144960E948453672B682B13
:10027000692B71F6C50184960E948453C616D70671
:10028000E806F90628F2C61AD70AE80AF90A20E1B0
:10029000C216D104E104F10408F4BACF0E94687ECA
:1002A000082F882309F4B4CF60E170E0CE010196F5
:1002B0000E949A7F409709F0ABCFCE0101960E9431
:1002C00084534B015C01CE0105960E9484536B015F
:1002D0007C01CE0109960E9484532B013C01CE0182
:1002E0000D960E948453AB01BC01811484E09806F2
:1002F000A104B10408F48CCFC114D104E104F104C9
:1003000009F486CF8091B70E9091B80EA091B90EE6
:10031000B091BA0E88159905AA05BB0508F478CFE7
:1003200088199909AA09BB098C159D05AE05BF0559
:1003300008F46ECF441555056605770508F468CFB7
:10034000C416D506E606F70608F462CF8092960E2C
:100350009092970EA092980EB092990EC092920E23
:10036000D092930EE092940EF092950E86E01111C9
:1003700001C089E08093900E1092870E1092860E35
:1003800048CF60E072E080E090E078CF8F929F925B
:10039000AF92BF92CF92DF92EF92FF92C090B70ED2
:1003A000D090B80EE090B90EF090BA0E0E94E170B5
:1003B000C61AD70AE80AF90A80E8C816D104E10487
:1003C000F10480F467E070E085EA9FE00E94FA7B28
:1003D00080E0FF90EF90DF90CF90BF90AF909F9024
:1003E0008F90089560E870E084E090E10E949A7F29
:1003F0008038910561F097FF05C066E070E08CE9F8
:100400009FE0E4CF67E070E082E99FE0DFCFC0903B
:100410001610D0901710F12CE12CC092AF0ED09294
:10042000B00EE092B10EF092B20E8090B70E9090A6
:10043000B80EA090B90EB090BA0E0E94E170861A64
:10044000970AA80AB90A8C149D04AE04BF0428F4C4
:1004500067E070E087E89FE0B9CF6093A70E7093E4
:10046000A80E8093A90E9093AA0EC60ED71EE81E62
:10047000F91EC092AB0ED092AC0EE092AD0EF0928F
:10048000AE0E109293031092A30E1092A40E10922F
:10049000A50E1092A60E1092850E0E94446281E075
:1004A00098CFAF92BF92CF92DF92EF92FF920F93CD
:1004B0001F93CF93DF93FA012091B10FCFE2D5E0E4
:1004C000A12C38E0B32E211105C0C0EBD1E124E509
:1004D000A22EB12C2091920E3091930E4091940E49
:1004E0005091950E621773078407950760F080E0BE
:1004F000DF91CF911F910F91FF90EF90DF90CF9000
:10050000BF90AF9008958F016B017C016091860EC2
:100510007091870E61157105B9F08091B6049091C4
:10052000B704A091B804B091B904C816D906EA0678
:10053000FB0650F0860F971FA11DB11DC816D906E6
:10054000EA06FB0608F440C0C701B6010E941B7C06
:100550008111CDCFC092B604D092B704E092B80416
:10056000F092B9048091920E9091930EA091940E06
:10057000B091950E8C199D09AE09BF09A50170E0D7
:1005800060E0481759076A077B0708F05C01609133
:10059000960E7091970E8091980E9091990E6C0D19
:1005A0007D1D8E1D9F1D0E94687E882309F49FCFAC
:1005B000B501CE010E949A7FA816B90609F097CF1F
:1005C000B092870EA092860E8091B6049091B704E7
:1005D000C81AD90ACC0DDD1D8881F801808381E01D
:1005E00087CF4F925F926F927F929F92AF92BF920E
:1005F000CF92DF92EF92FF920F931F93CF93DF93EF
:100600001F92CDB7DEB74115510599F4B12C8B2D52
:100610000F90DF91CF911F910F91FF90EF90DF909E
:10062000CF90BF90AF909F907F906F905F904F90D2
:1006300008952091910E6B017C0164E0CC0CDD1CCF
:10064000EE1CFF1C6A95D1F7C20ED11CE11CF11CF7
:1006500097018601025F1F4F2F4F3F4F8091920EEF
:100660009091930EA091940EB091950E73E0880F27
:10067000991FAA1FBB1F7A95D1F7081719072A07D8
:100680003B0720F68A012601370153E076946794F0
:10069000579447945A95D1F7AE014F5F5F4FC3010E
:1006A000B2010E945182882309F4B0CF9980AE0133
:1006B0004F5F5F4FC301B2016F5F7F4F8F4F9F4FFF
:1006C0000E945182B82E882309F4A0CF8C2D877008
:1006D000A82E8981C92CD12CF12CE12CD82AE1E05B
:1006E000EA1580F4C301B2016E5F7F4F8F4F9F4FB9
:1006F000AE014F5F5F4F0E945182882309F486CF7D
:100700008981E82A04C0F694E794D794C794AA9400
:10071000D2F7F5E5CF22DF22C601969587958C2981
:100720009D29837393736C01D694C794D694C79410
:10073000C82AD92A8FE0C822D822C60144E096955B
:1007400087954A95E1F7C82AF801C08260CFAC01CD
:1007500060916A0370916B0380916C0390916D03BB
:100760000E94F1828823A1F040916A0350916B03AB
:1007700060916C0370916D034F5F5F4F6F4F7F4FC0
:1007800040936A0350936B0360936C0370936D0303
:1007900008950F931F93CF93DF931F92CDB7DEB7CA
:1007A0000FEF10E0CE0101960E94A7838823D1F0BD
:1007B0009981992349F00F3F09F00F5F963131F489
:1007C0001F3F81F31F5FEECF00E0EBCF953A49F773
:1007D000123038F3212F30E02F5E3F4F02171306FF
:1007E00009F0F8F60F90DF91CF911F910F910895C6
:1007F0003F924F925F926F927F928F929F92AF92B1
:10080000BF92CF92DF92EF92FF920F931F93CF93FD
:10081000DF9300D01F92CDB7DEB7982E5B013A016F
:10082000290165EA90E080E00E94865C6C010E94EC
:10083000C9838823B9F0CE0101960E94A78388233B
:1008400089F0CE0102960E94A783882359F0CE0139
:1008500003960E94A783882329F06981911004C020
:10086000662331F020E058C0862F8B7F8130D1F78E
:100870003A808B80982D832DF30191838083911092
:1008800003C08034910571F7C6010E94865C632D18
:100890000E94865C682D0E94865C4C0180916A03F0
:1008A00090916B03A0916C03B0916D03F201808372
:1008B0009183A283B3830115110529F0F8011082F9
:1008C000118212821382E114F10419F0F7011182EE
:1008D0001082D12CC12CF30180819181C816D906D8
:1008E00090F1CE0104960E94A783882309F4BACF21
:1008F0006C81C4010E94865C8C01CE0104960E942A
:10090000A783882309F4AECF6C81C8010E94865C5E
:1009100021E0892B09F0A6CF822F0F900F900F9026
:100920000F90DF91CF911F910F91FF90EF90DF908B
:10093000CF90BF90AF909F908F907F906F905F907F
:100940004F903F900895CE0104960E94A78388237C
:1009500009F488CFA114B10449F0F0E4CF16D10412
:1009600028F48C81F501EC0DFD1D80830115110526
:1009700019F4E114F104F1F08C810E946E5E01150E
:10098000110569F0F8014081518162817381480F3E
:10099000511D611D711D4083518362837383E11476
:1009A000F10441F0F70120813181820F932F911DD5
:1009B000918380836C81C4010E94865C4C01FFEFAF
:1009C000CF1ADF0A88CF8F929F92AF92BF92CF92B9
:1009D000DF92EF92FF920F931F93CF93DF938C01DF
:1009E000EB0180919A0E882309F45BC0F12CE12C75
:1009F000CE15DF0509F453C08091880E9091890EC1
:100A0000A0918A0EB0918B0E80909B0E90909C0EC0
:100A1000A0909D0EB0909E0E88159905AA05BB0565
:100A2000F0F580908C0E90908D0EA0908E0EB09070
:100A30008F0EBC01CD01680D791D8A1D9B1DA8017B
:100A40004E0D5F1D0E94F182811112C0E114F1046C
:100A500031F58FEF9FEFDF91CF911F910F91FF90B5
:100A6000EF90DF90CF90BF90AF909F908F900895C0
:100A70008FEFE81AF80A8091880E9091890EA09164
:100A80008A0EB0918B0E0196A11DB11D8093880E28
:100A90009093890EA0938A0EB0938B0EA9CFC701B5
:100AA000DACF80910412909105120897B9F50E944F
:100AB000E170AB01BC0180919F0E9091A00EA091BE
:100AC000A10EB091A20E481759076A077B0708F2DA
:100AD000C0909B0ED0909C0EE0909D0EF0909E0ECC
:100AE0004A015B01881A990AAA0ABB0AC814D904E8
:100AF000EA04FB0408F4ADCF8C0D9D1DAE1DBF1D97
:100B0000841B950BA60BB70BC9F0AE0170E060E03B
:100B100084179507A607B70708F4EC01BE01C801C2
:100B2000DF91CF911F910F91FF90EF90DF90CF90C9
:100B3000BF90AF909F908F900C949A7F80E090E050
:100B40008ACF2F923F924F925F926F927F928F92B5
:100B50009F92AF92BF92CF92DF92EF92FF920F934C
:100B60001F93CF93DF9300D01F92CDB7DEB76B01F9
:100B70007C015C834B831901DA011D921D921D9249
:100B80001C921397F90111821082C114D104E1045F
:100B9000F10409F481C046015701F1E0CF16F2E0FB
:100BA000DF06E104F10428F0812C82E0982EA12CCC
:100BB000B12C9A828982B40189E192E10E94E38496
:100BC0008815990529F197FD1EC067E070E080EB5C
:100BD0009FE00E94FA7B80E00F900F900F900F90A3
:100BE000DF91CF911F910F91FF90EF90DF90CF9009
:100BF000BF90AF909F908F907F906F905F904F903D
:100C00003F902F90089566E070E08AEB9FE0E1CF7F
:100C100009E112E1D8018D918D010E946E5E282FAD
:100C2000EB81FC814081518162817381482E512C7E
:100C3000712C612CDB01CA0180959095A095B0952F
:100C400084159505A605B705D8F48FEF9FEFDC0155
:100C500080839183A283B383F10180819181820F8C
:100C6000911D91838083C8018951924129813A81E4
:100C70008217930778F2C818D908EA08FB0885CFCD
:100C8000440D551D661D771DAB81BC814D935D9351
:100C90006D937C931397E0CF81E09ECF2F923F928C
:100CA0004F925F926F927F928F929F92AF92BF927C
:100CB000CF92DF92EF92FF920F931F93CF93DF9328
:100CC00000D000D01F921F92CDB7DEB71C018090DC
:100CD000B70E9090B80EA090B90EB090BA0E0E94C8
:100CE000E170861A970AA80AB90A67E070E081EEF7
:100CF0009FE020E882169104A104B10408F49DC08D
:100D000060E870E084E090E10E949A7F803891056D
:100D100009F08DC004E010E118861F82812C912C0F
:100D20005401712CF80181918F010E946E5E880E32
:100D3000911CA11CB11C2F813885280F311D3887CB
:100D40002F83739430E87312EDCFC0901610D090BB
:100D50001710F12CE12CC092AF0ED092B00EE092A1
:100D6000B10EF092B20E4090B70E5090B80E609057
:100D7000B90E7090BA0E0E94E170461A570A680ABE
:100D8000790A67E070E083EC9FE04C145D046E0428
:100D90007F0408F452C06101EF80F884950184015A
:100DA00040E850E060E070E081E00E947E5E8111EA
:100DB00002C080E023C06091AF0E7091B00E8091B0
:100DC000B10E9091B20E9E012B5F3F4FAE014F5F6F
:100DD0005F4F0E94A185882361F3ED80FE80098129
:100DE0001A812B813C814091AF0E5091B00E6091E1
:100DF000B10E7091B20E80E00E947E5E28960FB612
:100E0000F894DEBF0FBECDBFDF91CF911F910F9140
:100E1000FF90EF90DF90CF90BF90AF909F908F901A
:100E20007F906F905F904F903F902F90089597FF25
:100E300007C066E070E088ED9FE00E94FA7BB9CFC2
:100E400067E070E08EEC9FE0F8CF8F929F92AF92B8
:100E5000BF92CF92DF92EF92FF920F931F93CF93A7
:100E6000DF9300D000D000D01F92CDB7DEB7109234
:100E700095031092960310929703109298031D8287
:100E80001E821F8218861092B30E1092B40E10921A
:100E9000B50E1092B60E60E070E0CB010E94687E45
:100EA000182F66E070E085EF9FE01123E1F180915B
:100EB0000412909105120297C9F5CE0105960E9481
:100EC0004E86182F882309F463C00E94E1700091B8
:100ED000B70E1091B80E2091B90E3091BA0E60176E
:100EE00071078207930748F36D817E818F81988512
:100EF0006F3F2FEF72078207920709F05DC0609382
:100F0000B30E7093B40E8093B50E9093B60E60E05E
:100F100070E0CB010E94687E182F811139C066E015
:100F200070E08CEE9FE00E94FA7B32C0CE01059605
:100F30000E944E86882359F18090B70E9090B80E8B
:100F4000A090B90EB090BA0E0E94E170861A970A6E
:100F5000A80AB90A49F29E01275F3F4FAE014F5FD1
:100F60005F4FC501B4010E94A185882381F0E98407
:100F7000FA8409811A812B813C81CE0105966C018E
:100F8000B501A40180E00E947E5E8111ADCF10E02A
:100F9000812F2A960FB6F894DEBF0FBECDBFDF912A
:100FA000CF911F910F91FF90EF90DF90CF90BF9066
:100FB000AF909F908F90089520912802220F30E0EB
:100FC00050E040E00F94D902672B682B692B49F45D
:100FD0002093B30E3093B40E4093B50E5093B60EDB
:100FE00096CF2F5F3F4F4F4F5F4FF2CF8F929F9221
:100FF000AF92BF92CF92DF92EF92FF920F931F9327
:101000004091A30E5091A40E6091A50E7091A60E72
:101010008091AF0E9091B00EA091B10EB091B20E32
:10102000481759076A077B0730F08FB7F89491E0AB
:10103000909301029FC00E945262811528E092079E
:1010400090F066E070E08EE79FE00E94FA7B80E01F
:101050001F910F91FF90EF90DF90CF90BF90AF90D6
:101060009F908F9008956FEF77E0681B790B09F4DC
:1010700082C0613082E0780710F060E072E0C090DA
:10108000AF0ED090B00EE090B10EF090B20E009185
:10109000A30E1091A40E2091A50E3091A60ECB01A7
:1010A000B0E0A0E046015701801A910AA20AB30AF3
:1010B00088169906AA06BB0618F4B601601B710BC8
:1010C00089E192E10E94E38497FF05C066E070E049
:1010D00085E79FE0BACF009729F467E070E08BE6E0
:1010E0009FE0B3CF20916F0330917003E9E1F2E10B
:1010F000D901B7704191A15DBA4F4C932F5F3F4F1B
:10110000AF01495152414817590794F3092E000C79
:10111000AA0BBB0B4091A30E5091A40E6091A50E9B
:101120007091A60E840F951FA61FB71F8093A30E64
:101130009093A40EA093A50EB093A60E8FB7F8942B
:101140003093700320936F030091A30E1091A40EAF
:101150002091A50E3091A60E4091AF0E5091B00E89
:101160006091B10E7091B20E04171507260737076C
:1011700008F05DCF8FBF81E06BCFCF93DF934091BD
:10118000A30E5091A40E6091A50E7091A60E8091B1
:10119000AF0E9091B00EA091B10EB091B20E481763
:1011A00059076A077B0768F40E945262EC010E94AB
:1011B000F687282F8823C1F00E9452628C179D0762
:1011C000F1F68091AF0E9091B00EA091B10EB0915A
:1011D000B20E21E0892B8A2B8B2B31F00E945262B8
:1011E00021E0892B09F420E0822FDF91CF9108952F
:1011F000CF9360919F0E7091A00E8091A10E90915F
:10120000A20E0E94B87EC82F811109C066E070E06E
:101210008BE991E10E94FA7B8C2FCF910895409148
:101220009B0E50919C0E60919D0E70919E0E40936E
:10123000AF0E5093B00E6093B10E7093B20E8091CA
:101240009F0E9091A00EA091A10EB091A20E840FBE
:10125000951FA61FB71F8093AB0E9093AC0EA09363
:10126000AD0EB093AE0E1092A30E1092A40E10927B
:10127000A50E1092A60E1092850E0E9444620E9446
:10128000BD88C82F882341F281E08093850EC4CFAA
:101290000F931F93CF930E947367811528E09207E5
:1012A00058F066E070E084E39DE00E94816780E092
:1012B000CF911F910F9108956FEF77E0681B790B25
:1012C000C9F0613082E0780710F060E072E089E1F7
:1012D00092E10E949A7F97FF05C066E070E08AE283
:1012E0009DE0E3CF009741F48FB7F89491E090939D
:1012F00043028FBF81E0DCCF20916C0E30916D0EE8
:10130000E9E1F2E1D901B7704191A15DBA4F4C9387
:101310002F5F3F4FAF01495152414817590794F38E
:10132000092E000CAA0BBB0B40915B0E50915C0E7A
:1013300060915D0E70915E0E840F951FA61FB71F02
:1013400080935B0E90935C0EA0935D0EB0935E0E47
:10135000CFB7F89430936D0E20936C0E0E94E1701D
:1013600000915F0E1091600E2091610E3091620E1F
:10137000601771078207930718F081E0809343029A
:10138000CFBFB8CFCF93DF93EC012C96CE010E9454
:10139000C070882319F0CE010E94C3E4DF91CF9181
:1013A0000C94EC7D87ED99E00C94B77DAF92BF92E1
:1013B000CF92DF92EF92FF921F93CF93DF93CDB73F
:1013C000DEB7CD5AD1090FB6F894DEBF0FBECDBF40
:1013D0005C016B01892B61F0672B51F01091440D7A
:1013E000112331F089E395E10E94C0708823B9F0A0
:1013F00088E49BE00E94B77D10E0812FC355DF4F4A
:101400000FB6F894DEBF0FBECDBFDF91CF911F9115
:10141000FF90EF90DF90CF90BF90AF9008956091D4
:10142000CD177091CE176115710571F019821A826E
:101430001B8220E0A601CE0101960E94639B8823B7
:10144000A1F08CE39BE0D6CF6091CF177091D017BD
:101450006115710551F01DA61EA61FA620E0A6016C
:10146000CE0101960E9446AEEACFE090CD17F090F3
:10147000CE17E114F10409F45BC1C257DF4F1882A3
:10148000CE58D040C157DF4F1882CF58D040C057F8
:10149000DF4F1882C059D04080EDE81A8DEFF80A6E
:1014A00020E0A501B701CE0182579F4F0E94E09A2C
:1014B000882309F44DC018AA19AA1AAA19821A82F7
:1014C0001B82C257DF4F8881CE58D040887109F403
:1014D0003FC0CC56DF4F28813981C459D040F70135
:1014E000868197812817390799F5CE0182579F4F3A
:1014F0000E9486E480E2FE01E257FF4FDE01119672
:1015000001900D928A95E1F760E0CE0182579F4FDE
:101510000E946C9BFC01892BD9F090E2DE01A15A5C
:10152000BF4F01900D929A95E1F7C257DF4F888126
:10153000CE58D04083FF15C021E5A601B701CE01EA
:10154000C0960E94E09AC12CD12C7601811118C05E
:101550000E94EC7D182F882309F44FCF80E39BE095
:1015600049CF20E0A601B701CE01C0960E94A09D00
:10157000882371F36096CCACDDACEEACFFAC609729
:1015800028968CAD9DADAEADBFAD2897CE55DF4F43
:1015900088839983AA83BB83C25AD0408CA99DA912
:1015A000CE56DF4F99838883C259D0408BA9CF563E
:1015B000DF4F8883C159D04088AD99ADAAADBBAD8E
:1015C000CA56DF4F88839983AA83BB83C659D0400C
:1015D00018AA1AAA61E0CE0182579F4F0E946C9B05
:1015E000009709F4B5CFDC011D9623E1EFE5F0E0AB
:1015F000EC0FFD1F3D9601900D922A95E1F7AB96F9
:101600002FADAB97FC012387C114D104E104F10491
:1016100009F46FC0CC56DF4FE881F981C459D0403E
:101620008481B701A601425051096109710904C0C2
:10163000440F551F661F771F8A95D2F781899289BB
:10164000A389B489480F591F6A1F7B1F20E0CF016F
:1016500084960E94F3E2FC01892B09F479CF90E291
:10166000B096DE01A15ABF4F01900D929A95E1F715
:10167000B701A601CC56DF4F88819981C459D0406B
:101680000E9433E4882309F463CFCC56DF4FE8810E
:10169000F981C459D040C655DF4F488159816A81CC
:1016A0007B81CA5AD0404250510961097109848135
:1016B00004C0440F551F661F771F8A95D2F7818992
:1016C0009289A389B489480F591F6A1F7B1F21E0A3
:1016D000CF0184960E94F3E2DC01892B09F438CF14
:1016E00090E2FE01E15AFF4F909601900D929A957B
:1016F000E1F71D8E1E8E1F8E18A282E08B8388E07C
:101700008983CE0101960E9474EA882309F420CFD0
:10171000CC56DF4F88819981C459D0400E94D19C1A
:10172000882309F415CF0E9459700E94D28965CE92
:10173000E090CF17F090D017E114F10409F408CF2E
:10174000C557DF4F1882CB58D040C457DF4F18829F
:10175000CC58D040C357DF4F1882CD58D040F0ED61
:10176000EF1AFDEFFF0A20E0A501B701CE01815A73
:101770009F4F0E94C2AD882309F4EACE6D961FAE3A
:101780006D976E961FAE6E976F961FAE6F971DA6E4
:101790001EA61FA6C557DF4F8881CB58D040887141
:1017A00009F4D6CEC158DF4F28813981CF57D040B8
:1017B000F70180A191A12817390709F0C9CE21E5C9
:1017C000A601B701CE01C0960E94C2AD882309F4DC
:1017D000BFCE8FE2FE01E15AFF4FDE01119601906C
:1017E0000D928A95E1F789E0FE01EE5AFF4FAFE5D1
:1017F000B0E0AC0FBD1F929601900D928A95E1F773
:101800006C968FAD6C97C657DF4F8883CA58D0400F
:10181000C357DF4F8881CD58D0408068C357DF4F12
:101820008883CD58D040CE01815A9F4F0E944EA34D
:10183000882309F48DCE1D8E1E8E1F8E18A282E085
:101840008FA788E08DA7CE0101960E94B8A668CF29
:101850001F93CF93DF93CDB7DEB7AF970FB6F89452
:10186000DEBF0FBECDBFAC01892B21F01091440D1E
:10187000111110C087E29BE00E94B77D10E0812F1C
:10188000AF960FB6F894DEBF0FBECDBFDF91CF91FC
:101890001F9108956091CD177091CE176115710554
:1018A000C1F019821A821B8221E0CE0101960E94AA
:1018B000639B882331F0CE0101960E9474EA811166
:1018C0001EC00E94EC7D182F8823C9F287E19BE09F
:1018D000D3CF6091CF177091D0176115710589F33F
:1018E0001DA61EA61FA621E0CE0101960E9446AEAF
:1018F000882339F3CE0101960E94B8A6E0CF0E945A
:1019000059700E94D289BBCFCF938091440D882318
:1019100031F089E395E10E94C070811106C00E94F8
:10192000D97DC0E08C2FCF91089589E395E10E9485
:101930004856C82F811109C00E94EC7D882391F37D
:1019400089EF9AE00E94B77DEDCF0E9459700E9406
:10195000D289E8CF8F929F92AF92BF92DF92EF929F
:10196000FF920F931F93CF93DF9300D01F92CDB7B9
:10197000DEB74B015C018091440D882339F089E387
:1019800095E10E94C070D82E811114C00E94D97DAB
:10199000D12C8D2D0F900F900F900F90DF91CF9144
:1019A0001F910F91FF90EF90DF90BF90AF909F90AD
:1019B0008F900895E0906915F0906A15E114F10494
:1019C00009F474C0B501A401C7010E941AE5882377
:1019D000A1F1F701828181FF30C0848D958DA68DA4
:1019E000B78D0097A105B10509F45BC04485558505
:1019F00066857785411551056105710549F11982A3
:101A00001A821B821C829E012F5F3F4F8681978125
:101A10000E94B2E387FD11C0882311F1F7014485CC
:101A20005585668577850FEF1FEF2FEF3FE08681A5
:101A300097810E943DE3811113C00E94EC7DD82E56
:101A4000882309F4A6CF89EE9AE00E94B77DA0CF43
:101A500089839A83AB83BC83148E158E168E178E62
:101A600049815A816B817C81411551056105710560
:101A700039F0F701868197810E9433E48823E9F2E7
:101A8000F70180899189A289B389808F918FA28F74
:101A9000B38F828180688283C7010E9486E4882395
:101AA00061F20E9459700E94D28973CFE0906B1549
:101AB000F0906C15E114F10409F4BFCF8401950195
:101AC00040E050E060E070E0C7010E9469A1882317
:101AD00009F4B3CFC7010E94F6A3E1CF2F923F9242
:101AE0004F925F926F927F928F929F92AF92BF922E
:101AF000CF92DF92EF92FF920F931F93CF93DF93DA
:101B0000CDB7DEB760970FB6F894DEBF0FBECDBF7E
:101B10006D837E838F8398878091440D882339F06D
:101B200089E395E10E94C070F82E81111DC00E94CA
:101B3000D97DF12C8F2D60960FB6F894DEBF0FBEC5
:101B4000CDBFDF91CF911F910F91FF90EF90DF906C
:101B5000CF90BF90AF909F908F907F906F905F904D
:101B60004F903F902F900895C0906915D0906A15BE
:101B7000C114D10409F4D7C0D60112968C911297E2
:101B800081FFC6C05C968D919D910D90BC91A02D5A
:101B9000892B8A2B8B2B09F0BBC0F601268037805E
:101BA000D10114962C91275F8D819E81AF81B885DC
:101BB0000197A109B10904C0B695A7959795879596
:101BC0002A95D2F78C019D010F5F1F4F2F4F3F4F7A
:101BD0000D871E872F87388BD10119968D909D9088
:101BE000AD90BC901C97BFEF8B1A9B0AAB0ABB0A47
:101BF00024013501EF2CF101818D928DA38DB48DDF
:101C000088159905AA05BB0508F482C09E012F5FBF
:101C10003F4FB501A401C1010E94B2E3282F87FD07
:101C200077C0B501A4014F5F5F4F6F4F7F4F898130
:101C30009A81AB81BC81892B8A2B8B2B11F42111CA
:101C40000BC084149504A604B70409F0E12C2A0102
:101C50003B014A015B01CFCFDB01CA018419950921
:101C6000A609B7090D851E852F853889081719071C
:101C70002A073B0771F7EE2039F0D10119968D92B2
:101C80009D92AD92BC921C970FEF1FEF2FEF3FE09C
:101C9000B501A401C1010E943DE38823C9F14814A4
:101CA00059046A047B04C0F49501840101501109B0
:101CB000210931090D871E872F87388B95018401F3
:101CC0004D855E856F857889C1010E943DE38D84D5
:101CD0009E84AF84B888E1CFD6015C964D925D9228
:101CE0006D927C925F970D811E812F813885589669
:101CF0000D931D932D933C935B9712968C911297A5
:101D0000806E12968C93C6010E9486E4811181C078
:101D10000E94EC7DF82E882309F40CCF8BED9AE01D
:101D20000E94B77D06CFC0906B15D0906C15C11482
:101D3000D10471F3F60186A581FFEACF848D958DDC
:101D4000A68DB78D892B8A2B8B2B11F72D813E8188
:101D50004F81588589019A0140E050E0BA010D8316
:101D60001E832F83388749875A876B877C8700A01B
:101D7000F1A1E02D98014F81588560E070E080E08E
:101D800090E0AFEF0F944604DF01A15DBD4F0C91D1
:101D9000075F0F9422045A0149013FEF831A930A07
:101DA000A30AB30A9501840140E050E0BA01CF01D3
:101DB0000E94A89F2B013C0142E04416510461049B
:101DC000710408F4A5CFEE24E3949501BC01A201AF
:101DD000D60190968D919C910E947D9E882309F456
:101DE00097CF0D81F60100871E8111872F812287F1
:101DF000388533871486158616861786448E558E49
:101E0000668E778E86A5806C86A7C6010E944EA33B
:101E10007DCF0E9459700E94D2898CCE2F923F9222
:101E20004F925F926F927F928F929F92AF92BF92EA
:101E3000CF92DF92EF92FF920F931F93CF93DF9396
:101E4000CDB7DEB7CC52D1400FB6F894DEBF0FBE8F
:101E5000CDBF7C01C55DDE4F79836883CB52D14015
:101E6000CE018F5B9F4F0E946070CE018F579F4FB6
:101E70000E946070CE0101965C010E946070E114C6
:101E8000F10439F0F70180818F3219F481818111D9
:101E900005C087E79AE00E94B77D45C00E94EC7DAF
:101EA000882309F440C040E0B701CE010D960E949E
:101EB0007470882309F453C0CE010D960E9490716E
:101EC000D82E811109C0CE010D960E94C3E48FE681
:101ED0009AE00E94B77D28C0CE010D960E94C3E40F
:101EE0000E9459700E94D28901E410E00C0F1D1F5E
:101EF000045F1F4F40E0B701C8010E947470811158
:101F000047C101E410E00C0F1D1F045F1F4FC80103
:101F10000E94C070882319F0C8010E94C3E40E9487
:101F2000EC7D8111BBC1D12C8D2DC45DDE4F0FB670
:101F3000F894DEBF0FBECDBFDF91CF911F910F91FF
:101F4000FF90EF90DF90CF90BF90AF909F908F90D9
:101F50007F906F905F904F903F902F9008950E94D8
:101F6000EC7D882301F340E0B701CE010D960E947D
:101F70007470C82E882371F0CE010D960E94907166
:101F8000D82E8111A9CFCE010D960E94C3E487E619
:101F90009AE09FCF6091CD177091CE1761157105B2
:101FA000D1F0CF53DF4F1882C15CD040CE53DF4F0A
:101FB0001882C25CD040CD53DF4F1882C35CD04042
:101FC000605D7D4F21E0A701CE018F539F4F0E949E
:101FD000A09DC82E53C00091CF171091D0170115A6
:101FE000110509F44BC0C45EDE4F1882CC51D140BC
:101FF000C35EDE4F1882CD51D140C25EDE4F1882E3
:10200000CE51D140C75DDE4FF982E882C952D1403E
:10201000C351DF4F1882CD5ED040C251DF4F1882CE
:10202000CE5ED040C151DF4F1882CF5ED040F80164
:10203000E45AFD4F8081807509F1F70180818F326C
:10204000D9F5C75DDE4FE881F981C952D140808161
:102050008F3241F43196C75DDE4FF983E883C95270
:10206000D140EFCF005D1D4FF80160A171A1CE01FD
:102070008F539F4F0E94B3A2811162C040E0B7010D
:10208000CE010D960E947470811174C00E94EC7D87
:10209000882309F448CF40E0B701CE010D960E9495
:1020A0007470D82E811166C083E59AE0CC2009F4C3
:1020B00010CF8EE59AE00DCF005D1D4FC75DDE4F5E
:1020C00068817981C952D1409E01275D3E4FAE01A2
:1020D000415E5E4FCE0180519F4F0E9477A78823BB
:1020E00069F2C75DDE4FE881F981C952D140808134
:1020F0008823B1F120E0AE01415E5E4FB801CE0110
:1021000080519F4F0E94DAAA8823F1F08FE2FE01EE
:10211000E051FF4FDE01AF53BF4F01900D928A9502
:10212000E1F7CE0180519F4F0E944EA3C45EDE4F67
:102130001882CC51D140C25EDE4F1882CE51D140C0
:102140008E010F531F4FBACFAE01415E5E4FB801F3
:10215000CE0180519F4F0E948AAD8111D7CF8ECF83
:10216000AE01415E5E4FB801CE0180519F4F0E948B
:102170008AAD2FCFCE010D960E949071D82E81117D
:10218000ABCECE010D960E94C3E48BE49AE0A1CEC3
:10219000C8010E949071882309F4B3CE0E9459703F
:1021A000F12CE12C280101E810E00C0F1D1F045F49
:1021B0001F4F3E01F8E06F0E711C8AE0282EB2011D
:1021C000C8010E9455E7D82E882309F48EC0F50176
:1021D00080E411928A95E9F7B501C8010E942CEBC1
:1021E00021961FAE2197C8010E94907181116CC089
:1021F000F50101900020E9F7CF010C978A159B05A6
:1022000009F062C089810E94B7A0823509F05CC0E4
:102210008A810E94B7A0853409F056C08B810E9444
:10222000B7A0833409F050C088858E3209F04CC0C5
:10223000FE013496912C812C819190ED980F9A306B
:1022400008F042C0289C6001299CD00C1124C80EC3
:10225000D11C87FDDA94460180E3881A9108E615BF
:10226000F70551F789850E94B7A08735D1F48A8593
:102270000E94B7A0813441F58B850E94B7A08635B6
:1022800019F5E1E3CE1AD108FFE0CF16F7E2DF0639
:10229000D8F4E814F904C0F4740116C084E99AE093
:1022A000FACD8C34A9F43A84832D0E94B7A08534EA
:1022B00029F48B850E94B7A0803519F391E3391278
:1022C00003C08B858633E9F2C8010E94C3E477CF4F
:1022D0008D34D1F78A850E94B7A08A35A9F78B85FE
:1022E0000E94B7A0863481F7CCCFC2010E94C3E41C
:1022F0000E94EC7D182F882309F415CE8FE0E81694
:1023000087E2F80618F085E89AE0E3CD9FEFE91A36
:10231000F90AC55DDE4FE881F981CB52D140F182E7
:10232000E0820E94D289D12EFFCDCF93DF93EC01C2
:10233000892B49F482E49AE00E94B77DC0E08C2F9B
:10234000DF91CF9108950E94EC7D8823B9F389E352
:1023500095E10E94C070882321F089E395E10E94F5
:10236000C3E442E3BE0189E395E10E947470C82F83
:10237000811109C00E94EC7D882301F381E39AE07A
:102380000E94B77DDCCF0E9459700E94D289D7CFBE
:10239000CF93DF93EC01892B49F488E29AE00E9405
:1023A000B77DC0E08C2FDF91CF9108950E94EC7D26
:1023B0008823B9F389E395E10E94C070882321F056
:1023C00089E395E10E94C3E440E0BE0189E395E121
:1023D0000E947470C82F811109C00E94EC7D88236F
:1023E00001F389E19AE00E94B77DDCCF0E94597029
:1023F0000E94D289D7CF2F923F924F925F926F92D5
:102400007F928F929F92AF92BF92CF92DF92EF9284
:10241000FF920F931F93CF93DF93CDB7DEB7E09773
:102420000FB6F894DEBF0FBECDBF2091D60E30910F
:10243000D70E232B09F4AEC0009709F4ABC020914E
:10244000D40E3091D50E2130310501F11092CD0E10
:10245000FB013183208311E0812FE0960FB6F894C1
:10246000DEBF0FBECDBFDF91CF911F910F91FF90C7
:10247000EF90DF90CF90BF90AF909F908F907F9024
:102480006F905F904F903F902F9008955B0198ABB5
:102490008FA70E94E1701B012C010E94CE70F501F4
:1024A000118210826091D60E7091D70E1BA61AA6CB
:1024B00089E192E1892B11F4712C9EC0611571059F
:1024C000D9F324E542E050E089E192E10E9465D928
:1024D000882391F389E192E10E941F6F882361F3C1
:1024E00089E192E10E94C8918EA7882329F3198E71
:1024F0001DA2812C912C60E072E089E192E10E94A2
:102500009A7F3C0197FF03C00E94CE70D5CF892BE4
:1025100009F468C089E192E19DA78CA7ECA5FDA50F
:102520008191FDA7ECA78D3011F08A3079F48820D5
:1025300099F18BA58111E8CF812C912C8CA59DA5BB
:1025400089519241861597054CF348C08110F6CF0A
:1025500096E1991548F0E1E0F0E0EC0FFD1FE90D80
:10256000F11D80839394EACF8EA4E8CF8BA58823B6
:1025700009F481C0A501BE016B5D7F4FCE01499674
:102580000E944168182F8AA70E94CE70112309F477
:1025900093CF73C010E060CF992071F2E1E0F0E0DA
:1025A000EC0FFD1FE90DF11D1082CE018A966C0122
:1025B00075018E010B5D1F4F9E01275E3F4FAE01DF
:1025C000455D5F4F6FA578A989970E94D6D988236A
:1025D00009F49ACF8AA5882309F4AECF8AA5882367
:1025E00009F489CF7AA4711042C0882011F18BA51B
:1025F0008823E9F10E94CE707092CD0E8091D60EA4
:102600009091D70E0E94C891182F66E070E08EEA74
:1026100091E1112359F0C201B1010E94687E182F87
:1026200081111ACF66E070E085EA91E10E94FA7BA1
:1026300013CF9920E1F0E1E0F0E0EC0FFD1FE90D90
:10264000F11D1082FE01BA966F0175018E010B5DBE
:102650001F4F9E01275E3F4FAE01455D5F4F6FA547
:1026600078A9CE0101960E94D6D9882319F28AA5AD
:10267000882309F47BCF0E94CE708AA5882309F4B1
:102680001BCF77247394F50180819181019709F024
:10269000B3CF12CFCF92DF92EF92FF920F931F939F
:1026A000CF93DF931F921F92CDB7DEB7082F0E9402
:1026B000BE7D011119C08091440D8823A9F00E94AC
:1026C000EC7D182F882381F00E94D2890E948056C9
:1026D000812F0F900F90DF91CF911F910F91FF905D
:1026E000EF90DF90CF9008950E94CE701092440D2D
:1026F000002381F11092CE171092CD171092D017AF
:102700001092CF170091D1171091D2170115110512
:10271000E1F0F80181858823C1F0C8010E9415E22B
:102720009FB7F8948091580D882319F081508093B9
:10273000580D8091580D811105C08CB58F7B8CBDD3
:102740001092510E9FBFF801118680913004877E50
:10275000809330040E9459708DEF99E00E94B77DFC
:1027600061E085E30E943EDC0E944FAE82E590E08E
:102770000E94AD711AE08FEF0E94A6711150D9F737
:102780008091510E81110E94126F1092DC171092ED
:10279000DF171092E0171092E1171092E2171092D3
:1027A000DE1785E38093DD1761E00E9479DD61E04B
:1027B0008091DD170E943EDC82E58093D517109250
:1027C000D6170E944FAE81E08093DC1783ED97E12E
:1027D0000E9418E061E08091DD170E943EDC1AE063
:1027E0000E94C9DF1150E1F760E08091DD170E947F
:1027F0003EDC0E94D3DE6053784F7A83698320E009
:1028000030E0A90160E083ED97E10E949CE0082F91
:10281000813069F1CE0101960E944CE0882379F362
:1028200081E08093DE1783ED97E10E94CCDF83ED9A
:1028300097E19093D2178093D117892BA1F08091C3
:10284000DE17811110C061E083ED97E10E9465EC15
:10285000811177C060E08091D1179091D2170E94CA
:1028600065EC81116EC00E94D97D10E031CF2AEA5B
:1028700031E040E050E068E083ED97E10E949CE0A9
:1028800082FD11C014E00E94C9DF8093E11711504E
:10289000D1F78A3A29F1CE0101960E944CE08823B3
:1028A00031F386E0BECF11E0C12CD12C760120E0BF
:1028B00030E0A90167E383ED97E10E949CE0A70166
:1028C000960169E283ED97E10E949CE0882379F00C
:1028D000CE0101960E944CE0882349F387E1A1CF05
:1028E00012E0C12CD12CE12C80E4F82EE0CF123084
:1028F000C9F420E030E0A9016AE383ED97E10E948A
:102900009CE0882311F082E18CCF0E94C9DF807C9B
:10291000803C09F413E00E94C9DF0E94C9DF0E94D5
:10292000C9DF012F83ED97E10E94CCDF80E5809322
:10293000D51781E08093D6170093E2178093DB17B9
:1029400076CF81E08093440D0E9459700E94D28915
:102950000E94805611E0BCCEFC01662399F0DC0198
:1029600090E08D91811109C0DF01A90FB11D80E2B6
:102970009F5F8D939031E1F703C09F5F903189F79E
:102980006787108A0895DC011E96ED91FC911F97D0
:10299000E130F10521F490968C9181110BC0E43067
:1029A00008F0E0E0F0E0EE0FFF1FE050F94E8591F7
:1029B0009491089588E097E10895CF92DF92EF9285
:1029C000FF920F931F93CF93DF9300D01F921F921C
:1029D000CDB7DEB78C01362FCA01AE014F5F5F4F16
:1029E0007A01FA0120E04AE0C42ED12C2F5FB60113
:1029F0000F94C502805D8193CB01009711F02530C3
:102A0000A9F7EFEFE20FF0E03196EE0DFF1D832FF7
:102A1000D801A80FB11D92919C938F5FEE15FF0511
:102A2000B9F7832F820F0F900F900F900F900F9098
:102A3000DF91CF911F910F91FF90EF90DF90CF909A
:102A400008951092FE0D1092FD0D1092FC0D089548
:102A50004FB7F89420911105309112058091300DF7
:102A60009091310D4FBF821B930B08954FB7F8948F
:102A700020910F053091100580910D0590910E0564
:102A80004FBF821B930B08951092990F1092E90D7E
:102A900010929A0F1092980F8FEF80935A02109213
:102AA000970F08951092FE0E1092FF0E089568176A
:102AB000790760F0681B790B6C5F7F4F53E0769568
:102AC00067955A95E1F7860F971F08959C012D5F32
:102AD0003F4F261B370B43E0369527954A95E1F784
:102AE000821B930B089561157105B9F034E1389F8D
:102AF000F001399FF00D1124469FC001479F900DB2
:102B00001124E817F90748F0269FA001279F500DD0
:102B1000112481E04E175F0708F480E008959C01BE
:102B20006091DE0D7091DF0D66307105F1F4E0917A
:102B3000DC0DF091DD0D3097B1F0A4E2B4EF0F940D
:102B400003039F0136952795620F731F811D911D09
:102B50009F0150E040E00F94D9022115310581E03A
:102B600048075105B8F4C901089564307105D9F7D3
:102B7000A2E3B0E00F9403039B01AC01285F3F4F39
:102B80004F4F5F4F84E056954795379527958A9527
:102B9000D1F7E3CF8FEF9FEF08958091140E882334
:102BA00051F08091130E882331F081E090910A0E4C
:102BB000911101C080E008956091C2042091C70482
:102BC0003091C8046623F9F0862F8695820F932FE3
:102BD000911D70E00F94C502E4ECF4E08CE0DF019D
:102BE0001D928A95E9F785E08093C104660F771FEF
:102BF000CB01019663E070E00F94C5027093C304AB
:102C00006093C204089570E060E0E6CF8091C20452
:102C10004091C7045091C804282F30E070E060E074
:102C2000882339F08695840F952F911DB9010F9453
:102C3000C502E6ECF4E08AE0DF011D928A95E9F72F
:102C400082E08093C1047093C3046093C204309304
:102C5000C5042093C4048FEF8093C60408958F9217
:102C60009F92AF92BF92CF92DF92EF92FF920F931B
:102C70001F93423051056105710560F480E01F919A
:102C80000F91FF90EF90DF90CF90BF90AF909F900B
:102C90008F900895FC01E45EFD4FC080D180E280FA
:102CA000F380EFEFCE1ADE0AEE0AFE0AC416D5064E
:102CB000E606F70618F3480159016A01FC01E05FD6
:102CC000FD4F37E076956795579547953A95D1F73B
:102CD0000081118122813381400F511F621F731FB8
:102CE00021E00E94F3E2009749F2CC0CDD1CCC0CF1
:102CF000DD1CF1E0DF22C80ED91EF6018082918230
:102D0000A282B38281E0BBCF0F931F93CF93DF9357
:102D1000EB01E42FDC01AC5DBD4F4D915D916D91F8
:102D20007C9113970C811D812E813F81402351237B
:102D30006223732329E076956795579547952A95E1
:102D4000D1F7088119812A813B810250110921099B
:102D500031091B96FC9104C0000F111F221F331F65
:102D6000FA95D2F7400F511F621F731F57970D91AD
:102D70001D912D913C91400F511F621F731F2E2FEB
:102D80000E94F3E2009729F02C813D813170820F7F
:102D9000931FDF91CF911F910F910895CF93DF93F0
:102DA000EC010E94BDE1882341F0C45DDD4F8881C4
:102DB0009981DF91CF910C9415E280E0DF91CF9162
:102DC00008954F925F926F927F928F929F92AF92EF
:102DD000BF92CF92DF92EF92FF920F931F93CF9308
:102DE000DF936C014B01D42F5901F80121153105F6
:102DF00021F0D9018C9181113AC0F4019C2DD601AA
:102E000084918D9331968A2F891B8D17C8F3F60113
:102E1000ED0FF11D82E58083E1E0ED0FEC0DFD2D5E
:102E2000F11D85E4808383E08D0FE2E0ED0FEC0D72
:102E3000FD2DF11D93E49083F601E80FF11D90E262
:102E400091938F5F8031E1F7F601108ADF91CF9186
:102E50001F910F91FF90EF90DF90CF90BF90AF90B8
:102E60009F908F907F906F905F904F90089510E1AA
:102E7000141B00E08D91882309F460C00F5F0F33AD
:102E8000C9F7808181110AC081E080830E94D3DE6E
:102E9000D7016D937D938D939C931397C02FC11B86
:102EA0002C2F30E0ACE2B1E00F9403032B013C0186
:102EB0000E94D3DEF7012081318142815381621B60
:102EC000730B840B950BA30192012053384F4F4F86
:102ED0005F4F0F94D902603BF4E07F0781059105B5
:102EE00080F1605B74408109910964157505860560
:102EF000970550F42CE231E040E050E00F94D90205
:102F00002F5F2C1708F4C22FF4019C2DD601849159
:102F10008D9331968A2F891B8D17C8F3F601ED0F1B
:102F2000F11D1C0F80E2C01720F4D501AC0FB11DBC
:102F30008C918193CF5F1C13F5CF86CF101708F4C7
:102F4000A0CFC0E0E1CF4F925F926F927F928F92BD
:102F50009F92AF92BF92CF92DF92EF92FF921F9318
:102F6000CF93DF93FC016115710521F0DB018C919A
:102F700081111BC080E580838CE4818381E482839E
:102F800089E5838314821092080EDF91CF911F91FF
:102F9000FF90EF90DF90CF90BF90AF909F908F9079
:102FA0007F906F905F904F900895D42F413108F03B
:102FB000D0E1DB0185E095E110E031E22D912223A3
:102FC00051F0389FA001399F500D1124CA0182276A
:102FD0001F5F1F3999F76B017F012091060E309119
:102FE000070E2817390721F42091050E2117E1F06B
:102FF0009093070E8093060E1093050E1092080E04
:10300000D11708F46AC0C0E0F7019C2F9D0FC917C3
:1030100009F45EC080E2C11720F4D601AC0FB11DE7
:103020008C918193CF5FF3CFD11768F7C12FCD1B60
:103030002C2F30E0ACE2B1E00F9403032B013C01F4
:103040005C014B01B0ED8B0EB7E09B1EA11CB11CC7
:103050008091080E81110DC081E08093080E0E94BE
:10306000D3DE6093010E7093020E8093030E909353
:10307000040E0E94D3DE2091010E3091020E409189
:10308000030E5091040E621B730B840B950BA5016C
:1030900094010F94D902603B24E0720781059105E9
:1030A00008F4B1CF605B744081099109641575051E
:1030B0008605970508F0A8CF2CE231E040E050E00B
:1030C0000F94D9022F5F2C1708F09ECFC22F9CCFF0
:1030D000F701ED0FF11D108258CFC12FCD1B2C2F02
:1030E00030E0ACE2B1E00F9403032B013C015C0142
:1030F0004B0180ED880E87E0981EA11CB11CACCF5F
:10310000CF93C82F0E94D3DE2091FE0D2C1751F0D3
:10311000C093FE0D66577D4F7093FD0D6093FC0DBF
:1031200080E00BC02091FC0D3091FD0D621B730BF4
:1031300077FDF6CF0E94219581E0CF9108951092FE
:10314000480F0E94D3DE6C577C4F7093470F6093FB
:10315000460F1092000E1092FF0D0895CF93DF934B
:103160001F921F92CDB7DEB7809158028823B9F025
:103170008091500290915102019739F580914F0D45
:10318000882369F08091450D9091460D8B3038F47D
:10319000BE016F5F7F4F0E949467811120C08091B4
:1031A0005802882301F180915002909151020197B9
:1031B000D1F0E0910A0E8FEF8E0F8830A0F4F0E08E
:1031C000EE0FFF1FE05AF74E1AC08091090E8823B8
:1031D00031F380919B0F90919C0F9A838983E981B1
:1031E000FA81E13138F080E090E00F900F90DF91AC
:1031F000CF910895FF27EE0FFF1FE25CF74E8591F8
:103200009491F3CF9F92AF92BF92CF92DF92EF92C1
:10321000FF920F931F93CF93DF93EC01A62E942E72
:103220000E94AE988C01892B09F4CBC0B090580253
:10323000BB2009F48BC080915002909151020197FC
:1032400009F091C080914F0D882309F4BAC0C09055
:103250004B0DD0904C0DE0904D0DF0904E0DC114E3
:10326000D104E104F10409F48FC08091470D9091DD
:10327000480DA091490DB0914A0D80389105A105E6
:10328000B10520F480E890E0A0E0B0E0805891091A
:10329000A109B1099601A7018C159D05AE05BF05D1
:1032A00010F49C01AD01A4E6B0E00F941203A70155
:1032B00096010F94D902FE01CE01409630E231937F
:1032C0008E179F07E1F782E5A11080E5888385E4EA
:1032D000A11081E4898383E4A11085E58A83DE015E
:1032E000149690E080E0F801E80FF91FE491EE23D6
:1032F00029F0ED93019687309105A9F780E22436F5
:1033000008F081E38B8790E22A3040F03AE0822F88
:10331000632F0F94B9020F94B902905D9C87822F9E
:103320006AE00F94B902905D9D8785E28E87A110B7
:103330004AC0243650F00E94D3DE66277270672B95
:1033400021F080E2888389838A83188A8B2DDF911C
:10335000CF911F910F91FF90EF90DF90CF90BF9092
:10336000AF909F9008958091130E882351F1C090E3
:103370000F0ED090100EE090110EF090120EC114AE
:10338000D104E104F10411F424E695CF20910B0E51
:1033900030910C0E40910D0E50910E0EA4E6B0E04F
:1033A0000F941203A70196010F94D9022536310517
:1033B0004105510508F47FCF24E630E040E050E0BD
:1033C0007ACFB12CC3CF911002C08FE3982E9F8685
:1033D000BCCF0E948875E4E0F1E080818E7F80831D
:1033E000E5E0F1E080818E7F808310920C051092E1
:1033F0000B0510920A05109209051092080510920B
:10340000070510920605109205051092040510920A
:10341000030510920205109201051092000510920A
:10342000FF041092FB0D1092FA0D109219141092D5
:103430009F0F1092F60D1092F70D1092F80D10924A
:10344000F90D1092F20D1092F30D1092F40D1092EE
:10345000F50D1092F10D1092F00D1092EF0D0E94EB
:1034600044951092EE0D1092ED0D1092EC0D10920D
:10347000EB0D1092EA0D089560930F0E7093100EED
:103480008093110E9093120E10920B0E10920C0E50
:1034900010920D0E10920E0E21E02093130E0C943C
:1034A000BF6CCF92DF92EF92FF920F93CF93DF9397
:1034B000EC0180E2DE011D928A95E9F7FB0186812D
:1034C00097819F838E835D834C83C48CD58CE68CDF
:1034D000F78CC886D986EA86FB86FC01F0964F7089
:1034E000552765E0440F551F6A95E1F7E40FF51F76
:1034F000338533FD11C0377338834385487111F428
:10350000386038830B83322F3370313009F444C074
:1035100038F0323009F43EC018821A8280E032C09E
:1035200031E025FDF9CF3A833A8131FF06C0388179
:10353000432F417189F730623883DC0197964D91B2
:103540005D916D917C919A974C8B5D8B6E8B7F8B8F
:103550004489558970E060E0BA0155274427C28C40
:10356000D38CF12CE12C4C295D296E297F2925FF74
:103570001AC0411551056105710581F48A81806881
:103580008A8381E0DF91CF910F91FF90EF90DF90E0
:10359000CF90089533E0C7CF32E0C5CF0E9433E427
:1035A0008111ECCFB9CF4C8F5D8F6E8F7F8F848D63
:1035B000958DA68DB78D888F998FAA8FBB8FE1CF00
:1035C000DF92EF92FF920F931F93CF93DF93CDB7CC
:1035D000DEB7E7970FB6F894DEBF0FBECDBF7C0114
:1035E0008B015FAB4EABD22E19821A821B82FC017B
:1035F0008081882379F080E0E7960FB6F894DEBFEB
:103600000FBECDBFDF91CF911F910F91FF90EF9033
:10361000DF900895FB018081807D69F3EEA9FFA909
:1036200080818F32D9F4EEA9FFA980818F3221F4F5
:103630003196FFABEEABF7CFF80166817781811150
:1036400004C0C7010E9459EAD7CFCE0101960E945B
:1036500059EA882381F28E010F5F1F4FAE014A5C49
:103660005F4FBE016F5D7F4F8EA99FA90E94B2D7A9
:10367000882309F4C0CFEEA9FFA980818823D1F067
:1036800020E0AE014F5D5F4FB801C7010E94F6E731
:10369000882309F4B0CF80E2F701DE011196019092
:1036A0000D928A95E1F7C7010E9486E4F701108226
:1036B0001282D1CF2D2DAE014F5D5F4FB801C701F2
:1036C0000E94F6E799CF6115710521F0605D7D4F8D
:1036D0000C94E09A80E00895CF93DF93EC01262FBD
:1036E0004C895D896E897F898E819F8184960E9435
:1036F000F3E2009759F02C813D812F70332745E08C
:10370000220F331F4A95E1F7820F931FDF91CF916C
:1037100008953F924F925F926F927F928F929F9205
:10372000AF92BF92CF92DF92EF92FF920F931F93CF
:10373000CF93DF9300D01F92CDB7DEB75C01FC01C1
:10374000448455846684778486809780F401C1849C
:10375000D284E384F484C414D504E604F704C0F4EA
:103760007301620110E0FFEFCF1ADF0AEF0AFF0AD0
:10377000F401818D928DA38DB48D8C159D05AE05C0
:10378000BF0540F4111132C0C184D284E384F484B3
:1037900011E0E9CF4C145D046E047F0439F19E0101
:1037A0002F5F3F4FB701A601C4010E94B2E387FD1E
:1037B0001DC08823C1F289819A81AB81BC81892B8C
:1037C0008A2B8B2B81F6112329F0F401C186D28636
:1037D000E386F4860FEF1FEF2FEF3FE0B701A6015E
:1037E000C4010E943DE3382E811118C0312C832D75
:1037F0000F900F900F900F90DF91CF911F910F912D
:10380000FF90EF90DF90CF90BF90AF909F908F9000
:103810007F906F905F904F903F90089541145104B6
:1038200061047104B9F4F501C486D586E686F7868D
:1038300082814114510461047104B1F0FFEF4F1A09
:103840005F0A6F0A7F0A4C145D046E047F0479F0EE
:103850008F7B0BC097018601B301A201C4010E94B6
:103860003DE38111E0CFC2CF8064F5018283F50191
:10387000828180688283BBCFAF92BF92CF92DF926A
:10388000EF92FF920F931F93CF93DF93EC01888108
:1038900086FF0DC010E0812FDF91CF911F910F9116
:1038A000FF90EF90DF90CF90BF90AF900895888900
:1038B0009989AA89BB8981159E4FAF41B10550F7FF
:1038C000CE010E94899B182F882321F3EE81FF816E
:1038D000CC84DD84EE84FF8432E0C31AD108E10891
:1038E000F108848104C0CC0CDD1CEE1CFF1C8A9501
:1038F000D2F781899289A389B489C80ED91EEA1E9C
:10390000FB1E00E0A12C82E0B82EEE81FF818281B7
:103910000817B0F425E0B701A601400F511D611D45
:10392000711DCF0184960E94F3E2009709F4B2CF93
:10393000FC019501119221503040E1F70F5FE5CF76
:10394000848120E032E002C0220F331F8A95E2F723
:1039500088899989AA89BB89820F931FA11DB11DEE
:10396000888B998BAA8BBB8B96CFCF93DF93EC017F
:10397000AB0170E060E085E0440F551F661F771FC4
:103980008A95D1F7CE010E941AE5882329F0CE014D
:10399000DF91CF910C9438E790E080E0DF91CF91F8
:1039A0000895CF93DF93EC0184960E94BDE18823B4
:1039B00031F088819981DF91CF910C9415E280E0FC
:1039C000DF91CF910895DF92EF92FF920F931F93B3
:1039D000CF93DF93CDB7DEB7A0970FB6F894DEBFD5
:1039E0000FBECDBF8C01DB019C91907D09F499C085
:1039F0007B0122E5C8010E94F6E7882309F491C003
:103A000081E0F801828380E1D82ED082C8010E9433
:103A10003C9C882309F485C0F80184859585A6859A
:103A2000B785848F958FA68FB78F40E050E0BA019D
:103A3000C8010E941AE5C8010E9486E4882309F49F
:103A400070C061E0C8010E946C9BFC01892B09F4E5
:103A500068C0D38680E2DE01119601900D928A95AE
:103A6000E1F78EE28983FE013296CE010C9620E2C8
:103A70002193E817F907E1F7D8011696ED91FC912B
:103A800017975C964D915D916D917C915F97425037
:103A9000510961097109848104C0440F551F661FD3
:103AA000771F8A95D2F781899289A389B489480FB3
:103AB000591F6A1F7B1F21E0CF0184960E94F3E209
:103AC000009779F120E2FE013196DC0101900D9220
:103AD0002A95E1F72EE22A83F701448D558D668DF4
:103AE000778D7E8B6D8B5C8F4B8F20E2FE01319644
:103AF000DC01909601900D922A95E1F7D801169677
:103B00008D919C91A0960FB6F894DEBF0FBECDBFED
:103B1000DF91CF911F910F91FF90EF90DF900C9468
:103B2000D19C80E0A0960FB6F894DEBF0FBECDBF4B
:103B3000DF91CF911F910F91FF90EF90DF9008954B
:103B4000DF92EF92FF920F931F93CF93DF93CDB746
:103B5000DEB7E7970FB6F894DEBF0FBECDBF7C018E
:103B60008B015FAB4EABD22E19821A821B82FC01F5
:103B70008081882379F080E0E7960FB6F894DEBF65
:103B80000FBECDBFDF91CF911F910F91FF90EF90AE
:103B9000DF900895FB018081807D69F3EEA9FFA984
:103BA00080818F32A9F4EEA9FFA980818F3221F4A0
:103BB0003196FFABEEABF7CFF80166817781CE018E
:103BC00001960E9459EA8823B1F28E010F5F1F4FC0
:103BD000AE014A5C5F4FBE016F5D7F4F8EA99FA90A
:103BE0000E94B2D7882339F2EEA9FFA980818823E9
:103BF00031F120E0AE014F5D5F4FB801C7010E9477
:103C0000F6E7882379F080E2F701DE011196019052
:103C10000D928A95E1F7C7010E9486E4F7011082B0
:103C20001282D3CFDD2009F4A6CFAE014F5D5F4FE6
:103C3000B801C7010E94E39C8111E5CF9CCFAE0182
:103C40004F5D5F4FB801C7010E94E39C95CFCF92B3
:103C5000DF92EF92FF920F931F93CF93DF93E901CF
:103C6000FC01E45EFD4F00811181228133810F5FF1
:103C70001F4F2F4F3F4F041715072607370750F4E4
:103C80008FEFDF91CF911F910F91FF90EF90DF9019
:103C9000CF9008956A01FC01E05FFD4F37E0769513
:103CA0006795579547953A95D1F700811181228103
:103CB0003381400F511F621F731F20E00E94F3E207
:103CC0000097F1F2CC0CDD1CCC0CDD1C21E0D222E3
:103CD000C80ED91EF60180819181A281B3818F3FE8
:103CE000FFEF9F07AF07BF0731F088839983AA834F
:103CF000BB8381E0C6CF80E0C4CF4F925F926F92CA
:103D00007F928F929F92AF92BF92CF92DF92EF926B
:103D10000F931F93CF93DF936C0148015901DB018F
:103D2000CA010297A109B109AC01BD01480D591D95
:103D30006A1D7B1DF601E45EFD4F00811181228129
:103D40003381041715072607370708F47FC07097DB
:103D50004080518062807380EE2009F46CC0481668
:103D600059066A067B0688F04416550666067706ED
:103D700060F4401751076207730718F040E050E005
:103D8000BA0140835183628373839C012770332778
:103D900011E001C0110F2A95EAF72C013D012CE03A
:103DA00076946794579447942A95D1F7F601E85E84
:103DB000FD4F4081518162817381440D551D661D07
:103DC000771D33E0B695A795979587953A95D1F7E6
:103DD000EC01D1702A013B012FEF421A520A620A0C
:103DE000720A21E0C6010E94F3E2009779F1FC011A
:103DF000EC0FFD1FA12F2081422F4A2331E009F44F
:103E000030E03E1519F12A272083B1E08B1A910882
:103E1000A108B10861F1AA0F71F73196B301A201AF
:103E2000D0E0C0E011E0A1E09F01281B390B211573
:103E3000324009F7CFCF84159505A605B70508F0E0
:103E4000A4CF80839183A283B3839FCF80E0DF914F
:103E5000CF911F910F91EF90DF90CF90BF90AF90D7
:103E60009F908F907F906F905F904F90089581E02A
:103E7000EECF4F925F926F927F928F929F92AF920E
:103E8000BF92CF92DF92EF92FF920F931F93CF9347
:103E9000DF9300D01F92CDB7DEB74C016A017B01E2
:103EA0002A013B019E012F5F3F4FB701A601C401CC
:103EB0000E94279EA82E87FD49C000E010E09801CF
:103EC000B701A601C4010E942F96B82E8823F1F1F4
:103ED0008FEFC81AD80AE80AF80AAA2049F089819F
:103EE0009A81AB81BC818C159D05AE05BF0591F013
:103EF000970186010419150926093709E12CB30138
:103F0000A201C4010E947D9E882301F149805A804C
:103F10006B807C80C980DA80EB80FC80A110C2CFEE
:103F20008B2D0F900F900F900F90DF91CF911F91DD
:103F30000F91FF90EF90DF90CF90BF90AF909F9048
:103F40008F907F906F905F904F900895B12CE8CF45
:103F50002F923F924F925F926F927F928F929F9299
:103F6000AF92BF92CF92DF92EF92FF920F931F9387
:103F7000CF93DF93CDB7DEB72E970FB6F894DEBFA1
:103F80000FBECDBF9E878D8749835A836B837C8309
:103F90000F83188729873A872A013B0122E0421ABA
:103FA000510861087108452B462B472B41F4ED85DC
:103FB000FE85E45FFD4F4080518062807380ED8517
:103FC000FE85E45EFD4F80819181A281B381481618
:103FD00059066A067B0618F0412C512C3201D30198
:103FE000C20133E0B695A795979587953A95D1F795
:103FF0001C0141E0342211E0C2018770992701C001
:10400000110F8A95EAF753014201730162018D8510
:104010009E85885E9D4F9E838D83AD85BE85A45E03
:10402000BD4FBC87AB87ED81FE8180819181A281EC
:10403000B381B701A6012CE0769567955795479512
:104040002A95D1F7480F591F6A1F7B1F20E08D85E5
:104050009E850E94F3E29C01892B09F47FC0F9013F
:10406000E20DF31D0081FFEFCF1ADF0AEF0AFF0A0E
:10407000902F912309F047C0B701A60148195909AB
:104080006A097B098F819885A985BA8548175907E0
:104090006A077B07D1F589819A81AB81BC81892B25
:1040A0008A2B8B2B89F48F819885A985BA850197F6
:1040B000A105B10549F4AD85BE85A45FBD4FFD01E5
:1040C00080829182A282B382C501B4016E5F7F4F6C
:1040D0008F4F9F4F2E960FB6F894DEBF0FBECDBF09
:1040E000DF91CF911F910F91FF90EF90DF90CF90D4
:1040F000BF90AF909F908F907F906F905F904F9008
:104100003F902F900895460157014C145D046E04B2
:104110007F0441F1AB85BC854D915D916D917C91A2
:10412000C416D506E606F70678F4110F09F09BCF02
:10413000C1010196312C212C11E08115B2E09B07C1
:1041400008F071CF1C018BCF212C82E0382E812CFE
:10415000912C5401C12CD12C7601EACF60E070E0A3
:10416000CB01B8CF61E070E080E090E0B3CF9FE991
:10417000980F9A3108F4805208954F925F926F928F
:104180007F928F929F92AF92BF92EF92FF920F9386
:104190001F93CF93DF93EC0188A199A1488D598D8E
:1041A0006A8D7B8D411551056105710519F14F5FD0
:1041B0005F4F6F4F7F4F01E010E020E030E00E9442
:1041C000A89F4B015C0122E082169104A104B10476
:1041D000A8F4F12C8F2DDF91CF911F910F91FF90BB
:1041E000EF90BF90AF909F908F907F906F905F9077
:1041F0004F90089540E050E0BA01DDCFEE24E39403
:1042000001E010E020E030E0BC01A40188A199A108
:104210000E947D9EF82E8823E1F2488D598D6A8D8B
:104220007B8D8EA5411551056105710539F48064BA
:104230008EA7888E998EAA8EBB8ECCCF86FF2AC081
:104240004F5F5F4F6F4F7F4F481559056A057B05DC
:1042500081F38F7B8EA74C8D5D8D6E8D7F8D88A1B8
:1042600099A1488C598C6A8C7B8C44155505660540
:10427000770580F42A013B012FEF421A520A620AA5
:10428000720A930182010E942F96B301A20181114B
:10429000E6CF9FCF0FEF1FEF9801B501A40188A1D2
:1042A00099A10E942F96882309F493CF488D598DA8
:1042B0006A8D7B8D411551056105710509F4B9CFF2
:1042C0009501840188A199A10E942F968111B1CFF7
:1042D00080CF2F923F924F925F926F927F928F92F8
:1042E0009F92AF92BF92CF92DF92EF92FF920F9385
:1042F0001F93CF93DF93CDB7DEB762970FB6F894D5
:10430000DEBF0FBECDBF988B8F874801222E3D8325
:104310004E83352E2B01DC0158962D913D914D9108
:104320005C915B972B873C874D875E879C96BC9101
:10433000BF83BB2309F4E3C0FC01F081F887DC01F3
:104340001196BC91B987FC01F281FA87DC011396C2
:104350006C90139714967C9014971596BC91FC0161
:10436000F681F98BFC01F781FA8B288539854A851E
:10437000562D672D7B2F89899F2F5801C22CDD80F8
:10438000EE80F32C82010F945B04F1F09401422D36
:104390005D2D6E2D732DC201A0E00F946404B1F465
:1043A000AF85B88958961D921D921D921C925B97FD
:1043B000EF85F8898082918222822D8123833E813C
:1043C000348335824682578281E0A4C0EF81E3FFC7
:1043D00010C0EF85F8892085318542855385648535
:1043E000758586859785DD80EE800F945B0408F4E3
:1043F00086C0EF85F889A0A0B1A0C501815D9D4F61
:10440000FC011081175F9401422D5D816E81732D37
:10441000C201AFEF0F944604012F0F942204942F92
:10442000852FA901692F782F69017B01EF85F88914
:1044300086A586FF0DC0848D958DA68DB78D840FC2
:10444000951FA61FB71F808F918FA28FB38FB0CFFC
:10445000288539854A85562D672D7B2F89899A892C
:10446000AFEF0F9446040F94220429833A834B83C1
:104470005C8329813A814B815C81C216D306E406B4
:10448000F50668F0288539854A85562D672D7B2FDE
:1044900089899A89A0E00F94640409F05BC0BF8108
:1044A000B6FF51C0F501E05EFD4F80819181A28190
:1044B000B381EF85F889808F918FA28FB38F6F843E
:1044C000788838E1630E711CC114D104E104F10451
:1044D00009F46ECFAF85B88958964D915D916D9175
:1044E0007C915B97930190968D919C910E94279E61
:1044F000B1E0CB1AD108E108F10818162CF38B852E
:104500009C85AD85BE85EF85F889808F918FA28FC0
:10451000B38F80E062960FB6F894DEBF0FBECDBFBA
:10452000DF91CF911F910F91FF90EF90DF90CF908F
:10453000BF90AF909F908F907F906F905F904F90C3
:104540003F902F900895EF85F889848D958DA68DE5
:10455000B78DAFCF29813A814B815C81C21AD30AD2
:10456000E40AF50AACCFFC0184A581110CC08FE2EE
:10457000DF011D928A95E9F780E484A771A360A307
:1045800081E086A7089580E008959F92AF92BF9240
:10459000CF92DF92EF92FF920F931F93CF93DF930F
:1045A00000D000D000D0CDB7DEB78C01942E89E0CA
:1045B000F801B296DE01119601900D928A95E1F70D
:1045C000F801A0A0B1A0F0E26F9FC0011124B0E0FB
:1045D000A0E04D815E816F817885F501EC5DFD4F36
:1045E000C080D180E280F380C422D522E622F72267
:1045F000C80ED91EEA1EFB1E840F951FA61FB71FEB
:104600008D839E83AF83B8873B968081875F04C08C
:10461000F694E794D794C7948A95D2F7C114D1043D
:10462000E104F10489F149815A816B817C8189859A
:10463000882371F04F5F5F4F6F4F7F4F49835A83DD
:104640006B837C8321E0C21AD108E108F108E6CF30
:104650009E012F5F3F4FC5010E94279E813091F33D
:1046600090E080E029960FB6F894DEBF0FBECDBF74
:10467000DF91CF911F910F91FF90EF90DF90CF903E
:10468000BF90AF909F900895492DBE016F5F7F4FFF
:10469000F80180A191A10E948496E4CFFF920F932C
:1046A0001F93CF93DF93FC0124A5211107C081E064
:1046B000DF91CF911F910F91FF900895EC0186A596
:1046C00087FF8AC08F7786A7F12C10E000E08BA5CA
:1046D0008F1508F469C040E06F2DCE010E94C5A27D
:1046E000FC01892B09F473C08081803C61F1813C1D
:1046F00069F0853809F06BC08CA5877390E09583CD
:104700008483A8A1B9A18C9181608C93408190E0B1
:1047100080E000FB1795079517F9DF01A80FB91F77
:104720002C91020F111D8130910521F423E030E01E
:10473000453811F021E030E0820F931F803291055F
:1047400040F3F394C4CF81819EA596FF2BC0826075
:104750008183788969895A894B893C892D899E8909
:104760008F8970876187528743873487258796872B
:1047700087878C8D9D8DAE8DBF8D848B958BA68B01
:10478000B78B788569855A854B853C852D859E85B7
:104790008F85708F618F528F438F348F258F968FC7
:1047A000878FAFCF8D7FD4CF41E0BE016E5D7F4F4D
:1047B00088A199A10E948496009749F0FC01138377
:1047C000028388A199A10E94CE96811170CF8DA5F8
:1047D00081608DA780E06CCF80A191A10E94CE96D0
:1047E000811165CF9DA591609DA762CF2F923F92C9
:1047F0004F925F926F927F928F929F92AF92BF92F1
:10480000CF92DF92EF92FF920F931F93CF93DF939C
:10481000CDB7DEB763970FB6F894DEBF0FBECDBF3E
:10482000DC019E962C9121FD1AC080E063960FB6A4
:10483000F894DEBF0FBECDBFDF91CF911F910F91D6
:10484000FF90EF90DF90CF90BF90AF909F908F90B0
:104850007F906F905F904F903F902F900895FC0154
:10486000448C558C668C778C41145104610471041E
:1048700009F433C14C01C08CD18CE28CF38C26FF3F
:10488000EEC0208531854285538564857585868592
:104890009785AFEF0F94460400A0F1A1E02DDF0152
:1048A000A15DBD4F0C91075F0F9422042D833E83C1
:1048B0004F83588769877A878B879C870D811E81F4
:1048C0002F8138850F5F1F4F2F4F3F4FC114D104E9
:1048D000E104F10409F4ACC0D701C6010196A11DA1
:1048E000B11D89839A83AB83BC83B1E04B1A510815
:1048F000610871084C185D086E087F08040D151DCD
:10490000261D371D011511052105310509F09CC033
:10491000D401FC911196EC9111971296BC91BD8334
:10492000D4011396BC91BD87D4011496BC91BE8767
:10493000D4011596BC91BF87D4011696BC91B88B53
:10494000D4011796BC91B98BD40150962C905097F6
:1049500051963C90519752964C90529753965C903A
:10496000539754966C90549755967C9055975696BD
:10497000BC91BA8BD4015796BC91BB8B9101A2011B
:10498000B3018A899B2FAF2EBE2ECD80DD84EE84AD
:10499000FF84088919890F945B0439F030F02F2EB9
:1049A0003E2E260137010A8B1B8BD40150962C9288
:1049B000509751963C92519752964C9252975396DB
:1049C0005C92539754966C92549755967C92559757
:1049D0008A8956968C9356978B8957968C935797BE
:1049E0001896FC9318971996EC931997ED811A96DF
:1049F000EC931A97FD851B96FC931B97EE851C96EE
:104A0000EC931C97FF851D96FC931D97E8891E96D5
:104A1000EC931E97F9891F96FC931F979E968C9195
:104A20009E9780689E968C93C4010E944EA3FECEF2
:104A300049825A826B827C82D4015C961D921D92BF
:104A40001D921C925F975ECF49815A816B817C8158
:104A5000E12CCF010E947D9E81115ACFE6CEC11478
:104A6000D104E104F10481F119821A821B821C82B3
:104A70009E012F5F3F4FB701A60180A191A10E9427
:104A8000279E87FDD2CE882379F0F401408D518D89
:104A9000628D738D0FEF1FEF980180A191A10E948D
:104AA0002F96882309F4C1CE49815A816B817C817C
:104AB000411551056105710509F42ACFF40180A162
:104AC00091A10E94399FC8CF49825A826B827C8211
:104AD000148E158E168E178EE7CF81E0A7CE4F92DB
:104AE0005F926F927F928F929F92AF92BF92CF927E
:104AF000DF92EF92FF920F931F93CF93DF9300D03B
:104B00001F92CDB7DEB74C01DC019C968C919C972F
:104B100086FF5CC090960D911C91F801E05EFD4F00
:104B200080819181A281B38189839A83AB83BC8385
:104B3000C12CD12C760149815A816B817C819E01E7
:104B40002F5F3F4FC8010E94279E87FD3BC0BFEFEC
:104B5000CB1ADB0AEB0AFB0A8111EDCFF801E15D0C
:104B6000FD4F8081875F04C0CC0CDD1CEE1CFF1C58
:104B70008A95D2F7D4019096ED91FC91E85DFD4FB6
:104B800080819181A281B3818C0D9D1DAE1DBF1DC1
:104B90000097A105B44000F180E00F900F900F90B6
:104BA0000F90DF91CF911F910F91FF90EF90DF90C9
:104BB000CF90BF90AF909F908F907F906F905F90BD
:104BC0004F900895C12CD12C7601C8CFF401C08438
:104BD000D184E284F384CECFC4010E94BDA0882397
:104BE000D9F2D40190968D919C9191975896CD9041
:104BF000DD90ED90FC905B97B2E0CB1AD108E10814
:104C0000F108FC01E15DFD4F208104C0CC0CDD1CEE
:104C1000EE1CFF1C2A95D2F7885E9D4FFC01808117
:104C20009181A281B381C80ED91EEA1EFB1E412CC0
:104C3000512C320100E012E0D40190968D919C91AC
:104C40009197FC01E15DFD4F208141E050E060E083
:104C500070E004C0440F551F661F771F2A95D2F7D6
:104C60004416550666067706C0F425E0B701A6018E
:104C7000440D551D661D771D0E94F3E2009709F44F
:104C80008BCFFC019801119221503040E1F73FEFAA
:104C9000431A530A630A730ACFCF9C962C919C97B0
:104CA00026FD62C09E962C919E9720689E962C931E
:104CB000FC01E85DFD4F80819181A281B3819C015F
:104CC000AD0160E070E080E090E0D4011896AC9017
:104CD00018971996BC9019971A96CC901A971B960C
:104CE000DC901B971C96EC901C971D96FC901D97D2
:104CF0001E960C911E971F961C911F970F943D04B2
:104D000018962C93189719963C9319971A964C93CA
:104D10001A971B965C931B971C966C931C971D9679
:104D20007C931D971E968C931E971F969C93808153
:104D30009181A281B3819C01AD0160E070E080E0CF
:104D400090E0F401A088B188C288D388E488F5880F
:104D5000068917890F943D04208B318B428B538B2E
:104D6000648B758B868B978BC4010E944EA315CFE5
:104D70008F929F92AF92BF92EF920F931F93CF9318
:104D8000DF9300D000D000D01F92CDB7DEB79A835A
:104D90008983DC019E969C919E9791FF63C0BA87A0
:104DA000A9875C968D909D90AD90BC905F97811483
:104DB0009104A104B104A9F410E0E985FA8583A562
:104DC000811708F466C041E0612FCF010E94C5A29F
:104DD000009709F447C0DC012C912F772C931F5FBB
:104DE000ECCFA985BA859096ED91FC91919796FFAD
:104DF0004AC018962C91189719963C9119971A96B3
:104E00004C911A971B965C911B971C966C911C9762
:104E10001D967C911D971E968C911E971F969C91B6
:104E2000AFEF0F944604DF01A15DBD4F0C91075F0A
:104E30000F94220429833A834B835C836D837E83A2
:104E40008F83988709811A812B813C810F5F1F4FC7
:104E50002F4F3F4FE12CB501A401CF010E947D9E51
:104E60008111AACF80E02A960FB6F894DEBF0FBE5C
:104E7000CDBFDF91CF911F910F91EF90BF90AF9079
:104E80009F908F900895B501A401CF010E94399F92
:104E9000E7CFE985FA8514A616A680A191A12A96E6
:104EA0000FB6F894DEBF0FBECDBFDF91CF911F913B
:104EB0000F91EF90BF90AF909F908F900C94CE96F3
:104EC000982F803290F0877F823279F09A3369F0A0
:104ED000892F8F7B8C3349F082EC890F823028F048
:104EE00081E09C3519F080E0089581E00895CF922B
:104EF000DF92EF92FF920F931F93CF93DF93EA011C
:104F00006901FB019F012F5F3F4F80818032E9F0F3
:104F1000F983E883FD83EC839E2F8F2F7F01D701D8
:104F20001D917D011123D1F01F3289F0812F0E9444
:104F300060A7811141C017FD40C01E3221F0103220
:104F400011F0FD82EC82F701E7CFF901DBCF9E2F54
:104F50008F2F21912032D9F32F32C9F3F60190839C
:104F60008183C880D980DB82CA820C811D81F12CAB
:104F7000E12CEA81FB81E017F10791F0CF01019666
:104F80009B838A8380810E94B7A0E0FAF794E7941C
:104F9000F7F8E80EF11CE0FAF794E794F7F8E9CF98
:104FA0000C191D091F830E83F986E886015011092B
:104FB00081E00F3F110508F080E0DF91CF911F9154
:104FC0000F91FF90EF90DF90CF900895AF92BF9236
:104FD000CF92DF92EF92FF920F931F93CF93DF93C5
:104FE000EC016A017B0159018B819C81AD81BE81FD
:104FF0008C159D05AE05BF0590F49501B701A6017E
:1050000089819A810E947BE2DF91CF911F910F915C
:10501000FF90EF90DF90CF90BF90AF900895400F3A
:10502000511F611D711D84179507A607B70728F743
:10503000CE010E94BDE18111E0CFE6CF2F923F92D9
:105040004F925F926F927F928F929F92AF92BF9298
:10505000CF92DF92EF92FF920F931F93CF93DF9344
:10506000CDB7DEB764970FB6F894DEBF0FBECDBFE5
:105070009C8B8B8B7A8B698B1A01DC019E968C91B1
:105080009E9780FFC9C186FD04C09C968C9183FFCA
:1050900092C1EB89FC89F085F987AB89BC891996A7
:1050A000BC91BA87EB89FC89F285FB87AB89BC8907
:1050B0001B96BC91BC87EB89FC89F485FD87AB8985
:1050C000BC891D96BC91BE87EB89FC89F685FF875C
:1050D000AB89BC891F96BC91B88BEB89FC89F081A8
:1050E000F983AB89BC891196BC91BA83EB89FC89A1
:1050F000F281FB83AB89BC891396BC91BC83EB899D
:10510000FC89F481FD83AB89BC891596BC91BE8373
:10511000EB89FC89F681FF83AB89BC891796BC912A
:10512000B88729853A854B855C856D857E858F8519
:105130009889A980BA80CB80DC80ED80FE800F2F1B
:105140001B2F0F94520459016A017B018C019101BC
:1051500040E050E060E070E080E090E031010F94CA
:105160005B0439F030F069847A84E981FA816E1A3F
:105170007F0AAB89BC8950964C90509751965C90B1
:10518000519752968C90529753969C905397549661
:10519000BC91EB89FC89A5893688278829813A81C9
:1051A0004B815C816D817E818F8198855201640184
:1051B000EB2EFA2E032D122D0F945B0408F0F2C093
:1051C0009201A4016B2F7A2F832D922DA980BA8092
:1051D000CB80DC80ED80FE800F8118850F94520417
:1051E000F22FE32F6A017B018C014301930140E020
:1051F00050E060E070E080E090E0AF2EBE2E0F94B3
:105200005B0419F010F08F2E9E2E282C392C2614BA
:10521000370408F0D0C062187308512C412C8B89D8
:105220009C8948969A8789872114310409F482C1A0
:10523000AB89BC89BC91B983EB89FC89F181FA8384
:10524000AB89BC891296BC91BB83EB89FC89F38145
:10525000FC83AB89BC891496BC91BD83EB89FC8926
:10526000F581FE83AB89BC891696BC91BF83EB891F
:10527000FC89F781F887AB89BC899096ED91FC9108
:10528000DF01AC5DBD4FCD90DD90ED90FC9089814C
:105290009A81AB81BC81C822D922EA22FB228601F5
:1052A0001170C114D104E104F104F9F429813A81A7
:1052B0004B815C816D817E818F819885A0E00F9408
:1052C000640409F082C0AB89BC899C968C9186FFEE
:1052D00075C0E05EFD4F80819181A281B381EB8931
:1052E000FC89808F918FA28FB38FEB89FC8980A17D
:1052F00091A1FC01E15DFD4FE08149E0F694E79466
:10530000D794C7944A95D1F7AB89BC8958964D91EB
:105310005D916D917C915B974250510961097109D2
:105320000E2E04C0440F551F661F771F0A94D2F734
:105330004C0D5D1D6E1D7F1DDC01A85EBD4F8D9067
:105340009D90AD90BC90480D591D6A1D7B1D0115A7
:10535000110509F06CC02114B2E03B0608F467C0E7
:10536000DC0113968D909D90AD90BC9016974815DA
:1053700059056A057B0509F45AC02114B4E03B06BF
:1053800008F0ACC001E010E029893A89FC01818174
:1053900092810E947BE2882309F43EC0812C82E046
:1053A000982E5BC0F0E0E0E0C12CD12CE12CF12C78
:1053B00000E010E01ACF712C612C2FCFEB89FC8913
:1053C000848D958DA68DB78D8ACFAB89BC89589673
:1053D0004D915D916D917C915B979E968C919E977E
:1053E00086FF0AC04F5F5F4F6F4F7F4FFD01408FB9
:1053F000518F628F738F79CF29853A85CF010E94B3
:10540000279E87FD09C0811170CFAB89BC899C960E
:105410008C91807509F08EC0AB89BC899D968C916A
:105420009D9782609D968C938FEF9FEFAAC020E09E
:1054300032E0201B310B41012215330508F44901EC
:1054400020E00E94F3E2009739F3BC01600F711F66
:10545000A40189899A890F94850489899A89880D7C
:10546000991D9A8B898B480C591C940140E050E09F
:1054700060E070E080E090E0AB89BC89AC90119670
:10548000BC9011971296CC9012971396DC901397BC
:105490001496EC9014971596FC90159716960C910F
:1054A000169717961C9117970F943D042C931196FD
:1054B0003C93119712964C93129713965C93139703
:1054C00014966C93149715967C93159716968C9357
:1054D000169717969C9328183908A6CE4101892C57
:1054E00099248694B12CA12C01E010E020E030E05A
:1054F00004C0000F111F221F331FEA95D2F70C19A9
:105500001D092E093F0980169106A206B30610F464
:10551000950184014801590129E0880C991CAA1CB5
:10552000BB1C2A95D1F729893A890E94E6A78111E7
:1055300094CF72CF6114710419F1A30170E060E09F
:1055400089899A890F948E04930140E050E060E0CD
:1055500070E080E090E0EB89FC89A080B180C2809F
:10556000D380E480F580068117810F943D04890182
:105570009A01AB01BC01CF010E9469A1460C571CE6
:10558000C20164960FB6F894DEBF0FBECDBFDF91A7
:10559000CF911F910F91FF90EF90DF90CF90BF9030
:1055A000AF909F908F907F906F905F904F903F90C3
:1055B0002F9008952F923F924F925F926F927F9219
:1055C0008F929F92AF92BF92CF92DF92EF92FF9213
:1055D0000F931F93CF93DF93CDB7DEB7AE970FB680
:1055E000F894DEBF0FBECDBF3C017B012A01C22E65
:1055F000DC019C968C9181110DC0FB0184A5807506
:1056000049F0822F8370813009F492C040F08230DB
:1056100009F48BC0F30114A616A6D12C2EC1F1E01B
:10562000FBA363E0862E41145104B9F0D201169613
:105630008D919C910E966FE070E00F94C50272E020
:10564000872E860E00E010E020E030E040E050E0E1
:1056500060E070E0C7010E9469A1D12C10E0FE015A
:10566000B196FAA3E9A3FBA1F064FEA75FE2952E31
:1056700040E250E0BE016F5F7F4FC7010E941EA84D
:10568000009741F1809731F6898187FD54C011114F
:1056900018C0D7012D913D914D915C9113972052E7
:1056A0003109410951092AA73BA74CA75DA7589684
:1056B0002D913D914D915C915B972EA33FA348A7FF
:1056C00059A7181508F41F5F81110CC1411451042A
:1056D00009F4A0CFC4FE9ECF8BA1827009F49ACFAB
:1056E0004114510409F496CF181508F077C140E22F
:1056F00050E0BE016F5F7F4FC7010E941EA8009758
:1057000009F04EC1D7015896AD90BD90CD90DC9078
:105710005B97C7010E946FA5882309F47BCFF7012F
:10572000A08EB18EC28ED38EDFCF23E02BA379CF94
:1057300032E03BA376CFD11044C0181508F410E036
:10574000853809F095CFF301292D11922A95E9F7B3
:105750008A81D3019B968C939B979D81892F877318
:1057600094FF2BC09C968C93D70190968D919C9121
:105770009197F30191A380A358968D919D910D90DF
:10578000BC91A02D82A393A3A4A3B5A3F70180810C
:105790009181A281B3818097A109B109F30186A308
:1057A00097A3A0A7B1A7D7019E968C9186FB8827C7
:1057B00080F982A7DD24D3945BCF8860F30184A7AE
:1057C000D3CF803C09F090C02BA1F30126A78A819A
:1057D00081FF02C03EA536A78985D30150968C93E0
:1057E00050978A8551968C9351978B8552968C93BE
:1057F00052978C8553968C9353978D8554968C93A2
:1058000054978E8555968C9355978F8556968C9385
:105810005697888957968C938D899E89AF89B88DC4
:10582000F301848F958FA68FB78F898D80878A8D9E
:1058300081878B8D82878C8D83878D8D84878E8DDC
:1058400085878F8D868788A187874114510479F5D4
:10585000C6FCE0CE8C2D847221F4F30186A581FF75
:1058600006C0D3019C968C91817109F0D3CEC5FC02
:1058700079C0F30186A581FD8FC08D2DAE960FB640
:10588000F894DEBF0FBECDBFDF91CF911F910F9176
:10589000FF90EF90DF90CF90BF90AF909F908F9050
:1058A0007F906F905F904F903F902F900895D2011E
:1058B0008D919C91119713969C938E9312972C81A6
:1058C00016968D919C9117972817190659F4DD2487
:1058D000D39418962D913C918D819E81281739077C
:1058E00009F4C6CED12CC4CE813CE1F7F20124806C
:1058F00035809E012D5F3F4F3DA32CA3ACA1BDA1E0
:10590000AD90BD90BDA3ACA3D2011296ED91FC91D8
:105910001397E215F30559F4AB2821F7D20112963B
:105920008D919C918215930509F0A2CE91CFCF0164
:10593000019613969C938E9312978081BFE7AB16C6
:10594000B10480F60E94B7A0082F8A2D0E94B7A04C
:105950000813C8CFECA1FDA129A13AA1E217F307D2
:1059600069F6DCCFD3019E968C9181FF53CE00E087
:1059700010E020E030E040E050E060E070E0C30183
:105980000E9469A1882309F445CEC3010E94F6A3B1
:10599000882309F43FCE6DCF84A5806284A76DCFA4
:1059A000809709F037CE111117C0F70180819181DE
:1059B000A281B3819C01AD012052310941095109F5
:1059C0002AA73BA74CA75DA7808D918DA28DB38D93
:1059D0008EA39FA3A8A7B9A71F5F86CEF70186A5B0
:1059E00086FB882780F99FE2D3011D929A95E9F7FB
:1059F00020A131A1F30131A320A398E294A72EA105
:105A00003FA148A559A522A333A344A355A32AA582
:105A10003BA54CA55DA526A337A340A751A782A708
:105A2000F201808191819383828310E080E2982E3D
:105A300091ECA92E20ECD22E2BA0689427F835E803
:105A4000B32E0FEF080D41E2E42E4CE5F42E1815AD
:105A500009F45BC041E0612FC3010E94C5A2DC01D3
:105A6000892B09F4D7CD8C9187FDD4CDFD01292D4B
:105A700011922A95E9F7111114C0BC92F30103A702
:105A800011960C9311971B96FC92EE921A971F9603
:105A9000FC92EE921E975396FC92EE9252971F5FE5
:105AA000D6CF113091F4DC9211961C931197F3012B
:105AB00026A6F201868113968C9313978085918593
:105AC00015969C938E931497EACFAC92F201448181
:105AD0005581BD016E5F7F4FCD018096F201A2819D
:105AE000B381A417B507D9F29D012F5F3F4F3383D0
:105AF00022832C91022E000C330BDB012D933D935E
:105B0000BD018A179B0751F7CACFC3010E944EA35C
:105B1000D82EB3CE0F931F93CF93DF93EC01FB01ED
:105B200094A5907549F122E5CE010E94DAAA882356
:105B300019F180E38CA7CE010E946FA58823E1F0C4
:105B4000888D998DAA8DBB8D8C8F9D8FAE8FBF8FC9
:105B500000E010E020E030E040E050E060E070E085
:105B6000CE010E9469A181EC8EA7CE01DF91CF9179
:105B70001F910F910C944EA380E0DF91CF911F9164
:105B80000F910895DF92EF92FF920F931F93CF939F
:105B9000DF93CDB7DEB7EB970FB6F894DEBF0FBE3D
:105BA000CDBF8C017B015BAF4AAFD22E1DA61EA6D6
:105BB0001FA6FC0184A5882379F080E0EB960FB640
:105BC000F894DEBF0FBECDBFDF91CF911F910F9133
:105BD000FF90EF90DF900895FB0184A5807569F335
:105BE000EAADFBAD80818F32D9F4EAADFBAD8081A7
:105BF0008F3221F43196FBAFEAAFF7CFF70160A106
:105C000071A1811104C0C8010E94B3A2D7CFCE01F7
:105C100001960E94B3A2882381F2CE0101967C01F5
:105C20006AAD7BAD9E01265C3F4FAE01405D5F4F8C
:105C3000C8010E9477A7882309F4BFCFEAADFBAD66
:105C400080818823D1F020E0AE01405D5F4FB70135
:105C5000C8010E94DAAA882309F4AFCF8FE2F801C5
:105C6000DE01119601900D928A95E1F7C8010E941C
:105C70004EA3F80114A616A6D0CF2D2DAE01405D7F
:105C80005F4FB701C8010E94DAAA98CF611571056C
:105C900021F0605D7D4F0C94C2AD80E00895CF93FC
:105CA000CFB7F8948091580D811127C0EFE4FDE142
:105CB0008491E5E9FDE19491E82FF0E0EE0FFF1FFC
:105CC000ED56F44EA591B491EC91E92321F461E0F5
:105CD00085E30E943EDC61E085E30E9479DD8CB5BE
:105CE00080618CBD8CB580648CBD61E084E30E94D2
:105CF00079DD61E083E30E9479DD8091580D8F5F4B
:105D00008093580DCFBFCF910895CF93DF9300D0EC
:105D10001F92CDB7DEB7CE0101960E945778882337
:105D200069F08981823050F49A819A509B3530F421
:105D300090E00E9430788A810E94E2791092810F6F
:105D40001092800F8091910F80937E0F8091590265
:105D500080937F0F1092820F1092930F81E08093B7
:105D60007D0F0F900F900F900F90DF91CF910895BE
:105D70000F931F93CF93DF93CDB7DEB761970FB625
:105D8000F894DEBF0FBECDBFFE01319690E08F01CB
:105D9000DB012D91BD01211109C0F801E90FF11DB1
:105DA00020E29F5F21939031E1F704C021939F5F30
:105DB000903171F7198A0E942EDDC8010E9481D7A7
:105DC00061960FB6F894DEBF0FBECDBFDF91CF91C5
:105DD0001F910F910895CF93DF93CDB7DEB79E014A
:105DE000245F3F4F4A855B85688579858E819F81D9
:105DF0000E94C4FFDF91CF9108952F923F924F925E
:105E00005F926F927F929F92AF92BF92CF92DF92FA
:105E1000EF92FF920F931F93CF93DF938091790FAF
:105E200090917A0F059709F49BC1809158028823BD
:105E300009F472C08091150E882309F46DC0809119
:105E4000140E882309F468C0C0917B0FD0917C0F99
:105E5000209709F461C0A0905002B0905102C50192
:105E60000497039728F021E0A216B10409F054C06A
:105E700089E395E10E94C07081114EC0D12CC12CE4
:105E800006E11EE080EA982E99E1E92E92E1F92ED2
:105E900025E1222E25E1322E3FE1432E35E1532E1E
:105EA00049E2642E45E1742EC1109EC036E0A3166F
:105EB000B10409F04FC01F930F93DF93CF9323E3F7
:105EC00035E13F932F931F929F92FF92EF920E9492
:105ED000EBAE2DB73EB7265F3F4F0FB6F8943EBFEF
:105EE0000FBE2DBF01978F399105B0F469E174E1C0
:105EF00089E192E10F949504892B71F089E192E197
:105F00000E941F6F882309F4E3C03FEFC31AD30A2E
:105F100084E6C816D10441F685E090E090937A0FAC
:105F20008093790F0E9452950E947D6E81E0DF91EF
:105F3000CF911F910F91FF90EF90DF90CF90BF9086
:105F4000AF909F907F906F905F904F903F902F9079
:105F50000C94817235E0A316B104B1F41F930F9332
:105F6000DF93CF937F926F921F929F92FF92EF9257
:105F70000E94EBAE2DB73EB7265F3F4F0FB6F894A9
:105F80003EBF0FBE2DBFAECF31E0A316B104B1F4BA
:105F90001F930F93DF93CF935F924F921F929F9225
:105FA000FF92EF920E94EBAE2DB73EB7265F3F4FB8
:105FB0000FB6F8943EBF0FBE2DBF94CF1F930F9323
:105FC000DF93CF933F922F921F929F92FF92EF9277
:105FD0000E94EBAE2DB73EB7265F3F4F0FB6F89449
:105FE0003EBF0FBE2DBF7ECF36E0A316B104D1F465
:105FF000DF92CF921F930F93DF93CF9326E035E18B
:106000003F932F931F929F92FF92EF920E94EBAECD
:106010002DB73EB7245F3F4F0FB6F8943EBF0FBE7B
:106020002DBF60CF35E0A316B104D1F4DF92CF923B
:106030001F930F93DF93CF9327EF34E13F932F9379
:106040001F929F92FF92EF920E94EBAE2DB73EB748
:10605000245F3F4F0FB6F8943EBF0FBE2DBF42CF17
:1060600031E0A316B104D1F4DF92CF921F930F93C6
:10607000DF93CF9328EE34E13F932F931F929F92AB
:10608000FF92EF920E94EBAE2DB73EB7245F3F4FD9
:106090000FB6F8943EBF0FBE2DBF24CFDF92CF9234
:1060A0001F930F93DF93CF9329ED34E13F932F9309
:1060B0001F929F92FF92EF920E94EBAE2DB73EB7D8
:1060C000245F3F4F0FB6F8943EBF0FBE2DBF0ACFDF
:1060D00069E172E189E194E10E94D689882309F49B
:1060E0001BCFAA94AB2851F569E174E184E090E1FB
:1060F0000E94ABD9882311F169E172E184EA90E151
:106100000E94ABD98823D1F064EA70E184E090E189
:106110000F949504892B91F084E090E10E941F6F09
:10612000882361F084EA90E10E941F6F811111C001
:1061300064EA70E184E090E10E94D6894FE950E082
:1061400069E172E189E194E10F94AC041092B81412
:10615000E3CE84EA90E10E94288C8111E9CFEECF52
:10616000DF91CF911F910F91FF90EF90DF90CF9033
:10617000BF90AF909F907F906F905F904F903F90B7
:106180002F9008950F931F93CF93DF93EC018B0112
:10619000BA0101501109A8010E94B5FFC00FD11F1B
:1061A0001882DF91CF911F910F910895009741F0D0
:1061B0004115510519F4FC01108208950C94C2B0E8
:1061C0000895CF92DF92EF92FF920F931F93CF9398
:1061D000DF9300D01F92CDB7DEB78C016B01BA01FF
:1061E000452B09F0A2C08091500290915102069770
:1061F00009F097C08091520290915302A0915402ED
:10620000B091550242E758E180349C49A105B1059F
:1062100010F046E758E164E070E0CE0101960E947C
:10622000D6B08981E12C882361F08A81EE24E39441
:10623000882339F08B8193E0E92E811102C082E03E
:10624000E82E8FE0F82EFE18C114D10421F0F601DB
:106250008081811110C04AE758E161E170E0C80116
:106260000E94D6B0F80180E091919923D9F0F816F8
:1062700061F08F5FF9CFD601F80180E09D919923FD
:1062800089F091938F5FF812F9CFFE0131968F2D2F
:106290008E0DF81691F09191D801AF0DB11D9C9320
:1062A000F394F7CFF801E80FF11D90E28F1518F481
:1062B0008F5F9193FBCFF82EE8CFF801178680917E
:1062C000340E882309F496C08091500290915102B7
:1062D00086309105B1F50E9436959C01A4E6B0E0A8
:1062E0000F9403032FEF37E040E050E00F94D90202
:1062F000253631054105510520F024E630E040E027
:1063000050E084E6821BF80190E02191211174C0D5
:10631000F801E90FF11D20E29F5F21939F30E1F723
:106320006FC0C114D10429F0B601C8010E94DFDE9C
:10633000C6CF4AE758E161E170E0C8010E94D6B0DB
:10634000BECF019749F50E947B286091500D709156
:10635000510D2091520D3091530D50E040E0260F29
:10636000371F411D511D280F391F411D511D21157A
:10637000FCE03F074105510520F02FEF3BE040E0F6
:1063800050E0A4E6B0E00F9412032FEF3BE040E0B2
:1063900050E00F94D902B5CF0E947B286091540D34
:1063A0007091550D2091560D3091570D50E040E001
:1063B000260F371F411D511D280F391F411D511D2B
:1063C00021158CE038074105510520F02FEF3BE007
:1063D00040E050E0ACE9BFEF0F94200364567045F5
:1063E0008B4F9F4F2FEF3BE040E050E00F94D902DE
:1063F000822F89CF84E687CF9F5F9F3009F085CFBA
:1064000091E0F8019787108A0E94B9750F900F905C
:106410000F900F90DF91CF911F910F91FF90EF9010
:10642000DF90CF900895CF93DF9361157105B9F098
:10643000FB012081222399F0DC019B01205F3F4F6B
:1064400041914D93EF0121974881442329F0E217B0
:10645000F307B1F7FC01108ADF91CF9108954AE765
:1064600058E161E170E0DF91CF910C94D6B0FC016E
:1064700084E0DF011D928A95E9F780918C0F90915D
:106480008D0F21E08430910549F024E0833091059F
:1064900029F026E08230910509F425E0208321E0EF
:1064A000892B09F020E0218380918E0F82838091D7
:1064B000900F838308950F931F93CF93DF93CDB7EE
:1064C000DEB761970FB6F894DEBF0FBECDBF20E2F6
:1064D0002983AC0160E170E0CE0102960E94D6B043
:1064E000FE01319680E08F01219191E0980F2111FA
:1064F0001AC0F801E80FF11D90E291938F5F80318F
:10650000E1F7198A81E00E942EDDC8010E9481D73F
:1065100061960FB6F894DEBF0FBECDBFDF91CF916D
:106520001F910F910895892F9031F1F6EACF1F93B3
:10653000CF93DF93CDB7DEB761970FB6F894DEBF88
:106540000FBECDBF182FAB0161E170E0CE01019607
:106550000E94D6B0BE016F5F7F4F812F0E94B8AE00
:1065600061960FB6F894DEBF0FBECDBFDF91CF911D
:106570001F9108954F925F926F927F928F929F9298
:10658000AF92BF92CF92DF92EF92FF920F931F9341
:10659000CF93DF93CDB7DEB7C054D1090FB6F894CF
:1065A000DEBF0FBECDBF8C0140E150E060E270E085
:1065B000CE0142960F948E041AA2D8011496ED9043
:1065C000FC90C7010E94FC6DF801882309F46FC09C
:1065D00094A125A1878D811168C08FE22F939F938D
:1065E0001F928F93D80193968C9193978F93929645
:1065F0008C918F938CE593E09F938F931F928DE006
:106600008F935E01B3E2AB0EB11CBF92AF920F94B9
:10661000C6040FB6F894DEBF0FBECDBF97FD80E075
:10662000F82EFCE0F81710F44CE0F42ECF2CD12C0F
:10663000A601B501CE0142960F948504D801969625
:106640006D917C916115710521F0FB0180818111B3
:1066500003C0D8016D917C914FE04F19F42ECE010B
:1066600001960E94A3974F2D50E0BE016F5F7F4FB0
:1066700082E190E08C0F9D1F8C0D9D1D0F94850471
:10668000D8015E968C91FE01729690E021912111C5
:1066900039C0E2E1F0E0EC0FFD1FE90FF11D20E24F
:1066A0009F5F21939F30E1F730C089E497CF80A1AD
:1066B00060817181882301F1C7018D7F0197E1F429
:1066C0008DE48A8B86E4F3E0EF16F10409F482E3AB
:1066D0008B8B89E48C8B80E28D8B4BE0CE01019615
:1066E0000E94A3978BE0FE013196DE015696019041
:1066F0000D928A95E1F7C4CF4FE0CE0142960E94F9
:10670000A397BECF9F5F9F3009F691E099A31AA28D
:106710000E94B975BE016E5E7F4F80E00E94B8AEE8
:10672000F801C684D7849E012F5F3F4F790133E083
:10673000C316D10409F580899189009751F446E385
:1067400058E161E170E0CE0183960E94C2B0CE01B3
:1067500083969F938F938CE298E19F938F931F92E0
:1067600081E18F93FF92EF920E94EBAE0FB6F89407
:10677000DEBF0FBECDBFA9C1A480B58040E258E105
:10678000A114B10409F49CC1C5010E94FC6D8823C9
:1067900009F461C0F80181A1882309F45CC080A5D7
:1067A00091A5029746E257E18F30910538F4880FA2
:1067B000991FFC01EE5DFC4F408151816E01F4E3B5
:1067C000CF0ED11C65E070E0C6010E94D6B0D801A2
:1067D00056966D917D918D919C9159979096BC9014
:1067E000611571058105910509F4B2C028EE33E009
:1067F00040E050E00F94D902203787E13807410587
:10680000510520F02FE637E140E050E0CA01B90120
:106810002CE330E040E050E00F94D90280EE97E1A5
:10682000B11009C0D80117968D919C91019709F07C
:10683000A0C08DEC97E17F936F933F932F93DF92EE
:10684000CF929F938F931F9281E18F93FF92EF924C
:106850000E94EBAE8BCFC5010E94076E81118CC0E8
:10686000D8015A968C915A978111F8C01B968C9139
:10687000882329F0B2E0CB16D10409F01FC1F8013A
:10688000628973898489958928EE33E040E050E07D
:106890000F94D90249015A01F0E78F16F7E19F06DC
:1068A000A104B10430F02FE6822E27E1922EA12C14
:1068B000B12CD80156966D917D918D919C915997EF
:1068C00028EE33E040E050E00F94D90229013A016C
:1068D000B0E74B16B7E15B066104710430F09FE648
:1068E000492E97E1592E612C712CC8010E94C39446
:1068F0006E01E9E3CE0ED11CAC0164E070E0C6018C
:106900000E94D6B0C301B2012CE330E040E050E079
:106910000F94D9027F936F933F932F93C501B401D6
:106920002CE330E040E050E00F94D9027F936F9366
:106930003F932F93DF92CF9287E597E19F938F93B9
:106940001F9281E18F93FF92EF920E94EBAE0ECFE8
:1069500081E198E1B11007C0F80187819085019726
:1069600029F482E098E1DF92CF92F7CE83EF97E1AE
:10697000FACF8AEB97E15FCFC114D10409F070CF51
:10698000F80180A591A5029746E257E18F30910565
:1069900038F4880F991FFC01EE5DFC4F4081518156
:1069A0005E01F4E3AF0EB11C65E070E0C5010E942A
:1069B000D6B0C8010E94C3946E0129E3C20ED11C57
:1069C000AC0164E070E0C6010E94D6B0D8015696D2
:1069D0006D917D918D919C915997611571058105FE
:1069E000910581F4BF92AF92DF92CF928CEA97E14A
:1069F0009F938F931F9281E18F93FF92EF920E945A
:106A0000EBAEB4CE28EE33E040E050E00F94D90274
:106A10002037F7E13F074105510520F02FE637E128
:106A200040E050E0CA01B9012CE330E040E050E022
:106A30000F94D9027F936F933F932F93BF92AF929E
:106A4000DF92CF928AE997E19F938F931F9281E122
:106A50008F93FF92EF920E94EBAE88CE5B96ED9102
:106A6000FC913197D12CC12CEC30F105E8F488274A
:106A7000E35CFA448F4F0D94FB02D3B503B69DB58A
:106A800049B5B0B5B5B5BAB5BFB5BFB5C4B5C9B5EB
:106A9000CEB597E4C92E97E1D92EA60164E070E047
:106AA000CE01CD960E94D6B0F8018385882309F4E3
:106AB00084C086859785029709F47FC043E957E132
:106AC00061E170E0C7010E94C2B0D8011B968C91B1
:106AD0001B97811112C01E968D919C911F97029752
:106AE00009F08FC01D968C911D9765E5811106C038
:106AF0001C968C91882309F484C06DE4C7010E9420
:106B0000AC94B70181E00E94B8AEC05CDF4F0FB615
:106B1000F894DEBF0FBECDBFDF91CF911F910F91D3
:106B2000FF90EF90DF90CF90BF90AF909F908F90AD
:106B30007F906F905F904F9008958091B40F88235D
:106B4000B9F18091BB0F9091BC0F039789F58091AB
:106B5000B80F882369F18AE2C82E87E1D82E9DCF2D
:106B6000B3E4CB2EB7E1DB2E98CFAFE3CA2EA7E17B
:106B7000DA2E93CFFCE3CF2EF7E1DF2E8ECFE9E3C1
:106B8000CE2EE7E1DE2E89CF75E3C72E77E1D72E33
:106B900084CF61E3C62E67E1D62E7FCF5EE2C52E9D
:106BA00057E1D52E7ACF43E5C42E47E1D42E75CFD9
:106BB0003BE4C32E37E1D32E70CFC8010E94C394AB
:106BC0005E01F9E3AF0EB11CAC0164E070E0C501F9
:106BD0000E94D6B0D8015D968C91CD2859F01F92B5
:106BE0008F93CE01CD969F938F93BF92AF9280E803
:106BF00097E127CE1F928F93BF92AF928EE697E1D7
:106C0000F7CE60E07BCF8FE4C82E87E1D82E45CF4A
:106C10000F931F93CF93DF93CDB7DEB761970FB676
:106C2000F894DEBF0FBECDBF1F928F9388E197E12E
:106C30009F938F931F9281E18F938E010F5F1F4F60
:106C40001F930F930E94EBAEB80180E00E94B8AE94
:106C50006CE077E181E00E9497B20FB6F894DEBF56
:106C60000FBECDBF61960FB6F894DEBF0FBECDBF8D
:106C7000DF91CF911F910F910895E091830FF091D3
:106C8000840FE830F105E8F48827E65BF9448F4F7C
:106C90000D94FB0255B68CB652B664B667B66AB6AA
:106CA00073B681B682E090E008958091850F90914F
:106CB000860F8130910599F18230910599F1039702
:106CC000A1F190E080E0089583E090E0089584E0F1
:106CD00090E008958091850F9091860F029741F181
:106CE0008DE090E008958091850F9091860F009738
:106CF00011F18130910511F1029719F186E090E0D0
:106D000008958091850F9091860F0097E9F0019783
:106D1000F1F089E090E0089581E090E008958BE043
:106D200090E008958CE090E008958EE090E0089562
:106D300085E090E008958FE090E0089588E090E08D
:106D4000089587E090E0089580E190E008958AE05A
:106D500090E00895CF93DF93EC0186E0FE0111925D
:106D60008A95E9F780918B0F88830E943DB68983CD
:106D70008091890F8A838091870F8B8385EA8C832A
:106D800080915A0E8D83DF91CF910895880F23E073
:106D900030E0082E01C0220F0A94EAF72095909166
:106DA0005A0E2923772701C0660F8A95EAF7262B0A
:106DB00020935A0E0895643030F48530910539F4EB
:106DC0006230710511F070E060E0CB010895079723
:106DD000E1F763307105C9F762E070E0F6CF8091AA
:106DE000830F9091840F8530910529F148F430E0AC
:106DF00020E0009769F01092860F1092850F089599
:106E000086309105D9F023E030E08730910599F77D
:106E100060915A0E70E0220F331F02C0759567957E
:106E20002A95E2F7637077270E94DBB69093860F6E
:106E30008093850F089521E030E0EACF22E030E032
:106E4000E7CFCF93DF938091830F9091840F8530AC
:106E5000910501F138F4D0E0C0E0009759F0DF91DE
:106E6000CF91089586309105C1F0C3E0D0E087301E
:106E70009105A9F76091850F7091860F0E94DBB68E
:106E80009093860F8093850FBC01CE01DF91CF9147
:106E90000C94C6B6C1E0D0E0EDCFC2E0D0E0EACFBE
:106EA0001F93CF93DF93CDB7DEB761970FB6F894FA
:106EB000DEBF0FBECDBF182FAB0161E170E0CE0188
:106EC00001960E9482F0FE01319680E0919191112D
:106ED0000CC0E1E0F0E0EC0FFD1FE80FF11D90E2C7
:106EE0008F5F91938031E1F703C08F5F803171F73D
:106EF000198A812F0E942EDDCE0101960E9481D732
:106F000061960FB6F894DEBF0FBECDBFDF91CF9173
:106F10001F910895DF92EF92FF920F931F93CF93EB
:106F2000DF93FC0101900020E9F731978F01081BE6
:106F3000190B6017110650F0FA011082DF91CF9102
:106F40001F910F91FF90EF90DF900895E9017A0172
:106F5000D62E0E94D3DE28813981AB01421B530B10
:106F600057FDECCF0D19F7012081201760F42F5F3A
:106F70002083201718F06C577C4F02C06C5F7E4F47
:106F800079836883DBCF1082F6CF4FE350E064EE65
:106F900074E180E09FE00F94AC0410923F0F809169
:106FA00024158093400F81E080934A0F0895CF937A
:106FB000DF9320914D0F30914E0FE1E041E021151C
:106FC000310569F160914B0F70914C0F6F5F7F4FEE
:106FD000683E83E0780710F067EE73E0283E83E0B8
:106FE000380710F027EE33E041E0CAE0D0E0E1E0FE
:106FF000E40F6A30710530F0CB01BE010F94C50279
:107000004E2FF5CFE1E0CAE0D0E02A30310538F06C
:10701000C901BE010F94C5029B01EF5FF6CF81E06D
:10702000840F8E0FDF91CF9108951092450F0E942B
:10703000D3DE6C577C4F7093440F6093430F0895D9
:10704000EBE5F2E08FE28083118210924E0F1092F6
:107050004D0F10924C0F10924B0FE4EEF4E188E4C8
:10706000DF011D928A95E9F710924A0F1092000FE6
:107070001092400F0E949F980E9415B80C94219581
:1070800080915B028F3221F481E090915C0291113A
:1070900080E008950E9440B881110EC06FE270E058
:1070A0008BE592E00F94BB04009741F0FC01218135
:1070B000222311F00196089590E080E008956F92E8
:1070C0007F928F929F92AF92BF92CF92DF92EF9278
:1070D000FF920F931F93CF93DF9300D000D01F92A6
:1070E0001F92CDB7DEB76C01A0904D0FB0904E0F40
:1070F00010E000E0A114B104A9F000914B0F109131
:107100004C0F0F5F1F4F083E43E0140710F007EECF
:1071100013E088EEA81683E0B80620F087EEA82ECC
:1071200083E0B82E40E150E060E270E0C6010F94C9
:107130008E04D60150961C92A80160E0CE01019603
:107140000E94DD94782E8091000E882309F446C0B9
:107150008091FF0D8111B4C08FE261E0670DE1E025
:10716000F0E0EC0FFD1FE70DF11D8083A501CE01BE
:1071700001960E94DD94682E882E912CE1E0F0E0CB
:10718000EC0FFD1FE80DF91D108280E1782E7618B6
:107190000E9440B8882309F495C08FE2F6018083ED
:1071A000A401BE016F5F7F4FC601870D911D0F9433
:1071B000850428960FB6F894DEBF0FBECDBFDF91D1
:1071C000CF911F910F91FF90EF90DF90CF90BF90E4
:1071D000AF909F908F907F906F90089581E0809303
:1071E000000E1092FF0D80914F0F882309F4B4CF49
:1071F00080914D0F90914E0F892B09F4ADCF809166
:1072000024158111A9CF809125158111A5CF8091D9
:10721000E414882309F4A0CF84EE94E10E94976DD2
:107220004C010197039708F097CF0BE512E0F801A6
:1072300001900020E9F78F010C551240E4EEF4E1D3
:1072400001900020E9F7CF01855E94417C01011592
:10725000110509F481CFF801E65AFD4F6080C8019D
:107260008E0D9F1D21E030E0AFE26A1202C030E0D7
:1072700020E0820F931F803A910508F06DCFA8019E
:107280006BE572E089E194E10F948504BFE26B162F
:1072900039F0F801E75EFB4E8FE280830F5F1F4FEE
:1072A000A7014F5F5F4F64EE74E1C801875E9B4E9C
:1072B0000F948504C4010E948FDA8093FF0D4ACF9A
:1072C00089E44BCF0E944AB85C01F12CE12C009775
:1072D00041F0FC0101900020E9F731977F01E81AA5
:1072E000F90A0E94D7B790E1981B943008F494E013
:1072F0000CEF090F1091450FF3E090E0F71540F403
:1073000043E050E06EEB76E1C6010E948CFF93E013
:107310000E151F0420F48E2D801B811708F410E039
:10732000F601E90FF11D812F911B4FE04619A114C1
:10733000B10409F435CF282F290F241708F030CFD6
:10734000282F30E02E153F0508F02ACF8F5F2A0D39
:107350003B1DD9012C912193EACF0F931F93CF931B
:10736000DF93CDB7DEB7A2970FB6F894DEBF0FBE9E
:10737000CDBF0E94D3DE2091520F2223F9F020913D
:10738000500F3091510F621B730B77FF17C080E0D5
:107390000E942EDD82E59FE00E9481D781E00E945D
:1073A0002EDD0FEE16E1F80164910F5F1F4F66238B
:1073B000E9F183EE97E10E9473DDF5CF1092520F51
:1073C00080914F0F81113DC00E944570882391F03C
:1073D00043EE56E161E170E0CE0101960E94C2B039
:1073E00040E150E060E270E0CE0142960F948E04DE
:1073F0001AA210C045ED56E161E170E0CE010196A0
:107400000E94C2B048EC56E161E170E0CE014296C4
:107410000E94C2B0BE016F5F7F4F80E00E94B8AE95
:10742000BE016E5E7F4F81E00E94B8AEA2960FB69D
:10743000F894DEBF0FBECDBFDF91CF911F910F91AA
:10744000089580914D0F90914E0F892BA9F4CE0194
:1074500001960E945FB840E150E060E270E0CE012A
:1074600042960F948E0445E050E062EC76E1CE0146
:1074700042960E948CFFBCCFCE0101960E945FB85D
:1074800040E150E060E270E0CE0142960F948E043D
:107490001AA2E4EEF4E1309709F4BCCF8091E41431
:1074A000882309F4B7CF01900020E9F7CF01855E6A
:1074B0009441E091480F8131910520F020EF280F91
:1074C0002E1708F4E0E0F0E0EC51FB4EDE0152969E
:1074D00020E0AF01445E54414817590708F09ACFA5
:1074E00031913D932F5F2031A1F794CFE4EEF4E189
:1074F00028E4DF011D922A95E9F7AC0160E470E011
:10750000CF010E94D6B01092241510922615109229
:10751000271510922815109229150C949F98809188
:10752000440D80934F0F81110FC010924E0F109297
:107530004D0F0E944570811104C08AE696E10C94BB
:1075400076BA88E796E1FBCF8091330D882301F16D
:1075500067E676E183E39DE00E9495FF892BC1F009
:107560006EE576E183E39DE00E9495FF892B81F033
:10757000E4EEF4E188E4DF011D928A95E9F74FE338
:1075800050E063E37DE0CF010F94AC040C949F982E
:1075900085E596E1D4CFAC0161E170E082E59FE042
:1075A0000E94D6B0E2E5FFE080E0219191E0980FE3
:1075B000211114C0E82FF0E0EE5AF04F90E29193C1
:1075C0008F5F8031E1F71092620F0E94D3DE605529
:1075D0007B4F7093510F6093500F0895892F903116
:1075E00021F7F1CF0E942895B0E0A0E023E0880FBA
:1075F000991FAA1FBB1F2A95D1F7893F2FE3920736
:10760000A105B10520F088EF9FE3A0E0B0E0089568
:107610008F929F92AF92BF92CF92DF92EF92FF92A2
:107620000F931F93CF93DF9380913502882379F0D6
:10763000C1E08C2FDF91CF911F910F91FF90EF90C0
:10764000DF90CF90BF90AF909F908F900895C091A2
:107650002E05C11109C080913102909132029093A0
:10766000340280933302E5CF0E942895811528E0EB
:10767000920740F083E090E09093340280933302CD
:10768000C0E0D7CF6FEF77E0681B790B89F293E00A
:10769000660F771F9A95E1F78091320D681B71098B
:1076A00039F289E192E1892B59F481E090E09093DD
:1076B0003202809331028091310290913202DCCF0C
:1076C0008091240590912505A0912605B09127056C
:1076D0000097A105B10509F49FC0613022E072074F
:1076E00010F060E072E08B0130E020E0801791073D
:1076F000A207B30708F4BC0189E192E10E949A7FD6
:10770000BC01181619062CF083E090E00E94D97095
:10771000D2CFC0902405D0902505E0902605F090AA
:107720002705092E000CAA0BBB0BC81AD90AEA0AB6
:10773000FB0AC0922405D0922505E0922605F0921E
:1077400027052091300D3091310DB0902D024091E0
:107750001305D0912E02A0902F029091320D5091DE
:107760002F0DE9E1F2E188248394912C819141115C
:1077700005C041E08D1728F440E003C041E0B81691
:10778000D8F7A41639F08401092E01C0000F0A941D
:10779000EAF7502B9F5F983051F4C9019770815DD3
:1077A0009A4FDC015C932F5F3F4F50E090E08F01D8
:1077B0000951124106171707CCF240931305909315
:1077C000320D50932F0D80912E05882319F1CD286D
:1077D000CE28CF28E1F49923E9F0F901F770E15DB3
:1077E000FA4F50832F5F3F4F10922F0D1092320DA2
:1077F0004FB7F8943093310D2093300D882329F042
:107800009093300281E0809335024FBF12CF98E011
:1078100080E0EECF98E0ECCF2091300D3091310D2B
:107820008FB7F8943093310D2093300D98E09093FA
:10783000300291E0909335028FBFE8CFCF93DF9372
:107840008091350281110CC00E942895EC010E94A4
:1078500008BB882331F00E9428958C179D0781F77B
:1078600081E0DF91CF910895AC0161E170E08FE993
:107870009FE00C9482F0EF92FF920F931F93CF93AF
:10788000DF93C82F0E9436958C01009719F4FF24CE
:10789000F394E2C0C11103C080349105C0F380911C
:1078A0009A0F8830A0F70E945F71F82E8111EFCFF8
:1078B00089E192E1892B09F4CFC02FB7F894809128
:1078C0000F0590911005C0910D05D0910E052FBFA9
:1078D000C81BD90BC11528E0D20708F0BDC0C134C0
:1078E000D10510F0C0E4D0E00C171D0708F4E80142
:1078F00029E132E1D901BC0169517241AD0149511F
:1079000052414C175D0748F4FB01EA0FFB1FF7706B
:10791000E15DFA4F40814D93F1CF209709F49CC06F
:107920004FB7F8948C0F9D1F9093100580930F050F
:107930004FBF9091EE0D1C2F992389F16091EB0DB3
:107940008091EA0D40E0F90151919F01882321F0D7
:10795000752F717076130EC08FEF850F8E3F08F470
:1079600083C0652F661F6627661F4F5F892F4117EB
:1079700050F380E0EFEFE10FF0E0E75EFD4E908125
:10798000991F9927991F9093EB0D91E09093EA0D21
:10799000882309F46BC01092ED0D1092EC0DE0906D
:1079A0009A0FF7E086E496E1FE1508F453C00091C3
:1079B000E90D20E4029FC0011124AE0169E172E1EA
:1079C0008C5F9F4E0F948504103421F000935A026F
:1079D0001093970F0F5F07700093E90DE394E09207
:1079E0009A0FDE01A75EBD4E83E0CC0FDD1F8A95A6
:1079F000E1F7FE01E75EFD4E8E9138979BEE80FF2A
:107A000094E190839BEE81FF94E191839BEE82FF52
:107A100094E192839BEE83FF94E193839BEE84FF3A
:107A200094E194839BEE85FF94E195839BEE86FF22
:107A300094E1968387FF2DC08BEE87831150E1F68A
:107A4000BE0189E192E10E94617F8C179D0719F1C7
:107A500088E396E10E9434BC8F2DDF91CF911F9176
:107A60000F91FF90EF900895892F84CF8091EC0DB6
:107A70009091ED0D9C01209530958C0F9D1F2C173A
:107A80003D0710F48FEF9FEF9093ED0D8093EC0D79
:107A900086CF84E1D2CF8091F20D9091F30DA09129
:107AA000F40DB091F50D8C0F9D1FA11DB11D80939C
:107AB000F20D9093F30DA093F40DB093F50DE7CE76
:107AC0004F925F926F927F928F929F92AF92BF92EE
:107AD000CF92DF92EF92FF920F931F93CF93DF939A
:107AE000AB01BC01DC01CA010196A11DB11D8E7F55
:107AF00081150EEF90070FEFA007B007B8F08CE2EA
:107B000096E10E9434BCC0E08C2FDF91CF911F9191
:107B10000F91FF90EF90DF90CF90BF90AF909F902C
:107B20008F907F906F905F904F900895E9E1F2E120
:107B300020E032E0EF018901199201501040E1F795
:107B400022E52093191229E420931A1226E42093A7
:107B50001B1220931C1288509E4FAF4FBF4F809333
:107B60001D1290931E12A0931F12B093201287E54E
:107B70008093211281E48093221286E58093231260
:107B800085E48093241286E6809325128DE6809307
:107B9000261234E73093271280E28093281280E186
:107BA0008093291221E020932D1220932F1280918F
:107BB000F60D9091F70DA091F80DB091F90D80930D
:107BC0003112492E5A2E6B2E7724409232124D01DB
:107BD000AA24BB2480923312CB2EDD24EE24FF2472
:107BE000C09234128093351240923612809237122E
:107BF000C09238122093391288E080933B128AE4B5
:107C000080933D1285E580933E128EE480933F126F
:107C10008BE4809340128CEC8093411220934212AB
:107C200084E68093111481E6809312143093131428
:107C300080931414409315145093161460931714E2
:107C40007093181460E070E0CB010E94687EC82F2A
:107C5000811103C08DE196E154CF60E072E089E1CB
:107C600092E10E94617F81159240A1F74DCFFF9272
:107C70000F931F93CF93DF931F921F92CDB7DEB761
:107C8000082FF92EBE016F5F7F4F0E940E8F182FB5
:107C9000811113C040E150E063E37DE08FE99FE094
:107CA0000F94AC041092AF0F812F0F900F90DF91C3
:107CB000CF911F910F91FF9008958A818F938981B1
:107CC0008F93FF920F938EE096E19F938F931F9275
:107CD00080EA8F9389E194E19F938F930E94EBAEAA
:107CE00001970FB6F894DEBF0FBECDBF8F39910557
:107CF000D8F280E096E10E9434BC10E0D5CF6FE26C
:107D000070E089E194E10F94BB04009711F00196B3
:107D1000089589E194E108954F925F926F927F9266
:107D20008F929F92AF92BF92CF92DF92EF92FF928B
:107D30000F931F93CF93DF93CDB7DEB7E3970FB6C3
:107D4000F894DEBF0FBECDBF0091790F10917A0F6E
:107D50000E947FBE4C01009731F0FC0180818111AF
:107D600002C0912C812C80915802882361F080916F
:107D7000150E882341F08091140E56E1A52E5EE089
:107D8000B52E811102C0B12CA12C8091340E81112D
:107D900041C0412C512C32018091790F90917A0F82
:107DA000039761F48091FF0E35E5F32E811107C032
:107DB0008091FE0E4DE4F42E811101C0F12CB4012E
:107DC000CE0101960E9413B2B401CE0183960E94A7
:107DD00013B2A114B10411F41092B00FCE01429667
:107DE0006C010430110509F054C010924F0EF801D7
:107DF0003197E730F10508F067C18827ED5FF0445F
:107E00008F4F0D94FB0269BF9FBFD5BF13C04FBFFB
:107E100056C066C00330110569F46091300E709150
:107E2000310E8091320E9091330E611571058105EE
:107E3000910511F40E94D3DEC0902C0ED0902D0E2F
:107E4000E0902E0EF0902F0E4090280E5090290EAC
:107E500060902A0E70902B0EA7019601240D351DFF
:107E6000461D571D621773078407950708F491CFC5
:107E70006C197D098E099F0964197509860997098E
:107E800028EE33E040E050E00F94D90229013A0196
:107E900083CF1092500E0530110509F0A6CF85E36F
:107EA000E82E8EE0F82E0FE41EE0940144E06EE729
:107EB00078E1CE0101960E94E1960E94AE9800976B
:107EC00009F402C1AC0161E170E0C6010E94D6B0C4
:107ED00015C0A501B401CE0101960E94E1B08091C8
:107EE00056029091570242EF58E1019711F041EE8E
:107EF00058E161E170E0C6010E94C2B0BE016F5F4F
:107F00007F4F80E00E94B8AEB60181E00E94B8AE1B
:107F1000E3960FB6F894DEBF0FBECDBFDF91CF91D1
:107F20001F910F91FF90EF90DF90CF90BF90AF9097
:107F30009F908F907F906F905F904F900895A501D4
:107F4000B401CE0101960E94E1B040E060E0C601BC
:107F50000E9402998111D2CFC301B2012CE330E01B
:107F600040E050E00F94D9029F938F937F936F93DB
:107F7000CA01B90124E630E040E050E00F94D90294
:107F80009F938F937F936F9381ED98E19F938F934E
:107F90001F9281E18F93DF92CF920E94EBAE0FB6DA
:107FA000F894DEBF0FBECDBFA9CFA501B401CE01AD
:107FB00001960E94E1B04F2D61E0C6010E94029936
:107FC00081119CCFC301B2012CE330E040E050E0CE
:107FD0000F94D9029F938F937F936F93CA01B90136
:107FE00024E630E040E050E00F94D9029F938F9355
:107FF0007F936F9381EC98E19F938F931F9281E120
:108000008F93DF92CF920E94EBAE0FB6F894DEBF53
:108010000FBECDBFF11002C02FE3F22E6F2DC601AF
:108020000E94AC946BCFA114B10419F4FE01B39675
:108030005F019BE4E92E9EE0F92E00E51EE095012C
:1080400047E069EB78E1CE0101960E94E1960E943B
:10805000AE98009741F1FC01D60190E0849121E0B7
:10806000290F811109C0F601E90FF11D80E29F5F20
:108070009D3039F08193FBCF8D933196922F2C3028
:1080800069F7E4EBF8E1E491EE8FE5EBF8E1E491D8
:10809000EF8FE6EBF8E1E491E8A3E7EBF8E1E49198
:1080A000E9A31AA22BCF48EA58E123CF8091390ED9
:1080B0004BE958E1811102C04DE858E161E170E0FF
:1080C000CE0101960E94D6B01A8A18CF43E858E133
:1080D00061E170E0CE0101960E94C2B06AE37EE0E9
:1080E000C6010E9413B20ACFAC0161E170E08AE3DD
:1080F0009EE00E94D6B087E090E090937A0F809344
:10810000790F0E9466750E9452950E947D6E81E0F3
:108110000C9481720F931F93CF93C091340ECC2394
:1081200009F47AC08091790F90917A0F039709F042
:10813000A7C000915002109151020630110509F0BC
:1081400070C08091FA0D9091FB0D029709F094C0D8
:108150008091FF04833009F08FC00E9493738823BD
:1081600009F48AC081E090E09093FB0D8093FA0DB2
:108170008091300E9091310EA091320EB091330E5D
:10818000892B8A2B8B2B61F10E94D3DEAB01BC01C2
:108190008091280E9091290EA0912A0EB0912B0E5D
:1081A0000091300E1091310E2091320E3091330E2D
:1081B000801B910BA20BB30B840F951FA61FB71F3B
:1081C0008093280E9093290EA0932A0EB0932B0E25
:1081D0001092300E1092310E1092320E1092330E19
:1081E00082E090E090937A0F8093790F0E945295ED
:1081F0008091560290915702019771F4809150023C
:10820000909151020697F1F51092ED0D1092EC0D40
:108210001092EB0D1092EA0D8C2FCF911F910F91C0
:1082200008950130110599F48091FD049091FE04A8
:10823000029711F58091FB048330F1F40E948D2A9E
:108240008823D1F01093FE040093FD0491CF809118
:108250009D0F90919E0F029779F48091FB048330DB
:1082600059F40E948D2A882339F081E090E09093A0
:108270009E0F80939D0F7CCF8EEC94E10E9474C082
:10828000C0E0CACF2FB7F8948091760F9091770F06
:108290002FBF9093E80D8093E70D0E94D3DE60938B
:1082A000E30D7093E40D8093E50D9093E60DB4CF4C
:1082B0000F931F93CF93DF93C091340ECC2309F417
:1082C00040C00091790F10917A0F0230110509F02A
:1082D0006AC0809150029091510286309105B9F5A3
:1082E0008091FA0D9091FB0D019709F058C0909183
:1082F000FF04923009F053C0DFB7F89480916F000B
:108300008D7F80936F001092810096BB83E08093F5
:10831000FF0480E00E94B672DFBF1093FB0D009354
:10832000FA0D0E94D3DE6093300E7093310E80936D
:10833000320E9093330E83E090E090937A0F809307
:10834000790F8C2FDF91CF911F910F910895019795
:1083500099F48091FD049091FE04019701F58091BC
:10836000FB048230E1F40E94CD288823C1F01093F1
:10837000FE040093FD04D5CF80919D0F90919E0F38
:10838000019769F48091FB04823049F40E94CD2862
:10839000882329F010939E0F00939D0FC2CF84EC89
:1083A00094E10E9474C0C0E0CCCF0E9458C18823E1
:1083B00069F01092FF0E81E02091790F30917A0FD1
:1083C0002330310509F080E08093FE0E0895009778
:1083D000B9F445E054E161E170E08AE39EE00E9477
:1083E000C2B087E090E090937A0F8093790F0E945B
:1083F00066750E9452950E947D6E81E00C94817298
:1084000040E150E0BC018AE39EE00F94AC0410927E
:108410004A0EE7CF2091150E2223F1F02091140E81
:1084200021111AC00097C1F0FC01319681E1A6E14B
:10843000BEE001900D928A95E1F71092270E40E080
:1084400061E186E19EE00E9421698093140E8823F9
:1084500019F087E08093C10408952F923F924F92C4
:108460005F926F927F928F929F92AF92BF92CF92C4
:10847000DF92EF92FF920F931F93CF93DF931F92A0
:108480001F92CDB7DEB787E2482E512C9CE2292EF1
:10849000312C29E3622E712C38E7A32EB12C2091C8
:1084A000B9143091BA142115310509F4C6C14091AF
:1084B000BB148091BC149091BD14A091BE14B091D6
:1084C000BF14C090C414D090C5141092BA14109266
:1084D000B9142130310509F020C1E090E604F09094
:1084E000E704C7010E940AC21092090E1092130EEF
:1084F0001092D90D10920A0EE114F104D1F0F70197
:10850000808D8130B1F4BE016F5F7F4FC7010E9443
:108510003C6D882371F089819A810E9470DB809381
:10852000090EF701628D738D90E080E00E943C9A05
:10853000B6CFC7010E94656D882351F0F1E0F0933A
:10854000D90D6AE570E080E090E00E94BF6CA7CF93
:108550008090DE149090DF148091BA049091BB0457
:108560000E948F958C01C4010E948F950115110501
:1085700009F4AEC0009709F04DC0A8014857510951
:108580000837110530F4A501401B510B09331105C3
:1085900028F1B8016953710998012C523109075229
:1085A000110990E4C91A9FE1D90AE9E8CE16E3E17E
:1085B000DE0650F40217130738F40617170720F4E5
:1085C0000417150708F49CC064177507C0F4261734
:1085D000370708F428C18BE090E094C0B301601B1A
:1085E000710B0C321105C0F69101201B310B0732C3
:1085F0001105A8F6C201801B910B8C01D2CF241764
:10860000350708F065C02617370708F061C08CE011
:1086100090E078C09801285731090837110518F4FF
:108620009501201B310BBC016B5E71098B3E9105DE
:1086300020F46BEE70E0681B790B620F731F9801DA
:10864000295331090933110518F49301201B310B0B
:10865000AC01455751098537910520F445E750E0B5
:10866000481B590B420F531FF801BC970C321105E0
:1086700018F4F101E01BF10B9C01285531098835F4
:10868000910520F428E530E0281B390B2E0F3F1F01
:108690000732110500F1075211098F34910500F1DD
:1086A0008F549109800F911F8217930730F484171C
:1086B000950718F48617970718F146175707B0F46F
:1086C0002417350708F4B4C08417950708F083CF42
:1086D00090E080E017C0F201E01BF10B8F01DDCFCD
:1086E000EFE4F0E0E81BF90BCF01DCCF26173707EA
:1086F00078F72417350760F78217930748F387CF79
:108700008EE090E090939C0F80939B0FF1E0F093AC
:10871000090EF7016289738907CF22303105E1F52F
:108720002091D90D2223C1F02091E6043091E70475
:10873000232B39F41092D90D1092090E1092130EBA
:10874000AECE8A359105A105B10508F0A8CE875AAD
:10875000924FFC014083A3CE2091130E222309F4F3
:108760009ECE0196A11DB11D40910F0E5091100E8D
:108770006091110E7091120E84179507A607B70726
:1087800010F4AC01BD0140930B0E50930C0E60939E
:108790000D0E70930E0E83CE2330310531F580918E
:1087A000D90D882351F18091E6049091E70410924D
:1087B000D90D009709F20E94656D882309F4BCCF9A
:1087C000BE016F5F7F4F89E59DE00E940C6D88239D
:1087D00009F4B2CF89819A810E9470DB8093090EDF
:1087E0006091A60D7091A70D9FCE2430310509F040
:1087F00056CE8091D90D81119DCF8091130E882383
:1088000009F44DCE80910F0E9091100EA091110E93
:10881000B091120E80930B0E90930C0EA0930D0E40
:10882000B0930E0E3CCE2417350708F051CFEFCE93
:108830002617370708F460CF4BCF0F900F90DF91CA
:10884000CF911F910F91FF90EF90DF90CF90BF904D
:10885000AF909F908F907F906F905F904F903F90E0
:108860002F90089581E08093C104E2ECF4E08EE063
:10887000DF011D928A95E9F78091140E811102C0E3
:108880001092160E0895CF93C82F8093150E109254
:10889000140E1092D2041092E00D1092D104109296
:1088A000D0041092160E7093DF0D6093DE0D21152B
:1088B000310581E04807510518F020E030E0A901BA
:1088C000C9013093DD0D2093DC0D1092DB0D109269
:1088D000DA0D6630710509F04FC00097A1F096954A
:1088E0008795B0E0A0E0BC01CD01875F924C0F946A
:1088F000D9022115310581E04807510520F4309354
:10890000DB0D2093DA0DC093960F1092090E109292
:10891000130E10920F0E1092100E1092110E109254
:10892000120E10920B0E10920C0E10920D0E109251
:108930000E0E1092D90D10920A0E0E9432C410929F
:10894000C0041092BF041092BE041092BD04109295
:10895000BC048091960F882319F0CF910C94E66C9B
:108960001092C1041092E1141092E0141092BA1403
:108970001092B914CF910895CC2329F26450710953
:10898000C1E06230710508F4BECFC0E0BCCF0E94E8
:1089900066750E94E9990E9469290E942524109217
:1089A0007A0F1092790FE0E5F2E086E090E0918393
:1089B000808384E49CEAA0E0B0E082839383A48374
:1089C000B58317821682108610927C0F10927B0F4F
:1089D00010923A0E1092340E0E94529510922C0E64
:1089E00010922D0E10922E0E10922F0E1092300E0D
:1089F0001092310E1092320E1092330E1092280EF9
:108A00001092290E10922A0E10922B0E1092390EEF
:108A10001092E80D1092E70D1092E30D1092E40D04
:108A20001092E50D1092E60D1092E20D1092E10DFC
:108A30000E947D6E81E00E94817220E030E0A901F9
:108A400070E060E080E00C9443C41F93CF93DF9309
:108A5000182FEB0161E1442379F01092200E10925F
:108A6000210E1092220E1092230E1092240E1092BC
:108A7000250E1092260E6AE01092270E40E086E145
:108A80009EE00E942169811105C0DF91CF911F9165
:108A90000C9432C421E02093140E1092090E10920F
:108AA000D90D10930A0ECE01B0E0A0E080930F0E16
:108AB0009093100EA093110EB093120E10920B0E05
:108AC00010920C0E10920D0E10920E0E2093130E9B
:108AD0001092E1141092E0141092BA141092B9148A
:108AE000D4CFEF92FF920F931F93CF93DF93EC01BC
:108AF000062F8091960F882309F49DC1CE010E9414
:108B0000BF6981110E942DC21091C104112309F483
:108B100092C1173009F48FC18091140E811110C0D9
:108B2000CE0101978115944008F449C01092C00409
:108B30001092BF041092BE041092BD041092BC04A7
:108B40001091C104173009F476C18091960F8823E3
:108B500009F471C1112309F46EC1209711F1C130DC
:108B600084E0D80708F0BDC08091DE0D9091DF0D44
:108B70008630910509F0A5C0A091DA0DB091DB0D0A
:108B8000109709F4AEC09E010F9403037C5F8F4FD2
:108B90009F4FEBE09695879577956795EA95D1F786
:108BA000EB01CE0101978038924008F49DC0DF911F
:108BB000CF911F910F91FF90EF900C9432C401114F
:108BC000BFCFCE0103E0880F991F0A95E1F72091EE
:108BD000BF043091C0042115310559F49093C004AD
:108BE0008093BF0481E090E09093BE048093BD0425
:108BF000A5CFBC01621B730B8217930718F4B90150
:108C0000681B790BA90156954795569547954830AD
:108C1000510510F448E050E046175707F8F2821764
:108C20009307E0F1821B930B0496A3E0969587953A
:108C3000AA95E1F7820F931F9093C0048093BF041D
:108C40008091BD049091BE048F3F980729F0019652
:108C50009093BE048093BD048091BD049091BE04A6
:108C60008F3F910509F008F46BCF8091BC0481110E
:108C700067CF8091BF049091C0040E948F9521E03E
:108C80002093BC041550123008F45ACF8097C19736
:108C900008F056CF87E08093C10452CFA9014C5F02
:108CA0005F4FBA01681B790BCB01F3E0969587956E
:108CB000FA95E1F7281B390B3093C0042093BF04C9
:108CC000BFCF049741F489E1DE018A9FE0018B9FC9
:108CD000D00D112466CF73E0CC0FDD1F7A95E1F73C
:108CE00060CFCFEFDFEF5DCF113009F081C0609131
:108CF000C204611109C0D093C404C093C304D093CB
:108D0000C604C093C50412C08091C3049091C404EA
:108D1000C817D90720F4D093C404C093C30480912A
:108D2000C5049091C6048C179D0748F38091C70431
:108D30009091C804C80FD91FD093C804C093C7042A
:108D40006F5F6093C204603208F475C0862F869509
:108D50008C0F9D2F911D70E00F94C5028B01E09048
:108D6000C304F090C40426E14FE0C7010E9473954C
:108D7000C82F882351F02AE142E1B8018091C5044F
:108D80009091C6040E947395C82F21E149E0B80173
:108D9000C7010E947395882349F024E248E1B80195
:108DA0008091C5049091C6040E94739590910A0E1B
:108DB0002FEF290F243058F4CC2309F4F8CEDF919B
:108DC000CF911F910F91FF90EF900C9406969550C4
:108DD000943058F4882309F4EACEDF91CF911F91A3
:108DE0000F91FF90EF900C94DC95CC2399F3E7CF93
:108DF0001230D1F5E090C204F090C30429E14FE0B5
:108E0000B701CE010E9473950091C4041091C5046E
:108E10008823C1F0BE01C7010E9457959093C304F7
:108E20008093C2040F3F100731F00F5F1F4F109364
:108E3000C5040093C404DF91CF911F910F91FF905F
:108E4000EF9008950F3F110509F008F4B0CE2CE023
:108E500042E0B701CE010E947395882309F4A7CEA2
:108E600083E08093C104E7CF1330E9F46091C2043A
:108E70007091C3042DE042E0CE010E9473958823D7
:108E800009F495CE8FEF8093C6041092C704109218
:108E9000C8041092C9041092CA041092C50410921A
:108EA000C40484E0DECF143009F0F6C00091C2049F
:108EB0001091C30426E144E0B801CE010E947395ED
:108EC000882309F474CE85E08C9FA0018D9F500DFE
:108ED00011249801220F331F200F311F81E0421708
:108EE000530708F480E09091C6049F3F19F48093E3
:108EF000C604A1CF89135BCE9FEF9093C604C091A7
:108F0000C804CC0FC82BC093C8048091C7048F5FDE
:108F10008093C704883009F08ECF1092C804109255
:108F2000C7040E94CD959091C904882399F19111AD
:108F300009C0CF3F09F03BCEC093CA0481E08093C3
:108F4000C90479CF80910B0E90910C0EA0910D0E5B
:108F5000B0910E0E40910F0E5091100E6091110EB7
:108F60007091120E84179507A607B70788F4209111
:108F7000CA04C227C093CA040196A11DB11D8093E3
:108F80000B0E90930C0EA0930D0EB0930E0E53CFBC
:108F900087E067CF911115C0C11109CE8EEF890FFF
:108FA0008A30A0F4E92FF0E0EC5EF14FC0838091AD
:108FB000CA049D30E1F42091C4043091C5043C2BD7
:108FC00009C0913059F7C43048F3F1CD2C2F30E06F
:108FD0009C3069F73093C5042093C4048091CA047F
:108FE000C827C093CA049F5F9093C90424CF9231CD
:108FF000A8F3C813DCCD6091C4047091C504C80106
:1090000082539140023331E0130738F482E391E058
:10901000801B910B093E110520F19801295E310951
:10902000A801485C5109085A11090417150730F4C2
:109030000217130718F40817190740F142175307CE
:1090400018F44817590720F12817390718F582E056
:1090500041E0DF91CF911F910F91FF90EF900C9421
:1090600025C529EE30E0201B310B083C1105C0F668
:1090700048EC50E0401B510B083A1105A0F6E8EA15
:10908000F0E0DF01A01BB10B8D01CFCF84E0E0CF7A
:1090900083E0DECF81E0DCCF8BEF810F823008F000
:1090A00086CDE090C204F090C3042DE14CE0B701FE
:1090B000CE010E947395882389F1BE01C7010E94E9
:1090C00057959093C3048093C2048091CA04811180
:1090D00004C081E08093CA04AECE1092CA0450E06E
:1090E000153009F060C04091C9048091C80490E037
:1090F0009C01220F331F252B27702093C804433077
:1091000030F54F5F4093C904433009F094CE83E0BB
:1091100090E09093C5048093C4048DCE26E34DE186
:10912000B701CE010E947395882309F440CDBE019A
:109130006F5F7F4F76956795C7010E945795909313
:10914000C3048093C2041092CA0451E0C9CF209195
:10915000C4043091C50482FB882780F985130BC0B5
:109160002F3F320709F467CE2F5F3F4F3093C5047E
:109170002093C40460CE2F3F310549F240F2109293
:10918000CB041092CC041092CD041092CE04109215
:10919000C5041092C4041092C7041092C604109221
:1091A000CF0486E05ECE552331F08091CB0491E070
:1091B00089278093CB048091CC049091CB0491308B
:1091C00061F021E030E0082E01C0220F0A94EAF796
:1091D0009091CD04922B9093CD048F5F8093CC041B
:1091E000883009F028CEC091CD041092CD041092A1
:1091F000CC040E94CD959091CE048823E9F1911181
:1092000006C0C13009F0D3CCC093CE0414CE409137
:109210000B0E50910C0E60910D0E70910E0E009180
:109220000F0E1091100E2091110E3091120E40175A
:10923000510762077307B8F48091C6049091C70480
:109240008C0F911D9093C7048093C6044F5F5F4FAE
:109250006F4F7F4F40930B0E50930C0E60930D0E8B
:1092600070930E0EE8CD913009F092CEC093CF04EA
:1092700082E08093CE04DFCD911115C0C11197CC4F
:109280008FEF890F87FD37C02091C6043091C70446
:10929000C20FD32FD11DD093C704C093C6049F5FC4
:1092A0009093CE04C8CD913041F4C23018F0C63747
:1092B00009F07DCCC093C804E3CF8091C80481112C
:1092C00012C09C3090F02C2F30E0933139F0943163
:1092D000B9F62091C4043091C5043C2B3093C504E9
:1092E0002093C404CDCF933170F7E92FF0E0EC5E0A
:1092F000F14FC083E8CF913819F4C093CF04CFCF9A
:10930000923869F68091CF049C2F2091C604309149
:10931000C7048217930709F04ACC41E08091C80442
:10932000811140E06091C4047091C5048091C20431
:109330009091C3049C01285631098836910538F470
:1093400028E630E0281B390B8A35910500F1FC0135
:10935000EA55F109DC01AF54B109865491098A1725
:109360009B0730F48E179F0718F48217930720F19C
:10937000AE17BF0728F487E0A217B30708F469CE39
:1093800086E0E217F30708F464CE85E062CEEAE5F2
:10939000F0E0E81BF90B8F349105E0F6AFE4B0E0A4
:1093A000A81BB90B86349105C0F6C6E4D0E08E0147
:1093B000081B190BC801D3CF88E04BCEEF92FF9268
:1093C0000F931F93CF93DF93C82F162F693048F464
:1093D000611108C0DF91CF911F910F91FF90EF9025
:1093E000089518E0DC2FD1708091D204811164C0FF
:1093F00081E08093D204D093E00D1092D1041092BA
:10940000D00480E0113009F479C0812F8150990B8C
:109410009C0181E090E001C0880F2A95EAF7815015
:10942000DC2FD695DC27D82380E0EE24EA94FE2CAE
:1094300001E0DD2309F462C09D2F9F702D2FC0E055
:1094400019F422952F70C4E0322F337019F4269549
:109450002695CE5F20FFCF5FCF5F2091D004309163
:10946000D1049C2F981B892F90E0A901409550951D
:1094700048175907C8F5F092D104E092D0046091E2
:10948000E00D8091D0049091D1042091C104273047
:1094900091F50E94BF6981110E942DC28091E00D5B
:1094A00080278093E00D1092D1041092D0048FEFAA
:1094B0008D0FD8238C2FBDCF6091E00DD61709F406
:1094C000A0CF8091D0049091D1042091C104273085
:1094D00041F40E94BF69882309F48DCF0E942DC2F8
:1094E0008ACF0E9471C587CF280F391F3093D104CE
:1094F0002093D004C4CF0E9471C5D0CF2091D00456
:109500003091D104181B612F70E0C90180959095AE
:109510008617970738F48FEF9FEF9093D1048093CD
:10952000D00458CF620F731F7093D1046093D0049E
:1095300051CF0F931F93CF938C01C0E0F80181911D
:109540008F010E94F324882319F0CF5FC038B1F750
:10955000CF911F910F9108955F926F927F928F929A
:109560009F92AF92BF92CF92DF92EF92FF920F93B2
:109570001F93CF93DF93CDB7DEB7C05AD1400FB65C
:10958000F894DEBF0FBECDBF682EA0904D0FB090F7
:109590004E0FCE018F599E4F0E946070CE018F5D9D
:1095A0009E4F0E94607084EE94E1892B31F484EA2E
:1095B00096E10E94B77D712C49C088E4E4EEF4E1A5
:1095C000DE01AF56BF4F01900D928A95E1F76E0113
:1095D00089EDC80ED11C88E4F60111928A95E9F74D
:1095E000CE018F599E4F0E94E9E4882321F3F12C8C
:1095F000E12C712C81E6882E992493948C0E9D1E6B
:10960000FCE08F0E911C01E211E00C0F1D1F045FA6
:109610001F4FB401C8010E9455E7882349F0A114E7
:10962000B10461F1EA14FB0448F1C8010E94C3E4EB
:10963000CE018F599E4F0E94C289882309F4BBCF67
:10964000711063C08BE996E10E94B77D872DC056EB
:10965000DE4F0FB6F894DEBF0FBECDBFDF91CF91C6
:109660001F910F91FF90EF90DF90CF90BF90AF9040
:109670009F908F907F906F905F900895AE014F5FA5
:109680005F4FB701CE018F5D9E4F0E94507DCE018E
:1096900001960E94AC6F582E811104C0C8010E942F
:1096A000C3E4B7CF8FEFE81AF80ABE016F567F4FB9
:1096B000CE0101960E945A6F6620C9F087FFEECF57
:1096C000772049F0BE01675B7F4FCE0101960E9473
:1096D0005A6F18161CF788E4FE013196DE01A75B6D
:1096E000BF4F01900D928A95E1F7752CD7CF1816D0
:1096F000ACF6772081F3BE01675B7F4FCE01019608
:109700000E945A6F87FDE7CFC9CF88E4FE01E75B6F
:10971000FF4FD60101900D928A95E1F70E94D28900
:1097200088E4F601A4EEB4E101900D928A95E1F788
:1097300080914B0F90914C0F611002C0019601C0B7
:10974000019790934C0F80934B0F0E949F980E941B
:1097500021957CCF3F924F925F926F927F928F9232
:109760009F92AF92BF92CF92DF92EF92FF920F93B0
:109770001F93CF93DF93CDB7DEB7C855D1400FB657
:10978000F894DEBF0FBECDBF10914F0F112309F427
:10979000CDC0A0904D0FB0904E0FA114B10409F4AC
:1097A00049C0462E6C013E0181E9680E711C88E4B7
:1097B000F30111928A95E9F7CE01875E9E4F0E94D0
:1097C0006070CE0187529F4F0E946070CE01875E0D
:1097D0009E4F0E94E9E4882359F1512CF12CE12C91
:1097E00099E1892E992493948C0E9D1EFCE08F0E96
:1097F000911C09ED10E00C0F1D1F045F1F4FB401F9
:10980000C8010E9455E7882331F0EA14FB04A0F058
:10981000C8010E94C3E4CE01875E9E4F0E94C289A8
:10982000882331F0511039C08AE896E10E94B77D53
:109830000E948FBA10E07AC0AE014F5F5F4FB70150
:10984000CE0187529F4F0E94507DCE0101960E940B
:10985000AC6F382E811104C0C8010E94C3E4CFCF81
:109860008FEFE81AF80A5110F7CF22968FAD2297A2
:109870004812F2CFB601CE0101960F949504892BC0
:1098800059F788E4FE013196DE01A75BBF4F0190D6
:109890000D928A95E1F7532CDFCFCE01875E9E4F64
:1098A0000E94E9E4882321F2D12CC12CF12CE12C77
:1098B00089E1882E992493948C0E9D1EECE08E0EE7
:1098C000911C09ED10E00C0F1D1F045F1F4FB40128
:1098D000C8010E9455E7882339F0EA14FB0408F414
:1098E0003FC0C8010E94C3E4CE01875E9E4F0E9424
:1098F000C289182F882309F49BCF88E4FE01E75B17
:10990000FF4FD30101900D928A95E1F70E94D28911
:10991000D0924C0FC0924B0F88E4F301A4EEB4E157
:1099200001900D928A95E1F70E949F98812FC85A65
:10993000DE4F0FB6F894DEBF0FBECDBFDF91CF91E3
:109940001F910F91FF90EF90DF90CF90BF90AF905D
:109950009F908F907F906F905F904F903F90089571
:10996000AE014F5F5F4FB701CE0187529F4F0E94FC
:10997000507DCE0101960E94AC6F811104C0C801D8
:109980000E94C3E4A4CFFFEFEF1AFF0ABE01675B9A
:109990007F4FCE0101960E945A6F87FFF0CF8FEF65
:1099A000C81AD80AECCF8F929F92AF92BF92CF92F3
:1099B000DF92EF92FF920F931F93CF93DF93CDB778
:1099C000DEB7C855D1400FB6F894DEBF0FBECDBF8D
:1099D00080914F0F811116C082E090E0C85ADE4F8F
:1099E0000FB6F894DEBF0FBECDBFDF91CF911F91B0
:1099F0000F91FF90EF90DF90CF90BF90AF909F902E
:109A00008F9008957E0181E9E80EF11C18E4F701BA
:109A1000812F11928A95E9F7CE01875E9E4F0E94B1
:109A20006070CE0187529F4F0E946070F7011192C3
:109A30001A95E9F7CE01875E9E4F0E94E9E48111F5
:109A40000BC08091440D80934F0F8111C5CF1092B0
:109A50004E0F10924D0FC0CF10E000E0D12C89E1E5
:109A6000882E992493948C0E9D1EFCE08F0E911CE1
:109A700099EDA92EB12CAC0EBD1E8CE0A80EB11C28
:109A800015C0AE014F5F5F4FB801CE0187529F4FA7
:109A90000E94507DCE0101960E94AC6FC82E8111AC
:109AA00038C0C5010E94C3E4CD2CDC2CB401C50133
:109AB0000E9455E7882339F0073EE3E01E0708F3CC
:109AC000C5010E94C3E4CE01875E9E4F0E94C289F9
:109AD000882309F4B6CFDD2049F088E4FE01E75B76
:109AE000FF4FD70101900D928A95E1F70E94D2892C
:109AF00010934E0F00934D0F10924C0F10924B0F7E
:109B0000012B11F584E896E10E9476BA81E090E09D
:109B100065CF0F5F1F4FDD2049F0BE01675B7F4FB0
:109B2000CE0101960E945A6F87FF0AC088E4FE01A9
:109B30003196DE01A75BBF4F01900D928A95E1F748
:109B4000C5010E94C3E4B1CF88E4F701A4EEB4E1FB
:109B500001900D928A95E1F70E949F980E942195AD
:109B600090E080E03BCF80914F0F811104C01092B4
:109B7000490F0C948FBA0E94D3CC9C019091590E3E
:109B80009F5F9093590E2115310519F41092490FDA
:109B900008952130310571F49330C0F781E080934E
:109BA000490F0E94D3DE605B7F4F7093420F60933A
:109BB000410F08952230310589F7933078F3D7CFDC
:109BC00083E996E10E94CBBA0E94ADB981E00E9480
:109BD0004A9380934F0F1092520F1092510F109290
:109BE000500F1092490F1092590E0E9420B80C94F9
:109BF000B3CD0E94D3CC9C01029721F40E948FBA6E
:109C000080E003C081E0232BD9F7089590914F0F96
:109C1000992339F020914D0F30914E0F21153105C8
:109C200011F40C94219540914B0F50914C0F4F5FC4
:109C30005F4F4217530760F0882341F02130310510
:109C400029F081E00E9480988823B9F00C94F9CD26
:109C50000E94219580E00E94ACCA81110EC08091C3
:109C6000440D882341F065EB76E183E39DE00E949B
:109C700095FF892B59F30C948FBA0895CF93809157
:109C80004F0F882331F080914D0F90914E0F009728
:109C900019F4CF910C94F9CD0E9425EFC82F8111B2
:109CA00005C00E948FBA8C2FCF91089580914D0FDF
:109CB00090914E0F019790934C0F80934B0F0E9401
:109CC0009F980E942195EFCF90914F0F992339F0E3
:109CD00020914D0F30914E0F2115310511F40C9448
:109CE000219540914B0F50914C0F452B61F48823E7
:109CF00041F02230310528F08FEF0E9480988823B0
:109D0000B9F00C943ECE0E94219581E00E94ACCA2D
:109D100081110EC08091440D882341F06CEA76E1F8
:109D200083E39DE00E9495FF892B59F30C948FBA31
:109D300008950E94CE7010922E058FB7F89410925D
:109D40001205109211051092310D1092300D98E00D
:109D50009093300291E0909335028FBF10922F0DB7
:109D60001092320D1092130508958091340E809355
:109D7000390E882359F1809150029091510286301A
:109D8000910599F50E945C740E94CE70809119141F
:109D9000882321F089E194E10E94288C1092FB0D28
:109DA0001092FA0D1092F20D1092F30D1092F40D24
:109DB0001092F50D1092EF0D0E9444951092ED0D4A
:109DC0001092EC0D1092EB0D1092EA0D86E090E0EF
:109DD00090937A0F8093790F1092340E0E945295CF
:109DE0000E947D6E81E00C9481729C0124503109A7
:109DF0002230310588F40E9432290E94CE70809171
:109E00001914882321F089E194E10E94288C109292
:109E10009E0F10929D0FDACF0197C1F60E94322952
:109E20001092E1141092E0141092BA141092B91426
:109E30000E94CE7080911914882321F089E194E169
:109E40000E94288C1092FE041092FD04BFCF8091D6
:109E5000790F90917A0F8130910511F40C94B5CE61
:109E60000297029708F051C08091500290915102E0
:109E700086309105C9F48091FA0D9091FB0D019700
:109E8000029740F40E945C7483E090E09093FB0D95
:109E90008093FA0D84E090E090937A0F8093790F8D
:109EA0000E9452950C947D6E019799F48091FD0467
:109EB0009091FE040197029768F70E94C42A81E0FE
:109EC0008093FC0483E090E09093FE048093FD0473
:109ED000E1CF80919D0F90919E0F01970297D0F650
:109EE0000E94C42A9FB7F8948091FB049FBF8430DE
:109EF00029F482EF95E10E943E3ACCCF83E090E0D6
:109F000090939E0F80939D0FC5CF08954F925F92BF
:109F10006F927F928F929F92AF92BF92CF92DF9279
:109F2000EF92FF920F931F93CF93DF931091340E14
:109F300011113DC28091560290915702019741F450
:109F40008091500290915102069711F40E947D6E0B
:109F50002091520230915302409154025091550287
:109F60006091500270915102809158020E9443C446
:109F7000C0915002D0915102C630D10509F032C1D2
:109F800001E08091560290915702019709F000E09C
:109F9000C0905202D0905302E0905402F0905502CB
:109FA000C0917B0FD0917C0F0E94E9990093EE0D38
:109FB0008091440D81110FC08BEA94E10E9434BC62
:109FC00085E090E09093FB0D8093FA0D8FE99FE080
:109FD0000E94E7C1ECC10E9499CE22E2C21626E59A
:109FE000D206E104F10469F084E4C8168CEAD806CC
:109FF000E104F10431F085E08093FF048EE994E1FF
:10A00000DDCF60E074E284EF90E0A70196010F9449
:10A01000D90229014B01DA01C9018097A109B109CF
:10A02000803E9F4FA105B10530F70E9488758FB71C
:10A03000F894D0920C05C0920B0550920A054092FC
:10A040000905909208058092070510920605109266
:10A050000505109204051092030510920205109256
:10A0600001051092000591E09093FF048FBF8FB718
:10A07000F8941092100510920F0510920E05109290
:10A080000D058FBFCE010E9437BE882309F498CFFB
:10A09000C092F60DD092F70DE092F80DF092F90D06
:10A0A00089E194E10E949591811103C08FE894E1C8
:10A0B00085CF60E070E080E290E00E946E8D8111BB
:10A0C00005C081E894E10E9434BC07C060E070E004
:10A0D000CB010E94687E811105C00E945C740E94C1
:10A0E000CE706ECF60E070E0CB010E9460BD88232F
:10A0F000A1F360E072E080E090E00E94687E882337
:10A1000061F30E94848C882341F38091FF048130A5
:10A1100019F083E794E1D7CF0E9493738823C9F3A2
:10A1200081E090E09093FB0D8093FA0D81E08093A5
:10A13000340E82E090E090937A0F8093790F0E9422
:10A1400052950E94D3DE60932C0E70932D0E809357
:10A150002E0E90932F0E1092300E1092310E109200
:10A16000320E1092330E1092280E1092290E109279
:10A170002A0E10922B0E8091560290915702019751
:10A1800061F58091500290915102069709F021C12A
:10A190002091520230915302409154025091550245
:10A1A000A5E0B0E00F941203DC01CB010796A11DDE
:10A1B000B11D23E0B695A795979587952A95D1F778
:10A1C000009721E0A207B10520F08FEF9FEFA0E0FC
:10A1D000B0E09093E20D8093E10D80E00E948172E7
:10A1E00011E0E5C0CE010497029708F076C0E09038
:10A1F0007B0FF0907C0F0E9469298091440D8111A2
:10A2000005C085E694E10E9487251BC0D093740F9A
:10A21000C093730F2597E1F00E9440298CE991E3E8
:10A2200090932C0280932B0282E080932A0210925A
:10A23000D30481E08093FB04C7010E9411268111A1
:10A2400016C085E090E090939E0F80939D0FBECE48
:10A250000E9440298CEF91E090932C0280932B0276
:10A2600083E080932A0281E08093D304E2CF89E1E6
:10A2700094E10E949591811103C089E594E1C3CFD7
:10A2800060E070E080E290E00E946E8D882391F0A3
:10A2900060E070E0CB010E94687E882359F00E9444
:10A2A000848C882339F00E948928811108C080E4B9
:10A2B00094E102C08BE494E10E943E3A87CE9FB7BE
:10A2C000F8948091D4049FBF8093D50481E090E0FE
:10A2D00090939E0F80939D0F29CF219709F063C023
:10A2E000C0917B0FD0917C0F0E9425248091440D5A
:10A2F000811105C082E394E10E9434BC15C00E9424
:10A3000040298CEF91E090932C0280932B0283E004
:10A3100080932A0281E08093D3048093FB04CE01D2
:10A320000E943425811107C085E090E09093FE04DF
:10A330008093FD044BCE89E194E10E9495918111B7
:10A3400003C087E294E1D8CF6FE770E081E090E04E
:10A350000E946E8D8823A1F060E070E0CB010E9426
:10A36000687E882369F00E94848C882349F00E94CB
:10A37000E66C0E948928811108C08FE094E102C038
:10A3800089E194E10E941F3A21CE9FB7F894809111
:10A39000D4049FBF8093E80481E090E09093FE0492
:10A3A0008093FD04C3CE89EB94E10E9474C0812F99
:10A3B000DF91CF911F910F91FF90EF90DF90CF90A1
:10A3C000BF90AF909F908F907F906F905F904F90D5
:10A3D00008952FB7F8948091760F9091770F2FBF43
:10A3E0009093E80D8093E70D80912C0E90912D0EA7
:10A3F000A0912E0EB0912F0E8093E30D9093E40D5B
:10A40000A093E50DB093E60DE8CECF92DF92EF92E8
:10A41000FF920F931F93CF93DF931F921F92CDB79D
:10A42000DEB78091790F90917A0F2091560230918A
:10A4300057028130910519F5232B81F08091560246
:10A4400090915702019781F49FB7F8948091780F0B
:10A450001092780F9FBF811105C006C00E947C72C8
:10A46000882361F30E9486CF0F900F90DF91CF91E8
:10A470001F910F91FF90EF90DF90CF900895AC0166
:10A480004250510942305105E0F4232BD1F4029798
:10A4900091F08091790F90917A0F039791F48091C8
:10A4A000FF0E81110EC00E947C72811157C081E0A5
:10A4B0008093FE0E06C00E947C728111EACF0E943A
:10A4C000D5C18091560290915702019741F5809134
:10A4D000790F90917A0F029711F580915002909127
:10A4E0005102069721F18FB7F8940091760F1091E1
:10A4F000770F8FBF0E94D3DE2091E70D3091E80DDA
:10A5000020173107A9F11093E80D0093E70D609330
:10A51000E30D7093E40D8093E50D9093E60D80912B
:10A520005002909151028630910509F055C18091F9
:10A53000FA0D9091FB0D9C0121503109223031051B
:10A5400008F06BC09FB7F8948091FF049FBF8430E0
:10A5500019F586E695E10E9434BC23C08091FE0E79
:10A56000882309F4AECF1092FE0E0E948AC0A9CFB4
:10A570000091E30D1091E40D2091E50D3091E60D71
:10A58000601B710B820B930B683873418105910539
:10A5900030F20E9427CFC3CF80E00E943BBC8111E4
:10A5A0000BC00E945C740E94CE7085E090E0909396
:10A5B000FB0D8093FA0D02C00E949EDB8091560233
:10A5C000909157020197A9F48091790F90917A0F99
:10A5D000029779F48091E10D9091E20D009749F096
:10A5E0002091EC0D3091ED0D2817390710F00E94E5
:10A5F00027CF8091FA0D9091FB0D8330910509F4DE
:10A60000D1C008F093C38130910509F4D5C00297F9
:10A6100009F02ACF83E090E0C7C0039779F60E9443
:10A620003695892B11F081E0B8CF80919A0F811176
:10A63000C3CF8091EF0D81116DC00E945F718111B8
:10A64000BDCF8091EF0D8111B9CF81E08093EF0DE7
:10A650001092F10D1092F00D8FB7F89490910005C3
:10A66000992371F0909102059093F10D909101055D
:10A670009093F00D109202051092010510920005C2
:10A680008FBF6091F00D662309F498CF8091960FEB
:10A69000882321F08091F10D0E94DEC96091F00DB8
:10A6A0004091F10DE9E1F2E190E080E0A1E0B0E05D
:10A6B000861770F49D01082E01C0220F0A94EAF754
:10A6C000242321F02BEE21930196F2CF24E1FBCF3E
:10A6D00070E089E192E10E94617F2091F00D2817DE
:10A6E000190619F087E595E136CF8091F20D90912A
:10A6F000F30DA091F40DB091F50D820F911DA11DE8
:10A70000B11D8093F20D9093F30DA093F40DB093CF
:10A71000F50D54CF0E945F71811150CFC090F20DA2
:10A72000D090F30DE090F40DF090F50DC0FC17C043
:10A7300082E0D80EE11CF11C6091F20D7091F30DD6
:10A740008091F40D9091F50D0E9460BD81111BC0A8
:10A7500080919F0F811125CF8DE395E1FCCE109262
:10A76000191261E070E089E192E10E94617F019736
:10A7700019F08BE495E1EFCE91E0C90E92E0D91E7D
:10A78000E11CF11CD9CFC701B6010E94AA8C882315
:10A79000F9F20E94848C8823D9F20E94CE7084E062
:10A7A00090E005CF84E090E090937A0F8093790F4A
:10A7B0005BCE0E94FDAE58CE8091790F90917A0FBA
:10A7C000049709F451CE82E090E090937A0F809341
:10A7D000790F0E94529548CE9C01245031092230B5
:10A7E000310508F0A8C08FB7F8942091FB048FBF03
:10A7F00080919D0F90919E0FAC01415051094230C4
:10A800005105A0F48EE795E1243009F491C00E942F
:10A81000A925882321F00E949426811102C00E945C
:10A82000ECEF80919D0F90919E0FE7CE0397C9F7B3
:10A830000E94A925882399F30E949426882379F3FE
:10A840000E947B28892B69F78091D9049091DA04C2
:10A85000892B39F78091D8048111E3CF8091D704F7
:10A860008111DFCF8091D6048111DBCF0E947C253E
:10A870008111D7CF8091DB04E82FF0E0DF01AA0F30
:10A88000BB1FAC5AB24F2D913C91232B51F0EC5190
:10A89000FB4F9081911105C091E0908389278093AF
:10A8A000DB040E94A925882309F4B9CF8091E40430
:10A8B0008111B7CF8091E5048111B3CF8091540D00
:10A8C0009091550D892B09F0ACCF8091560D909148
:10A8D000570D892B09F0A5CF0E945F718111A1CF7F
:10A8E0006091E0047091E1048091E2049091E304AE
:10A8F0000091DC041091DD042091DE043091DF042E
:10A90000601771078207930789F40E94AA8C882335
:10A9100069F00E94848C882349F00E94CE7084E004
:10A9200090E090939E0F80939D0F7BCF83E795E1FE
:10A930000E943E3A76CF019709F096CD8FB7F894F2
:10A940002091FB048FBF8091FD049091FE0401973C
:10A95000039708F019C185EE95E1243091F18091BB
:10A96000FA04882309F451C00E945F718111D6C195
:10A970001092530D1092520D1092510D1092500DD5
:10A980001092F9041092F8041092F7041092F60451
:10A990001092F2041092F3041092F4041092F50451
:10A9A0001092470D1092480D1092490D10924A0DC9
:10A9B00060E070E0CB010E94687E811105C08CEDE3
:10A9C00095E10E941F3AAAC18091E6049091E704A4
:10A9D0000097A9F30E9499CA882389F31092FA0478
:10A9E00081E08093F10440914B0D50914C0D6091AA
:10A9F0004D0D70914E0D41155105E1E06E07710549
:10AA0000B8F11092E1141092E0140E948E24882371
:10AA100009F47BC08091F0048111B6C022E0E22EDF
:10AA2000F12CCC24C394D12C01E08091FD049091B1
:10AA3000FE04E091F604F0E0E850FB4F2081211184
:10AA4000A3C02091FA0421119FC0039721F48091A3
:10AA5000F0048111A0C08091ED04882309F43FC067
:10AA60001092ED040E940E2B882309F44EC0DDCF16
:10AA700022E030E03093E1142093E0141092BA14F5
:10AA80001092B91425E030E03093C8142093C71415
:10AA90001092CC141092CB141092CD141092CE14AC
:10AAA0001092CF141092D0141092D1141092D2148C
:10AAB0001092D3141092D4144093D5145093D614FA
:10AAC0006093D7147093D8141092DA141092D9149A
:10AAD0001092DC141092DB148093DD1496CFCE011B
:10AAE00001960E947626882309F44EC08091EE04D8
:10AAF0009091EF048130910579F41092EF04109257
:10AB0000EE048981803108F0ADCF80919F0F8111D3
:10AB100038C081ED95E155CF029761F41092EF04B2
:10AB20001092EE040E949F698091E8048027809330
:10AB3000E8047BCF1981113029F4D092EF04C09240
:10AB4000EE0473CF123019F40E949F696ECF133058
:10AB500029F4F092EF04E092EE0467CF212F30E069
:10AB600094E0359527959A95E1F71F7021153105E9
:10AB700061F2822F0E940E2B882339F21093ED048C
:10AB800054CF90E080E01DCF8091FD049091FE04B1
:10AB9000039709F0C3C08091F004811118C080911F
:10ABA000FC04882309F4FECD0E947B28892B09F040
:10ABB000B5C08091EE049091EF04892B09F0AEC0EE
:10ABC0008091ED048111AAC082EC95E1FACE0E9439
:10ABD00076240E948E24811103C088EB95E1F1CE8A
:10ABE0008091F80481119AC08091F904811196C076
:10ABF0008091500D9091510D892B09F08FC080915B
:10AC0000520D9091530D892B09F088C00E945F71FD
:10AC1000811184C06091470D7091480D8091490D5C
:10AC200090914A0D0091E9041091EA042091EB04FF
:10AC30003091EC04601771078207930709F073C025
:10AC40000091F2041091F3042091F4043091F50482
:10AC5000601771078207930709F065C00E94AA8CEC
:10AC6000882309F460C00E94848C882309F45BC0A7
:10AC70000E94CE701092E1141092E0141092BA1457
:10AC80001092B9148091450D9091460D8B3008F0CB
:10AC90003FC0BE016F5F7F4F0E9494678823C1F160
:10ACA000E981FA81E131A0F5FF27EE0FFF1FE4579C
:10ACB000FA4E059114910115110551F169E174E104
:10ACC00089E192E10E94ABD9882311F1A80160E8E3
:10ACD00070E089EB92E10E9482F009EB12E1F80149
:10ACE00001900020E9F78F010A5B124189E192E1AE
:10ACF0000E949591882361F0B80189EB92E10E944E
:10AD0000617F8017910711F40E94848C0E94CE709D
:10AD100084E090E09093FE048093FD048091FD0414
:10AD20009091FE046ACC8EEA95E14BCE8430910579
:10AD300009F43FCD059709F097CB8FE99FE00E947A
:10AD4000E7C192CB653048F470E0660F771F680F5B
:10AD5000791FFB018181928108956B3050F4655019
:10AD6000770B660F771F680F791FFB018685978524
:10AD700008956D3051F06B50770B660F771F680F99
:10AD8000791FFB01848D958D089590E080E00895F2
:10AD90008150823108F05AC0E82FF0E08827EC5249
:10ADA000F9428F4F0D94FB02F4D6F8D6E6D6ECD6D6
:10ADB000F0D626D7FBD601D705D70BD70FD713D799
:10ADC00019D71DD726D721D727D72BD78091800019
:10ADD0008F77809380000895809180008F7DF9CFD8
:10ADE00080918000877FF5CF84B58F7784BD0895EB
:10ADF00084B58F7DFBCF8091B0008F778093B000BA
:10AE000008958091B0008F7DF9CF809190008F7769
:10AE1000809390000895809190008F7DF9CF80916C
:10AE20009000877FF5CF8091A0008F778093A0005E
:10AE300008958091A0008F7DF9CF8091A000877F39
:10AE4000F5CF809120018F77809320010895809124
:10AE500020018F7DF9CF80912001877FF5CFAF92C0
:10AE6000BF92CF92DF92EF92FF920F931F93CF93F7
:10AE7000DF936C017B018B01040F151FEB015E0159
:10AE8000AE18BF08C017D10759F06991D601ED91EE
:10AE9000FC910190F081E02DC6011995892B79F77D
:10AEA000C501DF91CF911F910F91FF90EF90DF903F
:10AEB000CF90BF90AF9008950895FC019C01255F4D
:10AEC0003F4F80E080FB879587F99191890FE217CA
:10AED000F307C1F7089580917B00877F80937B0003
:10AEE00080E480937C0080917A00806480937A0073
:10AEF00080917A0086FDFCCF809178009091790056
:10AF00000895FC0101900020E9F73197AF01481B3B
:10AF1000590BBC0183EE97E10C942FD7CF93DF93AD
:10AF2000E9EAFDE18491E3E6FDE1D491EDE1FDE1A3
:10AF3000C491CC23A1F081110E94C8D6EC2FF0E07F
:10AF4000EE0FFF1FE050F34EA591B491EC91ED236D
:10AF500081E090E009F480E0DF91CF91089580E0F6
:10AF600090E0FACFAF92BF92CF92DF92FF920F9311
:10AF70001F93CF93DF93EB015A018C0198012F5F50
:10AF80003F4FD8018C918032D1F0198308831F8202
:10AF90001E82F801DF01FD906D01FF2031F1BFE25B
:10AFA000FB1619F1F7FE0DC080E0DF91CF911F91E4
:10AFB0000F91FF90DF90CF90BF90AF9008958901DF
:10AFC000DDCF8F2D0E9460A78111EECFC601801BBF
:10AFD000910BEEE2FE1639F0F0E2FF1621F09F83AE
:10AFE0008E83DD82CC82F601D5CF8E819F81019741
:10AFF0008F3F9105C8F62E2F9F2F81918032D9F374
:10B000008F32C9F3D5012C9311969C930C811D812D
:10B0100028813981FE013A96CE01459640E241935E
:10B020008E179F07E1F781E0F90190819E3209F4C4
:10B0300080E0F9012F5F3F4F90819E32D1F398015C
:10B0400021503109E217F30720F4D9019C919E3277
:10B05000B9F740E067E0A0E050E078E0E017F107E2
:10B0600008F045C090819E3241F42E173F0769F4E5
:10B070006AE0A8E070E13196F1CF9232A1F09C37FE
:10B0800091F0B5EAB90FB33070F0B6EDB90FB63044
:10B0900010F49D3241F4B6ECB90FB63020F0BFED9C
:10B0A000B90FBE3528F0907C9038B9F580E0E3CF39
:10B0B0006A1740F46A30D1F02E173F07B8F0F90153
:10B0C0003197F4CFBFE9B90FBA3158F59052472BF9
:10B0D000FF24F394FA0EAC0FBD2FB11D1A969C936A
:10B0E000B6E0BF1508F0F886AF2DC5CF80E09A8591
:10B0F000903209F459CF882329F0542309F042E013
:10B10000498753CF81E089878885C80FD11D8EE795
:10B110008A8781E38B8781E048CF80E09FE56A17CB
:10B1200048F2BFEBB90FBA3198F6572BD1CF209127
:10B13000E0143091E1142130310521F41092DF1434
:10B140001092DE141092C8141092C714813024E0BB
:10B15000920728F11092CA141092C91490E080E06E
:10B160009093CB148093CC141092CD141092CE14E3
:10B170001092CF141092D0141092D1141092D214B5
:10B180001092D3141092D4141092DA141092D9148D
:10B190001092DC141092DB141092DD1408959C01BF
:10B1A00083E0220F331F8A95E1F73093CA1420936E
:10B1B000C91491E080E0232B99F690E0D1CFCF9293
:10B1C000DF92EF92FF924091C9145091CA14411539
:10B1D000510509F447C09C0173E0220F331F7A9593
:10B1E000E1F7E4E0880F991FEA95E1F784179507E6
:10B1F000C8F1CA01880F991F840F951F8217930702
:10B2000088F12D3C8CE03807B0F4443D88E05807C5
:10B2100090F484E1829FB001839F700D11248DE131
:10B22000849F9001859F300D112441E062177307C0
:10B2300098F440E011C0A4E1B0E00F9403036B0167
:10B240007C019A01ADE1B0E00F94030341E0C61622
:10B25000D706E806F90668F3842FFF90EF90DF9099
:10B26000CF9008954FEFF8CFE091B914F091BA1450
:10B27000EF2B51F59093BA148093B9146093BB14DB
:10B280002093BC143093BD144093BE145093BF144C
:10B290008091D9149091DA149093C1148093C014C2
:10B2A0008091DB149091DC149093C3148093C214AA
:10B2B0008091CB149091CC149093C5148093C414B6
:10B2C0008091DD148093C6140895BF92CF92DF92CF
:10B2D000EF92FF920F931F93CF93DF93FB010190A7
:10B2E0000020E9F731978F01061B170BF8013497FF
:10B2F000EC39F10558F080E0DF91CF911F910F916B
:10B30000FF90EF90DF90CF90BF900895E60FF71F6A
:10B3100030813E3281F7B22E7A016B01EC01CB0114
:10B320000E94976D8E159F0531F7A8014F5F5F4F03
:10B33000B601CE010F948504CE01800F911FFC0150
:10B3400033972DE420833196B082019729E4FC01E4
:10B35000208381E0D1CF009741F06115710529F07C
:10B3600026E441E050E00C9465D980E00895423035
:10B37000510541F04330510579F04130510551F408
:10B380000C94ABD9009731F024E542E050E0611510
:10B39000710551F480E008950097E1F3611571059E
:10B3A000C9F322E343E050E00C9465D95F926F92B9
:10B3B0007F928F929F92AF92BF92CF92DF92EF9245
:10B3C000FF920F931F93CF93DF93EC014B013A0150
:10B3D000590147E050E06EED7CE10E94A7FFF301C8
:10B3E0005080892B09F05FC05520B9F081E0F6014B
:10B3F0008083A701B801C501DF91CF911F910F9103
:10B40000FF90EF90DF90CF90BF90AF909F908F9084
:10B410007F906F905F900C944168FE01379699F48D
:10B4200055245394852DDF91CF911F910F91FF905B
:10B43000EF90DF90CF90BF90AF909F908F907F90D4
:10B440006F905F9008958F81882351F390E080E0A2
:10B450003AE021912223B1F020532A3008F78A39AB
:10B4600049E19407E8F6893949E1940711F4263057
:10B47000B8F6389FA001399F500D1124CA01820FE0
:10B48000911DE7CF009761F221E08816990609F037
:10B4900020E0F30120838816990611F6F501108249
:10B4A000F8011082BDCF552009F4BACF45E050E035
:10B4B00068ED7CE1CE010E94A7FF892B91F4BE01CB
:10B4C0006B5F7F4FFB0101900020E9F73197E61B8E
:10B4D000F70BAF014F5F5F4FC5013C97E8F0512C70
:10B4E000A1CF46E050E061ED7CE1CE010E94A7FFD4
:10B4F000892B09F095CFBE016A5F7F4FFB01019058
:10B500000020E9F73197E61BF70BE530F10538F736
:10B51000AF014F5F5F4FC8010F94850483CFAC012B
:10B5200069E174E189E192E10E94B7D9882321F0B1
:10B5300089E192E10C941F6F80E008950097B9F4BF
:10B5400047EC5CE161E170E087E092E10E94C2B00B
:10B5500086E080930612809104129091051208975C
:10B5600081F481E00E94697581E00C94817240E170
:10B5700050E0BC0187E092E10F94AC0410921712E6
:10B58000E7CF08950F931F93CF93DF93CDB7DEB727
:10B590006C970FB6F894DEBF0FBECDBF2FEF260F0E
:10B5A000283660F080E06C960FB6F894DEBF0FBED0
:10B5B000CDBFDF91CF911F910F910895883021E188
:10B5C000920709F048C0FE0171968CE0DF011D92E0
:10B5D0008A95E9F783EC8F8788E0888B81E1898BF6
:10B5E000DE0111969E01215F3F4F89015A2F4B2F9B
:10B5F0001097C1F2F90161919F0190E080E08D30D8
:10B60000910509F443C0FC01E953F44EE4916E1333
:10B610003DC08D93A017B10759F7E4E1F0E180E751
:10B62000DF011D928A95E9F781E0809304108EE096
:10B63000E52FF42FA5E0B0E101900D928A95E1F796
:10B640008DE08093131080E880931A1080ED809332
:10B650001B1081E0A8CF8115904C09F0A3CF81E2A7
:10B660008F8788E0888B81E1898B8A8B1B8A80ECAD
:10B670008C8B91E09D8B6E8B1F8A9DEE988F90EB4B
:10B68000998F93EC9A8F1B8E8C8FAACF0196811580
:10B69000F1E09F0709F0B3CF85CFE8ECFFE080E051
:10B6A0009191992311F09D3059F4E82FF0E0E8537F
:10B6B000F04F882349F09291903231F48150F9CFC4
:10B6C0008F5F813169F7F1CF0895E091B20FF0916A
:10B6D000B30F309711F084E619951092B10F0895C9
:10B6E000FC013197E730F10538F58827E558F44239
:10B6F0008F4F0D94FB028ADB8DDB90DB96DB99DBB1
:10B7000082DB93DB8FE090E090939C0F80939B0F04
:10B7100081E0089586E090E0F7CF87E090E0F4CFF5
:10B7200088E090E0F1CF80E190E0EECF89E090E01A
:10B73000EBCF8AE090E0E8CF80E008951F93CF93AD
:10B74000DF93D4E01FEF40919A0F442329F18091B9
:10B75000990F50915A02851719F190E4899F900131
:10B7600011242C5F3F4EC0E49091980F9C1718F164
:10B770001092980F851304C010935A021092970FDD
:10B780008F5F87708093990F415040939A0FDBCF62
:10B790008093980FD111D7CFDF91CF911F9108954A
:10B7A000C091970FCC2321F3E0E48E9F90011124E8
:10B7B0002C5F3F4ED9CF8091960F882339F0290F07
:10B7C000311D68E0F90180810E94DEC98091980FE7
:10B7D0008F5FD1508C17E0F21092980F8091990FE3
:10B7E00090915A02891304C010935A021092970F35
:10B7F0008F5F87708093990F80919A0F815080930B
:10B800009A0FC8CF4091EA0F242F3091EB0F532F9E
:10B8100052955F7090E0FC01ED50F04F5A3030F5DA
:10B82000505D5083FC01EC50F04F532F5F705A3045
:10B83000F8F4505D5083FC01EB50F04F54E0369526
:10B8400027955A95E1F72F702A30A0F4205D2083C8
:10B85000FC01EA50F04F242F2F702A3068F4205D4D
:10B8600020838950904FFC0110820895595CD9CFF4
:10B87000595CE0CF295CEBCF295CF2CF1F93CF93CB
:10B88000DF93282F30E0F901EA55F24E8491F90157
:10B89000E05AF24ED491F901E65EF24EC491CC2307
:10B8A000A9F0162F81110E94C8D6EC2FF0E0EE0F00
:10B8B000FF1FE355F44EA591B4918FB7F894EC9126
:10B8C000111108C0D095DE23DC938FBFDF91CF919B
:10B8D0001F910895DE2BF8CF10922C1560E082E0C6
:10B8E0000C943EDC9FB7F894809171008B7F80931D
:10B8F0007100109290001092910084E088BB8091BA
:10B900001812813011F4109218129FBF0E946CDC43
:10B910000C946675CF93DF93EC0160E08E810E94FA
:10B920003EDC61E08E810E943EDC60E08E810E9400
:10B930003EDC8BE891E00197F1F7DF91CF9108951C
:10B94000CF92DF92EF92FF920F931F93CF93DF93EB
:10B950006C017C0187E0E80EF11CD0E0C0E0062F0E
:10B9600010E0B8010C2E02C0759567950A94E2F7B5
:10B970006170F70181917F010E943EDC2196C43005
:10B98000D10579F7C601DF91CF911F910F91FF90FB
:10B99000EF90DF90CF900C948ADCCF92DF92EF9201
:10B9A000FF920F931F93CF93DF93EC01F62E642F3A
:10B9B0008C810E943EDC8D818F3F19F060E00E94F7
:10B9C0003EDC0F2D10E08F8584FF25C06E0187E0DF
:10B9D000C80ED11CF12CE12CB8010E2C02C07595BB
:10B9E00067950A94E2F76170F60181916F010E94F8
:10B9F0003EDCFFEFEF1AFF0A88E0E816F10461F77A
:10BA0000CE01DF91CF911F910F91FF90EF90DF90CA
:10BA1000CF900C948ADCB80184E0759567958A957F
:10BA2000E1F7CE010E94A0DC6F2DCE01DF91CF9116
:10BA30001F910F91FF90EF90DF90CF900C94A0DCBE
:10BA400040E0682F83EE97E10C94CDDC81E00E940A
:10BA500020DD8BE39FE10197F1F708959091F617B0
:10BA6000891710F08FEF890FE82FF0E0ED51F84EB5
:10BA7000848980680C9420DDCF93DF93CDB7DEB747
:10BA800061970FB6F894DEBF0FBECDBFAC0161E188
:10BA900070E0CE0101960E94D6B0FE01319680E0A2
:10BAA000919191110CC0E1E0F0E0EC0FFD1FE80F67
:10BAB000F11D90E28F5F91938031E1F703C08F5FBA
:10BAC000803171F7198A80E00E942EDDCE01019647
:10BAD0000E9481D761960FB6F894DEBF0FBECDBF2E
:10BAE000DF91CF91089541E00E94CDDC81E090E0AC
:10BAF0000895CF93DF9390E0FC01E05AF24E249139
:10BB0000865E924EFC0184918823C9F090E0880FF4
:10BB1000991FFC01ED56F44EA591B491FC01E3553B
:10BB2000F44EC591D49161110DC09FB7F8948C91DA
:10BB3000209582238C938881282328839FBFDF91BF
:10BB4000CF910895623051F49FB7F8943C91822FC1
:10BB5000809583238C93E8812E2BEFCF8FB7F894B9
:10BB6000EC912E2B2C938FBFEACFCF93DF938230B3
:10BB700029F49091F21798609093F2178093F6173A
:10BB80001092F71780E48093F81780E18093F917FB
:10BB900080E58093FA1761E08091E7170E9479DDD4
:10BBA0008091E8178F3F19F061E00E9479DD61E034
:10BBB0008091E9170E9479DDC3EED7E19E01235EF3
:10BBC00037418091F21784FD0BC084E090E021960C
:10BBD0002817390744F461E08E810E9479DDEECFA9
:10BBE00088E090E0F4CF8BE39DE00197F1F760E00F
:10BBF0008091E7170E943EDC60E08091E9170E9487
:10BC00003EDC8091E8178F3F19F060E00E943EDC37
:10BC10008091F21784FD34C063E083EE97E10E94C7
:10BC2000A0DCCBE4D6E4CE010197F1F763E083EE2C
:10BC300097E10E94A0DC2197F1F763E083EE97E1A2
:10BC40000E94A0DC83E592E00197F1F762E083EEC9
:10BC500097E10E94A0DC8091F21780620E9420DDB3
:10BC600084E08093F3178CE00E9420DD0E9426DDA3
:10BC700082E08093F41786E0DF91CF910C9420DD71
:10BC800080620E9420DD8BE496E40197F1F78091B9
:10BC9000F21780620E9420DD83E592E00197F1F7C0
:10BCA0008091F21780620E9420DDD5CF3FB7F894D3
:10BCB0008091281890912918A0912A18B0912B18DA
:10BCC00026B5A89B05C02F3F19F00196A11DB11DF7
:10BCD0003FBFBA2FA92F982F8827BC01CD01620F33
:10BCE000711D811D911D42E0660F771F881F991FEE
:10BCF0004A95D1F708958F929F92AF92BF92CF92BB
:10BD0000DF92EF92FF924B015C010E9456DE6B01C5
:10BD10007C010E9456DE6C197D098E099F09683EE0
:10BD2000734081059105A8F321E0821A9108A108CA
:10BD3000B10888EEC80E83E0D81EE11CF11C811406
:10BD40009104A104B10429F7FF90EF90DF90CF9008
:10BD5000BF90AF909F908F900895CF92DF92EF9217
:10BD6000FF92CF93C0E2C12CD12C76010E946BD7F9
:10BD7000C80ED91EE11CF11C65E070E080E090E087
:10BD80000E947BDEC15091F7D701C60125E0B69530
:10BD9000A795979587952A95D1F7CF91FF90EF902A
:10BDA000DF90CF9008952FB7F89460912418709188
:10BDB000251880912618909127182FBF08954F922B
:10BDC0005F926F927F928F929F92AF92BF92EF920B
:10BDD000FF920F931F93CF93DF93FB01C0E021915C
:10BDE000222309F475C0CF5FCF33C9F77B018C01E3
:10BDF0008091B00F81110DC081E08093B00F0E943F
:10BE0000D3DE60932C1870932D1880932E18909386
:10BE10002F18D1EFDC0F2D2F30E0ACE2B1E00F9402
:10BE200003034B015C010E94D3DE40902C1850901C
:10BE30002D1860902E1870902F18641975098609B6
:10BE40009709A50194012053384F4F4F5F4F0F942E
:10BE5000D902603B24E072078105910508F44BC0CC
:10BE6000605B744081099109681579058A059B0515
:10BE700050F42CE231E040E050E00F94D9022F5F03
:10BE80002D1708F4D22FD80190E080E04D2F50E01C
:10BE90002D2F280F2C1788F5FA01E80FF91FEE0D4A
:10BEA000FF1D20812D9301968F30910589F7F801B0
:10BEB0001786DF91CF911F910F91FF90EF90BF9068
:10BEC000AF909F908F907F906F905F904F9008956C
:10BED000C03108F08BCFDF91CF911F910F91FF9070
:10BEE000EF90BF90AF909F908F907F906F905F90FA
:10BEF0004F900C9413B2D0E0C6CF20E2D3CF1F9264
:10BF00000F920FB60F9211242F933F938F939F930D
:10BF1000AF93BF938091241890912518A091261873
:10BF2000B09127183091231823E0230F2D3758F5AF
:10BF30000196A11DB11D209323188093241890937E
:10BF40002518A0932618B09327188091281890914F
:10BF50002918A0912A18B0912B180196A11DB11D86
:10BF60008093281890932918A0932A18B0932B181F
:10BF7000BF91AF919F918F913F912F910F900FBEE5
:10BF80000F901F90189526E8230F0296A11DB11D52
:10BF9000D2CF8FEF0C94A671CF93DF93FC01248551
:10BFA000222371F0EC0161E082850E943EDC8FEF7C
:10BFB0000E94A6718091510E81110E94126F1C8601
:10BFC000DF91CF9108950F931F93CF93DF938C014F
:10BFD000862FEA010E94A671FE0181918EBDDE5F6F
:10BFE000EC17FD0741F08191000000000DB407FE41
:10BFF000FDCF8EBDF5CF0DB407FEFDCF8FEF0E94B4
:10C00000A6718FEF0E94A6710E94C9DFF801868792
:10C010008F71853059F081E28387C8010E94CCDF9F
:10C0200080E0DF91CF911F910F91089581E0F9CFCA
:10C03000CF93DF93FC012485211110C0EC01828194
:10C0400093810E94AD7181E08C8760E08A850E94B7
:10C050003EDC8FEFDF91CF910C94A671DF91CF91F1
:10C0600008950F931F93CF93DF93EC010C8501117B
:10C0700002C00E9418E00E94C9DF11E08F3F09F45E
:10C0800010E0011103C0CE010E94CCDF812FDF91AF
:10C09000CF911F910F910895CF93DF93FC01C08141
:10C0A000D1810E94D3DEC61BD70B8D2F881F882716
:10C0B000881FDF91CF9108950F931F93CF93DF9344
:10C0C0001F921F92CDB7DEB78C010E94D3DE600FA6
:10C0D000711F7A8369830E94C9DF8F3F71F0CE019F
:10C0E00001960E944CE08823B1F380E00F900F90FE
:10C0F000DF91CF911F910F91089581E0F7CF1F93AA
:10C10000CF93DF93EC0188E592E00E945CE0182F6A
:10C11000882361F08DEF0E94A671CE010E94CCDFD2
:10C120001D86812FDF91CF911F9108958FE18B871D
:10C13000CE010E94CCDFF5CFDF92EF92FF920F93FA
:10C140001F93CF93DF93EC01162F022FF32EE42ED3
:10C15000D52E0E9415E28823C1F18C85811103C080
:10C16000CE010E9418E0111128C0812F80640E9426
:10C17000A6718D2D0E94A6718E2D0E94A6718F2D05
:10C180000E94A671802F0E94A67187E8111101C03C
:10C1900085E90E94A6710E94C9DF1AE00E94C9DFEA
:10C1A0008E8787FF02C01150C9F7DF91CF911F9191
:10C1B0000F91FF90EF90DF9008951C30B1F28CE268
:10C1C00091E00E945CE08111D0CF8FEFEECF8F9293
:10C1D0009F92AF92BF92CF92DF92EF92FF920F9316
:10C1E0001F93CF93DF93EC014A015B0169018D85B9
:10C1F000823049F48C819D81AE81BF81881599057B
:10C20000AA05BB0571F18F85A5019401833039F032
:10C2100089E0220F331F441F551F8A95D1F769E12A
:10C22000CE010E949CE08823B1F08EE08B87CE0186
:10C230000E94CCDFCE010E94CCDF80E0DF91CF9165
:10C240001F910F91FF90EF90DF90CF90BF90AF9034
:10C250009F908F90089582E08D878C829D82AE8220
:10C26000BF82F12CE12CE016F106A9F088E592E0FE
:10C270000E945CE0811102C085E2D8CFA6016CEF7C
:10C28000CE010E94E3DF882391F28FEFE81AF80ACB
:10C290008EEFD81AE8CF8C819D81AE81BF818E0D43
:10C2A0009F1DA11DB11D8C839D83AE83BF83888597
:10C2B0008111C4CFCE01DF91CF911F910F91FF90DB
:10C2C000EF90DF90CF90BF90AF909F908F900C94A5
:10C2D0007FE0EF92FF920F931F93CF93DF93EC01D8
:10C2E00079018885882371F001E010E0CE010E9479
:10C2F000E7E0182F812FDF91CF911F910F91FF90D1
:10C30000EF9008958F85833039F089E0440F551FF1
:10C31000661F771F8A95D1F79A01AB0168E1CE01BC
:10C320000E949CE0882339F08DE08B87CE010E942B
:10C33000CCDF10E0DFCFA7016EEFCE010E94E3DF7C
:10C340008823A1F388E592E00E945CE0182F84E244
:10C35000112359F320E030E0A9016DE0CE010E94E5
:10C360009CE0882311F08AE0E0CF0E94C9DF8111B0
:10C37000FACFCE010E94CCDFBDCFEF92FF921F9388
:10C38000CF93DF93FC01208111E020FF12C0EC016C
:10C390007C01FCE0EF0EF11C4B815C816D817E81A4
:10C3A000970189819A810E9469E1182F811108C043
:10C3B00010E0812FDF91CF911F91FF90EF900895B2
:10C3C000888181FD04C088818E7F8883F2CF4B8174
:10C3D0005C816D817E818F819885A985BA85480FA2
:10C3E000591F6A1F7B1F970189819A810E9469E109
:10C3F0008111E9CFDDCFCF93DF93EC011D8620E0E3
:10C4000030E0A9016CE00E949CE0882349F089E0BB
:10C410008B87CE010E94CCDF80E0DF91CF91089521
:10C42000CE010E94CCDF81E0F8CFFC0125852230CF
:10C4300011F40C947FE0213011F40C94FBE181E0C5
:10C440000895CF92DF92EF92FF920F931F93CF93B5
:10C45000DF931F921F92CDB7DEB78C017B016A017B
:10C460000E94D3DE645D7E4F7A8369830E94C9DFB8
:10C47000F80186878F3FC1F4CE0101960E944CE0FF
:10C480008823A1F38EE1F8018387C8010E94CCDFE5
:10C4900080E00F900F90DF91CF911F910F91FF904F
:10C4A000EF90DF90CF9008958E3F11F089E1EBCFB0
:10C4B0008FEF8EBDF701C6013FEF019749F00000F5
:10C4C00000000DB407FEFDCF2EB53EBD2193F5CF84
:10C4D000F1E0CF1AD108EC0CFD1C0DB407FEFDCF26
:10C4E0008EB5F7018083F80116860E94C9DF0E948D
:10C4F000C9DF81E0CECF8F929F92AF92BF92CF9251
:10C50000DF92EF92FF920F931F93CF93DF93EC0193
:10C510004A015B0169018D85813049F48C819D81DF
:10C52000AE81BF8188159905AA05BB0559F18F8594
:10C53000A5019401833039F089E0220F331F441F95
:10C54000551F8A95D1F762E1CE010E949CE08823B5
:10C5500099F08CE08B87CE010E94CCDF80E0DF91E8
:10C56000CF911F910F91FF90EF90DF90CF90BF90F0
:10C57000AF909F908F90089581E08D878C829D82EF
:10C58000AE82BF82F12CE12CE016F10671F040E0A2
:10C5900052E0B601CE010E9421E2882301F38FEF21
:10C5A000E81AF80A8EEFD81AEFCF8C819D81AE8100
:10C5B000BF818E0D9F1DA11DB11D8C839D83AE83F8
:10C5C000BF8388858111CBCFCE01DF91CF911F91A1
:10C5D0000F91FF90EF90DF90CF90BF90AF909F9022
:10C5E0008F900C94FBE18F929F92AF92BF92FF923B
:10C5F0000F931F93CF93DF93DC011196ED91FC9184
:10C60000EF2B61F490E080E0DF91CF911F910F91CB
:10C61000FF90BF90AF909F908F900895F22E4A01A7
:10C620005B01EC018B819C81AD81BE8188159905F0
:10C63000AA05BB0561F0CE010E94BDE1882311F37C
:10C64000F2FE0DC018828B829C82AD82BE822F2D9D
:10C650002370F880F22AF882CE010C96D5CF01E043
:10C6600010E09E01245F3F4FB501A40189819A81AA
:10C670000E947BE28111E6CFC5CF8F929F92AF924D
:10C68000BF92CF92DF92EF92FF920F931F934230AF
:10C6900051056105710560F480E01F910F91FF90D5
:10C6A000EF90DF90CF90BF90AF909F908F900895C4
:10C6B000FC01C18CD28CE38CF48CC416D506E60642
:10C6C000F70650F3480159016A018581803249F526
:10C6D00085899689A789B08D17E0769567955795D6
:10C6E00047951A95D1F7480F591F6A1F7B1F8681FE
:10C6F00023E0823009F021E0CF0184960E94F3E22A
:10C70000009751F2CC0CDD1CCC0CDD1CF1E0DF22DB
:10C710008C0D9D1DFC0180829182A282B38281E0FA
:10C72000BCCF803109F0B8CF458956896789708DB3
:10C730004D0D511D611D711D868123E0823009F070
:10C7400021E0CF0184960E94F3E2009709F4A4CF80
:10C75000CC0CDD1CF1E0DF22C80ED91EF60191825F
:10C760008082DDCFCF92DF92EF92FF920F931F93E3
:10C77000CF93DF93423051056105710550F48FEF7F
:10C78000DF91CF911F910F91FF90EF90DF90CF90AD
:10C790000895FC01C18CD28CE38CF48CC416D506B0
:10C7A000E606F70660F389016A01EC0185818032B3
:10C7B000B1F585899689A789B08DE7E0769567956B
:10C7C00057954795EA95D1F7480F591F6A1F7B1F68
:10C7D0002E81223009F020E0CE0184960E94F3E2FF
:10C7E000009769F2CC0CDD1CCC0CDD1CF1E0DF22E3
:10C7F0008C0D9D1DFC0180819181A281B381498DA9
:10C800005A8D6B8D7C8D481759076A077B0748F155
:10C81000F80180839183A283B38381E0B1CF80311B
:10C8200009F0ADCF458956896789708D4D0D511D31
:10C83000611D711D2681223009F020E0CE01849611
:10C840000E94F3E2009709F49ACFCC0CDD1CF1E0D2
:10C85000DF22C80ED91EF60180819181B0E0A0E0F0
:10C86000CECF80E08DCF9F92AF92BF92CF92DF92DA
:10C87000EF92FF920F931F93CF93DF9300D01F92FD
:10C88000CDB7DEB75C016A017B019E012F5F3F4F90
:10C89000B701A601C5010E94B2E3982E87FD34C0FE
:10C8A00000E010E09801B701A601C5010E943DE338
:10C8B000882351F1F5014185528563857485C4163D
:10C8C000D506E606F70650F4F1E0CF1AD108E108E4
:10C8D000F108F501C186D286E386F486C980DA8044
:10C8E000EB80FC809110D1CF0F900F900F900F90A4
:10C8F000DF91CF911F910F91FF90EF90DF90CF903C
:10C90000BF90AF909F90089580E0EECFCF93DF93DC
:10C91000FC012081211104C081E0DF91CF910895B5
:10C92000EC01828187FF28C061E0CF010E946C9BEF
:10C93000FC01892B29F489818160898380E0EDCF16
:10C940008081853EC1F3888187738387888183FFD7
:10C9500008C0888D998DAA8DBB8D848F958FA68FE9
:10C96000B78F8C8D9D8DAE8DBF8D938F828FB58B44
:10C97000A48B8A818F778A838E819F810E94D19C2C
:10C980008823C9F2C9CF0F931F93CF93DF93EC0194
:10C9900008A919A90115110579F0C8010E9486E4BA
:10C9A000F8011082128219AA18AA1BAA1AAADF91EA
:10C9B000CF911F910F9108950AA91BA981E001153C
:10C9C000110589F3C8010E944EA3F80114A616A60A
:10C9D000EACF0F931F93CF938C010E94EC7D8111BE
:10C9E00006C0C0E08C2FCF911F910F910895045F76
:10C9F0001F4F40E06BE572E0C8010E947470C82FC1
:10CA0000811109C00E94EC7D882359F38FEE9CE1CF
:10CA10000E94B77DE7CFC8010E949071C82F811195
:10CA200006C0C8010E94C3E488EF9CE1F1CF0E94D8
:10CA30005970D8CF4F925F926F927F928F929F9250
:10CA4000AF92BF92CF92DF92EF92FF920F931F931C
:10CA5000CF93DF93EC014A015B014C845D846E84CB
:10CA60007F842881222309F45CC0488959896A8916
:10CA70007B89481559056A057B0581F0811491046D
:10CA8000A104B10469F41C861D861E861F86888A4F
:10CA9000998AAA8ABB8A8A818F7D8A8381E046C06F
:10CAA00023FF2CC0888D998DAA8DBB8D8815990583
:10CAB000AA05BB05B0F1EE81FF813481375F7501B6
:10CAC000640181E0C81AD108E108F108032E04C00E
:10CAD000F694E794D794C7940A94D2F78A8186FF94
:10CAE00036C08C8D9D8DAE8DBF8D8C0D9D1DAE1D68
:10CAF000BF1D8C879D87AE87BF87C9CF26FFDBCF41
:10CB0000EE81FF818781908525E0880F991F2A9506
:10CB1000E1F7B0E0A0E088159905AA05BB0508F08B
:10CB2000B6CF4C865D866E867F8680E0DF91CF91A2
:10CB30001F910F91FF90EF90DF90CF90BF90AF903B
:10CB40009F908F907F906F905F904F900895DB0142
:10CB5000CA010197A109B10904C0B695A795979597
:10CB600087953A95D2F7C816D906EA06FB0620F053
:10CB7000452B462B472B49F527FF22C0858D968DE7
:10CB8000A78DB0A18C879D87AE87BF878E01045F7C
:10CB90001F4FC114D104E104F10409F478CF4C858E
:10CBA0005D856E857F8598018E819F810E94B2E3AD
:10CBB00091E0C91AD108E108F108181654F3B1CF71
:10CBC0008C8D9D8DAE8DBF8DDDCFC81AD90AEA0A36
:10CBD000FB0ADCCF2F923F925F926F927F928F92EF
:10CBE0009F92AF92BF92CF92DF92EF92FF920F93FC
:10CBF0001F93CF93DF93EC014B017A0139018A81B6
:10CC000080FFD2C0888183FF16C0888D998DAA8D40
:10CC1000BB8D488959896A897B89841B950BA60B32
:10CC2000B70BA70170E060E0481759076A077B0758
:10CC3000A0F07C0112C086FF10C0EE81FF818781C9
:10CC4000908545E0880F991F4A95E1F72889398931
:10CC5000821B930B8E159F0560F36701512C1E01FB
:10CC60008CE0280E311CC114D10409F4ECC0888971
:10CC70009989AA89BB89EE81FF818C011170288175
:10CC8000AC01BD0139E076956795579547953A9582
:10CC9000D1F726FF30C0858D968DA78DB0A1480FA6
:10CCA000591F6A1F7B1FEE81FF810115110509F0D5
:10CCB00081C0C11482E0D80608F47CC087A190A589
:10CCC000A1A5B2A5481759076A077B0709F472C0E6
:10CCD000C11484E0D80608F09CC001E010E0940183
:10CCE00085A196A10E947BE2882309F45DC0A12C56
:10CCF00082E0B82E78C0538054220115110581F4CA
:10CD000051100EC0892B8A2B8B2B81F527FF29C050
:10CD1000858D968DA78DB0A18C879D87AE87BF87A7
:10CD2000EE81FF814C855D856E857F85425051097E
:10CD300061097109848104C0440F551F661F771F64
:10CD40008A95D2F781899289A389B489840F951F26
:10CD5000A61FB71FAC01BD01450D511D611D711D01
:10CD6000A2CF8C8D9D8DAE8DBF8DD6CF4C855D8530
:10CD70006E857F8523FF0CC08A8186FF09C04F5FC7
:10CD80005F4F6F4F7F4F4C875D876E877F87C8CF20
:10CD90009101CF010E94B2E387FD06C08111C0CF8F
:10CDA0008881807D09F04FC08981826089838FEFFF
:10CDB0009FEF4CC080E092E0801B910B56018C15D8
:10CDC0009D0508F45C0120E0CF0184960E94F3E207
:10CDD000009751F3BC01600F711F61147104A1F041
:10CDE000F301718360838A0C9B1C88899989AA89C5
:10CDF000BB898A0D9B1DA11DB11D888B998BAA8BA8
:10CE0000BB8BCA18DB082FCFA501C4010F94850482
:10CE1000EACF8601012F11270695888186FD07C07C
:10CE200082818519990B8017910708F48C015801AC
:10CE3000BA2CAA24BB0C9401CF0184960E94E6A7C9
:10CE40008111D1CFB1CFC7018C199D09DF91CF914D
:10CE50001F910F91FF90EF90DF90CF90BF90AF9018
:10CE60009F908F907F906F905F903F902F9008954C
:10CE7000CF93DF931F921F92CDB7DEB71A8219822C
:10CE80009E012F5F3F4F40E250E070E060E00E9463
:10CE9000EAE5809739F489819A810F900F90DF91AC
:10CEA000CF91089590E080E0F8CF8F929F92AF925B
:10CEB000BF92EF92FF920F931F93CF93DF93EC01FA
:10CEC0007B010E94C3E4D701D0968D919C91D197AC
:10CED000892B09F460C0188219821A82D9ABC8ABB9
:10CEE000D096ED90FC90F7018081807D71F0808973
:10CEF0009189A289B3898F719927AA27BB2700E05E
:10CF000010E0892B8A2B8B2B29F019AA18AA80E014
:10CF10002FC000E0D70150968D909D90AD90BC90B1
:10CF20005397C7010E9438E7009779F3FC012081ED
:10CF3000222359F32E3269F3253E59F3338533FD0D
:10CF400022C0002321F00E945DD78113DECFB501FE
:10CF5000A40185E076956795579547958A95D1F711
:10CF600020E0B701CE010E94519A882371F281E03E
:10CF7000DF91CF911F910F91FF90EF90BF90AF90F5
:10CF80009F908F9008953F3021F626FFC3CF022F48
:10CF90000F711585BFCFF70182A993A9892B09F4D9
:10CFA000B6CF1CA61DA61EA6DBABCAAB02A8F3A972
:10CFB000E02D84A5807519F41BAA1AAAA8CF208198
:10CFC0002F7130E040E050E060E070E080E090E001
:10CFD000A0E00F94640481F720E050E040E0BF013E
:10CFE000CE010E94DAAA8111C2CFE6CF2F923F92E2
:10CFF0004F925F926F927F928F929F92AF92BF9269
:10D00000CF92DF92EF92FF920F931F93CF93DF9314
:10D01000CDB7DEB7AC970FB6F894DEBF0FBECDBF6D
:10D020008C016B01FA01DB018C91807D11F480E0B1
:10D0300019C1D8018C918111FACF868197810C9604
:10D040006DE070E00F94C5026CA381858370662447
:10D0500063948111660E722E7F011CA70BA7F60147
:10D060000680F781E02DFAA3E9A340E050E0BA0181
:10D07000C6010E941AE51DA21EA2812C912C10E06F
:10D0800000E01BA29701265F3F4F3AA729A7D601D0
:10D0900050962D903D904D905C90539765E056943E
:10D0A0004794379427946A95D1F75101C6010E949D
:10D0B00038E7FC01892BA9F5F60181818111B7CFF1
:10D0C00074FEB5CF872D83708150823008F0AFCFCA
:10D0D000112311F0ADA0BEA0161550F4C6010E9498
:10D0E00038E7892B09F0E9C0F601818181119FCFD2
:10D0F000012F10E0862C912C0815190508F0DFC0CF
:10D10000C6010E943C9C882309F491CFA9A1BAA131
:10D1100012968C91B0E18B9FC0011124080F191F4A
:10D12000EBCF9081953E11F091110EC0111102C00C
:10D130002DA23EA2161508F41F5F992309F4C0CF53
:10D14000953E29F400E0A3CF161508F44AC09E329C
:10D15000C9F383858F3009F070C0011144C0292FB5
:10D160002F71922E3CA1321392CF96FF90CF8584DF
:10D17000032F81E098128BCF80E2F601DE01119639
:10D1800001900D928A95E1F7D7018D919C911197AD
:10D1900013969C938E93129744244394041508F499
:10D1A00076CFB501CE0101960E94B59C1C01892B5A
:10D1B00049F2F7010480F581E02DF8A7EFA3512C87
:10D1C000652DC1010E94A2D6D7011296ED91FC9166
:10D1D0002FA138A5E217F30771F4892B09F457CF73
:10D1E000B1CF10E0B4CF9A949911ACCF8585881552
:10D1F00009F4BFCFA7CF8038910508F0A3CF2FE95E
:10D20000280F2A3108F480529F012F5F3F4FD7012A
:10D2100013963C932E93129790812FE9290F2A3170
:10D2200008F4905298138ECF5394BDE05B12C8CF90
:10D230004394E1E0AE1AB108B1CF83FD83CF002360
:10D2400051F121E09212F3CECF010E945DD78811F7
:10D25000EECE76FCECCE272DA501B6018BA59CA5C4
:10D260000E94519AAC960FB6F894DEBF0FBECDBFA8
:10D27000DF91CF911F910F91FF90EF90DF90CF90B2
:10D28000BF90AF909F908F907F906F905F904F90E6
:10D290003F902F9008954BE050E069A57AA5CF010B
:10D2A0000F947804892B09F0F2CED70119968C914E
:10D2B00080FFCFCF31E03BA3EACE1F5F0DCFEBA1C4
:10D2C000EE2309F43FC0D70118965C9042E6442E45
:10D2D00010E000E05EE7352E4701BAE08B0E911CAE
:10D2E0000E94D3DE060F171FE3E0E51510F433E0CC
:10D2F000532E94E0950D802F8F708A3008F080C0F7
:10D30000805DF701E90FF11D828724E016950795EE
:10D310002A95E1F79150591670F3F701E50DF11DCB
:10D32000328640E050E0BA01C6010E941AE5C6010B
:10D330000E9438E7009709F065C0D60111968C91DC
:10D34000811175CE0FEF060DA00EB11C80E2F60123
:10D35000DE01119601900D928A95E1F74701FAE0FE
:10D360008F0E911CC4010E945DD7582ED7018D915C
:10D370009C91119713969C938E93129711E0612CB8
:10D38000402E689446F88FE0382EB501011708F456
:10D3900067C0611B7109CE0101960E94B59CFC011A
:10D3A000892B09F444CEAF81B88594968C919497DB
:10D3B000816094968C93842D0113812F8083338612
:10D3C00014865586138E128ED70114964D915C915A
:10D3D00060E0D70112962D913C91139724173507E1
:10D3E00031F5662081F163942FEF3FEF653080F5D2
:10D3F000328321836F5F32966D3059F71F5FC5CF3F
:10D40000895C7FCFFC012081222309F49BCF2385F7
:10D4100023FD8DCF4BE050E0BC01C4010F94780494
:10D42000892B09F084CF4A9441105ACF00CEC9010C
:10D43000019613969C938E931297D9012C91022EEC
:10D44000000C330BD3CF30E020E066246394CECFC2
:10D450006B3018F435832483CDCF37832683CACF2E
:10D46000C6010E94B59C009709F4E1CD20E2FC01C1
:10D4700011922A95E9F72BE0F401DC0101900D925D
:10D480002A95E1F7D70119962C912871FC01248780
:10D4900021E23CE5318B208B318F208F338B228B27
:10D4A000A9A1BAA194968C919497816094968C933B
:10D4B000D2CEFC01808181110EC080E2DF011D927D
:10D4C0008A95E9F777836683DB0115968C91803125
:10D4D00021F0803239F080E0089580E4808381E09B
:10D4E0008283089580E8FACF9F92AF92BF92CF9245
:10D4F000DF92EF92FF920F931F93CF93DF93CDB7FD
:10D50000DEB7A0970FB6F894DEBF0FBECDBF19826D
:10D510001A821B82DC0112962C9121FF12C08C0111
:10D52000FC01448D558D668D778D41155105610542
:10D53000710549F461E0C8010E946C9B7C01009771
:10D5400049F480E067C0868197810E9433E48111AD
:10D55000F1CFF7CF0E945DD7B82E85EEF70180831B
:10D56000D8011C9212961C92129716968D919C913E
:10D570000E94D19C882329F3F8019381992309F40F
:10D5800049C080859185A285B385668177819E019A
:10D590002F5F3F4F69010097A105B10509F04CC00D
:10D5A000C9010E9459EA882361F2EE24E394F12C28
:10D5B00095EEA92ED80113968C9113978E1508F22B
:10D5C00014966D917C916E197F09C6010E94B59CDD
:10D5D000FC01892B09F4B5CF83858F3009F0B1CFD9
:10D5E0009081892F8F71E812ACCF85858B11A9CFDF
:10D5F000A082D8011696ED91FC9184A1816084A34C
:10D60000BFEFEB1AFB0A96FFD5CFF8018681978111
:10D610000E94D19CA0960FB6F894DEBF0FBECDBF7E
:10D62000DF91CF911F910F91FF90EF90DF90CF90FE
:10D63000BF90AF909F9008952CE1F60111922A952A
:10D64000E9F720E1298321E02B8378876F838D8F91
:10D650009E8FAF8FB8A3A9CF3F924F925F926F92E8
:10D660007F928F929F92AF92BF92CF92DF92EF9272
:10D67000FF920F931F93CF93DF93CDB7DEB7A097A1
:10D680000FB6F894DEBF0FBECDBF7B01DB011C924D
:10D69000FC01C0A8D1A8C114D10409F4D9C01982D1
:10D6A0001A821B82D6018C91882309F4CCC0139670
:10D6B0009C9191115EC0807CF9F08FE2FB01808328
:10D6C000118201E010E0C801A0960FB6F894DEBF09
:10D6D0000FBECDBFDF91CF911F910F91FF90EF90C3
:10D6E000DF90CF90BF90AF909F908F907F906F9082
:10D6F0005F904F903F90089560E0C6010E946C9B40
:10D70000FC01009709F49FC05C0100E068E020E0A4
:10D71000D5018C912830A9F4803229F160E19EE294
:10D72000402F50E06A013FEFC31AD30A80E4C816C5
:10D73000D10408F088C00F5F4E0D5F1DDA019C9385
:10D740000FC0BFEFAB1ABB0A982F3FEB380F3A312F
:10D7500028F43485362311F0905EE2CF803201F751
:10D760002F5F2C30A9F610E0F701E00FF11F1082B7
:10D77000AACFF60180859185A285B3859E012F5F92
:10D780003F4F2901892B8A2B8B2B09F046C06681DC
:10D790007781C9010E9459EA882309F454C066249C
:10D7A0006394712C10E000E0D60113968C911397CE
:10D7B0008615D0F214966D917C9166197709C20195
:10D7C0000E94B59C5C010097F1F1FC0183858F30CC
:10D7D000D1F580818F71681236C04701800E911E8D
:10D7E000312C632DC5010E94A2D6009709F4BCCF4D
:10D7F0000F5F1F4F0034110530F58F37910510F082
:10D800008FE390E0D4018D934D013394BDE03B1242
:10D81000E8CFEFEF6E1A7E0AC7CF80E2D9011D92E2
:10D820008A95E9F780E1898381E08B8386819781FE
:10D8300098878F8380859185A285B3858D8F9E8FF4
:10D84000AF8FB8A3ACCFD7011C9210E000E03BCF64
:10D85000A2A8B3A8A114B104C1F3D5019C968C91E0
:10D86000882381F182E0D82E10E000E0F50183A545
:10D870008D1508F479CF40E06D2DC5010E94C5A239
:10D88000009701F1DC012C91213CE1F4FC0132967E
:10D89000D701A00FB11F809621913191211531053B
:10D8A00009F462CF0F5F1F4F0034110558F42F3772
:10D8B000310510F02FE330E02D938E179F0761F7AD
:10D8C000D394D4CFF7011082C0CF4F925F926F9262
:10D8D0007F928F929F92AF92BF92CF92DF92EF9200
:10D8E000FF920F931F93CF93DF937C01D62ECDE64B
:10D8F000D5E11092CE171092CD1710926D15882495
:10D900008A94982C54018092701590927115A0926F
:10D910007215B092731510929B171092C91710923E
:10D92000CA171092CB17D093D017C093CF179093EC
:10D930009A178093991790936F1580936E156623AD
:10D9400009F4DFC020E040E050E0BA01CE010E94BF
:10D95000F3E2009709F4D9C0FC01E254FE4F2481A0
:10D96000222309F4D2C020812F7709F03FC28A53C5
:10D970009E4FFC0180809180A280B38020E0B501A1
:10D98000A4018DE695E10E94F3E2EC01009709F411
:10D99000BCC045E050E064E673E003960F949E043B
:10D9A000892B09F0B2C0FE01E459FF4F8081893014
:10D9B00009F0ABC07C9780819181A281B381880DF1
:10D9C000991DAA1DBB1D80937D1790937E17A09370
:10D9D0007F17B0938017349680819181A281B381A3
:10D9E0008093811790938217A0938317B093841725
:10D9F000349680819181A281B381880D991DAA1DE1
:10DA0000BB1D8093851790938617A0938717B093BB
:10DA10008817349680819181A281B3818093891780
:10DA200090938A17A0938B17B0938C1734968081AC
:10DA30009181A281B38180938D1790938E17A093CB
:10DA40008F17B0939017C359DF4F288120939C17ED
:10DA5000275F81E090E0A0E0B0E004C0880F991F4C
:10DA6000AA1FBB1F2A95D2F78093951790939617FC
:10DA7000A0939717B09398170197A109B1098093C4
:10DA8000911790939217A0939317B09394171092B5
:10DA9000791710927A1710927B1710927C1701E079
:10DAA00010E020E030E040E050E0BA018DE695E182
:10DAB0000E94A89F80E480939B178DE997E10E94C4
:10DAC0004EA31092C9171092CB176DE675E18DE940
:10DAD00097E10E94B3A28823C1F0809132189091FF
:10DAE0003318892B31F48DE695E1909333188093A8
:10DAF00032188DE695E19093E3148093E21481E06F
:10DB000022C1812C912C540139CF1092D017109240
:10DB1000CF1710927215109291158FEF9FEFDC01C5
:10DB20008093941590939515A0939615B09397159F
:10DB300010929D1710929E1710929F178DE695E1F7
:10DB40009093CE178093CD17F0926E15E0926D15DD
:10DB500081E090E0A0E0B0E0809376159093771597
:10DB6000A0937815B0937915F0929315E0929215E1
:10DB7000DD2009F447C020E040E050E0BA0181E92F
:10DB800095E10E94F3E2009709F4D8C0FC01E25449
:10DB9000FE4F2481222309F4D1C020812F7709F080
:10DBA000CDC08A539E4FFC01C080D180E280F380BB
:10DBB00020E0B701A60181E995E10E94F3E2FC01B2
:10DBC000892B09F4BBC0838594858115924009F0A7
:10DBD000B5C020898FEF820F823008F0AFC020934C
:10DBE0007315958590936F158FEF890F809370153E
:10DBF00010E081E0981751F01F5F193009F4F2C06E
:10DC0000880FF8CFC12CD12C7601D2CF109371158B
:10DC100086899789B0E0A0E080937A1590937B1570
:10DC2000A0937C15B0937D15892B8A2B8B2B61F4E7
:10DC300084A195A1A6A1B7A180937A1590937B1595
:10DC4000A0937C15B0937D158685978526013701B5
:10DC5000480E591E611C711C40928215509283150A
:10DC60006092841570928515C189D289D0937515FB
:10DC7000C093741580907A1590907B15A0907C15B8
:10DC8000B0907D15A22FB0E0A50194010F9412036E
:10DC9000460E571E681E791E40928A1550928B15AB
:10DCA00060928C1570928D1585E0CC0FDD1F8A95E2
:10DCB000E1F7C150DE4FCD2FDD27C6954C0E5D1E1E
:10DCC000611C711C40927E1550927F1560928015E8
:10DCD0007092811583899489B0E0A0E00097A10536
:10DCE000B10521F480A191A1A2A1B3A1C418D508C6
:10DCF000E608F7088C0D9D1DAE1DBF1D6C017D0152
:10DD000004C0F694E794D794C7941A95D2F7D70134
:10DD1000C6010196A11DB11D8093861590938715AC
:10DD2000A0938815B093891585EFC8168FE0D806A3
:10DD3000E104F104C8F48CE0809372151092CE17C0
:10DD40001092CD1780E0DF91CF911F910F91FF903E
:10DD5000EF90DF90CF90BF90AF909F908F907F908B
:10DD60006F905F904F90089580E125EFC2162FEFDE
:10DD7000D206E104F10468F084A595A5A6A5B7A58F
:10DD800080938A1590938B15A0938C15B0938D1565
:10DD900080E2809372158092981590929915A092C6
:10DDA0009A15B0929B158DE997E10E9486E4109236
:10DDB0009D1710929F176DE675E18DE997E10E941E
:10DDC00059EA882309F4BACF80913018909131181C
:10DDD000892B09F08ECE8DE695E1909331188093D2
:10DDE000301887CE88E080937115A8CF1092D01795
:10DDF0001092CF171092721510929115809294156F
:10DE000090929515A0929615B092971510929D1725
:10DE100010929E1710929F17D093CE17C093CD17D4
:10DE2000F0926E15E0926D1581E090E0A0E0B0E018
:10DE30008093761590937715A0937815B093791504
:10DE4000F0929315E092921596CE8F929F92AF9298
:10DE5000BF92CF92DF92EF92FF920F931F93CF93D7
:10DE6000DF93CDB7DEB7C151D1400FB6F894DEBF16
:10DE70000FBECDBF5C01E4EEF4E188E4DF011D924A
:10DE80008A95E9F7B2E0CF5EDE4FB883C151D14049
:10DE900081ED882E912C8C0E9D1E8CE0880E911C9D
:10DEA00091E9E92EF12CEC0EFD1EACE0EA0EF11C1E
:10DEB000CE018F529F4F0E946070CE018F569F4FB0
:10DEC0000E946070CE018F529F4F0E94E9E4811141
:10DED00002C010E03DC0D12CC12C10E015C0AE0135
:10DEE0004F5F5F4FB601CE018F569F4F0E94507D0E
:10DEF000CE0101960E94AC6F082F81113EC0C70170
:10DF00000E94C3E4012F102FB401C7010E9455E7FE
:10DF1000882349F0A114B10411F3CA14DB04F8F208
:10DF2000C7010E94C3E4CE018F529F4F0E94C28955
:10DF3000882379F21123E9F188E4FE01E75BFF4FC2
:10DF4000A4EEB4E101900D928A95E1F70E94D28986
:10DF5000812FCF5EDE4F0FB6F894DEBF0FBECDBF70
:10DF6000DF91CF911F910F91FF90EF90DF90CF90B5
:10DF7000BF90AF909F908F900895BFEFCB1ADB0AB0
:10DF8000112349F0BE01675B7F4FCE0101960E94CD
:10DF90005A6F181654F488E4FE013196DE01A75B2F
:10DFA000BF4F01900D928A95E1F7C7010E94C3E42B
:10DFB000AACFCF5EDE4F8881C151D140813039F088
:10DFC000A1E0CF5EDE4FA883C151D14071CF86EE74
:10DFD0009CE10E94B77DBCCF0E9432290E94CE7086
:10DFE00080911914882321F089E194E10E94288C02
:10DFF00085E090E090939E0F80939D0F08950F937E
:10E000001F93CF93DF938B01EA010E949A7F081739
:10E01000190789F067E070E097FF04C066E070E0E0
:10E02000C9EBD1E1CE010E94FA7B80E0DF91CF9174
:10E030001F910F91089581E0F9CFCF92DF92EF9277
:10E04000FF921F93CF93DF931F92CDB7DEB710E0FF
:10E0500001C012E00E94E170C090B70ED090B80EDF
:10E06000E090B90EF090BA0E6C157D058E059F05F7
:10E0700008F043C0717088279927672B682B692B9C
:10E08000A1F4E091F80EF091F90E309771F0199526
:10E09000882359F081E08093940367E070E08BED72
:10E0A00091E10E94FA7B80E012C04EEC51E161E008
:10E0B00070E0CE0101960E94FFEF882341F0998124
:10E0C000113071F0C0F0123091F0953AA1F40F9038
:10E0D000DF91CF911F91FF90EF90DF90CF90089547
:10E0E000963109F4B6CF992309F4B4CFB0CF13E039
:10E0F000963109F4AFCF11E0F6CF67E070E081EC24
:10E1000091E1CFCF0F931F93CF93DF938B010097B4
:10E1100029F04115510539F4FC011082DF91CF91AE
:10E120001F910F910895BA01EC0101501109A80146
:10E130000E94B5FFC00FD11F1882F0CF1092CE17EA
:10E140001092CD171092D0171092CF171092D217AD
:10E150001092D1171092D4171092D31780E58093A4
:10E16000D5171092D6171092D7171092D817109271
:10E17000D9171092DA171092DB171092DC17109251
:10E18000DD178AE28093DE171092DF171092E017F6
:10E190001092E1171092E2178DE295E10E946070F3
:10E1A000E3EEF7E1138212828BE493E091838083A4
:10E1B00088E084838FEF858389E0868384E087838A
:10E1C00085E0808786E0818787E0828713861486D2
:10E1D00015861686178681E00C94B5DDCF93DF9304
:10E1E000CDB7DEB7C857D1090FB6F894DEBF0FBE62
:10E1F000CDBF789484B5826084BD84B5816084BDD0
:10E2000085B5826085BD85B5816085BD80916E00D4
:10E21000816080936E001092810080918100826005
:10E220008093810080918100816080938100809142
:10E2300080008160809380008091B1008460809331
:10E24000B1008091B00081608093B0008091910016
:10E250008260809391008091910081608093910011
:10E26000809190008160809390008091A1008260F5
:10E270008093A1008091A10081608093A100809192
:10E28000A00081608093A000809121018260809332
:10E2900021018091210181608093210180912001E1
:10E2A00081608093200180917A00846080937A005D
:10E2B00080917A00826080937A0080917A008160F8
:10E2C00080937A0080917A00806880937A0010921F
:10E2D000C100E0913418F0913518309711F4E8E35B
:10E2E000F8E18DB79EB7F0931B18E0931A18F093DE
:10E2F0001918E093181821E020931C189F01205F43
:10E300003F4F2817390758F4409790931918809376
:10E31000181825EAE817F90710F42193FBCF4FE20C
:10E320005AE16CE070E08CEF97E10E94C2B0109867
:10E33000089A1092520E60E087E10E943EDC61E094
:10E3400087E10E9479DD1092920F1092910F109246
:10E35000B0001092B100109270001092B200249A96
:10E3600083E08093B00081E08093B10080E50E945B
:10E37000E27910921E1810921D1880917D0F811164
:10E3800002C00E9485AE82E00E94B5DD0E9426DDBB
:10E390008FEF8093360260E086E30E9479DD109271
:10E3A000580E1092570E1092560E1092550E0E9453
:10E3B000D3DE7093540E6093530E0E9419770E941F
:10E3C0000776CE0183599F4F0E946D7981119DC0C0
:10E3D0000E94077668E27AE180E00E9497B26CE1E1
:10E3E0007AE181E00E9497B260EB74E080E090E017
:10E3F0000E947BDE0E94077663EB79E180E00E9459
:10E4000097B267EA79E181E00E9497B268EE73E023
:10E4100080E090E00E947BDE0E94ADDEAF969FAF71
:10E420008EAFAF97BC0185E19AE10E949A7CE1969C
:10E430009FAF8EAFE197AF966EAD7FADAF9780E1A6
:10E440009AE10E949A7CE3969FAF8EAFE397AF96D6
:10E450006EAD7FADAF978BE09AE10E949A7CE59616
:10E460009FAF8EAFE597AF966EAD7FADAF9784E06F
:10E470009AE10E949A7CE7969FAF8EAFE797AF969E
:10E480006EAD7FADAF978FEF99E10E949A7CE996D0
:10E490009FAF8EAFE997CE0183599F4F0E941D76A3
:10E4A0008111D2C063EF79E180E00E9497B265EEFE
:10E4B00079E181E00E9497B268E077E080E090E047
:10E4C0000E947BDE87EF93E0AF969FAF8EAFAF9752
:10E4D00085E391E0E1969FAF8EAFE19786E890E00B
:10E4E000E3969FAF8EAFE3978FED91E0E5969FAFF8
:10E4F0008EAFE597E7961FAE1EAEE7978FEC92E0E2
:10E50000E9969FAF8EAFE99717C0CE0183599F4F11
:10E510000E941D76882309F45BCF8CE0FE01E3594D
:10E52000FF4FA7E3B2E001900D928A95E1F70E94B8
:10E530009D76049709F44CCF8CE0FE01E359FF4F20
:10E54000A7E3B2E001900D928A95E1F70E94BE7DAB
:10E5500080E00E944A9380934F0F1092520F1092C6
:10E56000510F1092500F1092FB170E9420B810927A
:10E57000490F1092590E0E9420B80E94B3CD1092FC
:10E5800015181092141810928B0F1092840F10927D
:10E59000830F1092860F1092850F10925A0E70E022
:10E5A00060E090E080E00E94C6B670E060E081E04C
:10E5B00090E00E94C6B663E070E082E090E00E94C6
:10E5C000C6B662E070E083E090E00E94C6B61092AA
:10E5D0008A0F1092890F1092880F1092870FCE0128
:10E5E00001960E941179882309F4E2C08981823062
:10E5F00008F0DEC0EA81E13108F0DAC09B81923098
:10E6000008F0D6C09C81943008F0D2C0817080930D
:10E610008B0FE150E03108F007C3F0E08827EC5E93
:10E62000FC408F4F0D94FB02D9F5E4F5E7F5EAF5D0
:10E63000EDF5FAF501F604F611F60EF690F397F300
:10E64000F4F5D2F5F7F50BF61C8A1B8A8BE492E3FE
:10E65000A4E4B3E589839A83AB83BC8382E090E032
:10E660009E838D838CE0FE01E359FF4FDE011796F8
:10E6700001900D928A95E1F762E170E0CE0101967A
:10E680000E944B789C8B8B8B9E012F5F3F4F7901B3
:10E6900010E000E0A3961FAF0EAFA397D7016D91D6
:10E6A0007D01CE018F599F4F0E94C9790F5F1F4F87
:10E6B0000431110579F7F999FECFCE018F599F4F9B
:10E6C0000E946D79882361F04CE050E0BE016359EF
:10E6D0007F4FCE018F599F4F0F947804892B89F07B
:10E6E00068ED79E180E00E9497B26EEC79E181E01B
:10E6F0000E9497B268E077E080E090E00E947BDEC5
:10E700001BCF62EC79E180E00E9497B26CEB79E17B
:10E7100081E00E9497B26CEB72E080E090E0EECF77
:10E720001092840F1092830F81E090E006C0109247
:10E73000840F1092830F82E090E09093860F809375
:10E74000850F8D81853A09F074C2EE8010925A0EC1
:10E7500010E000E0F12CC8010496011102C090E025
:10E7600080E09801220F331FB70102C075956795AD
:10E770002A95E2F7637077270E94DBB6BC01C801D7
:10E780000E94C6B60F5F1F4F0430110521F70E948B
:10E79000EFB68B8190E090938A0F8093890F8C81E4
:10E7A000282F30E0843020F43093880F2093870F97
:10E7B00088E098E10E94AAB610920E1810921718DD
:10E7C0001092161810928D0F10928C0F10928F0FBE
:10E7D00010928E0F1092900FCE0101960E94B47885
:10E7E000882311F199818CEF890F833010F09130DB
:10E7F000D9F48A818230C0F43B813330A8F42C8173
:10E80000223090F4913009F017C284E090E09093A8
:10E810008D0F80938C0F832F90E090938F0F8093B8
:10E820008E0F21702093900F8FE098E10E9437B2F5
:10E8300010921318109219141092710F1092700FF9
:10E840001092670F1092660F1092650F1092640F6E
:10E850001092630F10926F0F10926E0F10926D0F47
:10E8600010926C0F10926B0F10926A0F1092690F3A
:10E870001092680F0E940C341092F70E1092F60E50
:10E880001092FB0E1092FA0E1092F50E1092F40EEA
:10E890001092F30EFF24F394F0924D021092F20EB8
:10E8A00001E010E010934F0200934E021092F10E1F
:10E8B0001092F00E1092EF0E1092EE0E1092EA0EE1
:10E8C0001092EB0E1092EC0E1092ED0E0E94E92EBB
:10E8D0001092E90E1092D80E0E94B06E0E9472DC67
:10E8E00010926F0E10926E0E10926D0E10926C0EB2
:10E8F000F092430210926B0E10926A0E1092690E03
:10E900001092680E1092670E1092660E1092650EAD
:10E910001092640E1092630E10925F0E1092600EB1
:10E920001092610E1092620E10925B0E10925C0EAD
:10E9300010925D0E10925E0E1092071281E00E94FE
:10E940006975109206121092071210920512109219
:10E9500004121092D70E1092D60E1092D50E10926D
:10E96000D40EF0924C021092D30E1092D20E10924E
:10E97000D10E1092D00E1092CF0E1092CE0E109299
:10E98000CD0E1092BB0E90E080E00E94875D109249
:10E99000B70E1092B80E1092B90E1092BA0E1092D5
:10E9A000B30E1092B40E1092B50E1092B60E1092D5
:10E9B000AF0E1092B00E1092B10E1092B20E1092D5
:10E9C000AB0E1092AC0E1092AD0E1092AE0E1092D5
:10E9D000A70E1092A80E1092A90E1092AA0E1092D5
:10E9E000A30E1092A40E1092A50E1092A60E1092D5
:10E9F0009F0E1092A00E1092A10E1092A20E1092D5
:10EA00009B0E10929C0E10929D0E10929E0E1092D4
:10EA10009A0E1092960E1092970E1092980E1092D7
:10EA2000990E1092920E1092930E1092940E1092D4
:10EA3000950E1092910E1092900E10928C0E1092D4
:10EA40008D0E10928E0E10928F0E1092880E1092D4
:10EA5000890E10928A0E10928B0E1092870E1092D1
:10EA6000860E0E94103A1092850E1092840E10921B
:10EA7000830E1092820E1092810E1092800E1092D0
:10EA80007F0E10927E0E10927D0E10927C0E1092D0
:10EA90007B0E10927A0E1092790E1092780E1092D0
:10EAA000770E1092760E1092750E1092740E1093CF
:10EAB0004B0200934A0210934902009348021092BD
:10EAC000730E1092720E1092710E1092700E0E94C0
:10EAD00044620E94926288EB9EE7009711F488E6F8
:10EAE0009EE7909347028093460283EE94E8009756
:10EAF00011F48AE99FE790934502809344020E94B3
:10EB0000533A8DED9BE79093B30F8093B20F8AE257
:10EB100097E79093F90E8093F80E0E94C7C4109265
:10EB2000950F1092940F0E940776EDE62E2E312C51
:10EB30002C0E3D1EB2E02B0E311C0E94D3DE4B0189
:10EB40008091940F9091950F8130910509F083C1C8
:10EB50000E94554C8091211890912218F401E81BD5
:10EB6000F90B359708F47CC09092221880922118F6
:10EB70000E944877009709F473C0FC013197E9308F
:10EB8000F10508F06DC08827E753FA408F4F0D94C8
:10EB9000FB022AF62AF652F652F654F654F630F6EE
:10EBA00030F69EF61092840F1092830F83E090E06F
:10EBB000C4CD81E090E09093840F8093830F1092F6
:10EBC000860F1092850FBDCD82E090E0F4CF83E0F8
:10EBD00090E0F1CF84E090E0EECF85E090E090937C
:10EBE000840F8093830FA7CD85E090E0E4CF86E08B
:10EBF00090E0E1CF86E090E09093840F8093830FC4
:10EC0000D5CF86E090E0EBCF86E090E09093840F44
:10EC10008093830F89CD87E090E0CDCF87E090E0AF
:10EC2000F5CF87E090E0DBCF1092840F1092830F36
:10EC3000C6CF0E9421B7ADCD943019F483E090E0A7
:10EC4000E6CD953019F482E090E0E1CD91E089279E
:10EC500090E0DDCD8FEF0E94385381110E948B76BA
:10EC60000E94554C80911F18909120189401281BE8
:10EC7000390B2A3F310560F09092201880921F18BE
:10EC8000CE0101960E949A2FCE0101960E94BAB23F
:10EC90000E94554C80E090E0892B09F44ECF0E94F1
:10ECA000000043CF81E0D7CF8091700F9091710F1A
:10ECB0000E94FC6D882381F180916A0F81112CC024
:10ECC0008091680F811128C00E94DD2E8C01892B54
:10ECD00079F48091FA0E9091FB0E0E94FC6D8823CE
:10ECE00001F100914E0210914F0201151105C9F07A
:10ECF0000E94F33C81E00E94817210926D0F10928D
:10ED00006C0F10926B0F0E940C34C8010E94F64BDE
:10ED100081110AC010926A0F0E94173D0E94097665
:10ED20009FCF01E010E0E4CF10926F0F10926E0FB2
:10ED300081E080936A0F0E94817292CF8091700F60
:10ED40009091710F892B09F48BCF1091680F1111DD
:10ED500087CF80916E0F90916F0F8130910509F4EC
:10ED600047C0D8F0029709F456C00E94F33C1092B5
:10ED70006F0F10926E0F10926D0F10926C0F109219
:10ED80006B0F8091700F9091710F0E94FC6D8093BA
:10ED90006A0F0E940C3481E0CECF8091630F909176
:10EDA000640F20916A0F2223A1F010926A0F892B21
:10EDB00059F480E00E9481720E947C72811104C02B
:10EDC00081E080936D0F4CCF10926D0F0E94514ADD
:10EDD00047CF892BC9F780916C0F8111F5CF0E9425
:10EDE0007C728111F1CF81E080936D0F80E0A3CF21
:10EDF0000E940635882309F433CF1092FC0E81E07F
:10EE000020916E0F30916F0F2230310509F080E0B4
:10EE10008093FD0E25CF1092FD0E8091630F90918F
:10EE2000640F892B61F480916C0F811108C00E94DE
:10EE30007C72811104C081E080936B0F11E010920D
:10EE4000FC0E0E94113481110BCF112309F408CF5D
:10EE500010926B0F05CF029709F0B3C00E9405D244
:10EE60008091211890912218D401A81BB90B1597F5
:10EE700090F190922218809221180E944877009772
:10EE800051F105978530910530F58E5B9C4FFC0163
:10EE9000208130E08091790F90917A0F21303105F7
:10EEA00009F057C09C01215031092330310598F4F5
:10EEB0008130910529F50E9486CF882361F08091E9
:10EEC000560290915702892B31F40E947C72811175
:10EED00002C00E94D5C10E9405D280911F18909156
:10EEE00020189401281B390B2A3F310530F09092ED
:10EEF000201880921F180E948CBE0E9405D2CACE94
:10EF0000029791F40E9458C1882329F31092FE0EB3
:10EF100081E02091790F30917A0F2330310509F08B
:10EF200080E08093FF0ED7CF1092FF0E80915602A3
:10EF300090915702892B41F40E947C72811104C088
:10EF400081E08093FE0EC7CF1092FE0E0E948AC011
:10EF5000C2CF2230310519F59C01215031092330EF
:10EF6000310518F40E9427CFB6CF9C0125503109F6
:10EF70002330310518F0892B09F0ADCF0E94F9CD6F
:10EF800080914A0F882331F06091400F80E09FE02C
:10EF90000E94AACB0E9407760E9409769CCF23305C
:10EFA000310509F098CF9C012150310924303105F9
:10EFB00018F0079709F08FCF0E94B5CE0E94077610
:10EFC0008ACF8091FB17882331F00E949D760497A9
:10EFD00011F01092FB170E94F16F0E944570882378
:10EFE00009F472C010924F0F1092490F10924E0FF9
:10EFF00010924D0F10924C0F10924B0F1092520F17
:10F000001092510F1092500F67E47AE184EE94E170
:10F010000E9495FF892BE9F08BE39AE10E9476BA72
:10F020008091490F8823A9F00E94D3DE2091410FDF
:10F030003091420F621B730B77FD0BC01092490F8A
:10F0400081E00E944A9380934F0F811145C00E9436
:10F050008FBA26E43FE048E45FE060E184EE94E1AB
:10F060000E948AB70E944AB88C010E94D7B7011546
:10F07000110539F060E1681B643008F464E0645005
:10F0800081F51092450F0E944877FC01892BA1F170
:10F090002091940F3091950F2115310509F0B5C2DB
:10F0A0003197EA30F10540F58827E65AF7408F4F4F
:10F0B0000D94FB0279F89EF8A0F8A4F8A6F8E1F800
:10F0C000F4F81AF932F937FA0E944C70882309F4DF
:10F0D000A7CF0E94E0CDA4CF0E9420B80E94B3CD5C
:10F0E000B8CF23E43FE045E45FE0C8010E948AB75F
:10F0F000CACF80E00E9464CE80911F1890912018A2
:10F100009401281B390B2837310508F4C3CD9092A0
:10F11000201880921F188091940F9091950F823043
:10F12000910509F4BFC608F03CC5009709F45BC51A
:10F13000019709F4ADC60E940976ACCD81E0DACF23
:10F1400080E00E9406CED8CF81E0FBCF0E9440B87D
:10F150008111D2CF6FE270E08BE592E00F94BB0497
:10F160008C01009729F40E9420B80E94F9CDC4CFE9
:10F170004FE350E0BC016F5F7F4FCE0101960F94CB
:10F18000AC0421961FAE219732E00B351307B1F482
:10F1900010925C0210924C0F10924B0F10924A0F7B
:10F1A0000E9415B80E94F9CD8981882309F4A4CF63
:10F1B00061E0CE0101960E94AACB9ECFD8011C929D
:10F1C000E9CF0E9440B8882371F20E94C5B710921F
:10F1D0001E1810921D1880917D0F811102C00E948F
:10F1E00085AE85E090E037C08091FB17811184CF18
:10F1F00080914F0F811106C081E08093FB170E9420
:10F20000E0CD7ACF80E00E944A93811103C0109232
:10F210004F0FABCF81E080934F0F0E94C5B7809115
:10F220008C0F90918D0F8430910509F065C101E03C
:10F2300010E074C18091FB1781115ECF80914F0F58
:10F240008823D1F280E00E944A93882301F30E9430
:10F25000C5B784E090E09093950F8093940F0E943F
:10F2600007764ACF80914F0F882349F280914D0F46
:10F2700090914E0F892B29F48DE79AE10E94CBBA29
:10F280003BCF80912515882319F08FE69AE1F6CFC0
:10F2900080912415882309F448C08091E4148823C0
:10F2A00009F42ACF04EE14E1F80101900020E9F7F7
:10F2B0008F01055E14410E9440B8EE24E394F12CC6
:10F2C000811109C0EBE5F2E001900020E9F79F0110
:10F2D0002C553240790198012E0D3F1D8111E6C554
:10F2E0002F5F3F4F2036310518F083E59AE1C6CFF6
:10F2F000A7016BE572E0CE0101960F948504E1E071
:10F30000F0E0EC0FFD1FEE0DFF1D8FE28083C701C3
:10F310000196A8014F5F5F4F64EE74E1A1E0B0E099
:10F32000AC0FBD1F8A0F9B1FCEC581E69AE10E94DC
:10F33000CBBA0E94C5B71092520F1092510F109283
:10F34000500F1092720F84EE94E10E94976D08970F
:10F3500019F480E00E9408B6C090890FD0908A0FFF
:10F360000E943DB62C01E0908B0F109219148091F1
:10F370005B02882309F480C08091E414882309F497
:10F380007BC00BE512E0F80101900020E9F78F0146
:10F390000C551240E4EEF4E101900020E9F79F01E2
:10F3A000255E34413901F801E65AFD4FF08081E0D5
:10F3B00090E03FE2F31202C090E080E09801260D59
:10F3C000371D820F931F803A910508F055C0A801A0
:10F3D0006BE572E089E194E10F9485048FE2F81601
:10F3E00031F0F801E75EFB4E80830F5F1F4FA301F2
:10F3F0004F5F5F4F64EE74E1C801875E9B4E0F94D0
:10F40000850484EE94E10E94976D9093710F809330
:10F41000700FE092670F5092660F4092650FD09286
:10F42000640FC092630F10926F0F10926E0F1092C4
:10F430006D0F10926C0F10926B0F10926A0F10925A
:10F44000690F1092680F0E940C348091700F909198
:10F45000710F892B41F50E94F33C8091720F882334
:10F4600009F447C00E94173D0E94097645CE0E94CC
:10F47000C5B783E090E0EFCE1092710F1092700F3D
:10F4800010926F0F10926E0F10926D0F10926C0F02
:10F4900010926B0F10926A0F1092690F1092680F02
:10F4A0000E940C34D8CF0E941F360E94103A81E08F
:10F4B00090E00E94F64B882381F28091700F90912A
:10F4C000710F0E94FC6D882331F081E080936A0FF8
:10F4D0000E948172C2CF8091630F9091640F892B3B
:10F4E00029F481E080936D0F80E0F2CF0E94514AB1
:10F4F000B4CF81E090E0AFCE8330910509F4F9C438
:10F500008230910509F4F8C406E010E064E4462E68
:10F510006CEA562E612C712C892B31F052E2452E6B
:10F5200056E5552E612C712CE0908E0FF0908F0FC8
:10F53000D090900F0E94C7C48CEF97E190937C0FFE
:10F5400080937B0F1093510200935002409252021D
:10F55000509253026092540270925502F0925702F8
:10F56000E0925602D092580292E0E916F10441F47A
:10F5700080E00E9481720E9486CF82E090E06BCE94
:10F580000630110521F58CEF97E10E9437BE8823E4
:10F5900071F180E00E94817281E090E090937A0F97
:10F5A0008093790F8091560290915702019729F725
:10F5B0001FB7F8941092780F1092770F1092760F71
:10F5C00081E08093750F0E94916E1FBFD6CF0130EE
:10F5D000110529F48CEF97E10E943425D8CFC8019A
:10F5E0000497029748F087E89AE10E9487258FE9FF
:10F5F0009FE00E94E7C1C1CF1093740F0093730F77
:10F600008CEF97E10E941126C2CF2330310509F01B
:10F610001CC13197E930F10508F06ECD8827EC5E0A
:10F62000F4408F4F0D94FB021DFB1DFB2CFB2CFBAC
:10F63000B5FBB5FB7CF87CF834FB80911418815045
:10F6400087FD0EC0853074F4082E000C990B909342
:10F6500015188093141850CD809114188F5FF0CF37
:10F6600084E0F2CF80E0F0CF8091141890911518CB
:10F67000009751F480918B0F91E0892780938B0F35
:10F6800081E080930E1838CD8130910579F481E0C6
:10F6900090E02091890F30918A0F232B11F090E098
:10F6A00080E090938A0F8093890FEACF8230910592
:10F6B00081F40E9421B78091830F9091840F01966D
:10F6C000877099279093840F8093830F0E94EFB6E1
:10F6D000D7CF0397F1F58091830F9091840F009716
:10F6E000D1F48091850F9091860F009749F481E0C5
:10F6F00090E09093860F8093850F0E9421B7C0CF32
:10F700008130910519F482E090E0F3CF0297E1F4A3
:10F7100083E090E0EECF8530910549F48091850F2C
:10F720009091860F892B79F390E080E0E2CF8630CC
:10F730009105B9F2079709F78091850F9091860F8F
:10F740000097A9F20197F9F21092860F1092850F97
:10F75000D4CF8091870F8F5F843008F080E090E0F5
:10F760009093880F8093870F8BCF80910E188823FA
:10F7700009F47ACECE0183599F4F0E94AAB646E083
:10F7800050E068E078E1CE0183599F4F0F947804F0
:10F79000892B19F410920E1867CE1E861D868CE4F4
:10F7A00090E5A4E4B3E589839A83AB83BC8381E0CD
:10F7B00090E09E838D8386E0FE01E359FF4FDE01DA
:10F7C000179601900D928A95E1F76CE070E0CE01FA
:10F7D00001960E944B789E878D87DE0111967D01F0
:10F7E00000E210E0A3961FAF0EAFA397F70161915F
:10F7F0007F01CE018F599F4F0E94C9790F5F1F4F24
:10F800000E32110579F7F999FECFCE018F599F4F2E
:10F810000E941179882309F427CE46E050E0BE010A
:10F8200063597F4FCE018F599F4F0F947804892BD6
:10F8300009F01ACE86E0FE01E359FF4FA8E0B8E1D7
:10F8400001900D928A95E1F7A5CF2430310509F09A
:10F85000D4C03197E930F10508F04ECC8827EC5C34
:10F86000F3408F4F0D94FB023DFC3DFC4CFC4CFCE7
:10F8700089FC89FC7CF87CF853FC809116189091E7
:10F8800017189927029663E070E00F94C5029093D1
:10F8900017188093161830CC80911618909117186D
:10F8A00099270196F0CF809116189091171800971C
:10F8B00091F480918C0F90918D0F9927019665E0BE
:10F8C00070E00F94C50290938D0F80938C0F81E0B0
:10F8D0008093131811CC0197A9F480918E0F909109
:10F8E0008F0F009749F0019751F482E090E09093D8
:10F8F0008F0F80938E0FEBCF81E090E0F8CF90E0F8
:10F9000080E0F5CF8091900F91E089278093900F50
:10F91000DECF80911318882309F4A6CDCE01835938
:10F920009F4F0E9437B244E050E06FE078E1CE0193
:10F9300083599F4F0F947804892B19F41092131850
:10F9400093CD1C861B8683E492E5A4E4B3E589830A
:10F950009A83AB83BC8381E090E09E838D83E196A4
:10F960008CAD9DADAEADBFADE1978F839887A98774
:10F97000BA876AE070E0CE0101960E944B789C87BE
:10F980008B87DE0111967D0100E310E0A3961FAF87
:10F990000EAFA397F70161917F01CE018F599F4F61
:10F9A0000E94C9790F5F1F4F0C33110579F7F99940
:10F9B000FECFCE018F599F4F0E94B478882309F45F
:10F9C00053CD44E050E0BE0163597F4FCE018F59C3
:10F9D0009F4F0F947804892B09F046CDE1968CADAA
:10F9E0009DADAEADBFADE19780930F189093101809
:10F9F000A0931118B0931218A1CF2530310509F04A
:10FA00007BCB3197E930F10508F076CB8827E45FAE
:10FA1000F2408F4F0D94FB0215FD15FD24FD24FDD2
:10FA200051FD51FD7CF87CF82CFD80911D18815012
:10FA300087FD0EC0833074F4082E000C990B909350
:10FA40001E1880931D1858CB80911D188F5FF0CF22
:10FA500082E0F2CF80E0F0CF80911D1890911E18C7
:10FA6000009791F481E090E02091910F3091920FF6
:10FA7000232B11F090E080E00E94307881E08093A9
:10FA8000820F1092930F38CB019709F035CB8091FC
:10FA90005902843620F4865F0E94E279EFCF8AE033
:10FAA000FBCF8091820F882309F4DECCD1011D9217
:10FAB0001C928091910FAE968FAFAE9780915902B4
:10FAC000AF968FAFAF9744E050E06EE77FE0CE0196
:10FAD00083599F4F0F947804892B29F41092820F39
:10FAE0001092930FC1CC1C861B8689E593E5A4E494
:10FAF000B3E589839A83AB83BC8381E090E09E83E6
:10FB00008D83E1968CAD9DADAEADBFADE1978F839A
:10FB10009887A987BA876AE070E0CE0101960E94B3
:10FB20004B789C878B87DE0111967D0100E410E005
:10FB3000A3961FAF0EAFA397F70161917F01CE018E
:10FB40008F599F4F0E94C9790F5F1F4F0C341105C9
:10FB500079F7F999FECFCE018F599F4F0E945778C0
:10FB6000882361F044E050E0BE0163597F4FCE012D
:10FB70008F599F4F0F947804892B21F081E0809357
:10FB8000930F72CCE1968CAD9DADAEADBFADE1975C
:10FB900080937E0F90937F0FA093800FB093810F7F
:10FBA0009DCF8430910509F48EC000F1059709F0CE
:10FBB000C2CA80911D1890911E18009709F0BFC00D
:10FBC00067E87BE180E00E9450B78091910F9091AF
:10FBD000920F6DE77BE1019711F063E77BE181E034
:10FBE0000E9450B757C80E94ADB954C880911418EC
:10FBF00090911518009789F463EF7AE180E00E94F4
:10FC000050B780918B0F6FEE7AE1811102C06AEEDE
:10FC10007AE181E00E9450B73DC88130910581F4BE
:10FC20006FED7AE180E00E9450B78091890F90914A
:10FC30008A0F67ED7AE1019761F360ED7AE1E9CF30
:10FC40008230910591F468EC7AE180E00E9450B72F
:10FC5000E091830FE83008F0E0E0F0E0EE0FFF1FE6
:10FC6000EE56F54E65917491D4CF0397E1F461ECB3
:10FC70007AE180E00E9450B78091830F9091840FC9
:10FC8000009731F0059762EA7AE1039708F0C1CF57
:10FC9000E091850FE43008F0E2E0F0E0EE0FFF1FA6
:10FCA000EA55F54EDFCF66EB7AE180E00E9450B76F
:10FCB000E091870FE43008F0E0E0F0E0EE0FFF1F86
:10FCC000E255F54ECFCF80911618909117180097F6
:10FCD000B9F48CE29BE10E943CDDE0918C0FF09145
:10FCE0008D0F8FEF9AE1E53038F4FF27EE0FFF1FFD
:10FCF000EF5FF44E859194910E945BB20C944AF6AA
:10FD0000019779F481E19BE10E943CDDE0918E0F47
:10FD1000E33008F0E0E0F0E0EE0FFF1FE55FF44EA7
:10FD2000E9CF82E29BE10E943CDD8091900F882325
:10FD300019F08FE19BE1E0CF8BE19BE1DDCF0197F3
:10FD4000C9F56EE47BE180E00E9450B79091930F7B
:10FD5000809159029923F1F01F928F938DE39BE1DB
:10FD60009F938F931F9281E18F9381E090E08C0F9E
:10FD70009D1F9F938F930E94EBAE0FB6F894DEBF4A
:10FD80000FBECDBFBE016F5F7F4F81E00E94B8AE56
:10FD90000C944AF61F928F9386E39BE19F938F9377
:10FDA0001F9281E18F93E1E0F0E0EC0FFD1FFF93E4
:10FDB000EF93E1CF66E67BE180E00E9450B780914F
:10FDC0001C18209134183091351881113BC0A901BD
:10FDD0002115310511F448E358E18DB79EB7481756
:10FDE000590708F04FC0841B950B2115310511F4FC
:10FDF00028E338E14DB75EB72417350708F045C052
:10FE0000421B530B9F938F935F934F9389E59BE125
:10FE10009F938F931F9281E18F93E1E0F0E0EC0FCD
:10FE2000FD1FFF93EF930E94EBAEBE016F5F7F4F0C
:10FE300081E00E94B8AE0FB6F894DEBF0FBECDBF12
:10FE40000C944AF6C9012115310511F488E398E1B3
:10FE500040911A1850911B184817590708F4AC0123
:10FE600060911818709119184617570758F4CA016D
:10FE7000DC01EC91E53A09F0B6CF019686179707B9
:10FE8000B8F3B1CF90E080E0B0CF50E040E0BACF1F
:10FE9000CE0101960E949A2FCE0101960E94BAB21D
:10FEA0000C944AF60E948CBE0C944AF6203631051A
:10FEB00008F01BCA8FE28983A8014F5F5F4F64EE91
:10FEC00074E1CE0102960F9485044FE550E0BE0127
:10FED0006F5F7F4F8BE592E00F94AC041092BA02F3
:10FEE00010924C0F10924B0F10924A0F0E9415B8AF
:10FEF0003CC904E010E012CB05E010E00FCBFB01A1
:10FF0000DC0104C08D910590801921F441505040CE
:10FF1000C8F7881B990B0895FB01DC0102C005900E
:10FF20000D9241505040D8F70895FB01DC018D91AE
:10FF3000059080190110D9F3990B0895FC010590E3
:10FF40000020E9F7809590958E0F9F1F0895FB0183
:10FF5000DC014150504030F08D910590801919F42A
:10FF60000020B9F7881B990B0895FB01DC01415073
:10FF7000504048F005900D920020C9F701C01D9235
:10FF800041505040E0F708950F931F93CF93DF93B4
:10FF9000CDB7DEB72E970FB6F894DEBF0FBECDBF3C
:10FFA0008C01FA018EE08C831A83098377FF02C0EB
:10FFB00060E070E8615071097E836D83A901BF0123
:10FFC000CE0101960E94FDFF4D815E8157FD0AC062
:10FFD0002F813885421753070CF49A01020F131F23
:10FFE000F80110822E960FB6F894DEBF0FBECDBF7B
:10FFF000DF91CF911F910F9108952F923F924F92D1
:020000022000DC
:100000005F926F927F928F929F92AF92BF92CF92A8
:10001000DF92EF92FF920F931F93CF93DF9300D065
:1000200000D000D01F921F92CDB7DEB77C013B01FC
:100030008A01FC0117821682838181FFDDC1CE0116
:1000400001965C01F7019381F30193FD859193FF84
:1000500081913F01882309F453C1853239F493FD1E
:10006000859193FF81913F01853229F4B70190E09A
:100070000F941502E7CF912C212C312CFFE1F315C1
:1000800038F08B3211F190F4803209F1833229F18A
:1000900037FC3CC020ED280F2A3050F536FE20C03A
:1000A0008AE0989E200D1124922E06C08D3291F088
:1000B000803371F7689430F8F30193FD859193FFD5
:1000C00081913F018111DACF21C0689431F86894A1
:1000D00032F8F2CF689433F8EFCF689434F8ECCF6D
:1000E000EAE02E9E200D1124222E689435F8E4CFEC
:1000F0008E3229F436FC04C1689436F8DDCF8C3694
:1001000019F4689437F8D8CF8836B1F2982F9F7DCC
:1001100095549330E0F08336A1F18337C1F18335F4
:1001200009F063C02801F2E04F0E511CF801C080B5
:10013000D180692D70E036FC02C06FEF7FEFC60101
:100140000F94FF014C01689437F882010AC00C5FDC
:100150001F4FFFE3F98388248394912C6501E89471
:1001600037F833FE2DC0522C8114910471F55520BF
:1001700009F468CFB70180E290E00F9415025A9419
:10018000F6CFF801808189830E5F1F4FE4CF2801ED
:10019000F2E04F0E511CF801C080D180692D70E053
:1001A00036FC02C06FEF7FEFC6010F940A024C01CC
:1001B0008201D5CFB70180E290E00F9415022A9416
:1001C0002814190409F0B0F7CECFF60137FC859159
:1001D00037FE81916F01B70190E00F941502511025
:1001E0005A94F1E08F1A9108BFCF843619F08936FE
:1001F00009F077C0F80137FE6BC0608171818281A0
:1002000093810C5F1F4FF32DFF763F2E97FF09C0A0
:1002100090958095709561957F4F8F4F9F4F689413
:1002200037F82AE030E0A5010F944502C82ECA181D
:100230008C2C432C36FE0CC0E89440F8C91440F4D2
:1002400034FE05C032FC03C0F32DFE7E4F2E892CF8
:1002500044FEAAC0FE01EC0DF11D8081803309F03F
:100260009CC0242D297E422E842D8870582E43FC5C
:10027000AAC040FEA4C09C2C821418F42C0C922C12
:10028000981844FEA6C0B70180E390E00F941502D1
:1002900042FE09C088E790E041FE02C088E590E098
:1002A000B7010F941502C91408F49FC0CA94D12C49
:1002B0009FEFC91AD90ACA0CDB1CF60182916F01A3
:1002C000B70190E00F941502AC14BD04B1F74FCF05
:1002D00060817181072E000C880B990B0E5F1F4FF8
:1002E00092CFD32CE894D4F82AE030E08537E1F1BE
:1002F000232D297FD22E8F36A9F1F0F4883551F1C4
:10030000F701868197812B960FB6F894DEBF0FBE5A
:10031000CDBFDF91CF911F910F91FF90EF90DF90B4
:10032000CF90BF90AF909F908F907F906F905F9095
:100330004F903F902F900895803749F0883701F70C
:10034000D4FE02C06894D2F820E130E00DC0689479
:10035000D4F8F6CF34FE03C0822F8660D82E20E179
:1003600032E002C028E030E0F801D7FE0FC0608123
:100370007181828193810C5F1F4FA5010F9445020B
:10038000C82ECA183D2CE89437F852CF608171818D
:1003900090E080E00E5F1F4FF0CF42FC02C08394DC
:1003A00063CF8394839460CF842D867809F45CCFE7
:1003B000F6CFB70180E290E00F9415028394821487
:1003C000C0F3512C5ECF522C5818821408F459CF28
:1003D000F8CF842D867809F466CF8BE241FE80E267
:1003E00047FC8DE2B70190E05CCFB70180E390E07D
:1003F0000F9415029A9457CF8FEF9FEF84CFFC0193
:100400000590615070400110D8F7809590958E0F3F
:100410009F1F0895FC016150704001900110D8F7B2
:10042000809590958E0F9F1F08950F931F93CF93E4
:10043000DF93182F092FEB018B8181FD09C01FEF7E
:100440000FEF812F902FDF91CF911F910F91089582
:1004500082FF14C02E813F818C819D81281739072E
:100460003CF4E881F981CF01019699838883108358
:100470008E819F8101969F838E83E3CFE885F985E6
:10048000812F1995892BA1F3DACFFA01AA272830F9
:1004900051F1203181F1E8946F936E7F6E5F7F4F51
:1004A0008F4F9F4FAF4FB1E03ED0B4E03CD0670FCD
:1004B000781F891F9A1FA11D680F791F8A1F911D20
:1004C000A11D6A0F711D811D911DA11D20D009F470
:1004D00068943F912AE0269F11243019305D3193B2
:1004E000DEF6CF010895462F4770405D4193B3E09B
:1004F0000FD0C9F7F6CF462F4F70405D4A3318F042
:10050000495D31FD4052419302D0A9F7EACFB4E0F2
:10051000A6959795879577956795BA95C9F70097AA
:100520006105710508959B01AC010A2E069457954B
:10053000479537952795BA95C9F7620F731F841FA2
:10054000951FA01D0895F999FECF92BD81BDF89A1F
:10055000992780B50895262FF999FECF1FBA92BD2D
:1005600081BD20BD0FB6F894FA9AF99A0FBE019694
:100570000895991B79E004C0991F961708F0961BFF
:10058000881F7A95C9F780950895AA1BBB1B51E176
:1005900007C0AA1FBB1FA617B70710F0A61BB70BF3
:1005A000881F991F5A95A9F780959095BC01CD0198
:1005B0000895A1E21A2EAA1BBB1BFD010DC0AA1FA4
:1005C000BB1FEE1FFF1FA217B307E407F50720F0BC
:1005D000A21BB30BE40BF50B661F771F881F991F37
:1005E0001A9469F760957095809590959B01AC0180
:1005F000BD01CF010895EE0FFF1F881F8BBF07902D
:10060000F691E02D1994A29FB001B39FC001A39F62
:10061000700D811D1124911DB29F700D811D11243B
:10062000911D08950F940303A59F900DB49F900D05
:10063000A49F800D911D11240895B7FF0D941203FE
:100640000F941203821B930B0895DF93CF931F9394
:100650000F939A9DF02D219FF00D8B9DF00D8A9D9B
:10066000E02DF10D039FF00D029FE00DF11D4E9D59
:10067000E00DF11D5E9DF00D4F9DF00D7F936F938A
:10068000BF92AF925F934F93D5010F9403038B01F9
:10069000AC01D7010F940303EB01E80FF91FD6015A
:1006A0000F9474032F913F91D6010F940303C60F4B
:1006B000D71FE81FF91FAF91BF910F9474032F91BB
:1006C0003F910F940303C60FD71FE81FF91FD601F0
:1006D0000F940303E60FF71F9801BE01CF010F919E
:1006E0001F91CF91DF9108950F940303460F571F79
:1006F000C81FD91F08F431960895E894DF93CF936B
:10070000FC01DB010F9403037F936F93E9019A01CE
:10071000AC01BF93AF933F932F93DF010F9403037B
:1007200026F46C1B7D0B820B930B9E01EB01FC01ED
:100730000F947403AF91BF912F913F910F94740365
:10074000BE01CF01F9012F913F91CF91DF91089523
:10075000689401C0E8948F929F92CF93DF930F9497
:10076000B603DF91CF919F908F90089588249924AC
:10077000F401E401B0E49F93AA279A158B049C042A
:10078000ED05FE05CF05D007A10798F4AD2FDC2FAE
:10079000CF2FFE2FE92D982C892E982F872F762F7B
:1007A000652F542F432F322F2227B85031F7BF9196
:1007B00027C01B2EBF91BB27220F331F441F551F7D
:1007C000661F771F881F991F881C991CEE1FFF1F2B
:1007D000CC1FDD1FAA1FBB1F8A149B04EC05FD055F
:1007E000CE05DF05A007B10748F08A189B08EC0981
:1007F000FD09CE09DF09A00BB10B21601A94E1F6C7
:100800002EF49401AF01BE01CD01000C0895002E1D
:10081000083090F0982F872F762F652F542F432F75
:10082000322F22270850F4CF220F331F441F551FA9
:10083000661F771F881F991F0A95B2F7002D08952C
:1008400097FD1094002E083098F00850232F342F75
:10085000452F562F672F782F892F912DF4CF159480
:1008600097958795779567955795479537952795E8
:100870000A95AAF71124002D08952A0D3B1D4C1D41
:100880005D1D6E1D7F1D801F911F08950024A7FD13
:1008900000942A0F301D401D501D601D701D801DCD
:1008A000901D08952A193B094C095D096E097F09BD
:1008B000800B910B08952A153B054C055D056E05CF
:1008C0007F058007910708950024A7FD00942A174B
:1008D00030054005500560057005800590050895B8
:1008E0009111089581568A5108F4805285580895CF
:1008F000FB01DC0104C08D910190801921F441506D
:100900005040C8F7881B990B0895FB01DC0102C019
:1009100001900D9241505040D8F70895DC0101C07C
:100920006D9341505040E0F70895FB01DC018D913B
:10093000019080190110D9F3990B0895FB01DC0196
:100940004150504030F08D910190801919F40020F1
:10095000B9F7881B990B0895FB01DC014150504009
:1009600048F001900D920020C9F701C01D9241503E
:100970005040E0F70895FC0181E090E001900616F8
:1009800009F4CF010020D1F7019708950F931F9329
:10099000CF93DF93CDB7DEB72E970FB6F894DEBFB7
:1009A0000FBECDBF0E891F89888D998D26E02C83BF
:1009B0001A83098397FF02C080E090E801979E8325
:1009C0008D83AE01445E5F4F6A8D7B8DCE010196B3
:1009D0000E94FDFF4D815E8157FD0AC02F81388541
:1009E000421753070CF49A01020F131FF8011082EB
:1009F0002E960FB6F894DEBF0FBECDBFDF91CF911C
:0A0A00001F910F910895F894FFCFA5
:100A0A00FF01F70FDF0E6A1E521D02142814287CFC
:100A1A0015F82A010100010001000100010001018D
:100A2A0001000100010080010101029C31649B0068
:100A3A00080100010001FFF70335018600DF01000C
:100A4A0000CF02019A7F687E0100010001010100C6
:100A5A00060044AC000000000050FF2F0000000018
:100A6A00000000000000000000000000000000007C
:100A7A00000000000000000000000000000000006C
:100A8A00000000000000000000000000000000005C
:100A9A00000000000000000000000000000000004C
:100AAA00000000000000000000000000000000003C
:100ABA00000000000000000000000046261109A303
:100ACA000B451E220FC51D0D070D098B17C50B847B
:100ADA00190B06C2072E14170A6F1514058406F49B
:100AEA00107A0808090A0B0C000000000D0E1620E7
:100AFA0011114D2D514420666F726D61742DFFFFE7
:100B0A00FFFFFF0304050607090A05070906080A85
:100B1A0000000000565C535C57555756E154B155D6
:100B2A00C95561135D135913551351134D134913C5
:100B3A00451341133D133913351331132D1329135B
:100B4A00000002030000010000000073DD2FD757E8
:100B5A00555CD7485843514444525600257525637D
:0A0B6A00257520004558464154004F
:00000001FF
