:100000000C94E70E0C94180F0C94180F0C94180F06
:100010000C94180F0C94180F0C94180F0C94180FC4
:100020000C94180F0C94180F0C94AC6D0C94180FC2
:100030000C94180F0C94180F0C94180F0C94180FA4
:100040000C94180F0C94C1720C94180F0C94180F88
:100050000C94180F0C94180F0C94180F0C9458DE75
:100060000C94180F0C94180F0C94180F0C94180F74
:100070000C94180F0C94180F0C94180F0C94180F64
:100080000C9489730C9409790C94180F0C9473399F
:100090000C94180F0C94180F0C94180F0C94180F44
:1000A0000C94180F0C94180F0C94180F0C94180F34
:1000B0000C94180F0C94180F0C94180F0C94D22851
:1000C0000C94180F0C94180F0C94180F0C94180F14
:1000D0000C94180F0C94180F0C94180F0C94180F04
:1000E0000C94180F0C942B1E0C940D370C94BFBF5E
:1000F0000C9491300C94C1140C94F5370C94BD54AD
:100100000C94CAFB0C94E3140C94DF7A0C948B309F
:100110000C94B5D60C94FA540C9446540C94A1F556
:100120000C9415F00C94C6540C9449F50C941D7A5B
:100130000C9480550C945D150C94A9B50C94B4FBEB
:100140000C9423150C9478F50C94F8BE0C9455542B
:100150000C9457B50C94AC1D0C942F680C943780FC
:100160000C944A370C94C3FB0C94381E0C94EB3659
:100170000C942C760C946BF80C946EF50C9451D670
:100180000C947BF50C94A3FC0C948CFC0C945BF508
:100190000C9480850C94F7540C947AD60C94057FBB
:1001A0000C940EF30C9441680C9423680C94E0B505
:1001B0000C945F380C945BDA0C943B680C9491F8C7
:1001C0000C9449D60C94A3FA0C9439380C9484D628
:1001D0000C94CBF50C9466DA0C947FD60C940FB586
:1001E0000C94D9790C948F540C94F6560C946FDAC5
:1001F0000C94C0540C94BE360C942C680C9464D6A9
:100200000C949A540C9450560C9464F50C94321E31
:100210000C9406550C941BF80C9483540C946CD6D7
:100220000C9445D60C9450F50C94AFBF0C94287ADE
:100230000C9458F80C9485F50C94FF790C94CC54DC
:100240000C946CDA0C94F6550C944C540C943FD6E8
:100250000C9471F50C941DF80C9415F60C94ABFAF3
:100260000C9468560C94D4540C9463DA0C949E1D30
:100270000C9407F30C9415F80C94C2BE0C9469DA34
:100280000C943F1E0C9476D60C94C9F50C9472DA3B
:100290000C9492540C941A300C9488D60C946CBF25
:1002A0000C9468D60C94A4360C9421370C946054AA
:1002B0000C946BF50C94FBB40C9400550C94035502
:1002C0000C9472D60C9458540C945AD60C94451E27
:1002D0000C94C8FC0C9482150C94A51D0C94A537A5
:1002E0000C94BBB50C9494300C94DC380C94F3F75C
:1002F0000C94AEF90C949F150C9435680C94E8B4EA
:100300000C9461F50C94A0300C948C540C945EF514
:100310000C944DD60C9429680C94F0F70C9417F8B3
:100320000C94BA540C9452540C944CDC0C943268D7
:100330000C94CC5C0C94AF7A0C9400FC0C944F544D
:100340000C9419B50C94B0140C94A9F80C94CE79B3
:100350000C9480540C9488F50C94C3540C949438E9
:100360000C9400B50C940AB50C94F4540C9454D627
:100370000C9416390C9494B40C948E300C943E6802
:100380000C94D5B50C94BEB50C9489540C949BFC7C
:100390000C9438680C945ED60C94557F0C94B8B5C8
:1003A0000C94CE140C94C7B50C942CFB0C9486546E
:1003B0000C94737A0C94C9540C94A8BE0C94CF5C22
:1003C0000C9405B50C941EB50C9414B50C94A6B5FC
:1003D0000C942EBF0C940A7A0C9480D60C94783826
:1003E0000C9497300C94FD540C948B140C940E5573
:1003F0000C94A7F50C9449540C9482F50C9494FA3F
:1004000054494D45522041524700424144205449ED
:100410004D455200554E44455252554E00424144BE
:100420002057415600424144205241544500384231
:100430004954204F4E4C59004D4F4E4F204F4E4C7B
:10044000590050434D204F4E4C59004E4F204441CF
:100450005441004E4F20464D5400424144205249E1
:100460004646004E4F542057415645004E4F5420AB
:100470005249464600494F204552524F52004F5074
:10048000454E204552524F5200424144204152476E
:10049000004F4B004D5A54205345454B00524543A5
:1004A0004F5244005B96A59D9AB75D004C44522084
:1004B000424C4F434B005144205345454B004D5A4D
:1004C000462054494D4500494D4147452054494D2A
:1004D00045004C445220484541444552004D5A5431
:1004E000205345454B004D5A462053544154450036
:1004F0005144205345454B0050574D2050495045DD
:10050000004D5A46205354415445004D5A3720520D
:100510004546494C4C004D5A4620554E44455200E4
:100520004241442053455353494F4E0045444745AB
:1005300020464952535400494E534552542043419A
:10054000524400544150204649464F00554E4445C0
:100550005252554E00544150204649464F004D5A84
:100560004620535441525400554C20535441525448
:10057000004D5A37205345454B004D5A54205345A2
:10058000454B00554C372041434B00554C372041DB
:10059000524D00554C2053484F525400554C205258
:1005A00045414400554C205741495400554C205377
:1005B000484F525400554C205245414400554C2060
:1005C000415247004D5A3720524546494C4C004D48
:1005D0005A46205354415254004D5A4620535441D8
:1005E000525400504C4159204552524F520014046D
:1005F0000A04000454494D45520000000000100058
:10060000800000AA00389B71910489047E0475045F
:100610006C0463045A0453044B04420438042E044B
:1006200025041D04574156204552524F52004E4F4B
:100630002057415620494E464F00454D50545920B1
:1006400057415600454D50545920454447450045B3
:10065000444745204F50454E0045444745204152B0
:10066000470053504545440054595045004D5A5495
:10067000205345454B004D5A54205245434F524458
:10068000004D5A5420464F524D4154004D5A54206B
:100690005345454B004D5A5420434F554E54004D41
:1006A0005A5420484541444552004D5A5420534520
:1006B000454B00514446205345454B00514446208C
:1006C0005345454B00514446204652414D4500514B
:1006D0004446205245434F52440051444620434F24
:1006E000554E540051444620484541444552004D22
:1006F0005A51205345454B004D5A51205245434FC6
:10070000524400514420424F445920435243005127
:10071000442052454144004D5A51205345454B0019
:1007200051442053484F525420424F4459004D5A8F
:10073000512053495A45004D5A51204441544120BB
:100740004844520051442053484F525420424F4491
:1007500059005144204845414445522043524300EA
:1007600051442053484F5254204844520051442091
:1007700053484F525420484452004D5A5120464944
:100780004C45204844520051442053484F52542075
:10079000484452004D5A51205245434F5244004D57
:1007A0005A5120434F554E54004D5A5120454D50FB
:1007B0005459004D5A512048454144455200514436
:1007C0002053484F5254204844520051442052452F
:1007D0004144005144205345454B00514420464C70
:1007E0004153480051442048584300514420534845
:1007F0004F5254005144205245414400514420532B
:1008000045454B004D5A46205345454B004D5A46F1
:10081000205345454B004D5A462053484F525400F3
:100820004D5A46204F50454E004D5A4620415247A2
:100830000054415020524541440054415020464C00
:10084000414700544150205452554E4300544150AA
:10085000204C454E47544800544150205245414495
:1008600000544150204C454E47544800454D50548B
:10087000592054415000544150204F50454E00548F
:100880004150204152470042414420464F524D4181
:100890005400544150205452554E4300544150206E
:1008A0005245414400544150204649464F0054416E
:1008B00050205245414400544150205452554E431B
:1008C00000544150204649464F0054415020464C68
:1008D000414700544150205452554E43005441501A
:1008E000204C454E47544800544150204C454E47FB
:1008F0005448005441502052454144005441502036
:100900004649464F0045444745204552524F520004
:100910005041544820544F4F204C4F4E47002573B0
:100920002F524543253034752E4C45500025732FEA
:10093000524543253034752E4C31360045444745E9
:10094000205752495445005354414745204552527F
:100950004F520042414420544F4B454E00504154A9
:100960004348205752495445005041544348204C75
:100970004F53540042414420544F4B454E00424196
:100980004420544F4B454E0042414420544F4B4568
:100990004E005041544820544F4F204C4F4E47007A
:1009A00025732F524543253034752E4D5A46004D40
:1009B0005A46205752495445004D5A46204348450F
:1009C000434B53554D004D5A4620434845434B53E6
:1009D000554D00544320434845434B53554D005417
:1009E00043204C4F41444552004F4B005344204359
:1009F000415244204552524F5200494E53455254A1
:100A00002043415244004E4F5420494E4954005314
:100A1000442043415244204552524F52004E414DD2
:100A20004520544F4F204C4F4E470046494C4520DF
:100A30004F50454E204641494C00424144205041D0
:100A400054480046494C45204352454154452046B0
:100A500041494C004241442050415448004E4F54BB
:100A600020444952004D4B444952204641494C00D4
:100A7000444952204641494C004E4F54204449526B
:100A8000004E4F54204449520042414420444952B0
:100A90004543544F525900524543204E414D455312
:100AA0002046554C4C00444952204641494C004692
:100AB000494C452052454144204641494C00464955
:100AC0004C452052454144204641494C0042414456
:100AD000204152470046494C452057524954452031
:100AE0004641494C00424144204152470050524542
:100AF000414C4C4F43204641494C0046494C45200F
:100B00005452554E43204641494C0046494C4520DD
:100B100053594E43204641494C0046494C452053C9
:100B200045454B204641494C0046494C45205245DD
:100B30004D4F5645204552520042414420504154A9
:100B4000480052454E414D45204641494C004649DA
:100B50004C45204558495354530042414420524586
:100B60004E414D45002E544150002E574156002E07
:100B70004C3136002E4C4550002E4D3132002E5156
:100B80004446002E5144002E4D5A51002E4D5A54C9
:100B9000002E4D5A4600002020202020202020201A
:100BA0002020200020202020202020202020202065
:100BB0002020202020202021222324252627282908
:100BC0002A2B2C2D2E2F303132333435363738390D
:100BD0003A3B3C3D3E3F40414243444546474849FD
:100BE0004A4B4C4D4E4F50515253545556575859ED
:100BF0005A5B5C5D5E5F202020202020202020208A
:100C000020202020202020202020202020202020E4
:100C100020202020202020202020202020202020D4
:100C2000202020202020202065202020746768209C
:100C300062786472706371617A77737569204F6B43
:100C400066762075426A6E20556D2020206F6C41BB
:100C50006F612079202020202020202020202020AB
:100C60002020202020202020202020202020202084
:100C70002020202020202020202020202020202074
:100C80002020202020202020202020202020202064
:100C9000202020202020313A3200313A3300313AEE
:100CA0003100544300313A3200313A3300313A34A2
:100CB00000313A3100494300313A3300313A3100D2
:100CC0004D5A37303000313A3400313A3300313A3E
:100CD0003200313A31004E4F524D414C00554C5F7D
:100CE0004D5A37303000554C5F4D5A383030005532
:100CF0004C00574149542E2E2E0052454C4541532D
:100D00004520414C4C004144433A2534750057413D
:100D1000495420494E5055540050524553532025B4
:100D20002D31307300504C454153452057414954B3
:100D3000005144204C4F41442E2E2E00454447453F
:100D400020524541440045444745204649464F000E
:100D5000554C2057414954003E08D3CEE5210000B0
:100D6000D3E47ED3E077237CFE1020F43A4BD432D8
:100D70004B0A3A4CD4321205214DD4110211010D07
:100D800000EDB0E17CFED428122A0411D921001212
:100D9000220411CD2A00D3E4C39AE9CD2A00D3E47A
:100DA000C32401000000000000000000000000005B
:100DB00000003E08D3CECD3E07360197575FCD08E1
:100DC00003CDBE02D3E21AD3E01213CB6228F53E64
:100DD000C3321F06215C112220062A08117D32121F
:100DE000057C324B0A2A0A11220211CDF80401CFE8
:100DF00006ED71D3E2DAAAE9210A11C308EDC53A7A
:100E00001011EE0C32101101CF06ED79C1C9313944
:100E100038371102E0F31AE62028FB137B121B017E
:100E200000041ACB6728FBE620B1074F7B13121B87
:100E30001ACB6720FBE620B1074F137B121B10E291
:100E40007123D90B79B0D920D64F04D9C31102E050
:100E5000F31AE62028FB137B121BC50100041ACBF2
:100E60006728FBE620B1074F7B13121B1ACB6720C4
:100E7000FBE620B1074F137B121B10E271C10B235D
:100E800079B020D60601D9C31102E0DD2103E0AF1D
:100E90003D20FDF31AE62028FBDD360003C50100E6
:100EA000041ACB6728FBE620B1074FDD3600021A93
:100EB000CB6720FBE620B1074FDD36000310E2715F
:100EC000C10B2379B020D600E1E93E08D3CE110250
:100ED000E0DD2103E0AF3D20FDF31AE62028FBDD35
:100EE000360003C50100041ACB6728FBE620B107D2
:100EF0004FDD3600021ACB6720FBE620B1074FDD3D
:100F000036000310E271C10B2379B020D601000135
:100F1000D9E1E93E08D3CECD3E07360197575FCDE4
:100F20000803CDBE02D3E21AD3E01213CB6228F538
:100F30003E08D3E01102E0F37B13121B1AE62028CF
:100F4000FB137B121B0100041ACB6728FBE620B1C0
:100F5000074F7B13121B1ACB6720FBE620B1074F0C
:100F6000137B121B10E27123D90B79B0D920D64F15
:100F700004D9C351442043414E43454C004D5A4689
:100F80002053484F5254004D5A4620524541440088
:100F90004D5A46204649464F004D5A46204C454E34
:100FA000475448004D5A542053484F5254004D5A0C
:100FB000542052454144004D5A542048454144452F
:100FC00052004D5A462053484F5254004D5A462025
:100FD00052454144004D5A46204C454E4754480026
:100FE0004D5A542053484F5254004D5A54205245A4
:100FF0004144004D5A5420484541444552000000A8
:10100000000007DF0EF70F521D6A1EF82A00007C51
:101010001500002828141402000000000100000040
:10102000071A07B408A90E4410F82A00007C15001E
:101030000028281414020000000002000000077FAE
:1010400005CA07FF0AF90DF82A00007C15000028E0
:1010500028141402000000000300010007000F80A4
:1010600010001DE01EF82A00007C1500002828143E
:10107000140200000000040004000900050005003F
:101080000A000AF82A00007C15000028281414021F
:1010900000000000050002000FD0045507DA093AED
:1010A0000BF82A00007C1500002828141402000008
:1010B0000000060002000F7F05CA07FF0AF90DF8BD
:1010C0002A00007C150000282814140200000000EB
:1010D000070002000F1A07B408A90E4410F82A00EE
:1010E000007C1500002828141402000000000800ED
:1010F00003000F97068906200D200DF82A00007CBA
:101100001500002828141402000000000900030044
:101110000FDD08CF08AC11AC11F82A00007C1500D7
:10112000002828141402000000000A00000007D064
:10113000045507DA093A0BF82A00007C150000284C
:1011400028141402000000000B0002000FA90E7EFC
:1011500010521DED1EF82A00007C150000282814EE
:101160001402000000000C0003000FAF0FA00F4F8F
:101170001F4F1FF82A00007C1500002828141402B5
:1011800000000000554C205345454B00554C205362
:1011900045454B00554C2041524700545552422082
:1011A0005345454B004D5A54205345454B004D5A2D
:1011B000542052454F50454E005144205245414421
:1011C0000051442053484F52542048445200514447
:1011D0002053484F52542048445200514420434128
:1011E0004E43454C00545950453D54430A535045D5
:1011F00045443D313A310A00545950453D49430A6E
:1012000053504545443D313A310A00545950453D0B
:101210004E4F524D414C0A53504545443D313A34AE
:101220000A00545950453D4D5A3730300A53504505
:1012300045443D313A310A00545950453D4E4F52D4
:101240004D414C0A53504545443D313A330A005410
:101250005950453D4E4F524D414C0A53504545441F
:101260003D313A320A00545950453D54430A5350D7
:101270004545443D313A320A00545950453D5443A6
:101280000A53504545443D313A330A0054595045BC
:101290003D49430A53504545443D313A320A0054D2
:1012A0005950453D49430A53504545443D313A3331
:1012B0000A00545950453D49430A53504545443D61
:1012C000313A340A00545950453D4D5A3730300AAE
:1012D00053504545443D313A330A00545950453D39
:1012E000554C5F4D5A3730300A00545950453D55E2
:1012F0004C5F4D5A3830300A00545950453D554CDA
:101300000A00545950453D4E4F524D414C0A5350DE
:101310004545443D313A310A00455252005041554D
:1013200000504C5900524459005443310049433154
:10133000004E3134004D3731004E3133004E3132E2
:10134000005443320054433300494332004943338D
:1013500000494334004D373300554C3700554C3865
:1013600000554C00544320313A3100494320313A72
:1013700031004E524C20313A34004D5A3720313A28
:1013800031004E524C20313A33004E524C20313A0B
:101390003200544320313A3200544320313A330072
:1013A000494320313A3200494320313A330049431E
:1013B00020313A34004D5A3720313A33004E524CE6
:1013C00020313A310043504D20313A340043504DE2
:1013D00020313A330043504D20313A320043504DD2
:1013E00020313A310053494E20313A340053494EAE
:1013F00020313A330053494E20313A320053494E9E
:1014000020313A3100524543204552524F52004D4F
:101410005A4620535441525400505245414C4C4F6F
:1014200043204641494C004D5A46204352454154C1
:10143000450053442043415244204552524F5200EC
:101440004544474520535441525400505245414C65
:101450004C4F43204641494C0045444745204352A8
:101460004541544500534420434152442045525283
:101470004F52005245432054494D45522045525247
:1014800000505245414C4C4F43204641494C005777
:101490004156204352454154452045525200424155
:1014A0004420524543205241544500534420434177
:1014B0005244204552524F520052454320464F520B
:1014C0004D4154005245432050415553450052452B
:1014D0004320524553554D450025732F25735F25F5
:1014E0003032752E4C45500025732F25735F253003
:1014F00032752E4D5A460025732F25735F253032E5
:10150000752E4C31360025732F25735F25303275CB
:101510002E5741560025732F25732E4C455000251C
:10152000732F25732E4D5A460025732F25732E4C8D
:1015300031360025732F25732E57415600574156DB
:1015400020434C4F5345204552520057415620509E
:10155000414420455252005441494C20575249546D
:10156000452045525200524543204F564552464C65
:101570004F57004544474520434C4F534500454491
:101580004745204F564552464C4F57000213000026
:10159000F912EA12DB12C512B2129F128C127912E2
:1015A00066124F12381222120B12F811E5114D5A21
:1015B0004620434C4F5345004D5A462057524954FC
:1015C00045004D5A4620494E434F4D504C455445D9
:1015D000004D5A46204445434F4445004D5A46204D
:1015E0005345454B004D5A46204F564552464C4FA9
:1015F000570045444745204F564552464C4F5700EB
:101600005041544820544F4F204C4F4E47002573B3
:101610002F524543253034752E57415600574156B9
:1016200020484541444552204552520057415620DA
:10163000544F4F2042494700574156205752495472
:10164000452045525200414E414C59534953205177
:101650005545554500444952204641494C004E4F9E
:1016600020454E545259004F4B00534420434152A1
:1016700044204552524F5200494E53455254204344
:1016800041524400454D505459004E4F20454E5450
:10169000525900534420494E4954004E4F20454E64
:1016A0005452590042414420415247004E4F204578
:1016B0004E545259004E4F20454E545259002E2E32
:1016C0002F00454D505459005245434F52443D520E
:1016D00045545259005344204341524420455252EC
:1016E0004F5200494E53455254204341524400202A
:1016F000202020202020202020202020202020000A
:10170000251321131D131913504C410053544F50EE
:101710003D43414E43454C005144205343414E20EC
:101720002533752525004E313100484C4800554C75
:10173000004633480046334C0054430049430049B7
:10174000434C005537480055374C00484C4C004E30
:101750004C48004E4C4C00257320253032753A25FC
:101760003032752F253032753A25303275002573A9
:101770002020202020202020253033752525200002
:10178000257320252D337320202020253033752507
:10179000252000504155534544004D414E20252DF4
:1017A000347320253032753A253032750053454C5C
:1017B00020252D347320253032753A2530327500BE
:1017C0004D544920252D347320253032753A25306B
:1017D0003275004D414E20252D3473202D2D3A2D8C
:1017E0002D0053454C20252D3473202D2D3A2D2DC1
:1017F000004D544920252D3473202D2D3A2D2D00D8
:10180000554E535550504F52544544004552522066
:10181000252E31327300554E4B4E4F574E00BD139F
:101820000000000000000000B513AE13A713A013C2
:10183000991392138A1382137A1372136B1364131E
:101840000000FD13F513ED13E513DD13D513CD13D0
:10185000C51332326B0034346B005245430053568B
:10186000442000524543204552524F5200524543B6
:101870002043414E43454C4C45440046494C45208D
:1018800044454C4554454400504C45415345205730
:10189000414954005741495400534156494E47204D
:1018A00000504155202530326C753A2530326C7528
:1018B00000524543202530326C753A2530326C7524
:1018C0000050415553454420202020202020202036
:1018D0004D0057414954205349474E414C00205434
:1018E000430020494300204D5A3730300020554CEA
:1018F000204D5A3730300020554C204D5A3830306A
:101900000020554C00204155544F00204E4F524D61
:10191000414C0020313A340020313A330020313A32
:10192000320020313A31002032353030204264001C
:1019300020323130302042640020313830302042B3
:1019400064002031343030204264004D5A46004C4F
:1019500045502035307573004C3136203136757363
:10196000005741562032326B487A00574156203496
:10197000346B487A004D414E55414C004155544F0F
:10198000004D4F544F520052454C45415345204164
:101990004C4C0043414C204E4F4E45005341564560
:1019A000440043414C4942524154494F4E004E4F2E
:1019B0005420534156454400454550524F4D204513
:1019C00052524F52005553494E47204445464155C7
:1019D0004C540043414C20494E56414C4944005020
:1019E0004C4159005245434F52440053544F50000C
:1019F0004646574400524557494E440043414C49DE
:101A000042524154494F4E004B4559504144002FDA
:101A10005245434F5244494E475300494E53455255
:101A200054204341524400494E53455254204341AF
:101A30005244005041544820544F4F204C4F4E4781
:101A40000046494C452053454C4543544544004EBF
:101A5000414D4520544F4F204C4F4E4700454D506F
:101A60005459204449520052454320464F524D415B
:101A700054000B1905190119F718ED18E618E218AA
:101A8000DE18202D2D0022191D19181913194219BD
:101A90003919301927193E544150205350454544B7
:101AA000003E5350454544003E4C4F414445520092
:101AB000204D4F544F5200204D414E55414C003E59
:101AC000504C4159204354524C00204F4646002070
:101AD0004F4E003E57415620494E56455254003F06
:101AE000006B19611958194F194B1981197C197517
:101AF000193E524543204D4F4445004F4646004F46
:101B00004E003E4155544F4E414D45003E524543D7
:101B1000205459504500202533752525002533755F
:101B2000252520454550524F4D20455252003E42FA
:101B300041434B4C494748540052414D20257520A4
:101B40004D494E25750041424F55542076322E3076
:101B50002E310020494E5445524E414C00204558EC
:101B60005445524E414C003E434D5420534F555224
:101B700043450000002100240027002A002D0030EA
:101B800000330001010000040107010A01000022E6
:101B900000250028002B002E003100340002010037
:101BA00000050108010B01F0F0F0F3F0F5F0F0F0A2
:101BB000F0F0F0F0F0F0F0F0C1C2C3C4C5C6F0F030
:101BC000F0F0F0F0F0F0F000616263646566676861
:101BD000696B6A2F2A2E2D202122232425262728CF
:101BE000294F2C512B5749550102030405060708BC
:101BF000090A0B0C0D0E0F101112131415161718DD
:101C0000191A5259545045C7C8C9CACBCCCDCECFEA
:101C1000DFE7E8E9EAECEDD0D1D2D3D4D5D6D7D8F6
:101C2000D9DADBDCDDDEC080BD9DB1B5B9B49EB2D2
:101C3000B6BABE9FB3B7BBBFA385A4A5A694878839
:101C40009C82988492908391819A97939589A1AF71
:101C50008B8696A2ABAA8A8EB0AD8DA7A8A98F8CD1
:101C6000AEAC9BA099BCB8403B3A703C715A3D4326
:101C7000563F1E4A1C5D3E5C1F5F5E377B7F367A97
:101C80007E334B4C1D6C5B7841353474303875397C
:101C90004D6F6E3277767273477C53314E6D484686
:101CA0007D441B587942604D5A46204552524F524E
:101CB0000053504545443D00545950453D00524560
:101CC000434F52443D004E4F20454E54525900441C
:101CD0004952204641494C004E4F5420444952003D
:101CE000000020002300260029002C002F003200D5
:101CF00000010000030106010901050505050705AE
:101D000008080808020202020A0A08080404040477
:101D100001010101010101010303030303030303A3
:101D2000040707070C0C0C0C0C0C0C0C0202020232
:101D300006060606060606060B0B0B0B0B0B0B0B1B
:101D400001021020200808102040102040800201CD
:101D500002010804020101020408102040808040B2
:101D600020100804020180040201804020100804B1
:101D7000020108040201010204081020408001024F
:101D800004081020408000000A0B02090C0D0E0808
:101D90000703040100000000000000000000000034
:101DA0000000000000000000000000000000000033
:101DB00000001211100000000000000000000000F0
:101DC00000000000000000000000000015F01124D9
:101DD0001FBECFEFD1E2DEBFCDBF00E00CBF13E0EE
:101DE000A0E0B2E0E8EFF8E002E00BBF02C007902D
:101DF0000D92AA36B107D9F728E1AAE6B3E001C0EF
:101E00001D92A833B207E1F71EE0C7EEDEE000E066
:101E100006C021970109802FFE010F947202C63E71
:101E2000D10780E00807A9F70E9465F00D947A04B5
:101E30000C9400008091D50491E089278093D5040B
:101E40001092D604109212041092110410920D04F4
:101E500010920E0410920F041092100410920C04B1
:101E600010920B0410920A041092090410920804B4
:101E700008958F929F92AF92BF92CF92DF92EF928E
:101E8000FF92CF93DF939091DB04292F30E0F9018B
:101E9000EC51FB4F4081411165C0A901440F551F12
:101EA000DA01AC5AB24FCD91DC9111978090E004E9
:101EB0009090E104A090E204B090E3047501640105
:101EC0006FEFC61AD60AE60AF60ABE016F5F7F4FA9
:101ED0002097F9F4220F331F220F331FF901EB5E15
:101EE000FB4F80829182A282B38291113DC021E09A
:101EF00030E03093550D2093540D80931912C09209
:101F0000E004D092E104E092E204F092E30481E084
:101F10001EC029E132E1992311F024E030E14C5A4E
:101F2000524FDA016D937C93C20FD31F8883C09206
:101F3000E004D092E104E092E204F092E30481E054
:101F40006115724021F4808398279093DB04DF9120
:101F5000CF91FF90EF90DF90CF90BF90AF909F9088
:101F60008F90089580E0F3CF21E030E02D933C93F3
:101F700080930410C4CF20912B0230912C02821741
:101F8000930710F090E080E0109220011092210160
:101F900020912B0230912C022150310930932901DC
:101FA00020932801909325018093240182E08ABB2D
:101FB0008091730082608093730080912A02886010
:101FC00080932101089520910104309102044091F1
:101FD0000104509102046091030470910404461BB3
:101FE000570B4F3F574069F0F901F770E15DFA4F29
:101FF00080832F5F3F4F309302042093010481E0E0
:10200000089580E0089580910004882349F0829526
:10201000807F0E94E30F882321F01092000408952E
:1020200081E0089582E08ABB0E940310811102C002
:1020300080E0089582E00E94E30F8823C9F391E0D5
:102040009093050408959FB7F8948091BB039FBFB8
:1020500090E00895009711F481E090E020919400C1
:1020600030919500820F931F90939B0080939A006C
:1020700008954FB7F8942091B9033091BA03809135
:10208000B7039091B8034FBF821B930B0895CF9273
:10209000DF92EF92FF920F931F93C090F203D090C4
:1020A000F303E090F403F090F503970186010095A7
:1020B000109520953095061717072807390790F4D3
:1020C0008FEF9FEFDC018093F2039093F303A093D3
:1020D000F403B093F5031F910F91FF90EF90DF9001
:1020E000CF900895DC01CB018C0D9D1DAE1DBF1D51
:1020F000EACFE82F8BEF8E0F833048F4E550FF0BCB
:10210000EE0FFF1FE251FA4F85919491089584EFED
:1021100095E008950F931F93282F8091EE03882355
:1021200009F44BC09091E003921346C00091EA037A
:102130001091EB032091EC033091ED034091B70E29
:102140005091B80E6091B90E7091BA0E0417150730
:102150002607370789F5913051F54091E6035091F4
:10216000E7036091E8037091E9038091960E9091E6
:10217000970EA091980EB091990E481759076A07CB
:102180007B07D1F44091E2035091E3036091E403B3
:102190007091E5038091920E9091930EA091940E10
:1021A000B091950E481759076A077B0729F481E01B
:1021B0009091EF03911101C080E01F910F9108955C
:1021C0008091FA0E9091FB0E0E94956D882369F024
:1021D00080910412909105120E94956D882329F038
:1021E0008091D00E9091D10E089590E080E00895F6
:1021F00080910412909105120E94956D882329F018
:102200008091D20E9091D30E089590E080E00895D1
:102210008091FA0E9091FB0E0E94A06D81110C949A
:10222000396780E008954F925F926F927F92AF92EC
:10223000BF92CF92DF92EF92FF920F931F93CF93B3
:10224000DF93FA01C489D589C217D30789F0F12C2D
:102250008F2DDF91CF911F910F91FF90EF90DF9025
:10226000CF90BF90AF907F906F905F904F90089508
:10227000270138018A015B016C01C301B7010E948B
:10228000057FF82E882319F3BE01C8010E94E15C86
:10229000B092D10EA092D00ED092D30EC092D20E98
:1022A00010929A0ECE01B0E0A0E08093AF0E909312
:1022B000B00EA093B10EB093B20E4092A70E509202
:1022C000A80E6092A90E7092AA0E840D951DA61DEF
:1022D000B71D8093AB0E9093AC0EA093AD0EB09350
:1022E000AE0E109293031092A30E1092A40E1092B1
:1022F000A50E1092A60E1092850E0E94BD62A8CF68
:10230000AF92BF92CF92DF92EF92FF920F931F9303
:10231000CF93DF935C01009709F462C068177907D7
:1023200008F45EC0FA01C489D589C217D30709F041
:1023300057C067017801CA018B01BE010E94E15CB0
:102340001093D10E0093D00EB092D30EA092D20E65
:10235000CE01B0E0A0E08093AF0E9093B00EA093BA
:10236000B10EB093B20E1092A70E1092A80E10925A
:10237000A90E1092AA0E8093AB0E9093AC0EA09370
:10238000AD0EB093AE0EC0928C0ED0928D0EE09238
:102390008E0EF0928F0E1092880E1092890E10926F
:1023A0008A0E10928B0E81E080939A0E1092930306
:1023B0001092A30E1092A40E1092A50E1092A60ECB
:1023C0001092850E0E94BD6281E0DF91CF911F9136
:1023D0000F91FF90EF90DF90CF90BF90AF90089556
:1023E00080E0F3CF0F931F93CF93DF931F92CDB76E
:1023F000DEB700E001C0082F10E040918F0350913C
:10240000900360919103709192038091B70E909127
:10241000B80EA091B90EB091BA0E481759076A07C5
:102420007B0740F000E0802F0F90DF91CF911F914C
:102430000F910895CE0101960E94CE80882391F3DA
:1024400099819923C1F20023B9F2963121F41F3FFB
:10245000A1F21F5FD2CF953A61F6123050F2E3CF6E
:102460007F928F929F92AF92BF92CF92DF92EF9224
:10247000FF920F931F93CF93DF9300D01F92CDB79E
:10248000DEB7782E6B015A01490165EA90E080E0E1
:102490000E94FF5C7C010E94F2118823B9F0CE01FA
:1024A00001960E94CE80882389F0CE0102960E9478
:1024B000CE80882359F0CE0103960E94CE808823D7
:1024C00029F06981711004C0662331F020E048C012
:1024D000862F8B7F8130D1F70A811B81C801F501DE
:1024E00091838083711003C08034910579F7C7010F
:1024F0000E94FF5C602F0E94FF5C612F0E94FF5CC6
:102500007C0180918F0390919003A0919103B091F1
:102510009203F40180839183A283B38310E000E0EF
:10252000F501808191810817190768F1CE010496A1
:102530000E94CE80882351F26C81C7010E94FF5C0B
:102540008C01CE0104960E94CE80882309F4BECF70
:102550006C81C8010E94FF5C21E0892B09F0B6CF95
:10256000822F0F900F900F900F90DF91CF911F91BE
:102570000F91FF90EF90DF90CF90BF90AF909F9022
:102580008F907F900895CE0104960E94CE8088237C
:1025900009F49CCF6C81C114D10439F000341105C9
:1025A00020F4F601E00FF11F6083C7010E94FF5C79
:1025B0007C010F5F1F4FB4CFCF92DF92EF92FF925B
:1025C0000F931F938091C103882389F10E94ACDD92
:1025D0000091BD031091BE032091BF033091C00351
:1025E000DC01CB01801B910BA20BB30B0091C2034A
:1025F0001091C3032091C4033091C5036801790190
:10260000C094D094E094F094C816D906EA06FB066C
:10261000A8F0080F191F2A1F3B1F0093C203109335
:10262000C3032093C4033093C5031092C1031F91C9
:102630000F91FF90EF90DF90CF9008950FEF1FEF75
:102640009801EBCFCF93DF93C091EE0ED091EF0EB8
:102650002297AC0161E170E088ED9EE00E94A1B09C
:102660000E94DC120E94687484E090E09093EF0E68
:102670008093EE0E229720F40E943967882329F078
:1026800081E0DF91CF910C948371DF91CF91089518
:10269000CF93DF93C091EE0ED091EF0E229700976B
:1026A000F9F488ED9EE0009731F043EE55E061E1EA
:1026B00070E00E948DB00E94DC120E94687484E079
:1026C00090E09093EF0E8093EE0E229720F40E94FC
:1026D0003967882379F081E0DF91CF910C94837181
:1026E00040E150E0BC0188ED9EE00F94230410927D
:1026F000E80EE1CFDF91CF9108950E94DC12809126
:10270000EA0E9091EB0EA091EC0EB091ED0E0097B9
:10271000A105B10541F08093C2039093C303A09338
:10272000C403B093C50308958091C10381110DC006
:102730000E94ACDD6093BD037093BE038093BF0322
:102740009093C00381E08093C10308954F925F92FC
:102750006F927F928F929F92AF92BF92CF92DF92B1
:10276000EF92FF92CF93DF93EC019A01AB0160915E
:102770001102709112028130910541F060910F02B7
:1027800070911002039711F46CE775E12B01712C25
:10279000612C64E170E0C130D10511F468E270E0B1
:1027A0004B01B12CA12C880C991CAA1CBB1CA9E0C4
:1027B000B0E00F9489026B017C0124E1C20ED11CB0
:1027C000E11CF11CC40CD51CE61CF71C0E94E6633E
:1027D000882329F0229722E630E0229710F022E0A9
:1027E00030E0C80CD91CEA1CFB1CC701B601620F03
:1027F000731F811D911DDF91CF91FF90EF90DF90AE
:10280000CF90BF90AF909F908F907F906F905F9090
:102810004F9008952F923F924F925F926F927F92C6
:102820008F929F92AF92BF92CF92DF92EF92FF92E0
:102830000F931F93CF93DF93CDB7DEB764970FB697
:10284000F894DEBF0FBECDBF2C011B013A01088BEF
:10285000198B2A8B3B8BAC8A8B828130910509F0D6
:102860004CC000911102109112021A83098308E2F0
:1028700010E049815A819A0150E040E02C833D8369
:102880004E835F83C801B0E0A0E0280F391F4A1FC4
:102890005B1F288739874A875B87280F391F4A1FA4
:1028A0005B1F2C873D874E875F8749015A0152E0A5
:1028B000850E911CA11CB11CA9E0B0E09601A701F6
:1028C0000F948902AB01BC01F1013197ED30F105A4
:1028D00008F035C18827E059FB4E8F4F0D947202E6
:1028E0008B14B014C114CE14E314E314E3142315B1
:1028F000231523155D159F158215039749F0009147
:102900000F02109110021A83098304E110E0B1CF85
:102910000CE715E1F8CF09811A81B801661977092A
:102920006016710610F070E060E090E080E0649660
:102930000FB6F894DEBF0FBECDBFDF91CF911F91D0
:102940000F91FF90EF90DF90CF90BF90AF909F904E
:102950008F907F906F905F904F903F902F90089551
:102960006016710658F4061917096C817D818E81F5
:102970009F81600F711F811D911DD9CF10E000E074
:10298000F4CF6016710638F4061917096885798541
:102990008A859B85EECF10E000E0F8CF82E090E0E2
:1029A0008619970912E06116710410F090E080E03A
:1029B0000C851D852E853F85080F191F211D311D92
:1029C000C901B801B4CF26013701088919892A89BC
:1029D0003B89041515052605370510F42801390132
:1029E000A9E0B0E0A30192010F9489029101265061
:1029F00031092230310510F5452846284728F1F0E5
:102A0000AB01BC01495051096109710988E090E0AE
:102A1000A0E0B0E016E02116310441F428E030E0F7
:102A20000C89201B3109C901B0E0A0E08A019B019B
:102A3000080F191F2A1F3B1FC901B801680D791D16
:102A40008A1D9B1D74CF840E951EA61EB71E4B813A
:102A5000433008F042E050E09A01A9E0B0E00F9462
:102A60007A0291012950310922303105B8F41B81D5
:102A70001123A1F09A01215031090F947A0229E023
:102A800022163104A9F408E010E03C89031B110967
:102A900030E020E0600F711F821F931F63317105CA
:102AA0008105910558F262E170E080E090E0C6CFC8
:102AB00008E010E020E030E0EDCF6A017B0182E128
:102AC000C80ED11CE11CF11C0E94E663882349F06A
:102AD00092E0491A510882E690E0A2E04A165104B9
:102AE00010F082E090E06816790648F4861997099C
:102AF000C80CD91CEA1CFB1C970186015DCF90E035
:102B000080E0F6CFA601B701C20164960FB6F89433
:102B1000DEBF0FBECDBFDF91CF911F910F91FF9010
:102B2000EF90DF90CF90BF90AF909F908F907F906D
:102B30006F905F904F903F902F900C94A61360E0A1
:102B400070E0CB01F4CE8F929F92AF92BF92CF9262
:102B5000DF92EF92FF920F931F93CF93DF9300D0FA
:102B600000D000D01F92CDB7DEB71D821E821F821B
:102B700018861092B30E1092B40E1092B50E1092E9
:102B8000B60E10929503109296031092970310922E
:102B9000980334E0C32E30E1D32EF12CE12C812CAC
:102BA000912C540110E0F60181916F010E94E75EC3
:102BB000880E911CA11CB11CE80EF11C1F5F10387F
:102BC00091F7CE0105966C019501840140E850E033
:102BD00060E070E081E00E94F75E882389F16091F7
:102BE0009F0E7091A00E8091A10E9091A20E0E9456
:102BF000557F882329F160919B0E70919C0E8091E6
:102C00009D0E90919E0E9E01275F3F4FAE014F5F3C
:102C10005F4F0E943E86882399F0E984FA840981F7
:102C20001A812B813C8140919B0E50919C0E6091AA
:102C30009D0E70919E0E80E00E94F75E811115C07E
:102C400010E0812F2A960FB6F894DEBF0FBECDBFDD
:102C5000DF91CF911F910F91FF90EF90DF90CF9078
:102C6000BF90AF909F908F9008958D819E81AF818E
:102C7000B8858F3FFFEF9F07AF07BF0739F0019679
:102C8000A11DB11DB695A795979587958093B30E15
:102C90009093B40EA093B50EB093B60E60919F0EB4
:102CA0007091A00E8091A10E9091A20E0E94557F6E
:102CB000182F8111C6CF66E070E084E994E00E948D
:102CC000977CBFCF0F931F93CF93DF938091061212
:102CD000813029F080910612833009F090C0109263
:102CE0007A038091840E882379F181E080936E03CA
:102CF00010929403E091B20FF091B30F309711F05E
:102D00008FEF19950E94A315882309F46DC0609177
:102D10009F0E7091A00E8091A10E9091A20E009135
:102D2000A30E1091A40E2091A50E3091A60E600F57
:102D3000711F821F931F0E94557F882309F454C07E
:102D400010926E031092840E82E08093061280919E
:102D5000820E9091830E049719F080E00E94837197
:102D6000C091790ECC2309F458C01092800E81E0F6
:102D70009091740E911101C080E00E94CA701FB73B
:102D8000F8948091750ED0E3811101C0D0E082E00B
:102D90008093181281E00E94B87185E088BBD360EF
:102DA000D0939000809171008A7F80937100809110
:102DB000750E882329F080917100846080937100E2
:102DC0008091780E882321F08091770E882329F056
:102DD0008091710081608093710089E180939100FE
:102DE0001092790E1FBF13C010926E03C0917A0328
:102DF000CC2339F01092071281E080930612C0E0D4
:102E000006C066E070E080EF94E00E94977C8C2F13
:102E1000DF91CF911F910F9108958091820E909133
:102E2000830E049731F4DF91CF911F910F910C9491
:102E3000D570DF91CF911F910F910C943E722F921C
:102E40003F924F925F926F927F928F929F92AF923A
:102E5000BF92CF92DF92EF92FF920F931F93CF9387
:102E6000DF93CDB7DEB7C657D1090FB6F894DEBFF2
:102E70000FBECDBF8C01E0900412F090051240907F
:102E8000B70E5090B80E6090B90E7090BA0E1092B6
:102E9000840E019711F410E000E0C8010E94005E6A
:102EA00080919A0E8111A0C00E94E36F60939F0EE3
:102EB0007093A00E8093A10E9093A20E8091AF0EFE
:102EC0009091B00EA091B10EB091B20E80939B0E76
:102ED00090939C0EA0939D0EB0939E0E1093CF0ED8
:102EE0000093CE0E80910412909105120E94956D70
:102EF00081117EC01092BB0E809104129091051238
:102F00000E94956D8823C1F080919A0E882309F460
:102F100095C04090AF0E5090B00E6090B10E709082
:102F2000B20E10929503109296031092970310928E
:102F30009803EE24E394F12C40919F0E5091A00E43
:102F40006091A10E7091A20EE3964CAF5DAF6EAF93
:102F50007FAFE3970E940B630115110509F07FC055
:102F600080E020910412309105122830310509F0DB
:102F70006AC281116BC20115110569F00B5011096C
:102F80000430110540F090E080E00E94005E109255
:102F9000CF0E1092CE0E80919A0E882309F4B6C6F9
:102FA0001092950310929603109297031092980333
:102FB0001092A30E1092A40E1092A50E1092A60EBF
:102FC0000E94BD6260919F0E7091A00E8091A10E33
:102FD0009091A20E0E94557F182F811189C666E03C
:102FE00070E086EB94E085C360E070E0CB015ECFDB
:102FF00085E090E1892B09F4CBC68BEB9EE000972E
:1030000009F482CFA5E0B0E1FC018D9181932EE01F
:10301000EC3CF207D1F71092CC0E41E061E18BEB72
:103020009EE00E94BA68811167CF4DE954E062E1E9
:1030300070E08BEB9EE00E948DB05ECF4090AB0EB7
:103040005090AC0E6090AD0E7090AE0E1092B30E1C
:103050001092B40E1092B50E1092B60E62CFC80147
:103060000B97049708F47CCFEA94EF2809F078CF07
:1030700084E090E1892B09F473CF20910410213072
:1030800019F0263709F06CCF2093C70F81E1E5E0F6
:10309000F0E1A8ECBFE001900D928A95E1F7409134
:1030A0001610509117105093C20F4093C10F2090EB
:1030B0001810309019103092C40F2092C30F6091F5
:1030C0001A1070911B107093C60F6093C50F3DE0EE
:1030D000E6E1F0E1A9EDBFE001900D923A95E1F74C
:1030E000E396CCACDDACEEACFFACE397C092E60F60
:1030F000D092E70FE092E80FF092E90F41155105E9
:1031000009F42ECF4101B12CA12CBA0190E080E04E
:10311000E7966CAF7DAF8EAF9FAFE7976A017C01FA
:10312000C80CD91CEA1CFB1C71E0C716D104E706C9
:10313000F10408F015CFE7968CAD9DADAEADBFADF7
:10314000E797E3964CAD5DAD6EAD7FADE397840F31
:10315000951FA61FB71F481659066A067B0608F476
:10316000FFCE0F30110509F4E1C5A8014650510901
:103170004330510508F4DAC50031110509F40EC6D3
:103180009801295031092230310508F41EC103305D
:10319000110509F4D3C00430110509F06FC031E501
:1031A000732E211450E1350610F423E5722E0E948F
:1031B000C063780E7394272C312C512C412CD201F2
:1031C000C101885F9E4EAF4FBF4F69E0C61661E1F7
:1031D000D606E104F10458F188169906AA06BB0642
:1031E00030F58091C30F9091C40FB0E0A0E0209122
:1031F000C10F3091C20FAC01BD01420F531F611DC1
:10320000711D4130504C6105710570F5672D80E0EE
:1032100090EC0E945A67882309F4A2CE85E090E0E2
:103220009093BC0F8093BB0F80E090EC0FC0672D94
:1032300088E091E10E945A67882399F284E090E047
:103240009093BC0F8093BB0F88E091E19093BE0FE9
:103250008093BD0F872D90E09093C00F8093BF0F98
:1032600081E08093B40F7DCEF0EC3F0E411C511CE9
:1032700082159305A405B50548F672CE05301105F3
:1032800009F08DC088EC9FE0712C892B41F00E94E1
:1032900026DA811101C081E099E4792E780E8FEF52
:1032A000870D883608F05CCE272C312C512C412C10
:1032B000D201C101885F9E4EAF4FBF4F29E0C216B9
:1032C00021E1D206E104F10428F188169906AA0644
:1032D000BB0600F58091C30F9091C40FB0E0A0E051
:1032E0002091C10F3091C20FAC01BD01420F531F9D
:1032F000611D711D4130504C61057105A8F4672DA9
:1033000080E090EC0E945A67882309F429CE87E078
:1033100090E086CF672D88E091E10E945A6788236C
:10332000C9F286E090E08CCF40EC340E411C511C79
:1033300082159305A405B50510F712CE51E1C51607
:10334000D506E104F10428F060E7261661E13606AF
:1033500088F083E090E09093BC0F8093BB0F1092B5
:10336000B80F80E191E19093BE0F8093BD0F80E68E
:1033700090E072CF71E0C71670ECD706E104F1045B
:1033800008F0EECD83E090E09093BC0F8093BB0FEC
:1033900081E08093B80FE5CF90E080E0E3C4B1E036
:1033A000CB16B1E1DB06E104F104A8F581E090E081
:1033B0009093BC0F8093BB0F80E091E19093BE0F80
:1033C0008093BD0F85E590E0D9C4E1E0CE16E4ED31
:1033D000DE06E104F10440F0FAE58F16F4ED9F06F5
:1033E000A104B10408F4BCCD90E080E04B3051055D
:1033F00028F44D515D4FDA018C9190E09093BC0F11
:103400008093BB0F80E094ED9093BE0F8093BD0F2F
:103410008AE590E0B3C4B5E58B16B1E19B06A10443
:10342000B10420F6E1E0CE16E0ECDE06E104F104A2
:1034300008F096CD82E090E09093BC0F8093BB0F94
:1034400080E090ECBBCF882309F4A5CD84E090E127
:10345000892B09F4F7C08091B40F882309F4F2C0D6
:103460000E94DB62882309F401C188EC9FE0892B6C
:1034700009F4E8C0D090C50FE090C60FB090C30F1C
:10348000C090C40F9090C10FA090C20FF090BF0FDA
:103490000091BD0F1091BE0F6F2DC8010E949BD9E6
:1034A000882309F4CFC00E9426DA811101C081E08F
:1034B000075B1F4F6FEA60931C1091E290931D1001
:1034C00010921E1050ED50931F1077E7709320104C
:1034D00021E12093211041E04093221050932310CA
:1034E0004093241037EE3093251033E030932610AC
:1034F0003DEE30932710E0EBE093281090932910D5
:1035000000932A1010932B1020932C1010922D1042
:1035100050932E1040932F10809330101092311042
:1035200030933210E093331086E18093341084EEB0
:10353000809335104EE14093361040EE40933710A3
:10354000909338101092391010923A104AE4409338
:103550003B1030933C1059E750933D104EE7409399
:103560003E104BE440933F10309340105093411075
:103570007093421033E2309343103BEC309344108D
:1035800034E63093451038E23093461033EF3093F1
:1035900047103EE33093481035E13093491032E351
:1035A00030934A1040934B103AE030934C10909374
:1035B0004D1090924E10A0924F1032E23093501066
:1035C00042E0409351102093521090935310B092C8
:1035D0005410C09255103093561094E090935710A9
:1035E000209358109DEC909359109AE290935A10A2
:1035F00010925B109AED90935C109EEF90935D108B
:1036000010925E1060935F1093ED90936010809322
:10361000611083EC80936210D0926310E09264108A
:103620000E9426DA28EC3FE0A5E6B0E190E08111A7
:1036300010C0E7ECFBE1E491E093651081E0875B6B
:10364000F816C9F167E070E082ED94E00E94977C83
:1036500088C19F5FF90141919F01E42FF0E0E95596
:10366000F44EE491ED938913F4CFE9CF0E94EB621D
:10367000882309F441C068E670E0CE0101960E94FB
:1036800010648C018091BF0F9091C00F081719072B
:10369000C9F6602F8091BD0F9091BE0F0E949BD9FB
:1036A000882381F2A8015527BE016F5F7F4F8CE10F
:1036B00090E10F94FC030E94FB628111D1C00E9433
:1036C0002D678111CDC00E94DB62182F8111C8C007
:1036D00060E072E089E192E10E9410649C01215057
:1036E00031092F3F374008F483C067E070E08CEA6F
:1036F00094E00E94977C36C10091BB0F1091BC0FE3
:10370000C8010E940264E090BD0FF090BE0F03302C
:10371000110511F08823C9F09BEB909304101092CF
:103720001610109217101092181092E19093191021
:10373000E0921A10F0921B1081112EC08091C70FD9
:1037400080931C108091C20F34C0C8010E94D863BE
:103750002091BF0F9091C00F882309F43CC02093A3
:10376000161090931710E0921810F0921910E09232
:103770001A10F0921B108CE190E1009709F49BCF96
:10378000E4EAF4E0DC0184E290E124912D933196A7
:103790008A179B07D1F78FCF81E080931C100950C7
:1037A000110981E10530110520F402511D4FD801A6
:1037B0008C9180931D1086E0E9EDFFE0AEE1B0E171
:1037C00001900D928A95E1F760E670E084E290E165
:1037D0000E94106470CF2093161090931710E092FF
:1037E0001810F0921910E0921A10F0921B1063CF8B
:1037F000E9E1F2E130E020E04191D901A15DBA4F69
:103800004C932F5F3F4F82179307B1F72FB7F89470
:1038100010927F0310927E039093700380936F0346
:1038200031E0309301022FBFB0E0A0E08093AF0EF3
:103830009093B00EA093B10EB093B20E8093A30EEE
:103840009093A40EA093A50EB093A60E1092AB0E6B
:103850001092AC0E1092AD0E1092AE0E1092850E1C
:103860000E941267882309F429C23E01E9E66E0E20
:10387000711CD3011D921D921D921C921397A4E0FE
:10388000EA2EA0E1FA2EB4E8CB2EB0E1DB2E10E058
:1038900000E0212C312C2101F70181917F010E9450
:1038A000E75E280E311C411C511C080F111DCE145F
:1038B000DF0491F729823A824B825C82AF961FAF78
:1038C0000EAFAF9780900C02912CA0900E02B12CFD
:1038D000C0901102D0901202F12CE12C7F926F92D5
:1038E000209108023091090280910602909107020E
:1038F000B0E0A0E0820F931FA11DB11DBF93AF9355
:103900009F938F93209104023091050280910202CF
:1039100090910302B0E0A0E0820F931FA11DB11DA2
:10392000BF93AF939F938F931F9282E08F931F92C9
:103930001F9280910A021F928F93A201910160E869
:1039400070E080E090E00E942E610FB6F894DEBF38
:103950000FBECDBF811121C080910612863009F0C3
:103960009DC110E0812FCA58DF4F0FB6F894DEBF1B
:103970000FBECDBFDF91CF911F910F91FF90EF90C0
:10398000DF90CF90BF90AF909F908F907F906F907F
:103990005F904F903F902F9008950E94E663882398
:1039A00009F483C060E072E089E192E10E94106452
:1039B0005C01892B89F28091B40F882369F2809190
:1039C000BF0F9091C00FA816B90631F6F9E1CF2EBE
:1039D000F2E1DF2E10E000E0212C312C2101C601A4
:1039E000895192418A159B0560F4D6018D916D0134
:1039F0000E94E75E280E311C411C511C080F111D4E
:103A0000EECF29823A824B825C82AF961FAF0EAF17
:103A1000AF9780900B02912C80910D02A82FB0E0FF
:103A2000C0900F02D0901002F12CE12CB50190E073
:103A300080E07F926F92E0910802F091090220915C
:103A400006023091070250E040E02E0F3F1F411D5B
:103A5000511D5F934F933F932F93E0910402F09198
:103A60000502209102023091030250E040E02E0F47
:103A70003F1F411D511D5F934F933F932F931F9203
:103A80001F921F9222E62F9320910A021F922F93DA
:103A90005D01A20191010E942E610FB6F894DEBF74
:103AA0000FBECDBF882309F457CF60919F0E709150
:103AB000A00E8091A10E9091A20E0E94557F8823A6
:103AC00009F44ACF60919B0E70919C0E80919D0EDF
:103AD00090919E0E9E0123593F4FAE014F5F5F4F65
:103AE0000E943E86182F882309F463C0AF960EAD5E
:103AF0001FADAF9729813A814B815C8120909B0E4D
:103B000030909C0E40909D0E50909E0EE091BB0F09
:103B1000F091BC0F3697E930F10508F0BDC0882759
:103B2000EB56F24E8F4F0D9472022B1E2B1EAC1DC6
:103B3000A51D451E3F1E381E9E1D321E92E080E0D0
:103B4000EFE3FCE367E27FE10DC092E080E0E8EFA5
:103B5000F8E169E47DE006C092E080E0E4E1F5E1AF
:103B600065E27CE07F926F921F921F92FF93EF932A
:103B70001F921F927F936F931F929F931F928F9319
:103B80001F9282E08F9364E1862E912C74E1A72E20
:103B9000B12CECE7CE2EE5E1DE2EE12CF12CC201BA
:103BA000B1010E942E61182F0FB6F894DEBF0FBE30
:103BB000CDBF60919F0E7091A00E8091A10E90914B
:103BC000A20E0E94557F882309F4C6CE112309F462
:103BD000C3CE0E94DB628823B1F0F3018081918122
:103BE000A281B381803EFCEF9F07FFEFAF07BF07C5
:103BF00008F0B2CE805E9C4FAF4FBF4FF301808381
:103C00009183A283B383F30180819181A281B381E7
:103C10008F3FFFEF9F07AF07BF0739F00196A11D48
:103C2000B11DB695A795979587958093B30E909300
:103C3000B40EA093B50EB093B60E0E942D678111FD
:103C400005C00E94DB62882309F45AC00E94C48820
:103C5000811156C086CE92E080E0E0E0F4E160E0C1
:103C60007AE080CF90E082E6EEE9FEE36FE46BCF8E
:103C700090E082E6E8E5F3E26CEA71E173CF90E070
:103C800082E6E0E4FAE160E265CF92E080E0EDEE0A
:103C9000FEE16EEC7FE066CF10E08BCF80910412E6
:103CA000909105120E94956D882329F087EC94E08D
:103CB00067E070E0CBCC8EEB94E0FACF80910412F9
:103CC000909105120E94956D1092B30E1092B40E51
:103CD0001092B50E1092B60E882309F4AECF109252
:103CE0009503109296031092970310929803A5CF14
:103CF0000E948988882309F434CE81E08093840E61
:103D000081E090E00E944B5D11E02CCE8091041286
:103D1000909105120E94956D811103C00E948988BF
:103D200097CF0E94A3158111F9CF1BCE213009F046
:103D300017C981E1C816D806E104F10440F090E704
:103D4000891691E19906A104B10408F409C9C801D2
:103D500006978B30910508F01FCB8D519D4FDC01EC
:103D60008C9190E09093BC0F8093BB0F80E191E128
:103D70009093BE0F8093BD0F80E690E02091BB0F23
:103D80003091BC0F2230310509F066CA0F9664CA23
:103D90008BEB9EE0892B09F048C9B6C821E0C2161A
:103DA00024EDD206E104F10408F423CB3AE58316AE
:103DB00034ED9306A104B10408F4D2C81ACBCF9213
:103DC000DF92EF92FF920F931F93CF93DF931F9297
:103DD0001F92CDB7DEB7E090820EF090830E81E0A7
:103DE000E816F10409F04AC00E94DB62882381F0E2
:103DF0008091850E811106C00E94C488811102C085
:103E000010E025C083E090E00E944B5D11E01FC0F0
:103E10000E94FB62182F882351F10E94EB628823D5
:103E200011F180E00E946B7481E00E94CA7084E00E
:103E300090E09093830E8093820E1092810E1092E8
:103E4000800E10927F0E10927E0E10927D0E812FAA
:103E50000F900F90DF91CF911F910F91FF90EF90F6
:103E6000DF90CF90089581E00E946B74E0CF0E94B4
:103E70002D678111BDCF82E090E0C6CF82E0E816C9
:103E8000F10421F40E9412678111B6CFC701029795
:103E9000029738F067E070E086EE94E00E94977C2D
:103EA000AFCF82E0E816F10429F40E943967182F99
:103EB0008111D9CF80910412909105128230910521
:103EC00009F060C00E94E36F0091B70E1091B80E28
:103ED0002091B90E3091BA0E6017710782079307CF
:103EE00068F48091D20E9091D30E009739F0209112
:103EF000D00E3091D10E8217930720F084E080938A
:103F0000061284CF60919F0E7091A00E8091A10E39
:103F10009091A20E00919B0E10919C0E20919D0EEF
:103F200030919E0E600F711F821F931F0E94057FAC
:103F3000182F811107C066E070E08DED94E00E94BB
:103F4000977C85CF8091D20E9091D30E019690935D
:103F5000D30E8093D20E0E946382882309F450CF3F
:103F6000BE016F5F7F4F8091D20E9091D30E0E9461
:103F7000C791882309F444CF89819A810E941F1731
:103F8000182F65CF089709F4B9CF82E0E816F1043D
:103F900009F0B4CF0E94E36F0091B70E1091B80EF4
:103FA0002091B90E3091BA0E6017710782079307FE
:103FB00008F0A4CF68017901C61AD70AE80AF90AFD
:103FC000B701A6014093AF0E5093B00E6093B10EAF
:103FD0007093B20E0093AB0E1093AC0E2093AD0E07
:103FE0003093AE0E1092A30E1092A40E1092A50E56
:103FF0001092A60E0E94BD620E948988882309F44F
:10400000FFCE39CF2F923F924F925F926F927F9265
:104010008F929F92AF92BF92CF92DF92EF92FF92D8
:104020000F931F93CF93DF93CDB7DEB7CA5AD10951
:104030000FB6F894DEBF0FBECDBF1C0181E00E9419
:104040008A10C956DF4F8883C759D040882309F4A6
:1040500027C18091EF03282F30E03093D10E2093B9
:10406000D00E2114310421F5C956DF4F1882C759EB
:10407000D040C956DF4F8881C759D040C655DF4F61
:104080000FB6F894DEBF0FBECDBFDF91CF911F9169
:104090000F91FF90EF90DF90CF90BF90AF909F90E7
:1040A0008F907F906F905F904F903F902F900895EA
:1040B00022153305C8F20FEF020D0817A8F68091FC
:1040C000E1038093910E26E0029F200111248201DA
:1040D0000A571F4EF201EB57FF4E808190E0B0E08F
:1040E000A0E0BA2FA92F982F8827F201EC57FF4E96
:1040F0002081822BF801408150E070E060E0BA013D
:10410000552744274427552767707727842B952BFD
:10411000A62BB72B80936A0390936B03A0936C0339
:10412000B0936D031092870E1092860E65EA90E0B0
:1041300080E00E94FF5C60E00E94FF5C60E40E94FF
:10414000FF5C60E00E94FF5C6C017E01F1E4EF0E19
:10415000F11C5E0121E8A20EB11C37014701C70125
:104160000E944484882309F47FCF3FEFE31AF30AC7
:10417000D4016C91C6010E94FF5C6C01EA14FB043F
:1041800069F7CE0101960E944484882309F46CCF1C
:104190006981C6010E94FF5C7C01CE0101960E94EC
:1041A0004484882309F460CF6981C7010E94FF5CC1
:1041B000892B09F059CFF30144895589CB56DF4F3C
:1041C00059834883C559D040F201E857FF4E80819A
:1041D000F201E957FF4EC080D12CF12CE12CB5E063
:1041E000CC0CDD1CEE1CFF1CBA95D1F7D8018C90CD
:1041F000912CB12CA12C13E0B694A794979487949A
:104200001A95D1F7C828D928EA28FB28882E912C9E
:10421000B12CA12C0DE0880C991CAA1CBB1C0A9582
:10422000D1F78824B0EE9B22B7E0AB22BB248701F4
:104230007601E828F9280A291B29C357DF4FE882AD
:10424000F9820A831B83CD58D040F201E757FF4E15
:104250002081E4E02E9F9001112490E066E0959586
:1042600087956A95E1F7282B392BA8EEB3E00F94D8
:104270007A026093B30E7093B40E8093B50E909350
:10428000B60E6091D00E7091D10E9A01A301C101BA
:104290000E948011C956DF4F8883C759D040E9CEAC
:1042A0001092EE030E94AC6200E0FF24FA94809129
:1042B000900E002331F091E0801708F490E0802FF9
:1042C000891B8093910E10926A0310926B031092D7
:1042D0006C0310926D03F09200021092870E109200
:1042E000860E0E946684882309F411C265EA90E074
:1042F00080E00E94FF5C6C01CE018F579F4F0E94AF
:104300004484882309F403C2CE018F5B9F4F0E942F
:104310004484882309F4FBC1CE0101960E944484A1
:10432000882309F4F4C1CF57DF4F1881C158D0401A
:10433000612FC6010E94FF5C22966FAD22970E94FA
:10434000FF5C69810E94FF5C892B59F610FDC9CF83
:10435000153638F6112309F4DEC11695612F70E089
:104360007093D10E6093D00E2114310409F4D3C19F
:104370006215730508F4CFC1F4E86F2EF0E17F2ECB
:10438000C456DF4F1882CC59D040C656DF4F198231
:104390001882CA59D04044244394512CC356DF4F4D
:1043A0001882CD59D040C256DF4F1882CE59D04026
:1043B000C156DF4F1882CF59D040C056DF4F188208
:1043C000C05AD0408091D00E9091D10E84159505A1
:1043D00008F4B1C1F12CE12C10E000E09E01275758
:1043E0003F4FAE014D565F4FBE016F5F7F4F80E084
:1043F0000E949584882309F48EC19E012F563F4F59
:1044000079018E010B571F4F24503109AE014B56D5
:104410005F4F70E060E085E00E949584882309F496
:104420007AC18D899E89C856DF4F99838883C85980
:10443000D040CB56DF4F88819981C559D040C856AE
:10444000DF4FA881B981C859D040A817B90709F032
:1044500062C1CF56DF4FE881F981C159D040CF55B5
:10446000DF4FF983E883C15AD040CB57DF4F8881B3
:104470009981AA81BB81C558D040CD55DF4F888333
:104480009983AA83BB83C35AD040CF57DF4F18828A
:1044900019821A821B82C158D04080919503909155
:1044A0009603A0919703B0919803C955DF4F888375
:1044B0009983AA83BB83C75AD040C856DF4F68810F
:1044C0007981C859D040CE0101960E94E15C04E098
:1044D00010E1F12CE12C812C912C5401D12CD8012C
:1044E0008D918D010E94E75E880E911CA11CB11C6C
:1044F000E80EF11CD394B0E8DB12F1CFFE01EF57C8
:10450000FF4F6F019501840140E850E060E070E0EA
:1045100081E00E94F75E182F8823D9F0C856DF4F3C
:1045200028813981C859D040A90170E060E0CF5599
:10453000DF4FE880F980C15AD040CD55DF4F088168
:1045400019812A813B81C35AD04080E00E94F75EE6
:10455000182FC955DF4F88819981AA81BB81C75A1D
:10456000D0408093950390939603A0939703B093C4
:104570009803112309F4CFC0CF57DF4F68817981A9
:104580008A819B81C158D04068517C4F8F4F9F4F8B
:1045900020ED37E040E050E00F945002211594E008
:1045A00039074105510508F0B9C0CF57DF4F2883BF
:1045B00039834A835B83C158D040CF57DF4F28816E
:1045C00039814A815B81C158D04093E34916510437
:1045D00009F4A1C0C757DF4F88809980AA80BB80AB
:1045E000C958D04081149104A8E0AA06B10408F08B
:1045F00092C0C357DF4FC880D980EA80FB80CD5876
:10460000D040C114D104B8E0EB06F10408F083C037
:10461000C9012115E4E03E0710F08FEF93E0D301CC
:104620008C9211969C9211976C2D660F660F660FF7
:104630006A2912966C9312974601570165E0B69469
:10464000A794979487946A95D1F713968C921397B1
:10465000682F6295660F660F607C460157017DE00A
:10466000B694A794979487947A95D1F7682914966D
:104670006C931497969587959695879515968C9338
:1046800042145304E9F580E4FE013196DE01AF5B8C
:10469000BF4F01900D928A95E1F7CB56DF4FE8812D
:1046A000F981C559D040C656DF4FF983E883CA590E
:1046B000D04044275527A8EEB3E00F9489026093B9
:1046C000B30E7093B40E8093B50E9093B60EC4568D
:1046D000DF4F1883CC59D040C356DF4FC882CD5925
:1046E000D040C256DF4FD882CE59D040C156DF4F9E
:1046F000E882CF59D040C056DF4FF882C05AD04030
:10470000FFEF4F1A5F0A26E0620E711C5BCE0F5F4F
:10471000003109F0CCCD1092B10FABCC8FEF93E00C
:10472000A0E0B0E0CF57DF4F88839983AA83BB8393
:10473000C158D04042CFC456DF4F3881CC59D04009
:10474000332349F34091B70E5091B80E6091B90EE2
:104750007091BA0E4093EA035093EB036093EC031D
:104760007093ED034091960E5091970E6091980EC4
:104770007091990E4093E6035093E7036093E8032A
:104780007093E9034091920E5091930E6091940EB4
:104790007091950E4093E2035093E3036093E4031A
:1047A0007093E5039091910E9093E1038093EF0352
:1047B00081E08093E0038093EE030E943EDA6091F3
:1047C000D00E7091D10EC356DF4FE880CD59D04046
:1047D000C256DF4FF880CE59D040C156DF4F088116
:1047E000CF59D040C056DF4F1881C05AD040C6566E
:1047F000DF4F28813981CA59D040AE014F5B5F4FEE
:1048000046CD1092FE041092FD0410929F0FE0E539
:10481000FDE01382128211821082E8EFF4E011822F
:1048200010821092F7041092F6041092F204109283
:10483000F3041092F4041092F5041092470D1092B4
:10484000480D1092490D10924A0D10924B0D109286
:104850004C0D10924D0D10924E0D1092E9041092D5
:10486000EA041092EB041092EC041092FC041092F3
:10487000F00410924F0D1092FA041092F10410926D
:10488000200410921F0410921E041092460D1092E4
:10489000450D1092EF041092EE041092ED04109268
:1048A000E80408958091F604E82FF0E0DF01AA0FF4
:1048B000BB1FA05BB24F2D913C91232B51F0E850D0
:1048C000FB4F9081911105C091E0908389278093DF
:1048D000F6040895BF92CF92DF92EF92FF920F936A
:1048E0001F93CF93DF93B090F704CB2DD0E0CE0190
:1048F00088509B4F6C01FC01008101110CC011E03C
:10490000812FDF91CF911F910F91FF90EF90DF905A
:10491000CF90BF9008950E946170182F8111EFCF42
:10492000CC0FDD1FFE01E05BF24FE080F180C7019C
:1049300001978115924070F589E192E1BB2011F059
:1049400084E090E1B7010E94FE7F8E159F0511F56E
:104950008091F2049091F304A091F404B091F504D5
:104960008E0D9F1DA11DB11D8093F2049093F30441
:10497000A093F404B093F504C05BD24F198218825F
:10498000F60110828091F70491E089278093F70463
:10499000102FB6CF8FEA99E00E948DBBB1CFCF9395
:1049A000DF939091F604E92FF0E0DF01A850BB4FB0
:1049B0002C91211133C029E132E1992311F024E037
:1049C00030E1EE0FFF1FE05BF24F40815181EA01C1
:1049D0002196D183C083240F351FF9018083409134
:1049E000470D5091480D6091490D70914A0D4F5FF0
:1049F0005F4F6F4F7F4F4093470D5093480D60932B
:104A0000490D70934A0D81E0C115D24021F48C9379
:104A100098279093F604DF91CF91089580E0FBCF23
:104A2000FF920F931F93CF93DF931F921F92CDB7E7
:104A3000DEB7082FF92EBE016F5F7F4F0E94DA8E1E
:104A4000182F811113C040E150E063E37DE08FE94E
:104A50009FE00F9423041092AF0F812F0F900F90BF
:104A6000DF91CF911F910F91FF9008958A818F93CD
:104A700089818F93FF920F9380EA99E09F938F93A0
:104A80001F9280EA8F9389E194E19F938F930E9414
:104A9000B6AE01970FB6F894DEBF0FBECDBF8F390B
:104AA0009105D8F282E999E00E948DBB10E0D5CF44
:104AB00080910C04811106C080910B04811102C009
:104AC00080910A040895AC0161E170E08FE99FE0F4
:104AD0000C94A1B0181634F083E599E00E94632588
:104AE00080E00895809314046091D50460931304CA
:104AF00090E00E94CAC48091D50491E089278093F8
:104B0000D5049093D70481E00895BF92CF92DF92AD
:104B1000EF92FF920F931F93CF93DF93B0901D04FA
:104B2000CB2DD0E0CE018C519B4F6C01FC0100815C
:104B300001110CC011E0812FDF91CF911F910F91D6
:104B4000FF90EF90DF90CF90BF9008950E9461702A
:104B5000182F8111EFCFCC0FDD1FFE01EC5AF24F61
:104B6000E080F180C70101978115924028F087E429
:104B700099E00E946325DFCF89E192E1BB2011F02B
:104B800084E090E1B7010E94FE7F8E159F0519F029
:104B90008CE399E0EECF8091DC049091DD04A0914C
:104BA000DE04B091DF048E0D9F1DA11DB11D809309
:104BB000DC049093DD04A093DE04B093DF04CC5AB0
:104BC000D24F19821882F601108280911D0491E063
:104BD000892780931D04102FAECFFF920F931F9350
:104BE000CF93DF931F921F92CDB7DEB7082FF92E18
:104BF000BE016F5F7F4F0E94DA8E182F811122C095
:104C000083E39DE0892B99F48FE99FE0009731F0D1
:104C100045E059E061E170E00E948DB0812F0F9076
:104C20000F90DF91CF911F910F91FF90089540E178
:104C300050E063E37DE08FE99FE00F94230410923E
:104C4000AF0FECCF89819A812091730F3091740F4F
:104C50002530310501F59F938F93FF920F938DE2DD
:104C600099E09F938F931F9280EA8F9389E194E15B
:104C70009F938F930E94B6AE0FB6F894DEBF0FBE1F
:104C8000CDBF01978F39910548F280E199E00E94EC
:104C9000632510E0C3CF9F938F93FF920F938EE114
:104CA00099E0DFCFDC019FB7F894209103043091A5
:104CB0000404409101045091020480E0421753071C
:104CC00069F0F901F770E15DFA4F80818C932F5FF5
:104CD0003F4F309304042093030481E09FBF089565
:104CE0002F923F924F925F927F928F929F92AF92BC
:104CF000BF92CF92DF92EF92FF920F931F93CF93C9
:104D0000DF931F921F92CDB7DEB722E0E22EF12C87
:104D100077247394CC24C394D12CE091DB04F0E08D
:104D2000EC51FB4F00810111CBC08091D704882347
:104D300091F08091140490911304911101C0819518
:104D40000E94390F81111092D7048091D7048823D3
:104D500021F301E0B5C00E945825082F882309F4EB
:104D600000C18091D6048823A1F380910C0488238C
:104D700021F18090E0049090E104A090E204B090D2
:104D8000E304809112048823B1F081E00E94390F7E
:104D9000882371F080920D0490920E04A0920F046B
:104DA000B09210047092110410920C0470920B04D3
:104DB0000E945825CCCF8FEFE9CF00910B04002340
:104DC00071F080E00E94390F882391F310920B0458
:104DD00080910804882361F30E941A0FE9CF809123
:104DE0000A04882309F4B5CF10910904812F111604
:104DF00014F08FE7810F90911204911101C08195F9
:104E000090911104992309F4A7C080900D0490900B
:104E10000E04A0900F04B0901004898340911504F3
:104E20005091160460911704709118042091540D4C
:104E30003091550D2115310589F084169506A60689
:104E4000B70660F01A012B01220E331E411C511CC3
:104E500082149304A404B50408F447C040911904D3
:104E600050911A0460911B0470911C042091560DFE
:104E70003091570D2115310591F084169506A6063F
:104E8000B70668F01A012B01220E331E411C511C7B
:104E900024E030E182149304A404B50440F180912D
:104EA000DC049091DD04A091DE04B091DF0488164B
:104EB0009906AA06BB0668F189E699E00E94632577
:104EC000802F0F900F90DF91CF911F910F91FF9046
:104ED000EF90DF90CF90BF90AF909F908F907F909A
:104EE0005F904F903F902F90089529E132E1841A0E
:104EF000950AA60AB70A820E931EF40180831092C7
:104F00000A0411160CF068CF70920B04709208041A
:104F10004FCF0E946170082F81114ACFC501B401A3
:104F20000E94057F811103C08DE599E0C7CF61E044
:104F300070E0CE0101960E94FE7F0197A9F7609173
:104F4000DC047091DD048091DE049091DF040E9406
:104F5000057F8111D4CFE8CF0E94390F8111CFCFC7
:104F600027CF8091D804882341F01092D8040E9462
:104F70006A25882309F4A4CFD0CECE0102960E94E0
:104F80005226882309F4E5CE2091D9043091DA0421
:104F90008A812130310581F41092DA041092D9040B
:104FA00090EF980F903718F088E899E087CF0E942B
:104FB0006A258823C9F3B1CE2230310591F41092CD
:104FC000DA041092D9049091D604992311F08F3FFE
:104FD0001CF484E799E072CF8093090470920A046C
:104FE0009CCE813029F4D092DA04C092D90495CEB7
:104FF0008230D9F58091D60481112DC08091960F11
:105000008823C1F01092D2041092D1041092D004DF
:105010000E9438698091C104873061F00E948BC37F
:105020001092C0041092BF041092BE041092BD04EE
:105030001092BC047092D6048091D504809312041F
:105040001092110410920C0410920B0410920A0496
:105050001092080462CE80911104811103C07092F5
:105060000C045BCE70920B0458CE833029F4F0927E
:10507000DA04E092D90451CE282F30E094E035953F
:1050800027959A95E1F7182F1F702115310519F40E
:105090008EE799E013CF822F0E946A25882309F4B6
:1050A0000FCF112309F439CE1093D80436CE4FB761
:1050B000F8942091030430910404809101049091AC
:1050C00002044FBF821B930B0895CF938091FB0482
:1050D000813069F5CFB7F894809104018E7F809379
:1050E0000401809105018E7F809305018091030169
:1050F00081708093BC038091BC038093D404109290
:10510000070410920604109205041092000490E027
:1051100080E00E94BB0F82E08093FB040E943C6E03
:1051200081E00E94B871CFBF81E0CF91089580E007
:10513000FCCF0E94166EE3E7F0E080818D7F8083D4
:10514000109221011092200182E08ABB80E00C9431
:10515000B871CF93DF93DFB7F8940E94166ED19B9E
:105160000FC00E941210C82F81110AC00E949928F6
:1051700084E08093FB04DFBF8C2FDF91CF910895F3
:1051800080912401909125011092210190930704B0
:105190008093060483E08093FB0480E00E94B87152
:1051A000C1E0E9CF1F920F920FB60F9211240BB6F8
:1051B0000F922F933F934F935F936F937F938F93B0
:1051C0009F93AF93BF93EF93FF938091FB04823043
:1051D00061F40E9403108823D9F082E00E94E30F5B
:1051E0008823B1F081E080930504FF91EF91BF9196
:1051F000AF919F918F917F916F915F914F913F916F
:105200002F910F900BBE0F900FBE0F901F9018950F
:105210000E94992884E08093FB04E7CFCF93CFB717
:10522000F8940E949928109205041092000410929C
:10523000FB04CFBFCF910895CF93CFB7F8940E94CE
:105240009928109204041092030410920204109200
:10525000010410920704109206048CE991E39093E4
:105260002C0280932B0282E080932A021092D304B6
:105270001092BC031092D404109205041092000402
:105280001092FB04CFBFCF9108950E941C29109269
:105290009E0F10929D0F1092740F1092730F109228
:1052A000191410929F0FE4E5FDE011821082138221
:1052B0001282E4EEF4E0108211821092DB0410926C
:1052C0001D04E5E1F4E0108211821282138214823F
:1052D0001582168217821092DC041092DD0410925F
:1052E000DE041092DF041092E0041092E1041092A8
:1052F000E2041092E3041092DA041092D90410929E
:10530000D8041092D5041092D7041092140410926D
:1053100013041092D60410921204109211041092E9
:105320000D0410920E0410920F04109210041092AB
:105330000C0410920B0410920A04109209041092AB
:1053400008040895CF93DF93EC01D19910C08091A8
:105350002401909125019983888310922501109250
:10536000240182E08ABB81E0DF91CF9108950E9401
:1053700012108823C9F3EBCFCF9320910504C0917D
:10538000D304222309F441C0CC2359F00296969508
:105390008795969587958038910570F080E0CF913C
:1053A0000895C2968436910530F084569109CF5FF6
:1053B000C038C1F7F3CF8C2F409101045091020403
:1053C0002091030430910404241B350B2150384FE5
:1053D0002230310518F32091010430910204F901C3
:1053E000F770E15DFA4F93E09083F9013196F77021
:1053F000E15DFA4F80832E5F3F4F3093020420938C
:1054000001041092050481E0CACFCC23F1F1029689
:1054100096958795969587950097A1F18038910587
:1054200008F0BCCFC82FC03108F450C00E94031050
:10543000882309F4B3CF40910104509102042091D4
:10544000030430910404241B350B2150384F2230C3
:10545000310508F4A3CF2091010430910204F90131
:10546000F770E15DFA4F91E09083F9013196F770A2
:10547000E15DFA4FC0832E5F3F4F309302042093CB
:1054800001048DCF81E090E0CDCFC29684369105A6
:1054900030F084569109CF5FC038C1F77FCFC1117A
:1054A000C2CF80910004C1E0811103C0C093000409
:1054B000AACF20E1829FC00111248C2B0E94E30F10
:1054C000882309F46BCF1092000469CF8091000407
:1054D000EBCF1F93CF93DF931FB7F894C0910301D5
:1054E000C1708091BC038C1731F1809106049091BA
:1054F00007040E94BC29D82F81110BC00E94992853
:1055000084E08093FB041FBF8D2FDF91CF911F910B
:105510000895C093BC031092050490E080E00E94BF
:10552000BB0F82E08093FB040E943C6E81E00E94EE
:10553000B871D1E0E8CF8091060490910704EFCFD5
:105540001F93CF93DF931F921F92CDB7DEB71A82BE
:1055500019821FB7F8948091FB04823021F080916A
:10556000FB04833021F50E94166E8091FB0482308B
:1055700029F5CE0101960E94A22910922101909155
:1055800073009D7F9093730092E09ABB8823F1F0A3
:1055900089819A810E94BC298823C1F00E9403104E
:1055A0008823A1F01092FB0480E00E94B8711FBF15
:1055B0000F900F90DF91CF911F9108958091060475
:1055C000909107049A83898381E0D7CF84E0809308
:1055D000FB04EACF2F923F924F925F926F927F929D
:1055E0008F929F92AF92BF92CF92DF92EF92FF92F3
:1055F0000F931F93CF93DF931F921F92CDB7DEB708
:1056000018160CF05CC06091E80490E00E945869A4
:10561000382E8091E80491E089278093E8043110C6
:1056200018C033243394832D0F900F90DF91CF91C6
:105630001F910F91FF90EF90DF90CF90BF90AF90B0
:105640009F908F907F906F905F904F903F902F90A2
:10565000089597E2492E512C2CE2622E712C39E3E9
:10566000832E912C0091B9141091BA1401151105D3
:10567000D1F28091BB144091BC145091BD14609143
:10568000BE147091BF14A090C414B090C5141092B1
:10569000BA141092B9140130110509F07FC1C090FD
:1056A000E604D090E7040091BA041091BB04E090A6
:1056B000DE14F090DF1480914F0D882311F0312C0F
:1056C000B2CF809120048111FACF69E172E1672B9A
:1056D00009F476C0C114D10409F472C0D6015896F9
:1056E0002C90B1E02B126CC0BE016F5F7F4FC601E2
:1056F0000E94D56C882309F463C080E8F601A9E113
:10570000B2E101900D928A95E1F720921912F6010B
:105710007A9686E0ABE2B2E101900D928A95E1F7CC
:10572000E1E3F2E188E6DF011D928A95E9F78981DC
:105730009A8190931F0480931E04019787309105EE
:10574000C8F190E080E09093460D8093450D89E18B
:10575000C82E82E1D82EC6010E94F2C9882309F41E
:10576000AECFD60152968D919C91B0E0A0E080938F
:105770004B0D90934C0DA0934D0DB0934E0D805852
:105780009F4FAF4FBF4F8093E9049093EA04A093DB
:10579000EB04B093EC0481E080934F0DC6010E94AE
:1057A00063C160914B0D70914C0D80914D0D9091A6
:1057B0004E0D15C08D5F9C4FFC01808190E0C3CFE2
:1057C000C6010E94FE6C882369F081E0809320046A
:1057D000C6010E9463C16AE570E080E090E00E942B
:1057E000586C40CF0115110509F4D4C0E114F1043F
:1057F00009F04DC0C801885791090837110538F4E0
:1058000088E790E0801B910B0933110528F1A8016E
:105810004953510998012C5231090752110970E47A
:10582000A71A7FE1B70AA9E8AA16A3E1BA0650F4BD
:105830000217130738F40417150720F4081719077F
:1058400008F4AAC048175907C0F42417350708F40C
:10585000B7C191E080E080C0A401401B510B0C3225
:105860001105C0F69301201B310B07321105A8F674
:10587000B201601B710B8B01D2CF2817390708F0DA
:1058800089C02417350708F085C092E0E3CFA8014E
:10589000485751090837110520F448E750E0401BEC
:1058A000510BC7018B5E9109BBEEEB16F10420F49E
:1058B0008BEE90E08E199F09480F591FC801C997B8
:1058C0000933110518F4C401801B910B970125576A
:1058D0003109E5E7EE16F10420F425E730E02E1952
:1058E0003F09280F391FC8018C970C32110518F495
:1058F000C301801B910BB70168557109F8E5EF16DC
:10590000F10420F468E570E06E197F09860F971F97
:105910000732110550F1075211097FE4E716F1042F
:1059200048F1AFE4EA1AF1080E0D1F1D0817190718
:1059300030F40217130718F40417150768F1241739
:105940003507F0F48217930708F43FC191E080E037
:105950000217130708F490E09093450D8093460DCD
:10596000C114D10409F4ABCEF6CEB201601B710BA9
:105970008B01D3CFEFE4F0E0EE19FF097F01D4CF24
:105980008417950738F48217930720F4081719072E
:1059900008F07BCF90E05ECF98E05CCF023011053D
:1059A00039F590912004992359F04A355105610544
:1059B000710508F084CE475E5D4EFA01808352CEB9
:1059C00090914F0D992309F47ACE00914B0D1091CF
:1059D0004C0D20914D0D30914E0D4017510762072F
:1059E000730708F06CCE0E94CF2481113BCE67CEA6
:1059F0000330110509F0C5C080912004882309F403
:105A000098C064E070E1672B09F488C00091E60457
:105A10001091E704C8010E94FE6C882309F47EC03F
:105A200089E192E1009709F479C0BE016F5F7F4F71
:105A30000E94A56C882309F471C080E8F801A4E0F5
:105A4000B0E101900D928A95E1F780916512809303
:105A500004108DE0E6E6F2E1A6E1B0E101900D92DE
:105A60008A95E1F71092231089819A8190931F04FF
:105A700080931E0401978730910508F454C090E08C
:105A800080E09093460D8093450D1092530D109237
:105A9000520D1092510D1092500D1092F904109267
:105AA000F8041092F7041092F6041092F204109287
:105AB000F3041092F4041092F5041092470D109222
:105AC000480D1092490D10924A0D84E090E10E9419
:105AD000F2C9882309F4F3CD809116109091171024
:105AE000B0E0A0E080934B0D90934C0DA0934D0D32
:105AF000B0934E0D80589F4FAF4FBF4F8093E90436
:105B00009093EA04A093EB04B093EC0481E08093BB
:105B10004F0D1092200484E090E141CE8FED99E08A
:105B20000E948DBBCCCD8D5F9C4FDC018C9190E0B1
:105B3000A8CF80914F0D8823A9F04091470D509137
:105B4000480D6091490D70914A0D8091E904909142
:105B5000EA04A091EB04B091EC04481759076A07D6
:105B60007B0719F01092F004AACD81E08093F00435
:105B70000E94A02A0E9452241093FE040093FD0468
:105B800071CD0430110509F06DCD8091200488237A
:105B900019F083ED99E0C4CF8091F104882319F0C6
:105BA00086EC99E0BDCF80911E0490911F04892B53
:105BB00021F481E08093FA0455CD89EB99E0B0CFD0
:105BC0002817390708F0E6CE60CE8417950708F449
:105BD000DDCEE0CE9093AD038093AC031092AB0387
:105BE0001092AA036093A50340931F026093A90338
:105BF00080E88093270281E090E090931E028093DA
:105C00001D028AE496E0611102C080EC9FE090934F
:105C1000A4038093A30308958091A9039091270280
:105C2000892329F080919F039091A003089580918A
:105C3000A1039091A2030895009711F481E090E0F0
:105C400020919A0030919B00820F931F90939B00AC
:105C500080939A0008958091B2039091B303892BA9
:105C6000B9F08091B2039091B30301979093B3037D
:105C70008093B20380912102909122029093AF030E
:105C80008093AE0380E69AEE0E941C2E81E0089578
:105C90008091B0039091B103892BD1F08091B00332
:105CA0009091B1031092B1031092B00380322EE4B0
:105CB000920749F420912502309126023093AF03D8
:105CC0002093AE03E1CF2091230230912402F6CF3E
:105CD0001092AF031092AE0380E00895809171009E
:105CE0008A7F80937100109290001092910085E05D
:105CF00088BB80911812833011F41092181280E042
:105D00000C94B871CF93C82F0E946E2E80E00E9431
:105D1000CA701092B603C093BB03CF9108950F933E
:105D20001F934091FC035091FD036091FE0370911D
:105D3000FF03B0E0A0E08A019B010095109520953B
:105D40003095081719072A073B0770F48FEF9FEF6C
:105D5000DC018093FC039093FD03A093FE03B093BA
:105D6000FF031F910F910895840F951FA61FB71F62
:105D7000F0CF8091FA0E9091FB0E0E94956D8111EB
:105D80000C94F81090E080E008951092C2031092F5
:105D9000C3031092C4031092C5031092BD03109266
:105DA000BE031092BF031092C0031092C103089566
:105DB0001F93CF93DF93182F8091FA0E9091FB0ED3
:105DC0000E94956D882309F447C00E94F810EC01E9
:105DD000892B09F441C08091F00E9091F10E8C173F
:105DE0009D0751F10E94DC120E94C52ED093F10E46
:105DF000C093F00ED0934F02C0934E028091B30E29
:105E00009091B40EA091B50EB091B60E8093EA0EAB
:105E10009093EB0EA093EC0EB093ED0E1123E1F0F6
:105E20009FB7F894809106129FBF8230A9F4DF914A
:105E3000CF911F910C9494138091B30E9091B40E56
:105E4000A091B50EB091B60E8093EA0E9093EB0E32
:105E5000A093EC0EB093ED0EDF91CF911F910895BA
:105E6000CF93DF93C091FA0ED091FB0EC630D105CF
:105E7000B1F40E94A46E049721F080E0DF91CF91ED
:105E800008950E94AE740E947D1381E08093E90E14
:105E900081E090E09093EF0E8093EE0EEFCFCE0175
:105EA0000E94A06D882399F09FB7F8948091061204
:105EB0009FBF843011F78091FA0E9091FB0E0E94E3
:105EC000956D882301F380E00E94D82EDCCF2797C0
:105ED00029F40E942310049781F6D5CF9FB7F89438
:105EE00080916B0E9FBF843041F6CDCF2F923F92B1
:105EF0004F925F926F927F928F92AF92BF92CF92AA
:105F0000DF92EF92FF920F931F93CF93DF9300D016
:105F100000D000D01F92CDB7DEB79A8789870E9444
:105F2000D8BDA985BA8511969C938E9389E194E199
:105F300013969C938E9312978091700F9091710F8E
:105F400015969C938E9314978091670F16968C9359
:105F500016978091650F9091660F18969C938E937B
:105F600017978091630F9091640F1A969C938E936C
:105F7000199780916D0F1B968C931B978091FC0E47
:105F80001C968C931C978091FD0E1D968C931D97EB
:105F900080916E0F90916F0F1F969C938E931E971A
:105FA00088ED9EE051969C938E9350978091C1030B
:105FB000811143C00091C2031091C3032091C40317
:105FC0003091C503E985FA85028B138B248B358BC1
:105FD0008091EA0E9091EB0EA091EC0EB091ED0E37
:105FE000868B978BA08FB18F0091FA0E1091FB0ECC
:105FF000C8010E94A06DF82E882309F49BC08091EF
:10600000B40F882309F496C08091820E9091830E7C
:106010008430910509F491C0039709F05FC00E9494
:10602000DB628823B1F18091BB0F9091BC0F079781
:1060300009F086C08BE090E033C00E94ACDD009197
:10604000BD031091BE032091BF033091C003DC015A
:10605000CB01801B910BA20BB30B0091C2031091DB
:10606000C3032091C4033091C50368017901C09432
:10607000D094E094F094C816D906EA06FB0628F0FE
:10608000080F191F2A1F3B1F9DCF0FEF1FEF98010D
:1060900099CF0E94E663882309F455C089E090E017
:1060A000A985BA855C969C938E935B972091700F1F
:1060B0003091710FA901445051094230510508F443
:1060C00048C02730310509F444C0009729F00697ED
:1060D00021E0069708F03EC020E03CC00E942D67FA
:1060E000811131C00E94E663811130C0E091BB0F85
:1060F000F091BC0F3197E730F105E0F48827EC57B9
:10610000FF4C8F4F0D9472028E308B309130943053
:106110009730A0301A3082E090E0C2CF81E090E06A
:10612000BFCF83E090E0BCCF84E090E0B9CF85E0C2
:1061300090E0B6CF90E080E0B3CF8CE090E0B0CFBD
:106140008AE090E0ADCF87E090E0AACF88E090E0D1
:10615000A7CF21E0E985FA85228FC801049702972D
:1061600008F0D4C0C0905F0ED090600EE090610E39
:10617000F090620E0E94EC6740915B0E50915C0EB5
:1061800060915D0E70915E0EB0E0A0E04817590777
:106190006A077B0708F496C09A01AB01281B390BEC
:1061A0004A0B5B0BC114D104E104F10409F08EC069
:1061B00020E0A985BA855D962C930091FA0E109186
:1061C000FB0EC8010497029708F058C20E94EC67C2
:1061D0008115B8E09B0708F412C220E0A985BA85B2
:1061E0005E962C935E978091690F5F968C93809159
:1061F000FA0E9091FB0E0E94956D182F8091F20E71
:10620000112349F08091041290910512029709F030
:10621000DDC28091CD0EE985FA8580A380916A0F59
:1062200081A30E94B92EA985BA8593969C938E93DB
:1062300092970E94E010E985FA8595A384A3112323
:1062400009F4C6C280910412909105120E94956DC6
:10625000882309F4BDC28BEB9EE0A985BA85979689
:106260009C938E9396978091F30E9091F40E112348
:1062700069F080910412909105120E94956D882317
:1062800009F4A9C28091CE0E9091CF0EE985FA85CE
:1062900091A780A72A960FB6F894DEBF0FBECDBF98
:1062A000DF91CF911F910F91FF90EF90DF90CF90F2
:1062B000BF90AF908F907F906F905F904F903F9086
:1062C0002F90089520E030E0A9016CCF2C153D05FA
:1062D0004E055F0510F024E66CCFA4E6B0E00F9405
:1062E0008902970186013695279517950795600FC6
:1062F000711F821F931FA70196010F94500225362C
:1063000031054105510508F454CFE5CFFF2009F4CC
:106310001BC18091B40F882309F44ACF8091820E6B
:106320009091830E0497B9F4E091C10FF091C20FE0
:10633000309709F43DCF2091EA0F3091EB0F409157
:10634000EC0F5091ED0FA4E6B0E00F9489029F018D
:1063500050E040E0D2CF8FB7F8940091820E1091B8
:10636000830E20918203309183033E832D832090FE
:10637000800330908103B090930340917E0350914D
:106380007F0358874F83A0907D0380907C038FBF4D
:1063900040E850E060E070E081E090E00E94A613E9
:1063A00069837A838B839C830E942D67811104C04B
:1063B0000E94DB628823C1F040919B0E50919C0E9D
:1063C00060919D0E70919E0E83E090E00E94A61356
:1063D00049805A806B807C80460E571E681E791E4D
:1063E000C12CD12C760132C00E94FB62811157C0B2
:1063F0008091B40F4091BF0F5091C00F811102C026
:1064000050E040E070E060E082E090E00E94A6137F
:106410006B017C0149805A806B807C804C0C5D1C38
:106420006E1C7F1C0E94E663882381F040919B0EC6
:1064300050919C0E60919D0E70919E0E83E090E0B5
:106440000E94A613460E571E681E791E4114510461
:106450006104710409F4ACCE0130110529F50B2D4E
:1064600010E030E020E070E8C72ED12CE12CF12CB8
:10647000A1016D817E8181E090E00E940A14920169
:10648000A301641575058605970510F49B01AC0101
:10649000A4E6B0E00F948902A30192012ECF4980B7
:1064A0005A806B807C809CCF0230110509F58F816A
:1064B00098858C0130E020E08091B40FC090BF0F30
:1064C000D090C00F811102C0D12CC12CF12CE12C35
:1064D000A1016D817E8182E090E00E940A142981F1
:1064E0003A814B815C81620F731F841F951FC7CF58
:1064F00003301105F9F489819A81AB81BC818C0D3F
:106500009D1DAE1DBF1D89839A83AB83BC83C09044
:106510009B0ED0909C0EE0909D0EF0909E0EAF8151
:10652000B8858D0130E020E0A1016D817E8183E09E
:1065300090E0D3CF9201A301012B09F0A9CF20E075
:1065400030E040E050E0A4CF0730110509F030CE34
:106550000E942310049709F4BECE8091F20390911B
:10656000F303A091F403B091F503892B8A2B8B2BB5
:1065700009F41ECE8FB7F8942091FC033091FD03EF
:106580004091FE035091FF038FBFC090F203D09063
:10659000F303E090F403F090F5032C153D054E0550
:1065A0005F0558F569E2C6166CE5D6066FE8E606A3
:1065B00062E0F606A0F05695479537952795D701E6
:1065C000C601B695A79597958795E1E0CE22DD2483
:1065D000EE24FF24C80ED91EEA1EFB1EE3CFA4E65C
:1065E000B0E00F948902A70196010F94500224365F
:1065F00031054105510508F4DCCD23E6DACDAC01C7
:1066000070E060E040905B0E50905C0E60905D0E1C
:1066100070905E0E441655066606770608F4DDCDCA
:10662000441A550A660A770AC0905F0ED090600E31
:10663000E090610EF090620E4C145D046E047F04D5
:1066400010F024E6CBCD9C01A4E6B0E00F947A02D2
:10665000A701960124193509460957092115E8E0D3
:106660003E074105510508F067C00F9450022536DA
:1066700031054105510508F4B1CDE3CFC8010E94B1
:10668000A06D882309F45DC08091820E9091830EE5
:106690009C01215031092330310598F6019721F4EE
:1066A0000E94FB628111CDCF8091AF0E9091B00E10
:1066B000A091B10EB091B20E892B8A2B8B2B09F2CF
:1066C0000E94CB628115F8E09F0708F086CDAC01EF
:1066D00070E060E04090A30E5090A40E6090A50E74
:1066E0007090A60E441655066606770608F475CD1A
:1066F000441A550A660A770AC090AF0ED090B00EC1
:10670000E090B10EF090B20E4C145D046E047F0464
:1067100008F097CF9C01A4E6B0E00F947A02A7019D
:10672000960124193509460957092115A8E03A07A9
:106730004105510508F499CF2FEF37E040E050E0D4
:1067400094CF0730110571F50E9439104FB7F894B6
:106750003091B5032091B4034FBF332329F02111A9
:1067600003C0009709F439CD8115B8E09B0708F004
:1067700034CD6091FA037091FB036C01F12CE12C94
:10678000C60ED71EE11CF11CC114D104E104F104B2
:1067900009F457CF9C01A4E6B0E00F947A02A70158
:1067A00096015CCF0630110509F017CD80913502B6
:1067B000811147CF0E944BBA9C01A4E6B0E00F9430
:1067C0007A0228EF3FE340E050E04FCF80E023CD56
:1067D00083E693E042CD8091D40E9091D50E56CDB4
:1067E0001092FC0E1092FD0E0895CF93DF938091CE
:1067F000EE0E9091EF0E039791F4C091FA0ED091A6
:10680000FB0EC630D10509F05FC00E94A46E03974D
:1068100081F00E94A46E0E9479100E94221383E0EE
:1068200090E090936F0F80936E0F80E0DF91CF9197
:10683000089520918A0330918B0380918603909173
:1068400087034091880350918903840F951F4091DD
:106850008C0350918D038417950720F0841B950BB2
:106860002F5F3F4F90938703809386032150310918
:1068700030939900209398000E944D748091FA0EF5
:106880009091FB0E0E94956D882319F080E00E9484
:10689000D82E0E94941382E090E09093EF0E8093A4
:1068A000EE0E81E090E090936F0F80936E0F0E9448
:1068B000F03310926C0F8091630F9091640F892BCD
:1068C00009F47FC081E0B2CFCE010E94A06D882381
:1068D00049F00E9462168111D1CF87E092E10E94B7
:1068E00048139DCF2797B1F59091BB039330A9F73B
:1068F000CFB7F894809171008A7F809371001092D5
:10690000900010929100109295001092940085E0F2
:1069100088BB82E08093BB03909318129091B603DA
:1069200081E0983009F480E00E94B87181E08093A2
:1069300091008091F0039091F1030E942A1010922F
:10694000F1031092F00380917100846080937100D4
:10695000CFBF94CF80916B0E833009F0BECFDFB7ED
:10696000F894109295001092940010929000C1E05B
:10697000C093910084E088BB82E080936B0E81E03D
:106980000E94B8718091630E9091640E9093680E8E
:106990008093670E1092640E1092630EC0931812CB
:1069A0008091650E9091660E0E942A101092660EDC
:1069B0001092650E80917100846080937100DFBF3A
:1069C000C8CF0E940811882309F47CCF91E09093EE
:1069D0006C0F2CCFCF93DF938091EE0E9091EF0E42
:1069E0000297A9F40E94302F81115FC0C091FA0E66
:1069F000D091FB0EC630D105F1F40E94A46E02972F
:106A000081F00E94A46E0E9479100E94221383E0FC
:106A100090E090936F0F80936E0F80E0DF91CF91A5
:106A2000089580E00E949A748FB7F89493E0909351
:106A30008E038FBF20C0CE010E94A06D882309F471
:106A400089C080910612823009F07FC080917C0E4F
:106A5000882321F083E0809306120DC08091810E7F
:106A60008823B1F10E94DF1E882309F46EC0809153
:106A70000612843079F78091FA0E9091FB0E0E94F5
:106A8000956D882319F080E00E94D82E8091EE0E3B
:106A90009091EF0E029709F4AAC00E94DC1283E0E5
:106AA00090E09093EF0E8093EE0E8091EE0E909119
:106AB000EF0E019709F0A0C010926F0F10926E0FA9
:106AC00010926D0F10926B0F0E94F03381E0A6CFF1
:106AD0008091820E9091830E049709F4BBCF9FB7EB
:106AE000F894409194005091950081E020914A02E1
:106AF00030914B024217530708F480E08093740EE4
:106B00008091900085FB882780F98093750E809195
:106B100071008A7F8093710080919100887F8093BB
:106B20009100809190008F7C8093900085E088BBDD
:106B300081E08093790E83E0809306129FBF80E00E
:106B40000E94CA700E94687496CF87E092E10E940A
:106B500048135DCF279701F58091BB038230A9F7D9
:106B6000CFB7F89480919A0090919B002091940067
:106B700030919500C29903C0821B930B11F481E000
:106B800090E09093F1038093F0030E946E2E83E0D7
:106B90008093BB03CFBF4ECF80916B0E8230A9F69E
:106BA000CFB7F89480919A0090919B002091940027
:106BB00030919500C29903C0821B930B11F481E0C0
:106BC00090E09093660E8093650E8091670E909191
:106BD000680E9093640E8093630E1092680E10926C
:106BE000670E0E94817283E080936B0ED3CF0E9468
:106BF000302F81115ACF51CF82E090E090936F0FE8
:106C000080936E0F63CF1092690F8091700F9091F7
:106C1000710F8130910529F40E9443EF8093690F31
:106C200008950297E9F70E9453EFF8CF2F923F9211
:106C30004F925F926F927F928F929F92AF92BF928C
:106C4000CF92DF92EF92FF920F931F93CF93DF9338
:106C5000CDB7DEB763970FB6F894DEBF0FBECDBFDA
:106C60007C018B012091820E3091830E3B8B2A8B0D
:106C7000690132E0C31AD108B090AF0EA090B00EF7
:106C80007090B10E6090B20E80917B038B87209044
:106C90007103309072032A893B89215031093D8765
:106CA0002C878A899B89039709F449C080910A023D
:106CB000282F30E03A87298780910B02282F30E077
:106CC00038872F8380910C02282F30E03E832D835C
:106CD00080910D02282F30E03C832B8380910E029F
:106CE000282F30E03A83298330910F02388B80912E
:106CF0001002898B909111029E87209112022F879A
:106D000095E0492E512CE0918203F0918303EE30FF
:106D1000F10508F0B8C28827EF56F94C8F4F0D9453
:106D20007202A436BE36EB360D3721374A37A53707
:106D3000F53739385F3878389438DC38163982E0DE
:106D400090E09A878987B8CF8A899B89813091059D
:106D500079F0039781F49CE785E190938003809319
:106D6000810321E030E03093830320938203CBCF73
:106D70009E858F85F2CF98898989EFCF8091800396
:106D800090918103892BB1F48A899B898130910587
:106D900059F0039761F494E180E09093800380932D
:106DA000810322E030E0DFCF99818A81F6CF9B8199
:106DB0008C81F3CF970140E070E060E080E00E94BA
:106DC0008E5D809180039091810301979093810360
:106DD00080938003EEC08091800390918103892B82
:106DE000B1F48A899B898130910559F0039761F448
:106DF00094E180E0909380038093810323E030E06E
:106E0000B2CF9D818E81F6CF9F818885F3CF970188
:106E100040E061E070E081E0D2CF8091800390910A
:106E20008103892B49F489859A8590938103809306
:106E3000800324E030E097CF970140E061E070E00C
:106E4000BDCF8091800390918103892B01F78A89BE
:106E50009B89019741F030E092E0C916D10420F4FB
:106E60009501C30104C030E820E090E080E0309359
:106E7000760320937703909378038093790310929D
:106E800075031092740310927C0350928303409216
:106E9000820339CF40917603509177036091780354
:106EA00070917903411551056105710529F410921E
:106EB0007C0328E030E057CF8A899B89019711F540
:106EC0008091930387FD3AC0E091930381E08E0F98
:106ED00080939303F0E0EC5FFF4E80818093730317
:106EE000415051096109710940937603509377032A
:106EF000609378037093790388E080937D0326E0A4
:106F000030E031CF92E0C916D104C0F480917E0305
:106F100090917F0320916F03309170038217930744
:106F200069F0FC01F770E15DFA4F20812093730353
:106F3000019690937F0380937E03D2CF65E070E04B
:106F400086E195E00E94887CC4C180917D03811117
:106F500007C087E090E09093830380938203D3CEB1
:106F600040917303942F991F9927991F998346FB8A
:106F7000442740F9823008F441E0970162E070E074
:106F800089810E948E5D2981222349F080917403BA
:106F9000909175030196909375038093740380918B
:106FA0007303880F8093730380917D0381508093D6
:106FB0007D0399249394892D63960FB6F894DEBFD0
:106FC0000FBECDBFDF91CF911F910F91FF90EF903A
:106FD000DF90CF90BF90AF909F908F907F906F90F9
:106FE0005F904F903F902F900895809176039091FD
:106FF0007703A0917803B091790340917503892BB1
:107000008A2B8B2B89F08091820E9091830E813098
:107010009105D1F48091930387FD29C0E0919303FA
:10702000F0E0EC5FFF4E4081441F4427441F97016E
:1070300062E070E081E00E948E5D85E090E09093D8
:10704000830380938203B5CF0297029780F48091E7
:107050007E0390917F0320916F033091700382171C
:10706000930729F09770FC01E15DFA4FDCCF40E017
:10707000DECF80917C03823080F00E94F26388230F
:1070800049F082E690E090938103809380038BE047
:1070900090E061CF82E090E0F6CF90917403209170
:1070A0007503811101C0922F909373038F5F8093BA
:1070B0007C0388E080937D0329E030E054CE9091FA
:1070C0007D03911103C08AE090E045CF40917303A6
:1070D000842F881F8827881F46FB442740F9923059
:1070E00008F441E0970162E070E00E948E5D57CFA6
:1070F00080917C03823098F4409174035091750321
:10710000440F452F441F550B51954170970162E084
:1071100070E081E00E948E5D88E090E090CF0E9458
:10712000F26341E04827F2CF809080039090810382
:107130008114910471F59B85992319F1211431046F
:1071400001F18091720E81111CC02C853D85223089
:107150003105B8F481E08093720E30928103209261
:1071600080032CE030E030938303209382032A894C
:107170003B892130310541F4109293038093700EC6
:10718000C2CD8DE090E0E7CE1092700E8093710E2C
:10719000BACD0E94F263882329F0970140E062E0B3
:1071A00070E00CCE41E092E08916910408F440E0D2
:1071B000970162E070E02FCE80918003909181036F
:1071C000892B09F0F7CD2A893B892230310559F402
:1071D0009090700E911010C065E070E08BE095E02B
:1071E0000E94887CE8CE8A899B89019741F030E033
:1071F00091E0C916D10421F49501C30104C030E81F
:1072000020E090E080E03093760320937703909322
:10721000780380937903109275031092740310928F
:107220007C031092730310927D032FCE8091820E07
:107230009091830E8230910559F50E943967982EFE
:10724000882311F081E043C08091041290910512CF
:107250000897A9F04091AB0E5091AC0E6091AD0E25
:107260007091AE0E8091B70E9091B80EA091B90EAC
:10727000B091BA0E481759076A077B0718F382E0E6
:107280008093730E98CE67E070E081E095E05ACE6F
:107290000397C1F680910412909105120297B1F400
:1072A0004091AB0E5091AC0E6091AD0E7091AE0E50
:1072B0008091B70E9091B80EA091B90EB091BA0E10
:1072C000481759076A077B0708F4BCCF82E0809310
:1072D000730E912C70CE8091000181FD03C081E07E
:1072E0008093800E08951F920F920FB60F92112473
:1072F0000BB60F922F933F934F935F936F937F93B0
:107300008F939F93AF93BF93CF93EF93FF9380910E
:107310001812823009F06AC080910612823021F082
:1073200080E00E9465721DC00E946B398091770ECB
:107330008823A9F1C091730EC13039F58091820E76
:107340009091830E019709F50E94EB628823E9F082
:107350001092730E81E00E946572C130D1F4C09327
:10736000810EFF91EF91CF91BF91AF919F918F913E
:107370007F916F915F914F913F912F910F900BBE35
:107380000F900FBE0F901F9018951092730E80E013
:10739000E2CFC23031F784E080930612E2CF8091D1
:1073A000760E811107C067E070E088EF94E00E94DC
:1073B000887CB6CF809148029091490290934B020D
:1073C00080934A021092760E0E94145D8111C9CFFB
:1073D0008091730E882309F4A3CF81E08093770E08
:1073E00080917100856080937100BBCF80917100A6
:1073F0008E7F8093710081E088BBB3CF1092EE0343
:107400001092E0031092EF031092B10F10929403C8
:1074100010926E0310927A030895009711F00E9463
:107420008DBB0E940E291092E1141092E01410926C
:10743000BA141092B9140E94D06F80911914882345
:1074400021F089E194E10E94F48B85E090E0909333
:10745000FE048093FD0408950E9463250E940E2976
:107460000E94D06F80911914882321F089E194E162
:107470000E94F48B85E090E090939E0F80939D0F87
:107480000895CF93CFB7F8940E946E2ECFBF0E947D
:1074900045DB0E9468740E94D06F8FB7F8941092F9
:1074A000BA031092B9031092B8031092B70391E097
:1074B000909328021092BB031092B6031092B5036A
:1074C0001092B4031092FC031092FD031092FE037D
:1074D0001092FF031092B3031092B2031092B10303
:1074E0001092B0031092AF031092AE038FBF1092B0
:1074F000FB031092FA031092F6031092F703109216
:10750000F8031092F9031092F2031092F303109211
:10751000F4031092F5031092AD031092AC03109295
:10752000AB031092AA031092A90380E8809327026C
:107530001092F1031092F0031092071281E0CF91A4
:107540000C9483710F931F93CF93DF938C01C62FFD
:10755000DFB7F8940E946E2EDFBF0E9445DB0E94C9
:1075600068740E94D06FA80161E170E087E092E149
:107570000E94A1B08FB7F8941092B603C093BB03DA
:107580008FBFDF91CF911F910F910895CF93DF931C
:10759000EB010E94378097FF0AC066E070E08EEA38
:1075A00098E00E94A23A80E0DF91CF9108958C1775
:1075B0009D0729F067E070E087EB98E0F2CF81E06B
:1075C000F3CFCF93DF93C091FA03D091FB032097C1
:1075D00041F48FB7F89491E0909328028FBF81E037
:1075E0000DC00E943910811528E0920750F066E026
:1075F00070E085EA98E00E94A23A80E0DF91CF91A6
:1076000008952FEF37E0281B390B49F3C13082E092
:10761000D80710F0C0E0D2E02C173D0708F4E901CC
:10762000BE0189E192E10E94378097FF05C066E0C4
:1076300070E08CE998E0DFCF8C179D0729F067E0B8
:1076400070E082E998E0D7CF8091B7039091B803BA
:10765000E9E1F2E1DC01B7702191A15DBA4F2C9311
:1076600001969F01295132412C173D0798F3209133
:10767000FA033091FB032C1B3D0B3093FB0320934B
:10768000FA032FB7F8949093B8038093B7038091CF
:10769000FA039091FB03892B19F481E0809328026F
:1076A0002FBF9DCF4F925F926F927F928F929F924A
:1076B000AF92BF92CF92DF92EF92FF920F931F9300
:1076C000CF93DF9300D0CDB7DEB7082F0E943910DB
:1076D000892B39F066E070E08CEF98E00E94A23AC6
:1076E0002DC00E94E36FC090F603D090F703E090A6
:1076F000F803F090F903C616D706E806F90628F451
:1077000066E070E083EF98E0E9CFA7019601261BC1
:10771000370B480B590BDA01C9010297A105B105D6
:1077200028F467E070E088EE98E0D8CF62E070E07F
:10773000CE0101960E94C63A811116C010E0812F39
:107740000F900F900F90DF91CF911F910F91FF90AD
:10775000EF90DF90CF90BF90AF909F908F907F90F1
:107760006F905F904F900895E980FA8067E070E035
:107770008DED98E032E0E316F10408F4AFCF0E94FB
:10778000E36F8090F6039090F703A090F803B09019
:10779000F903861A970AA80AB90A2701712C612CE5
:1077A00067E070E083ED98E084149504A604B704C4
:1077B00008F494CF61E070E0CE0103960E94C63ACF
:1077C000182F882309F4BACF8B8181508E3F28F47B
:1077D00067E070E08AEC98E081CFC7010197909351
:1077E000FB038093FA038FB7F894109228028FBF9F
:1077F0008091FA039091FB03892BD9F00E943910F4
:107800006C010E94E13A81110FC08091BB03863068
:1078100009F494CF8091BB03873009F48FCF66E0E1
:1078200070E081EC98E05ACF0E943910C816D90652
:10783000F9F60E943910892B41F341E08414950434
:10784000A604B70409F040E06B81002329F0C701CA
:107850000E94EA2D102F73CFF092A803E092A703A5
:107860006093A603409320028FB7F89491E0909321
:10787000B4038FBF64CF81E00E946B740E94D06F0D
:107880000E94BD62109206121092830E1092820E18
:107890001092810E1092800E10927F0E10927E0E2A
:1078A00010927D0E10927C0E10927B0E10927A0E2A
:1078B0001092790E1092780E1092770E1092760E2A
:1078C0001092750E1092740E81E090E090934B022E
:1078D00080934A0290934902809348021092730E5B
:1078E0001092D70E1092D60E1092D50E1092D40E82
:1078F00080934C021092D30E1092D20E1092D10EA1
:107900001092D00E1092CF0E1092CE0E1092CD0E7D
:107910001092BB0E1092B70E1092B80E1092B90EC4
:107920001092BA0E1092B30E1092B40E1092B50EC1
:107930001092B60E90E080E00E94005E1092AF0EB2
:107940001092B00E1092B10E1092B20E1092AB0EB9
:107950001092AC0E1092AD0E1092AE0E1092A70EB9
:107960001092A80E1092A90E1092AA0E1092A30EB9
:107970001092A40E1092A50E1092A60E10929F0EB9
:107980001092A00E1092A10E1092A20E10929B0EB9
:1079900010929C0E10929D0E10929E0E1092850ECB
:1079A0001092840E10926E0310927A031092720E4F
:1079B0001092710E1092700E0E940B6381E00C9475
:1079C00083710E9468740E94AE740E94F2CD0E947E
:1079D00089710E943B3C0E94413A81E00E94837180
:1079E0001092EA0E1092EB0E1092EC0E1092ED0E29
:1079F0001092F10E1092F00E0E94C52E1092E90E18
:107A00001092EF0E1092EE0E08950E94E13C81E07C
:107A10000E94837110926F0F10926E0F10926D0F73
:107A200010926C0F10926B0F10926A0F1092680FE9
:107A30000C94F0332F923F924F925F926F927F920D
:107A40008F929F92AF92BF92CF92DF92EF92FF926E
:107A50000F931F93CF93DF93CDB7DEB7CD5CD109E2
:107A60000FB6F894DEBF0FBECDBF0E94E13C10926E
:107A7000D80EE090FA0EF090FB0E26E0E216F1042C
:107A800009F0E2C30E94496E0091F60E1091F70EC4
:107A90000115110599F581E090E0909334028093EF
:107AA0003302E0913302F091340284E296E0EE304A
:107AB00038F4FF27EE0FFF1FE85FF94F859194918F
:107AC0000E94221310E0812FC353DF4F0FB6F894AA
:107AD000DEBF0FBECDBFDF91CF911F910F91FF9001
:107AE000EF90DF90CF90BF90AF909F908F907F905E
:107AF0006F905F904F903F902F900895F090F50E0B
:107B00000E94F2CD84E680932D028BE980932E02B1
:107B1000F0922F021092130510922F0D1092320D39
:107B20008FB7F89410921205109211051092310D32
:107B30001092300D98E090933002109235028FBF72
:107B4000E4E1F5E08AE1DF011D928A95E9F7109200
:107B50002E0581E090E09093320280933102C801BB
:107B60000E949491811115C082E090E090933202BE
:107B700080933102809131029091320290933402CD
:107B8000809333028FB7F89491E0909335028FBFC2
:107B900088CF0E942270C054DF4F688379838A8324
:107BA0009B83C05CD0406C3071058105910528F441
:107BB00086E090E00E94DB6FDDCF6CE070E0CE01EC
:107BC0008F579F4F0E9437800C9719F083E090E009
:107BD000F1CFCF57DF4F8881C158D0408235A1F512
:107BE000CE57DF4F8881C258D040893469F5CD57D0
:107BF000DF4F8881C358D040863431F5CC57DF4FF2
:107C00008881C458D0408634F9F4C757DF4F888143
:107C1000C958D0408735A9F4C657DF4F8881CA5864
:107C2000D040813471F4C557DF4F8881CB58D040A4
:107C3000863539F4C457DF4F8881CC58D04085341D
:107C400031F085E090E0B6CF84E090E0B3CF81E8FA
:107C500090E08C0F9D1F04960E940768683FBFEF5D
:107C60007B078B079B0708F098C0DC01CB010896C7
:107C7000A11DB11DC054DF4F488059806A807B80B0
:107C8000C05CD0408C309105A105B10538F0841559
:107C90009505A605B70510F42C013D01C12CD12C8A
:107CA000312C212CE9EAF0E0EC0FFD1F3496C8538B
:107CB000DF4FF983E883C85CD04021E430E02C0F2B
:107CC0003D1F2C5F3F4FC653DF4F39832883CA5C6B
:107CD000D04041E450E04C0F5D1F485F5F4FC453FC
:107CE000DF4F59834883CC5CD0400E94E36F64151A
:107CF00075058605970508F05FC1A3019201261B53
:107D0000370B480B590BDA01C9010897A105B105DA
:107D100008F452C168E070E0CE0187559F4F0E9481
:107D20003780089709F052CFC853DF4F8881998177
:107D3000C85CD0400E9407684B015C010E94E36F61
:107D4000CC53DF4F688379838A839B83C45CD040A4
:107D5000C755DF4F8881C95AD040863639F5C65598
:107D6000DF4F8881CA5AD0408D3619F5C555DF4F8F
:107D70008881CB5AD0408437E1F4C455DF4F8881E5
:107D8000CC5AD0408032A9F430E183169104A1048A
:107D9000B10400F58DE090E00DCFC054DF4F488076
:107DA00059806A807B80C05CD04078CF843609F4EB
:107DB00095C083017201A5019401CC53DF4F688106
:107DC00079818A819B81C45CD0400E94B77F8111F8
:107DD0008CCFE0CF60E170E0CE018F5B9F4F0E94BF
:107DE0003780409709F0F2CE23962EAC3FAC239714
:107DF00025968EAD9FAD25979093290580932805F4
:107E0000C653DF4F88819981CA5CD0400E940768C1
:107E100060931405709315058093160590931705CC
:107E2000C453DF4F88819981CC5CD0400E940768A1
:107E3000609318057093190580931A0590931B059C
:107E40002F968EAD9FAD2F9790932B0580932A058B
:107E500061968EAD9FAD619790932D0580932C0513
:107E60004EEF24164FEF340639F558E2851691048B
:107E7000A104B10408F48ECF68E170E0CE01019650
:107E80000E943780489709F085CF89819A8146976B
:107E900018F489E090E08ECE29843A8481E0281697
:107EA0003104B9F74EE050E06AEF75E0CE010B9671
:107EB0000E94F6FE892B69F783017201A5019401E6
:107EC000CC53DF4F688179818A819B81C45CD0402B
:107ED0000E94B77FD82E811108CF5CCFC655DF4FE7
:107EE0008881CA5AD040813609F063CFC555DF4F2B
:107EF0008881CB5AD040843709F05BCFC455DF4F1F
:107F00008881CC5AD040813609F053CFD501C401C5
:107F100080959095A095B095CC53DF4F28813981FD
:107F20004A815B81C45CD04082179307A407B507E0
:107F300008F430CFDA01C901880D991DAA1DBB1DB7
:107F4000C054DF4F288139814A815B81C05CD040B9
:107F5000281739074A075B0708F41CCFC11018C05F
:107F6000CC53DF4F88819981AA81BB81C45CD0400A
:107F700080931C0590931D05A0931E05B0931F05CB
:107F80008092200590922105A0922205B0922305AF
:107F9000D1101CC083017201A5019401CC53DF4FA5
:107FA000688179818A819B81C45CD0400E94B77FBF
:107FB000C82E81119ACEEECE87E090E0DD2009F444
:107FC000F9CD88E090E0CC2009F4F4CD2A94232860
:107FD00009F05FCF8091280590912905019719F04C
:107FE0008AE090E0E7CD80912C0590912D050897CF
:107FF00019F08BE090E0DECD80911405909115058D
:10800000A0911605B09117058232E6E59E07A105FD
:10801000B10579F08434FCEA9F07A105B10549F068
:1080200080382BEB9207A105B10519F08CE090E0A8
:10803000C1CD20912A0530912B052130310509F061
:10804000A9CE409118055091190560911A057091BB
:108050001B0584179507A607B70709F09BCE60910B
:108060001C0570911D0580911E0590911F050E94B1
:10807000057F882309F4AACD8091200590912105E0
:10808000A0912205B09123058093240590932505A6
:10809000A0932605B093270581E080932E051092CA
:1080A0003202109231028AE1E4E1F5E0A6ECB3E09D
:1080B00001900D928A95E1F71092340210923302EA
:1080C0000E9477BB882309F4ECCC0E9477BB811116
:1080D00005C00E94F2CD8AE396E0F2CC0E944BBA32
:1080E000892BB9F310912E05111107C00E94F2CD12
:1080F0008EE296E00E942213E6CCC090C603D09098
:10810000C703E090C803F090C9036091D203709157
:10811000D3038091D4039091D503812C912C5401E9
:10812000C114D104E104F10491F1A70196010F9467
:10813000500229013A019B01AC0188248A94982CB1
:10814000540188E3481689E8580681E468067104FA
:10815000F0F4A8EEB3E00F948902970186013695FA
:10816000279517950795600F711F821F931FA70111
:1081700096010F94500249015A01A8EEB3E0A30101
:1081800092010F948902860E971EA81EB91E809236
:10819000EA0E9092EB0EA092EC0EB092ED0ED7018B
:1081A000C6010197A109B1098F3F9F4FA105B105F4
:1081B00050F087E080938E030E94F2CD0E94A46E5F
:1081C0000E9479107DCC60E074E284EF90E0A7011A
:1081D00096010F94500249012B01DA01C901019760
:1081E000A109B1098F3F9F4FA105B10510F086E0AD
:1081F000E1CF81E00E949A748FB7F89410929500B5
:1082000010929400D0928D03C0928C0390928B03B5
:1082100080928A03509289034092880310928703C8
:1082200010928603109285031092840391E090933C
:108230008E038FBF1092E90E81E090E09093EF0ED5
:108240008093EE0E11E03FCCC7010497029708F02F
:108250008CC010E125E0E216F10409F012E3E09091
:10826000F60EF090F70E0E948971E114F10421F0EE
:10827000103169F0123359F067E070E089E596E05B
:108280000E94FA6787E092E10E9448131BCC81E0CC
:10829000103109F080E080936A0E1092690E1092FE
:1082A00007128FB7F89410926F0E10926E0E109204
:1082B0006D0E10926C0E109243028FBF1092680EDA
:1082C0001092670E1092660E1092650E1092640E58
:1082D0001092630E10925B0E10925C0E10925D0E67
:1082E00010925E0EC7010E949491811105C066E054
:1082F00070E08FE496E0C4CF0E94227060935F0E1E
:108300007093600E8093610E9093620E672B682BC2
:10831000692B21F18091430281110CC00E94EC670E
:108320008C01809143028823A9F00E94EC67081712
:10833000190781F70E94EC67892B81F081E0809317
:108340006B0E1092EA0E1092EB0E1092EC0E109241
:10835000ED0E70CF0E9414898111E7CF0E94D06F7B
:1083600067E070E084E496E08BCFC7010E94A06DC7
:10837000182F882309F40FC78091F30E9091F40E03
:10838000C554DF4F99838883CB5BD0401092F20EA7
:10839000019709F07BC031E0E316F10409F0A3C0B6
:1083A0006091F60E7091F70EC554DF4F1982188256
:1083B000CB5BD04089E192E10E9438EF811102C08D
:1083C00080E062C089E192E10E94B86E8823C1F327
:1083D00089E192E10E949491882391F30E94227096
:1083E0006B01DC01CB010197A109B1098F37910520
:1083F000A105B10518F00E94D06FE2CFB60189EB5C
:1084000092E10E9437808C010E94D06F0C151D05EF
:10841000B9F6F601E754FD4E108289EB92E1892B03
:1084200079F22CE030E0AE014F5F5F4F68E676E016
:1084300089EB92E10E944768882311F222961FAED1
:10844000229725E030E0AE014F5B5F4F62E676E0B9
:1084500089EB92E10E944768AE0145545F4FBE012F
:108460006F5B7F4FCE0101960E94137B882309F436
:10847000A7CF81E0C554DF4F28813981CB5BD04045
:108480002130310509F49CCF8093F20EB0904D025B
:1084900040904E0250904F02C554DF4FC880D980A3
:1084A000CB5BD0400091FA0E1091FB0EE090F60EDF
:1084B000F090F70EC754DF4FD982C882C95BD04015
:1084C0000E943B3C10920712E114F10429F0C8010C
:1084D0000E94A06D811113C067E070E089E298E00E
:1084E0000E94977CCFCEC7010E94956D8111CECF9F
:1084F000C554DF4F19821882CB5BD040C7CF109391
:10850000051200930412F092D70EE092D60ED0928C
:10851000D50EC092D40EB0924C021092D30E10928F
:10852000D20E1092D10E1092D00E1092CF0E109249
:10853000CE0E1092CD0E1092BB0E10929A0EC80164
:108540000E94956D882331F04114510419F444249C
:108550004394512C0230110571F0C754DF4F8881CC
:108560009981C95BD040019731F4C754DF4F19821C
:108570001882C95BD040C754DF4F88819981C95B9D
:10858000D0408130910511F490E080E00E94005EBF
:10859000C7010E949491811105C066E070E080E2FD
:1085A00098E09ECF0E9422706093B70E7093B80E31
:1085B0008093B90E9093BA0E0830110509F4D3C018
:1085C000603871058105910538F40E94D06F67E02D
:1085D00070E086E198E084CF0230110509F004C50F
:1085E0004114510419F444244394512C1092D10E97
:1085F0001092D00E60E070E0CB010E94057F8111E7
:1086000009C066E070E08AEA96E00E94977C0E94CA
:10861000D06F38CE712C812C912CA12CB12C10E074
:1086200000E00E94E36F6B017C018091B70E909196
:10863000B80EA091B90EB091BA0EC816D906EA06C6
:10864000FB0698F58C199D09AE09BF098038910584
:10865000A105B10528F467E070E08FE996E0D5CF79
:108660000E946382882399F20F3F100729F467E084
:1086700070E085E996E0C9CF0F5F1F4F041515051F
:1086800019F4782E460157016091AB0E7091AC0E33
:108690008091AD0E9091AE0E0E94057F8111C1CFE9
:1086A00066E070E08CE896E0B0CFC816D906EA061E
:1086B000FB0671F40115110559F01093D10E0093CA
:1086C000D00E71100AC067E070E086E796E09DCF9B
:1086D00067E070E081E896E098CFB401C5010E94A0
:1086E000057F8823B1F10E946382882391F1509223
:1086F000D30E4092D20EBE0167547F4FC2010E943A
:10870000C791882309F483CFC754DF4F88819981AB
:10871000C95BD0400E941F17882309F478CF81E0FD
:10872000809306128091B30E9091B40EA091B50E75
:10873000B091B60E8093EA0E9093EB0EA093EC0EE0
:10874000B093ED0E0E94F8109093F10E8093F00E0E
:1087500071CD80910612873009F459CF66E070E040
:108760008DE696E052CF10929A0E1092940360E03C
:1087700070E0CB010E94057F811105C066E070E0CA
:108780008CEF97E042CF7E0151E8E50EF11C68E2E4
:1087900070E0C7010E9437808C0166E070E084EFD2
:1087A00097E017FD32CF67E070E08BEE97E008307E
:1087B00011050CF42ACF48E050E063E573E0C701EF
:1087C0000F94EF03892BA9F4083211055CF061E0E6
:1087D000C7010E947A81882329F0C2010E940220E9
:1087E000811192CF67E070E084EE97E00E94B17C47
:1087F0000ECF003111050CF4E9C140E150E063EF08
:1088000072E0C7010F94EF03892B09F0DFC182E00A
:108810000E948A10682E882309F4A4C041145104D0
:1088200009F4F5CE8091EF03682E712C6414750461
:1088300008F4EDCE0FEF040D081708F0E8CE86E03F
:10884000089F80011124F801EB57FF4E2081F801A9
:10885000EA57FF4E808190E0B0E0A0E0DC0199276C
:108860008827922BF801EC57FF4E2081822B8093B2
:108870008F0390939003A0939103B093920310926F
:10888000870E1092860E65EA90E080E00E94FF5C01
:1088900060E00E94FF5C60E40E94FF5C60E00E9478
:1088A000FF5C5C016E0191E4C90ED11C160146010A
:1088B000C6010E94CE80882309F4A9CEAFEFCA1A60
:1088C000DA0AF4016081C5010E94FF5C5C01CE14EC
:1088D000DF0469F7CE0101960E94CE80882309F457
:1088E00096CE6981C5010E94FF5C7C01CE01019694
:1088F0000E94CE80882309F48ACE6981C7010E9434
:10890000FF5C892B09F083CED10154962D913C91C7
:10891000CB54DF4F39832883C55BD040F801E8573B
:10892000FF4E4081F801E757FF4E808190E0B0E0B4
:10893000A0E0DC0199278827942BF801E957FF4E26
:1089400040817C018D01E42AC755DF4FE882F9821E
:108950000A831B83C95AD040A101B301C2010E94FE
:108960001311CFCE1092EE0380E190E0A0E0B0E0D2
:1089700080938F0390939003A0939103B0939203FD
:108980001092870E1092860E0E94AC620E94F21125
:10899000811107C01092B10F67E070E084EE96E09D
:1089A00025CFCE0181549F4F0E94CE80882391F322
:1089B000CE0182549F4F0E94CE80882359F3CE016E
:1089C00083549F4F0E94CE80882321F365EA90E074
:1089D00080E00E94FF5CC154DF4F7880CF5BD040C5
:1089E000672D0E94FF5CC254DF4F6881CE5BD04090
:1089F0000E94FF5CC354DF4F6881CD5BD0400E9472
:108A0000FF5C4C01892B31F48FEF870D843610F415
:108A100070FE07C01092B10F67E070E08AED96E03B
:108A2000E5CE7694A72CB12C4114510419F0A4146E
:108A3000B50438F41092B10F67E070E08FEC96E067
:108A4000D5CE74E8C72E70E1D72EE12CF12C00E0D2
:108A500010E022242394312C9E012F543F4FAE016D
:108A600049545F4FBE016F5B7F4F80E00E94301220
:108A70008823E9F19E0127553F4FAE014B545F4FCC
:108A800070E060E085E00E943012882381F16796F3
:108A90002EAD3FAD6797CB54DF4F48815981C55B01
:108AA000D0402417350719F5CF54DF4F488159813D
:108AB0006A817B81C15BD040411551056105B1E000
:108AC0007B0790F4F601408351836283C755DF4FE3
:108AD000488159816A817B81C95AD040411551052D
:108AE0006105F1E07F0750F01092B10F90CD109228
:108AF000B10F67E070E085EC96E078CED601139672
:108B00004C93139714965C93149715966C93421498
:108B1000530471F490E4FE01EF5BFF4FDE01119608
:108B200001900D929A95E1F7682E7A018B01490127
:108B3000BFEF2B1A3B0AE6E0CE0ED11CA214B30401
:108B400008F08ACF611007C01092B10F66E070E0A4
:108B50008CEB96E04BCE8091B70E9091B80EA09121
:108B6000B90EB091BA0E8093EA039093EB03A093F1
:108B7000EC03B093ED031092E6031092E70310921A
:108B8000E8031092E9031092E2031092E3031092BB
:108B9000E4031092E5031092E1037092EF0382E088
:108BA0008093E00381E08093EE030E943EDA94011B
:108BB000AE014F5F5F4FB501C2010E9413118111D9
:108BC000A3CD66E070E083EB96E01FCDD70113964E
:108BD0008C9113978135A1F414968C91843481F48F
:108BE00060E0C7010E947A81882329F0C2010E94B7
:108BF0000220811189CD67E070E08BED97E0F6CD22
:108C00004114510419F444244394512C60E070E061
:108C1000CB010E94057F811105C066E070E083ED05
:108C200097E0F3CC68E070E0CE018F5B9F4F0E942D
:108C300037808830910561F097FF05C066E070E0ED
:108C40008BEC97E0E2CC67E070E08EEB97E0DDCC58
:108C500022968FAD229781111EC023968FAD239748
:108C60008631C9F424968FAD24978631A1F42596D8
:108C70008FAD2597853A79F427968FAD2797833462
:108C800051F428968FAD2897823529F429968FAD17
:108C90002997833429F067E070E083EB97E0B5CC47
:108CA00026968FAD2697811105C067E070E089EAAE
:108CB00097E0ABCC80FD02C0853628F067E070E01D
:108CC0008FE997E0A2CC8695082F10E067E070E06E
:108CD00084E997E00415150508F497CC2224239421
:108CE000312CC653DF4F1882CA5CD040C853DF4FC7
:108CF00019821882C85CD040812C912C5401021535
:108D0000130508F41CC10E9494EF882309F47FCC5A
:108D100047E857E063E070E0CE018F549F4F0E9418
:108D200076EF882309F473CCCF54DF4F8881C15B81
:108D3000D04081110EC0CE54DF4F8881C25BD0403D
:108D4000803439F4CD54DF4F8881C35BD040882311
:108D500029F067E070E08AE797E057CC4DE657E0EE
:108D600060E470E0CE0101960E9476EF882309F45A
:108D70004ECC40E657E063E070E0CE0187559F4F50
:108D80000E9476EF882309F442CCC755DF4F8881D3
:108D9000C95AD040833471F4C655DF4F8881CA5A0E
:108DA000D040823539F4C555DF4F8881CB5AD04049
:108DB000833429F067E070E082E597E026CC0E94DA
:108DC00094EF882309F423CC44E457E063E070E097
:108DD000CE018F549F4F0E9476EFC054DF4F88839F
:108DE000C05CD040882309F412CCCF54DF4F888177
:108DF000C15BD0408B7F813029F067E070E087E372
:108E000097E003CCCE54DF4F68807980C25BD040BE
:108E10000E94E36F6B017C018D899E89681679063B
:108E200029F067E070E08EE297E0EFCB8091B70E1B
:108E30009091B80EA091B90EB091BA0E8C159D0507
:108E4000AE05BF05D0F0930150E040E0CC53DF4FBA
:108E5000288339834A835B83C45CD0408C199D0985
:108E6000AE09BF09BA01A3014D5F5F4F6F4F7F4F3E
:108E700084179507A607B70728F467E070E080E23B
:108E800097E0C3CB42145304B9F4B301CE01019669
:108E90000E94E15CC054DF4F3881C05CD040C653B3
:108EA000DF4F3883CA5CD040C853DF4F7982688275
:108EB000C85CD04046015701CC53DF4F68817981AF
:108EC0008A819B81C45CD0406C0D7D1D8E1D9F1DD1
:108ED0000E94057F811105C066E070E087E197E0A0
:108EE00094CB63E070E0CE0187559F4F0E9437809E
:108EF00097FF05C066E070E08FE097E086CB0397B0
:108F0000A9F4C755DF4F8881C95AD040833471F422
:108F1000C655DF4F8881CA5AD040823539F4C555CD
:108F2000DF4F8881CB5AD040833429F067E070E06E
:108F300083E097E06ACB4FEF241A340AE0CE109317
:108F4000D10E0093D00EC653DF4F5881CA5CD0407B
:108F500067E070E088EF96E0552309F456CBC50131
:108F6000B4010E94057F811105C066E070E08FEEBC
:108F700096E04BCB5092D30E4092D20E10929A0EA6
:108F8000C853DF4FE881F981C85CD040CF01B0E021
:108F9000A0E08093AF0E9093B00EA093B10EB0936B
:108FA000B20E8092A70E9092A80EA092A90EB09237
:108FB000AA0E880D991DAA1DBB1D8093AB0E909320
:108FC000AC0EA093AD0EB093AE0E10929303109220
:108FD000A30E1092A40E1092A50E1092A60E10923F
:108FE000850E0E94BD6290CB10929503109296035D
:108FF000109297031092980325961CAE1DAE1EAEDC
:109000001FAE25971092B30E1092B40E1092B50EAB
:109010001092B60E60E070E0CB010E94057F8111D6
:1090200005C066E070E08DE098E0EFCA8091041220
:10903000909105120297C1F5CE018F5B9F4F0E9460
:10904000EB86882309F4E3CA0E94E36F0091B70E10
:109050001091B80E2091B90E3091BA0E60177107B9
:109060008207930748F325966CAD7DAD8EAD9FAD1D
:1090700025976F3F5FEF75078507950709F04EC08D
:109080006093B30E7093B40E8093B50E9093B60EAA
:1090900060E070E0CB010E94057F811159C066E05D
:1090A00070E084E098E0B1CACE018F5B9F4F0E94D0
:1090B000EB86882309F4ABCA8090B70E9090B80E67
:1090C000A090B90EB090BA0E0E94E36F861A970A6C
:1090D000A80AB90A41F29E012F573F4FAE014F5FD8
:1090E0005F4FC501B4010E943E86882309F48FCAF0
:1090F000CF57DF4FE880F980C158D04009811A81ED
:109100002B813C81AE014F5B5F4F6A01B501A40129
:1091100080E00E94F75E8111A6CF79CA20911402E7
:10912000220F30E050E040E00F945002672B682B94
:10913000692B49F42093B30E3093B40E4093B50ECF
:109140005093B60EA5CF2F5F3F4F4F4F5F4FF2CFDB
:109150000E946382882309F45ACA809195039091F2
:109160009603A0919703B09198038F3FEFEF9E076E
:10917000AE07BE0739F00196A11DB11DB695A795A2
:10918000979587958093B30E9093B40EA093B50EE8
:10919000B093B60EB9CA87E898E0F7E0EF16F1048D
:1091A00011F00C947A40E090870FF090880F0091B6
:1091B000F60E1091F70E0E94413A0115110581F04B
:1091C00021E0E216F10409F4E2C088F042E0E4167E
:1091D000F10409F4E0C053E0E516F10409F4DFC03E
:1091E00067E070E08FE798E00E94A23A4BC88AE0FF
:1091F000EBEBF2E0A9E9B3E001900D928A95E1F77B
:10920000109207121092F6031092F7031092F803CF
:109210001092F9031092F2031092F3031092F403E8
:109220001092F5031092FB031092FA0340919903F8
:1092300050919A0370E060E0DB01CA01880F991F2A
:10924000AA1FBB1F81509F4FAF4FBF4F892F9A2F2F
:10925000AB2FBB270097A105B10521F481E090E079
:10926000A0E0B0E090931C0280931B0220919B032E
:1092700030919C0380919D0390919E03B0E0A0E00B
:10928000820F931FA11DB11D81509F4FAF4FBF4F44
:10929000892F9A2FAB2FBB270097A105B10521F489
:1092A00081E090E0A0E0B0E090931A028093190270
:1092B00020919F033091A0038091A1039091A2037C
:1092C000B0E0A0E0820F931FA11DB11D81509F4F00
:1092D000AF4FBF4F892F9A2FAB2FBB270097A10508
:1092E000B10521F481E090E0A0E0B0E09093180295
:1092F0008093170241505F4F6F4F7F4F452F562F7E
:10930000672F7727411551056105710521F441E06B
:1093100050E060E070E050931602409315028BEE2F
:1093200090E090932202809321028FE490E090934A
:109330002602809325028DE990E090932402809389
:1093400023028FB7F8941092BA031092B9031092C7
:10935000B8031092B70391E0909328021092B503DE
:109360001092B4031092B6031092FC031092FD0306
:109370001092FE031092FF038FBFC8010E949491C8
:10938000811111C066E070E086E798E02DCF8AE099
:10939000E5ECF2E02FCF8AE0EFECF2E02BCF8AE0B1
:1093A000E9EDF2E027CF0E9422706093F6037093FC
:1093B000F7038093F8039093F903672B682B692BCD
:1093C00029F467E070E08CE698E00ECF1092F2038B
:1093D0001092F3031092F4031092F503C12CD12CD8
:1093E00076018091F6039091F703A091F803B09174
:1093F000F903C816D906EA06FB0608F0CBC08C199B
:109400009D09AE09BF090297A105B10528F467E0DF
:1094100070E081E698E0E8CEC701B6010E94057FC2
:10942000811105C066E070E088E598E0DDCE62E07D
:1094300070E0CE0101960E94C63A882311F40C9484
:10944000424109811A810230110528F467E070E079
:109450008DE498E0C9CE4801B12CA12C82E0880EA1
:10946000911CA11CB11C8C0C9D1CAE1CBF1C8C142F
:109470009D04AE04BF0468F08091F6039091F70359
:10948000A091F803B091F90388159905AA05BB05C9
:1094900028F467E070E083E498E0A6CE61E070E035
:1094A000CE018F5B9F4F0E94C63A882311F40C9423
:1094B000424122968FAD22979FEF980F9E3F28F44E
:1094C00067E070E08AE398E08FCEC090F603D0901A
:1094D000F703E090F803F090F90320EC3FE040E060
:1094E00050E0882321F02AE436E040E050E0A091EB
:1094F0001B02B0911C020F9489020E9447106091D8
:10950000190270911A0290E080E00E944710A09129
:109510001702B091180298010F947A0223E0660FA7
:10952000771F881F991F2A95D1F70E9447106091D5
:1095300015027091160290E080E00E9447108C1492
:109540009D04AE04BF0409F44CCF20912102309158
:10955000220222968FAD2297811111C0ADE5B0E0B5
:109560000F947A020E9447106091250270912602A2
:1095700090E080E00E9447107501640132CFAAE0BC
:10958000B1E00F947A020E9447106091230270911B
:109590002402EECF60E070E0CB010E94057F8111D4
:1095A00005C066E070E081E398E01ECE8091F20392
:1095B0009091F303A091F403B091F503892B8A2BCA
:1095C0008B2B11F40C94424181E00E94523B882382
:1095D00011F40C94424181E08093BB030C94A141AF
:1095E0000F931F93CF93DF938091EE0E9091EF0E28
:1095F000019709F071C08091E90E811169C0C09195
:10960000FA0ED091FB0EC630D10509F0A9C00E9418
:10961000A46E019709F09BC08091840381111FC043
:1096200080911105909112052091300D3091310DEE
:109630008217930709F479C0FC01F770E15DFA4FD6
:10964000408140938503409135020196411161C0EC
:10965000909312058093110528E020938403809154
:109660008503282F30E03595279520938503909129
:10967000840391509093840381700E94CA7020915A
:109680008A0330918B0380918603909187034091E8
:10969000880350918903840F951F40918C0350914A
:1096A0008D038417950720F0841B950B2F5F3F4F88
:1096B000909387038093860321503109309399005A
:1096C000209398000E944D7480E00E9483716AC0CC
:1096D0000E941A3D811193CF80917A03882309F467
:1096E00014C110926F0F10926E0F81E080936A0F79
:1096F00010926D0F10926C0F10926B0F0E94F0334E
:1097000081E00E94837180E0DF91CF911F910F91E2
:1097100008958217930709F09BCF20913002909310
:10972000120580931105211198CF8091350288236D
:10973000A9F020911105309112058091300D909182
:10974000310D2817390751F484E080938E030E946D
:10975000A46E0E9479100E942213BECF85E0F5CF3F
:10976000CE010E94A06D8823D1F10E946216811162
:1097700009C080917A038111B4CF87E092E10E9401
:109780004813AACF8091B30E9091B40EA091B50E5C
:10979000B091B60E8093EA0E9093EB0EA093EC0E70
:1097A000B093ED0E0E94941382E090E09093EF0E40
:1097B0008093EE0E81E090E090936F0F80936E0F98
:1097C00010926B0F0E94F03310926C0F8091630F18
:1097D0009091640F892B09F49FC081E095CF279762
:1097E00009F048C0C091BB03C13039F640911F0257
:1097F0006091A5038091AC039091AD030E94EA2D86
:1098000080E00E94CA70DFB7F894809171008A7F6F
:109810008093710010929000109291001092950028
:109820001092940085E088BBC093B6031092FC03AD
:109830001092FD031092FE031092FF031092AF03EB
:109840001092AE0382E08093BB0383E080931812F2
:1098500081E00E94B871C09391008091990390912A
:109860009A030E942A108091710084608093710095
:10987000DFBF2ACFD0916B0ED13009F07ECF20917F
:109880006E0E30916F0E80916C0E90916D0E2817B8
:109890003907A1F1F901F770E15DFA4FC0818C2F12
:1098A0002F5F3F4F30936F0E20936E0ECC2331F11C
:1098B000C7FDC1950E946F718C2F0E94BD678C01FE
:1098C000CFB7F894109295001092940010929000E7
:1098D000D093910084E088BB82E080936B0E81E09E
:1098E0000E94B871D0931812C8010E942A1080916A
:1098F0007100846080937100CFBFBBCF67E070E0E0
:109900008CE295E00E94FA6738CF23E030E0309394
:109910006F0F20936E0FF8CE0E940811882309F470
:109920005CCF91E090936C0FEFCEBF92CF92DF921D
:10993000EF92FF920F931F93CF93DF93EC0100916F
:10994000700F1091710FB090670FC090650FD0909D
:10995000660FE090630FF090640F0E94E13C10925C
:10996000D80E89E194E1009719F00115110561F411
:1099700080E295E00E94221383E090E090936F0FC5
:1099800080936E0F80E026C09093F70E8093F60EC2
:109990001093FB0E0093FA0EB092F50ED092F40ED7
:1099A000C092F30E81E0EF2809F080E080934D0231
:1099B0001092F20E209711F4C1E0D0E0D0934F0244
:1099C000C0934E021092F10E1092F00E0E941A3DBA
:1099D000882391F2DF91CF911F910F91FF90EF902B
:1099E000DF90CF90BF9008958F929F92AF92BF92D9
:1099F000CF92DF92EF92FF920F931F93CF93DF935B
:109A00001F921F92CDB7DEB78091680F882309F4AB
:109A100070C00E944E6F882309F44FC081E00E94FD
:109A2000159381110DC00E94E13C87E395E00E94EF
:109A3000221383E090E090936F0F80936E0F3DC0F0
:109A40001092680F10926D0F10926C0F10926B0FA6
:109A500010926A0F0E94F0330E9403360E94FE3972
:109A60008091700F9091710F0E94956D882371F015
:109A70008091FA0E9091FB0E0E94956D882331F033
:109A800080914E0290914F02009711F481E090E096
:109A90000E94954C882389F010926F0F10926E0FE0
:109AA0008091700F9091710F0E94956D8823A1F0A5
:109AB00081E080936A0F0E9483710F900F90DF9175
:109AC000CF911F910F91FF90EF90DF90CF90BF90BB
:109AD000AF909F908F9008958091630F9091640F45
:109AE000892B29F481E080936D0F80E0E4CF81E041
:109AF000E2CF0E94476F882371F081E08093680F66
:109B000010926D0F10926C0F10926B0F10926A0FE3
:109B10000E94F03388CF8091EE0E9091EF0E029765
:109B200049F50091FA0E1091FB0E0630110509F06F
:109B3000AEC08091350281118DC00E944BBA893F21
:109B40009D4308F087C00E9461BA811183C00E94C2
:109B5000AE74E0913302F091340284E296E0EE308C
:109B600038F4FF27EE0FFF1FE85FF94F85919491BE
:109B70000E9422138091EE0E9091EF0E833091059A
:109B800009F4A4C58430910509F4A7C5029709F02A
:109B9000B3C581E090E090936F0F80936E0F0E94A9
:109BA000F0338091630F9091640F892BF9F48091C9
:109BB000700F9091710F029781F40E9408118093A9
:109BC0006C0F882351F010926D0F10926B0F8091E3
:109BD000630F9091640F892B49F480916B0F882358
:109BE00029F00E947E71811110926B0F80916A0F93
:109BF000811163CF8091630F9091640F892B09F0DD
:109C00005CCF80916E0F90916F0F8330910509F4B6
:109C100054CF20916C0F211150CF20916B0F211147
:109C20004CCF20916D0F222309F489C50E947E71CB
:109C3000882309F442CF8091EE0E9091EF0E0197A8
:109C400009F03BCF0E94F04A882309F436CF1092E6
:109C50006D0F33CF0E94A46E8430910571F40E9481
:109C6000AE740E947D1381E08093E90E81E090E064
:109C70009093EF0E8093EE0E7DCF9C01255031091D
:109C80002330310508F076CF0E94791071CFC801DA
:109C90000E94A06D882309F47DC480910612823051
:109CA00009F04CC080917C0E8823E1F00E94ACDD6D
:109CB00020917A0E30917B0E621B730B60397140DC
:109CC000E8F110927C0E0E94C271811137C0809120
:109CD0000612823099F567E070E089ED95E00E9408
:109CE000977C2CC08091810E882309F4C6C0809196
:109CF000810E882319F1809106128230F9F40E94B6
:109D00003967182F8091820E9091830E1123B9F13B
:109D10008230910561F50E94FB6211E018270E94D4
:109D2000E663912F182F80914C02882309F444C0D8
:109D3000992349F10E94DF1E811175C08091FA0EAE
:109D40009091FB0E0E94956D882319F081E00E948E
:109D5000D82E9FB7F894809106129FBF843009F4E3
:109D600080CF08F407CF883008F46BC403CF019785
:109D700009F01BC50E94FB62982F10E0D4CF029718
:109D800071F290E0D0CF0E947E718823B9F20E94D8
:109D9000ACDD20917F0E211112C070937E0E609376
:109DA0007D0E81E080937F0E8091800E882331F2BA
:109DB000112309F4BFCFC2CF992349F3BBCF209120
:109DC000800E222319F0112309F4B4CF20917D0EC7
:109DD00030917E0E8B01021B130B8091820E9091AD
:109DE000830E8130910559F40E942D67811104C0C2
:109DF0000E94DB628823A1F089E591E00CC0029704
:109E000079F40E941267882359F00E94E663882340
:109E100099F38EE690E00817190708F08BCF8ECFE4
:109E200088E790E0F8CF80910612843009F486CF5D
:109E30008091820E9091830E049771F40E94D570E8
:109E400081117CCF80910612823009F077CF67E0D4
:109E500070E088E695E043CF80E00E9483710E9425
:109E60003E7281116BCF80910612823009F066CF6D
:109E700067E070E08EE595E032CF8091820E9091A0
:109E8000830E8430910509F006C38091B40F8823B6
:109E900021F08091B50F811109C08DEB95E00E94F2
:109EA000646383EF9FE00E9477D948CF8091B60F1B
:109EB000811123C28091B90F9091BA0F8230910520
:109EC00009F49EC08330910509F4D2C00197F1F5E1
:109ED0008091BB0F9091BC0F2CEBC22E22E0D22EB2
:109EE000E12CF12C039729F094E6C92ED12CE12C1A
:109EF000F12C0E94ACDD0091EE0F1091EF0F20913C
:109F0000F00F3091F10F601B710B820B930B6C15EE
:109F10007D058E059F05D0F08091BB0F9091BC0F01
:109F2000039709F06AC081E00E94CA700E942FDD89
:109F30006093EE0F7093EF0F8093F00F9093F10FFB
:109F400082E090E09093BA0F8093B90F8091B90F9F
:109F50009091BA0F049709F0CBC18091B70F20E41C
:109F60008823E9F08091F20F0E949263882309F41C
:109F700098CF1092B70F8091EA0F9091EB0FA091BC
:109F8000EC0FB091ED0F0196A11DB11D8093EA0F6A
:109F90009093EB0FA093EC0FB093ED0F2FE3409154
:109FA000EA0F5091EB0F6091EC0F7091ED0F8091E3
:109FB000C10F9091C20F6C01F12CE12C4C155D0585
:109FC0006E057F0508F069C1841B950BE22EF12C0C
:109FD0008E159F0508F47C01E0914402F091450242
:109FE000B70189E192E119958E159F0509F45EC0CC
:109FF00097FF59C08CE995E052CF84E090E0A2CF62
:10A000000E942FDD0091EE0F1091EF0F2091F00FC5
:10A010003091F10F601B710B820B930B683E734004
:10A020008105910508F492CFE0914402F091450238
:10A0300061E070E082EF9FE019958130910541F079
:10A0400097FF03C085EB95E02ACF8CEA95E027CFF8
:10A0500081E08093B70F0E942FDD6093EE0F709325
:10A06000EF0F8093F00F9093F10F83E090E06ACFB1
:10A070008091030180FFC1CF0E942FDD0091EE0F80
:10A080001091EF0F2091F00F3091F10F601B710BC9
:10A09000820B930B61347B448C44910508F456CFBA
:10A0A00084EA95E0FCCE83E995E0F9CE8091BB0F80
:10A0B0009091BC0F049709E112E1029708F0CBC020
:10A0C00089E1C82E82E1D82E8091EA0F9091EB0FA2
:10A0D000A091EC0FB091ED0F9601295132412E1550
:10A0E0003F0508F0DAC0F60111916F011095110FCC
:10A0F000111D110F111D892B8A2B8B2B09F086C086
:10A100000E942FDD4B015C010E94D962749A8091FC
:10A11000030180FD0EC00E942FDD681979098A09AC
:10A120009B0961347B448C44910588F38BE895E06E
:10A13000B6CE80E00E945E638091030180FF0EC076
:10A140000E942FDD681979098A099B0961347B44D3
:10A150008C44910588F383E895E0A1CE812F881F78
:10A160008827881F0E945E635B9840E068E481E076
:10A170000E941363882309F494CE16FB882780F984
:10A180000E945E630E94D96240E06CE480E00E941D
:10A190001363882309F485CE110F110F01E0402FBE
:10A1A0006CE480E00E941363882309F47ACE812F47
:10A1B000881F8827881F0E945E635B98402F68E491
:10A1C00081E00E941363882309F46BCE16FB882775
:10A1D00080F90E945E630E94D962110F110F0F5F18
:10A1E0000430E9F68091EA0F9091EB0FA091EC0F0B
:10A1F000B091ED0F0196A11DB11D8093EA0F9093D0
:10A20000EB0FA093EC0FB093ED0F5ECF00E0402F6B
:10A210006CE480E00E941363882309F442CE812F0E
:10A22000881F8827881F0E945E635B98402F68E420
:10A2300081E00E941363882309F433CE16FB88273C
:10A2400080F90E945E630E94D962110F110F0F5FA7
:10A250000430E9F6C7CFC801895192418E159F0598
:10A26000E0F4F80181918F010E949263882309F440
:10A2700018CE8091EA0F9091EB0FA091EC0FB09166
:10A28000ED0F0196A11DB11D8093EA0F9093EB0F86
:10A29000A093EC0FB093ED0FDECF8091C10F9091A2
:10A2A000C20FB0E0A0E04091EA0F5091EB0F609137
:10A2B000EC0F7091ED0F481759076A077B07C0F044
:10A2C0008091BB0F9091BC0F0497029708F072C069
:10A2D0000E942FDD6B017C018091030180FD38C05D
:10A2E00081E08093B60F80E00E94CA700E94C57022
:10A2F0008091B60F882309F421CD1092810E10921F
:10A300007F0E10927E0E10927D0E8091041290911D
:10A310000512029709F0B8C08091D20E9091D30E29
:10A320002091D00E3091D10E8217930708F0ACC067
:10A33000009709F403CD1091CD0EBE016F5F7F4FE2
:10A3400001960E94C79181113BC01093CD0EF6CCAF
:10A350000E942FDD6C197D098E099F0961347244BA
:10A360008F40910508F4B8CF85E58093F30F8CE416
:10A370008093F40F87E38093F50F8091BB0F90914A
:10A38000BC0F0597A9F488E48093F60F80E28093D0
:10A39000F70F95E49093F80F9EE49093F90F94E4EF
:10A3A0009093FA0F8093FB0F89E00E94DBDA79CD5E
:10A3B0008CE4EACF80E00E946B63811191CF71CD74
:10A3C000F090CD0E1093CD0E09811A81C80102972D
:10A3D000039708F459C08091D20E9091D30E009744
:10A3E00039F02091D00E3091D10E82179307C8F02A
:10A3F00084E08093061280910612843009F49ECC8A
:10A4000080E00E9483710E943E72811197CC8091FE
:10A410000612823009F092CC67E070E08FEC95E094
:10A420005ECC60919F0E7091A00E8091A10E9091D4
:10A43000A20E80909B0E90909C0EA0909D0EB090CE
:10A440009E0E680D791D8A1D9B1D0E94057F81113E
:10A4500005C066E070E08AE795E041CC8091D20EBD
:10A460009091D30E01969093D30E8093D20E0E94BA
:10A470006382882309F462CCF092CD0EC8010E9459
:10A480001F178111B8CF5ACC84E08093061281E067
:10A490000E94837153CC20917B03222309F44AC08C
:10A4A000029709F047C08091710E882309F44AC0D1
:10A4B0009FB7F8948091710E81111092710E9FBF19
:10A4C0008823C1F16091A70E7091A80E8091A90E0A
:10A4D0009091AA0E0E94557F811110C066E070E035
:10A4E00081E795E00E94977C80910612823009F006
:10A4F00025CC66E070E084EC95E0F1CB1092A30EE1
:10A500001092A40E1092A50E1092A60E0E94BD628B
:10A510008091AF0E9091B00EA091B10EB091B20E9D
:10A52000892B8A2B8B2B89F58FB7F89491E0909328
:10A53000700E8FBF8091820E9091830E02970297CA
:10A5400008F0FCCB8091810E8111F8CB0E94CB6288
:10A550008115964008F0F2CB4091A30E5091A40EC5
:10A560006091A50E7091A60E8091AF0E9091B00EE5
:10A57000A091B10EB091B20E481759076A077B0738
:10A5800008F0DCCB0E94C287D9CB0E94C287811120
:10A59000CBCFAACF0730110509F06EC00E9423105F
:10A5A0008230910559F52FB7F8949091B5038091B9
:10A5B000B4032FBF992379F081110DC08091FA0364
:10A5C0009091FB03892B09F441C066E070E085E5BA
:10A5D00095E00E94A23A0E942310029769F48091AC
:10A5E000FA039091FB03892B39F00E9439108115F1
:10A5F000964010F40E94E13A0E9423109C012450DE
:10A6000031092430310590F427E032E140910712FE
:10A6100041110AC08530910511F54CE455E061E126
:10A6200070E0C901232B29F50E94D06F0E942310EE
:10A630008430910509F415CB08F49CCA089708F0FA
:10A6400099CA87E092E10E94481394CA0E94391087
:10A65000892B09F0BACF80E00E94523BBCCF07970C
:10A6600019F7232B09F343E455E061E170E087E03B
:10A6700092E10E948DB0D8CF80916B0E823079F438
:10A680008091430281110BC00E94EC6781159640B6
:10A6900030F480914302811102C00E94148980919C
:10A6A0006B0E843061F080916B0E853041F08091AB
:10A6B0006B0E863021F080916B0E873011F40E9472
:10A6C000D06F9FB7F89480916B0E47CB82E090E0FB
:10A6D00090936F0F80936E0F7ACA83E090E090930F
:10A6E0006F0F80936E0F10926D0F10926C0F10927F
:10A6F0006B0F0E94F0336BCA80916E0F90916F0FB9
:10A700000197029708F063CA10926F0F10926E0FB4
:10A7100010926D0F10926C0F10926B0F0E94F0331D
:10A720008091700F9091710F0E94956D882309F4AC
:10A730004ECA81E080936A0F0E94837148CA0197D4
:10A7400089F080916E0F90916F0F029709F0B5C953
:10A750008091FD0E8111B1C90E947E7181111BC0D3
:10A7600081E016C00E947E718111EBCF10926B0FB9
:10A770000E94EA34882309F4A0C91092FD0E81E0FA
:10A7800020916E0F30916F0F2230310509F080E07B
:10A790008093FC0E92C98091FC0E882309F48DC928
:10A7A0001092FC0E0E94F53388C990E0E6CA1F9310
:10A7B000CF93DF93182F8091700F9091710F0E94AB
:10A7C000956D811106C0C0E08C2FDF91CF911F9154
:10A7D000089580916A0F8823B1F380916E0F909154
:10A7E0006F0F892B81F7112371F30E94B92EEC01B1
:10A7F0000E94E010209739F3009729F31F3FD1F40E
:10A80000C230D10510F0CE0101970E94954CC82F9F
:10A810008823C9F210926D0F10926C0F10926B0F7B
:10A820000E94F03310926F0F10926E0F81E00E9421
:10A830008371CACFC817D90718F4CE010196E5CFA6
:10A8400081E090E0E2CFFC0160817181828193819F
:10A8500008958091820E9091830E039761F5E091A7
:10A86000BB0FF091BC0F3697E930F10508F588274A
:10A87000E35CFB4A8F4F0D9472024C544C54585475
:10A88000495446545554525460544F5484E490E112
:10A89000089589EF9DE0089580E09AE008958FE49F
:10A8A0009FE108958CEA91E1089580E29DE008958A
:10A8B0008AE39BE008958091060290910702089533
:10A8C0008DEE9EE108958091820E9091830E039704
:10A8D00061F5E091BB0FF091BC0F3697E930F105BF
:10A8E00008F58827E958FB4A8F4F0D947202865469
:10A8F00086549254835480548F548C549A5489545F
:10A9000089EA9EE008958FEF9AE0089580E09AE04A
:10A9100008958FE49FE108958CEA91E1089580E223
:10A920009DE008958AED99E0089580910802909144
:10A930000902089582E59DE108958091820E90912B
:10A94000830E039761F5E091BB0FF091BC0F369732
:10A95000E930F10508F58827EF54FB4A8F4F0D9435
:10A960007202C054C054CC54BD54BA54C954C654D5
:10A97000D454C35484EB98E008958AEC97E008958A
:10A9800080E095E0089580EA9FE008958FEC98E0DC
:10A99000089589E896E0089585E597E00895809107
:10A9A00002029091030208958EE790E1089580914C
:10A9B000820E9091830E039761F5E091BB0FF091A9
:10A9C000BC0F3697E930F10508F58827E551FB4AB9
:10A9D0008F4F0D947202FA54FA540655F754F454FA
:10A9E000035500550E55FD548AE197E008958FE711
:10A9F00095E0089580E095E008958FEA9FE008953E
:10AA00008DED98E0089587E996E0089580ED94E053
:10AA100008958091040290910502089589EA9EE0CC
:10AA20000895E0E9F0E080818F7C8083E1E7F0E049
:10AA300080818B7F80830895982F9F7D91549A31D8
:10AA4000D0F090ED980F9A30B0F08032A1F093EDF5
:10AA5000980F923080F08F3571F098ED980F92300A
:10AA600050F08B3241F0662321F061E08F3209F023
:10AA700060E0862F089561E0FCCFCF92DF92EF92E5
:10AA8000FF920F931F93CF93DF93D42EC22E8C018E
:10AA90007C01E60EF11CD0E0E016F10639F1F80178
:10AAA000C1918F01CC2311F1CD3001F1D11005C03E
:10AAB000EC2FF0E0EA56F44FC4918C2F8F7D815437
:10AAC0008A3180F080ED8C0F8A3060F06C2D8C2FF5
:10AAD0000E941C55882301F3C032F1F2DF3FE1F2FE
:10AAE000DF5FDACFDE3FC0F6DE5FD6CF8D2FDF919E
:10AAF000CF911F910F91FF90EF90DF90CF9008952D
:10AB0000AF92BF92CF92DF92EF92FF920F931F937B
:10AB1000DC01DC96ED91FC91DD97309731F180817D
:10AB200040E050E0BA0183FF0CC0408D518D628D32
:10AB3000738D80899189A289B389481B590B6A0B4F
:10AB40007B0B4115B0E85B076105710520F04FEF05
:10AB50005FE760E070E0CA011F910F91FF90EF90F6
:10AB6000DF90CF90BF90AF900895DE96ED91FC916D
:10AB700080E090E0309781F384A583FF23C0208597
:10AB80003185428553856485758586859785A08046
:10AB9000B180C280D380E480F580068117810F9454
:10ABA000C903F22FE32F2F3F3F47410551056105B0
:10ABB00071058105910519F010F0FFEFEFE78F2F78
:10ABC0009E2FCACF20E030E040E050E060E070E02F
:10ABD00080E090E0E6CF90913004662321F0892B4D
:10ABE00080933004089580958923FACF90E080E027
:10ABF0000895AF92BF92CF92DF92EF92FF920F93A0
:10AC00001F93CF93DF930097B9F17B018C01EC0187
:10AC100009900020E9F72197C81BD90BCB010E94AE
:10AC200015FF6C01C817D90738F1C81BD90BC00F25
:10AC3000D11F10E000E0C016D10691F0F701E00F3F
:10AC4000F11FB490899190E00F94E703A82E8B2D0B
:10AC500090E00F94E703A8120FC00F5F1F4FEBCFD8
:10AC600081E0DF91CF911F910F91FF90EF90DF90E6
:10AC7000CF90BF90AF90089580E0F3CFFC0180A902
:10AC800091A9009721F030E020E00C94C3E482A960
:10AC900093A9009711F00C94E9A78FEF9FEF089507
:10ACA000CF93DF931F92CDB7DEB741E050E0BE01F6
:10ACB0006F5F7F4F0C960E943E56019731F4898159
:10ACC00090E00F90DF91CF9108958FEF9FEFF9CF34
:10ACD0004F925F926F927F928F929F92AF92BF92AC
:10ACE000CF92DF92EF92FF920F931F93CF93DF9358
:10ACF0001F92CDB7DEB7FC0104AD15AD01151105EE
:10AD0000A9F1F80180889188A288B388C484D58489
:10AD1000E684F78430E020E041E050E0BE016F5F60
:10AD20007F4FC8010E94C3E40197E9F4898190E054
:10AD3000F801808A918AA28AB38AC486D586E6867B
:10AD4000F7860F90DF91CF911F910F91FF90EF90B9
:10AD5000DF90CF90BF90AF909F908F907F906F903B
:10AD60005F904F9008958FEF9FEFE2CF06AD17AD44
:10AD70008FEF9FEF0115110521F3F80140805180FD
:10AD80006280738084809580A680B780C08CD18CCF
:10AD9000E28CF38C41E050E0BE016F5F7F4FC80151
:10ADA0000E94E9A7019781F4898190E0F80140822F
:10ADB00051826282738284829582A682B782C08E1B
:10ADC000D18EE28EF38EBDCF8FEF9FEFEFCFFC01E0
:10ADD00080A991A9009711F00C945FE382A993A92F
:10ADE000009711F00C9419A380E008950C960C9430
:10ADF000E756CF92DF92EF92FF920E94ACDD6B019B
:10AE00000E94E7D6892BA9F081E080933004D0928C
:10AE10002D04C0922C04D0922F04C0922E04809155
:10AE20003004877E80933004FF90EF90DF90CF90C6
:10AE3000089587E0EACF2F923F924F925F926F92F0
:10AE40007F928F929F92AF92BF92CF92DF92EF92BA
:10AE5000FF920F931F93CF93DF93CDB7DEB76E971B
:10AE60000FB6F894DEBF0FBECDBF7E876D875E8BB9
:10AE70004D8BDC01D0960D90BC91A02DBA87A9878F
:10AE8000109709F4E1C012968C9181FF1BC083FDDD
:10AE900021C08D889E88A40170E060E0E985FA8574
:10AEA00080899189A289B38980959095A095B09564
:10AEB0005F01FCE0AF0EB11C84179507A607B7072A
:10AEC00008F0D6C4E985FA858181816081831E8A74
:10AED0001D8A9FC0A985BA8558964D915D916D9147
:10AEE0007C915B97CD010E94F3E38111D2CFEACF31
:10AEF00095010E948BE287FDE5CF811106C089850F
:10AF00009A850E94549B8823E9F2A985BA851696F2
:10AF1000ED91FC9117971C964D915D916D917C91EF
:10AF20001F974250510961097109848104C0440F7F
:10AF3000551F661F771F8A95D2F781899289A38949
:10AF4000B489480F591F6A1F7B1FFDC4E985FA8524
:10AF5000848D958DA68DB78D0097A105B10589F4D7
:10AF6000CF010E94549B882309F4ACCFE985FA8570
:10AF700084859585A685B785848F958FA68FB78F95
:10AF8000B8C4E985FA8584879587A687B787B1C451
:10AF900021E03AC49401232F332726950281011B17
:10AFA000110B2017310708F489012801542C44247F
:10AFB000550CC416D506E606F70698F0DB01CA0163
:10AFC000800F911FA11DB11DC816D906EA06FB0608
:10AFD00040F414A28FEF9FEFDC0187A390A7A1A7F5
:10AFE000B2A72D853E85C3010E94C0DF28C4E98534
:10AFF000FA85808D918DA28DB38D8C159D05AE0542
:10B00000BF0538F4C08ED18EE28EF38E82818068C7
:10B0100082838D899E896E960FB6F894DEBF0FBE2F
:10B02000CDBFDF91CF911F910F91FF90EF90DF90F7
:10B03000CF90BF90AF909F908F907F906F905F90D8
:10B040004F903F902F900895DC01D2960D90BC91C7
:10B05000A02DBE8FAD8F109709F439CF9E968C919D
:10B0600081FF73C183FD52C1ED8DFE8DF081F983A7
:10B07000AD8DBE8D1196BC91B987ED8DFE8DF2819F
:10B08000FB87AD8DBE8D1396BC91BC87ED8DFE8D7B
:10B09000F481FF87AD8DBE8D1596BC91B88BED8D7B
:10B0A000FE8DF681F98BAD8DBE8D1796BC91BA8B56
:10B0B000ED8DFE8D408851886288738884889588DC
:10B0C00026883788298139854B855C856F85788905
:10B0D00089899B2F52016301740181010F94D2036E
:10B0E00011F008F03BC11B861C861F86188A198A3E
:10B0F0001A8A1F8A188E8D889E889A8689862D8D39
:10B100003E8D285E3F4F3C8F2B8FAD8DBE8D2C909A
:10B1100011963C90119712964C90129713965C9052
:10B12000139714966C90149715967C901597169615
:10B130008C90169717969C901797E985FA85EF2BB8
:10B1400009F40AC39096ED91FC91DF01AC5DBD4F0F
:10B15000CD90DD90ED90FC90320121014C205D20DE
:10B160006E207F20920131703C8B2B8B4114510457
:10B170006104710409F056C0AD8DBE8D5896CD9016
:10B18000DD90ED90FC905B97C114D104E104F104D3
:10B1900009F423C19E968C919E9786FF0EC15C9602
:10B1A0008D909D90AD90BC905F9718962C911897BC
:10B1B00019963C9119971A964C911A971B965C9187
:10B1C0001B971C966C911C971D967C911D971E9643
:10B1D0008C911E971F969C91AFEF0F94BD03E15D7C
:10B1E000FD4F0081075F0F94990329833A834B83B6
:10B1F0005C836D837E838F83988729813A814B811D
:10B200005C81820E931EA41EB51EC814D904EA04E4
:10B21000FB0408F4C4C08D8D9E8D0E9488A08823F5
:10B2200009F493C0AD8DBE8D9096ED91FC91DF0138
:10B23000A15DBD4F3C907301620119E0F694E79463
:10B24000D794C7941A95D1F7AD8DBE8D58964D9071
:10B250005D906D907C905B97B2E04B1A510861084D
:10B260007108032C04C0440C551C661C771C0A94FE
:10B27000D2F74C0C5D1C6E1C7F1CCF01885E9D4F6D
:10B28000DC014D915D916D917C91440E551E661EC1
:10B29000771E8B889C88892809F0C1C089849A848C
:10B2A000811422E0920608F4BAC02B853C854F85B4
:10B2B000588969897A898F89988DA0E00F94DB037A
:10B2C00009F0ADC04381548165817681818192818D
:10B2D000811434E0930608F0E9C144165506660669
:10B2E000770641F410824FEF5FEFBA014383548336
:10B2F000658376832D853E85B301A2010E9442E0DD
:10B30000882319F1212C82E0382E11C1AD8DBE8D1C
:10B3100018960C91189719961C9119971A962C91BA
:10B320001A971B963C911B971C964C911C971D9647
:10B330005C911D971E966C911E971F967C911F978E
:10B34000CD010E9434A181118FCEAD8DBE8D9D9611
:10B350008C919D9781609D968C93B9CD82019301CC
:10B36000A401B1018D8D9E8D0E9434A1882369F3C3
:10B37000298139854B855C856F85788989899A898A
:10B3800052016301740181010F94C9032B873C872B
:10B390004F87588B698B7A8B8F8B988FACCE3FEF12
:10B3A000C31AD30AE30AF30AAD8DBE8D5896CD9227
:10B3B000DD92ED92FC925B9735CF2B8D3C8DB701E2
:10B3C000A601CF010E94F29D082E000C990B97FD5B
:10B3D000BCCF892B09F41FCF25CFED8DFE8D848D39
:10B3E000958DA68DB78D0097A105B10589F4CF0184
:10B3F0000E9488A0882309F4A8CFED8DFE8D808D52
:10B40000918DA28DB38D848F958FA68FB78F0ACF24
:10B41000ED8DFE8D808F918FA28FB38F03CF212C66
:10B42000B2E03B2E8B889C8828183908892809F0BF
:10B430002EC1AD8DBE8D2C9111963C911197129617
:10B440004C91129713965C91139714966C911497E4
:10B4500015967C9115975096AC9050975196BC904C
:10B4600051975296CC9052975396DC90539754969E
:10B47000EC9054975596FC90559756960C9156978C
:10B4800057961C91579716968C91169717969C91E4
:10B490000F94D20308F4FBC025E0B301A201CF0151
:10B4A0000E94CCE1009709F450CFEB89FC89E80FAA
:10B4B000F91F2B853C854F85588969897A898F8941
:10B4C000988DA0E00F94DB0309F4E3C04101B12C97
:10B4D000A12CC12CD12C760129829A82AB82BC820C
:10B4E000CD82DE82EF82F8865101C12CD12CE12C75
:10B4F000F12C00E010E00F94D20310F4222E332E32
:10B50000A10170E060E0CF010F9405048B899C8954
:10B51000820D931D8115924051F4AD8DBE8D909694
:10B520008D919C910E9496E0882309F40ECF9101A1
:10B5300050E040E060E070E0CB0129823A834B8329
:10B540005C836D837E838F83988740E050E060E06A
:10B5500070E080E090E0AD8DBE8DAC901196BC9017
:10B5600011971296CC9012971396DC90139714961D
:10B57000EC9014971596FC90159716960C911697CB
:10B5800017961C9117970F94B403722E832E942E46
:10B59000652E562E472EF82FE92F2C9311963C93AB
:10B5A000119712964C93129713965C9313971496D7
:10B5B0006C93149715967C93159716968C93169703
:10B5C00017969C932B853C854F85588969897A8984
:10B5D0008F89988DA0E00F94DB0309F4B0C0A98097
:10B5E000BA80C12CD12CE12CF12C00E010E00F949A
:10B5F000C9032B873C874F87588B698B7A8B8F8B3E
:10B60000988FAD8DBE8D5096AC9050975196BC9052
:10B6100051975296CC9052975396DC9053975496EC
:10B62000EC9054975596FC90559756960C915697DA
:10B6300057961C915797272D382D492D562D652D3E
:10B64000742D8F2F9E2F0F94D20309F008F45DCD37
:10B650009E968C919E9780689E968C939E9750960E
:10B660007C92509751968C92519752969C925297F9
:10B6700053966C92539754965C92549755964C926D
:10B6800055975696FC9356975796EC933ECD21E0EE
:10B6900004CF89849A848214930408F41401A101CC
:10B6A0006D857E85CF010F94FC0330CF09851A8507
:10B6B000012F1127069530E020E0812C912C5401B8
:10B6C000839404C0880C991CAA1CBB1C3A94D2F722
:10B6D00089829A82AB82BC828C189D08AE08BF0812
:10B6E000081519052A053B0510F448015901950173
:10B6F0008401A9E0000F111F221F331FAA95D1F763
:10B7000018018401441555056605770588F0840CF9
:10B71000951CA61CB71C481559056A057B0540F405
:10B7200010822FEF3FEFA901238334834583568393
:10B730002D853E85B301A2010E94C0DFF5CEAD8408
:10B74000BE84A20CB31CBE86AD8629853A8522191B
:10B7500033093A87298755CFED8DFE8D20853185B8
:10B76000428553856485758586859785510162017B
:10B77000730184010F94D20308F04BCC20863186EC
:10B7800042865386648675868686978686A58068F7
:10B7900086A73FCCFC01425051096109710984819F
:10B7A00004C0440F551F661F771F8A95D2F7818901
:10B7B0009289A389B489480F591F6A1F7B1F80E0B3
:10B7C00092E08619970924018815990508F42C013F
:10B7D0006114710409F0DCCBA985BA8550960D91EE
:10B7E0001D912D913C9153975896CD90DD90ED9001
:10B7F000FC905B970C151D052E053F0520F4129655
:10B800008C9185FFC5CB25E0CF0184960E94CCE1C9
:10B81000009709F457CBA2016D857E85860D971D93
:10B820000F94FC03640C751C6114B2E07B0651F4A8
:10B83000E985FA858681978184960E9496E088231F
:10B8400009F440CBE985FA8580899189A289B38979
:10B85000840D951DA11DB11D808B918BA28BB38B87
:10B860002D853E85240D351D3E872D87841895082E
:10B87000E985FA85C088D188E288F388811491042B
:10B8800009F4B5CB86819781DC0113961C91B70131
:10B89000A60129E076956795579547952A95D1F7A2
:10B8A00014233601B1E07B22111123C04485558554
:10B8B000668577856114710409F06CCF41155105D7
:10B8C0006105710509F442CB228126FF11CB208C42
:10B8D000318C428C538CC214D304E404F50408F078
:10B8E00007CB4F5F5F4F6F4F7F4F4487558766870A
:10B8F0007787A985BA851696ED91FC9117971C96C6
:10B900004D915D916D917C911F9742505109610954
:10B910007109848104C0440F551F661F771F8A95E3
:10B92000D2F781899289A389B489840F951FA61FB4
:10B93000B71FAC01BD01410F511D611D711D611487
:10B94000710409F03CCF8114B2E09B0608F437CFB4
:10B95000C7A0D0A4E1A4F2A465A076A0811424E03D
:10B96000920608F017CB4C155D056E057F0541F476
:10B9700014A28FEF9FEFDC0187A390A7A1A7B2A726
:10B980002D853E85C3010E9442E0882309F49ACAAE
:10B99000412C02E0502E56CF0C960C941B57CF939F
:10B9A000DF931F92CDB7DEB7698341E050E0BE015F
:10B9B0006F5F7F4F0C960E941B570F90DF91CF91C6
:10B9C0000895CF93DF93C4E0D0E120E8FE01119207
:10B9D0002A95E9F722E1FC01DE0101900D922A95FA
:10B9E000E1F76A8B7B8BFC0176968AE2A8E1B0E1F5
:10B9F00001900D928A95E1F7DF91CF91089528E0AB
:10BA0000462F50E05595479597FD0CC06170880F03
:10BA1000991F662319F035E0832790582150642F31
:10BA200079F708956095F2CFCF93DF9300D01F92FE
:10BA3000CDB7DEB7BE016D5F7F4FCE0101960E948C
:10BA40001636882309F149815A812B813C81240FC4
:10BA5000351F4115510511F441E050E02230310508
:10BA600010F422E030E02150310930939900209306
:10BA7000980050939B0040939A0050934902409342
:10BA8000480291E09093760E0F900F900F900F90D8
:10BA9000DF91CF9108959093830E8093820E109240
:10BAA00083031092820310928103109280031092FC
:10BAB0007603109277031092780310927903109214
:10BAC0007503109274031092730310927D03109209
:10BAD0007C031092720E1092710E1092700E1092E2
:10BAE000810E1092800E10927F0E10927E0E109298
:10BAF0007D0E10927C0E10927B0E10927A0E109298
:10BB0000790E1092780E1092770E1092760E109297
:10BB1000730E019711F4109293030895AF92BF92A0
:10BB2000CF92DF92EF92FF920F931F93CF93DF9309
:10BB3000F82E5B01E42E6901E801882319F10E94C7
:10BB40006354F601918380830E94295499838883EA
:10BB500080912902882359F08091820E9091830E62
:10BB6000039729F0A114B10489F5FF2061F1DF9159
:10BB7000CF911F910F91FF90EF90DF90CF90BF90EA
:10BB8000AF9008950E94D754F601918380830E945C
:10BB90009D5499838883A114B104D1F68091B50492
:10BBA0008823B1F2823051F480E09FE0F601918366
:10BBB000808380E890E199838883D9CF8FED9EE0E0
:10BBC000F601918380838DE290E1F5CFAA94AB28B2
:10BBD00039F480E090E1FF2071F383E79EE1EBCF41
:10BBE000FF2039F08AE69EE1EE2029F38DE39EE105
:10BBF000E2CF87EF9FE0EE20F1F28AEC9FE0DBCF0F
:10BC0000CF92DF92EF92FF920F931F93CF93DF9328
:10BC1000CDB7DEB76E970FB6F894DEBF0FBECDBFBF
:10BC20008C018F30910509F4B1C00797FF24F3947C
:10BC3000029760F00630110509F0F12C0031110572
:10BC400009F4A7C00A30110509F4A3C0EE24E39457
:10BC50000930110509F0E12C680182E0C81AD10809
:10BC60000B30110509F098C082E08093140281E046
:10BC700090E021E00D30110509F020E020937B03D6
:10BC80009801277F2530310511F483E090E02EE103
:10BC9000289FB001299F700D11246250704F4EE112
:10BCA00050E0CE0101960E9403FF8E819F81909308
:10BCB00005028093040288859985909303028093FE
:10BCC00002028A859B8590930902809308028C85E5
:10BCD0009D8590930702809306020115110509F4D2
:10BCE00073C0F1100AC0FE2CE11007C0FF24F394CA
:10BCF00083E0C816D10408F0F12CF09229021092CA
:10BD0000B5048E859F8590931202809311028A89D3
:10BD10009B899093100280930F028E8980930E026C
:10BD20008F8980930C02888D80930D02898D80937A
:10BD30000B028A8D80930A028B8D9C8D90937203E7
:10BD40008093710383E0C816D10488F48CE795E1F1
:10BD500090931202809311029093100280930F022D
:10BD600082E00430110509F081E08093B5046E96FD
:10BD70000FB6F894DEBF0FBECDBFDF91CF911F91FC
:10BD80000F91FF90EF90DF90CF900895FF24F394F0
:10BD90005DCFEE24E39460CF0C30110531F483E0E5
:10BDA0008093140282E090E064CF0E30110531F4EC
:10BDB00084E0809314028AE090E05BCF81E080937E
:10BDC000140290E080E055CFFF24F39496CF982F93
:10BDD00096959575891B982F937386958695837391
:10BDE000890F982F92959F70890F8F7008952F92C9
:10BDF0003F924F925F926F927F928F929F92AF92FB
:10BE0000BF92CF92DF92EF92FF920F931F93CF9347
:10BE1000DF93CDB7DEB7A6970FB6F894DEBF0FBE9F
:10BE2000CDBF8A8B2A013B010A871B872C873D8760
:10BE30008E2DDC8ACB8A0E94E75E982E8F2D0E9481
:10BE4000E75E980EA92CB12CD12CC12CAD8ABE8AEC
:10BE5000CF8AD88E0E94D7549A8389830E949D549A
:10BE60008C010E9463549F8F8E8F0E94295499A346
:10BE700088A330E020E068017901A980BA80CA0C6B
:10BE8000DB1CE11CF11CCA8EDB8EEC8EFD8EBA88A9
:10BE90002090110230901202B11004C020900F02C5
:10BEA0003090100280917B03882309F475C1809142
:10BEB000710390917203892B09F471C102E0098723
:10BEC0009201A30160E070E080E090E003E00F9455
:10BED0007E03822E398F4BA35AA3B62FA72FF82F9C
:10BEE000E92F0A851B852C853D857801890120E194
:10BEF00030E040E050E060E070E080E090E057012A
:10BF00006801E12CF12C00E010E00F94C903590105
:10BF10006A017B018C01282D398D4BA15AA16B2F11
:10BF20007A2F8F2F9E2F0F94B403A92CB12CC12CE4
:10BF3000D12CE12CF12C00E010E00F94C903AA846D
:10BF4000BB84CC84DD844A0C5B1C6C1C7D1CCD88BE
:10BF5000DE88EF88F88C4C0C5D1C6E1C7F1C630126
:10BF60005201E12CF12C87014A86BB866C86DD8666
:10BF7000EE86FF86088B198B512C412C612C712C7D
:10BF80004301BA88BB2009F40DC1C0900C02CD8AD0
:10BF9000B984AB2CB12CD12CC12CE12CF12C870114
:10BFA000A982BA82CB82DC82ED82FE820F8318875F
:10BFB00059016A017B018C01298530E040E050E0A5
:10BFC00060E070E080E090E00F949C02510162011B
:10BFD000730184010F94B403AD88B12CC12CD12C12
:10BFE000E12CF12C00E010E00F94B403098502303D
:10BFF00009F0DCC02090710330907203512C412C69
:10C00000612C712C430151016201730184010F9471
:10C01000B40329873D8B498F5AA36BA37CA38DA3BF
:10C020009EA31A8980910E02111102C080910D0207
:10C0300080900A02880E9924991C292D220F220B28
:10C040002A8B2A853B854C855D8560E070E080E029
:10C0500090E0A4E00F94BD03A980BA80CB80DC807F
:10C06000ED80FE800F8118850F949C0259016A01B2
:10C070007B018C0194014A89542F642F742F842FE3
:10C08000942F0F94B403A8A1B9A16D01F12CE12C58
:10C09000EE8DFF8DCE0EDF1EE11CF11C56016701F7
:10C0A000E12CF12C00E010E00F949C0229013A01F0
:10C0B0004B011C01CA8CDB8CEC8CFD8C560167019A
:10C0C000E12CF12C8701A982BA82CB82DC82ED823D
:10C0D000FE820F831887A984BD88C98CDAA0EBA0E3
:10C0E000FCA00DA11EA129813A814B815C8160E0F9
:10C0F00070E080E090E00F949C022056304F4F4F4C
:10C100005F4F6F4F7F4F8F4F9F4F59016A017B01E8
:10C110008C019201A301B401C1010F94B403E0E4C6
:10C12000AE2EFFE1BF2EC12CD12CE12CF12C00E072
:10C1300010E00F94210329873983F42FE52F2F3F37
:10C140003F4F4F4F5F4F6105710581059105B9F173
:10C15000B0F18FEF9FEFDC01EB89FC898083918345
:10C16000A283B38380E0A6960FB6F894DEBF0FBE1D
:10C17000CDBFDF91CF911F910F91FF90EF90DF9096
:10C18000CF90BF90AF909F908F907F906F905F9077
:10C190004F903F902F90089511E0198791CE21E0A4
:10C1A00029878ECED0900B02DD8AF2CE212C312C45
:10C1B000412C512C612C712C812C912C24CF85E9A0
:10C1C00093E0892B31F289859981AF2FBE2F409161
:10C1D00095035091960360919703709198038A019B
:10C1E0009B010095109520953095081719072A078F
:10C1F0003B0760F48FEF9FEFDC01809395039093F2
:10C200009603A0939703B0939803A3CF480F591FA9
:10C210006A1F7B1F40939503509396036093970387
:10C2200070939803EB89FC8940815181628173810D
:10C230008A019B01009510952095309508171907E4
:10C240002A073B0708F485CF840F951FA61FB71F49
:10C2500080839183A283B38381E085CF2F923F9225
:10C260004F925F926F927F928F929F92AF92BF9206
:10C27000CF92DF92EF92FF920F931F93CF93DF93B2
:10C28000CDB7DEB76B970FB6F894DEBF0FBECDBF4C
:10C2900069877A878B879C8729013A01802FC98A11
:10C2A000DA8AEB8AFC8ABB8EAA8E0E94E75E082F90
:10C2B000812F0E94E75EE82F49855A856B857C8532
:10C2C000A3E0440F551F661F771FAA95D1F74415A9
:10C2D00055056605770508F405C1A301920160E0E4
:10C2E00070E0CB0149823A836B825C836D837E83ED
:10C2F0008F8398870E0F098F4BA95CA99A0140E0A4
:10C3000050E060E070E080E090E0A0E10F94BD03B9
:10C310005401C12CD12CE12CF12C00E010E00F9441
:10C32000B403A988BA88CB88DC880F94B403A980A9
:10C33000BA80CB80DC800F94C90339014A01B62F43
:10C34000A72FF82FE92FE984FA840B851C85670154
:10C35000780100E010E09801C986DA86EB86FC8659
:10C360000D871E872F87388B9601A70160E070E04C
:10C3700080E090E003E00F947E0359016A017B01A5
:10C380008C019301A4016B2F7A2F8F2F9E2F0F9476
:10C39000B403A98CB12CC12CD12CE12CF12C00E0E0
:10C3A00010E00F94C9034FA858AC69AC7AAC1201E5
:10C3B000510163010F949C02322E832E942E252E60
:10C3C0002B013C014DA95EA99A0140E050E060E0DC
:10C3D00070E080E090E0A2E00F94BD03E9A9FAA923
:10C3E0005F01C12CD12CE12CF12C00E010E00F9466
:10C3F000B403CA8CDB8C5601D12CC12CE12CF12C5E
:10C400008701A98ABA8ACB8ADC8AED8AFE8A0F8BD9
:10C41000188FC12CD12CE12CF12C00E010E00F94EE
:10C42000B403A980BA80CB80DC800F94B403A984C4
:10C43000BA84CB84DC840F94B403A98CB12CC12CB6
:10C44000D12C0F94B403CBACDCACEDACFEAC5601FC
:10C450006701E12CF12C8701A982BA82CB82DC82B0
:10C46000ED82FE820F831887E12CF12C00E010E0B2
:10C470000F949C022056304F4F4F5F4F6F4F7F4FAE
:10C480008F4F9F4F59016A017B018C01232D382D5D
:10C49000492D522DB201C3010F94B403E0E4AE2E36
:10C4A000FFE1BF2EC12CD12CE12CF12C00E010E0DB
:10C4B0000F942103F42FE52F2F3FAFEF3A074A07E0
:10C4C0005A07610571058105910571F068F08FEFDC
:10C4D0009FEFDC012196EEADFFAD21978083918324
:10C4E000A283B38380E01FC0C901AF2FBE2F219666
:10C4F000EEADFFAD219740815181628173818A0148
:10C500009B010095109520953095081719072A076B
:10C510003B07E8F2840F951FA61FB71F8083918306
:10C52000A283B38381E06B960FB6F894DEBF0FBE93
:10C53000CDBFDF91CF911F910F91FF90EF90DF90D2
:10C54000CF90BF90AF909F908F907F906F905F90B3
:10C550004F903F902F90089581E08093B10F1092FB
:10C5600094038FEF80930002E091B20FF091B30F2C
:10C57000309711F080E0199408958FB7F8941092D5
:10C580007F0310927E031092700310926F0310923B
:10C5900001028FBF08954FB7F89420917E03309128
:10C5A0007F0380916F03909170034FBF821B930BA9
:10C5B00008955B9A08958091B40F882359F02091D3
:10C5C000BB0F3091BC0F2650310981E0223031057C
:10C5D00008F080E008958091B40F882359F02091ED
:10C5E000BB0F3091BC0F2450310981E0223031055E
:10C5F00008F080E008958091B40F882359F02091CD
:10C60000BB0F3091BC0F2350310981E0233031053D
:10C6100008F080E00895E4EBFFE080E5DF011D9283
:10C620008A95E9F70895CF92DF92EF92FF921F93D8
:10C63000CF93DF93182FD62FC42F0E942FDD6B01CD
:10C640007C018091030181701817B1F10E942FDDE8
:10C650006C197D098E099F09613472448F409105E0
:10C6600080F385E58093F30F8CE48093F40F87E3E8
:10C670008093F50F8091BB0F9091BC0F0597D1F07F
:10C680008CE48093F60F80E28093F70FD093F80F3D
:10C69000C370C05DC093F90F8093FA0F88E00E94C9
:10C6A000DBDA80E0DF91CF911F91FF90EF90DF9078
:10C6B000CF90089588E4E5CF81E0F4CF882311F08E
:10C6C000749A089574980895AC0161E170E083EF65
:10C6D0009FE00C94F9EFCF92DF92EF92FF92CF930D
:10C6E000C82F0E942FDD6B017C01809103018170B6
:10C6F000C817B1F00E942FDD6C197D098E099F09C2
:10C700006132714A8740910580F380E59DE00E9487
:10C71000646380E0CF91FF90EF90DF90CF90089519
:10C7200081E0F8CF1F93CF93DF938095C82FCC0F74
:10C73000C11DCC0FC11D14E080E00E946B638823F3
:10C74000E9F08C2F881F8827881F0E945E635B9802
:10C7500081E00E946B63D82F882381F0C6FB882775
:10C7600080F90E945E630E94D962CC0FCC0F1150F9
:10C7700019F78D2FDF91CF911F910895D0E0F9CF58
:10C78000E8ECFFE080E09191992311F09D3059F49D
:10C79000E82FF0E0E853F04F882349F0929190326F
:10C7A00031F48150F9CF8F5F813169F7F1CF08956E
:10C7B0008E30910549F09C012B50310981E02230E7
:10C7C000310518F080E0089581E008958091B40F5C
:10C7D000882331F08091BB0F9091BC0F0C94D863EB
:10C7E00080E008950E94E663882359F02091820E2C
:10C7F0003091830E2250310981E02230310508F05A
:10C8000080E008958D30910549F09C012850310950
:10C8100081E02330310518F080E0089581E008952B
:10C82000EF92FF920F931F93CF93DF93DC01892B3D
:10C8300049F490E080E0DF91CF911F910F91FF903C
:10C84000EF9008958091B40F882399F34091BF0F22
:10C850005091C00F6417750760F30091BB0F1091E2
:10C86000BC0FC8010197029708F0C4C0023011053F
:10C8700009F0BBC08091BD0F9091BE0F480F591FAA
:10C880008DEE8C9383E711968C93119712964C93AF
:10C89000129713965C93139781E314968C931497D5
:10C8A000CA01429615968C93159716969C931697E7
:10C8B00087E090E0EAECFEE0ED01C80FD91F2EEC16
:10C8C0003EE06491699331962E173F07D1F79C01A2
:10C8D0002C5F3F4F6091BB0F7091BC0F62307105B0
:10C8E00081F4E0E3FFE0ED01C20FD31F24E33FE05A
:10C8F0006491699331962E173F07D1F79C01285F09
:10C900003F4FED01C20FD31F81E088839091C10F8B
:10C910008091C20FF9013196EA0FFB1F908381834A
:10C9200081E28B839091C30F8091C40FF9013496FB
:10C93000EA0FFB1F9083818381E18E839091C50F65
:10C940008091C60FF9013796EA0FFB1F9083818310
:10C9500085ED898788E8E82E8EE0F82EC9010A96D1
:10C960008A0F9B1F67EC7EE0F7011491FC01119385
:10C97000CF01FFEFEF1AFF0A6E157F05A9F789EDCA
:10C98000FE01E75BFF4F808391E031969083319603
:10C990001082319690833196808331961082B9014E
:10C9A000605B7F4F81EE319680838091BB0F9091C9
:10C9B000BC0F029799F46A0F7B1F8DEEFB018083F9
:10C9C000CF5ADF4F8BE78883F901EE5AFF4FEA0F0A
:10C9D000FB1F40835183B9016C5A7F4FCB010196F5
:10C9E000A60FB71F29EE2C9326CF50E040E090E031
:10C9F00080E060CF0330110509F0D6C08091B80FF8
:10CA0000811140C0E3E1FFE0CD014D96ED0124919D
:10CA1000299331968C179D07D1F781E05D968C9311
:10CA20005D979091C10F8091C20F5E969C935E9727
:10CA30005F968C935F9781E290968C9390979091FC
:10CA4000C30F8091C40F91969C93919792968C936B
:10CA50009297EDE4FEE0ED01A396CD01825A9F4F3F
:10CA60002491299331968C179D07D1F73091C50FEA
:10CA70002091C60FFC013083A15ABF4F2C9380E652
:10CA800090E0D9CE91E29C938DE111968C93119711
:10CA900081E112968C93129713968C9313971496A8
:10CAA0001C92149780EC15968C93159785ED16962D
:10CAB0008C93169721E017962C93179783E5189679
:10CAC0008C93189719961C9219978DEE1A968C9341
:10CAD0001A9780EB1B968C931B9789EC1C968C9372
:10CAE0001C975EE31D965C931D9748E01E964C9341
:10CAF0001E9733ED1F963C931F978EEC50968C93A8
:10CB000050978DEC51968C93519752965C93529717
:10CB100057E053965C93539754968C93549755963D
:10CB20004C93559743E056964C93569757968C9353
:10CB300057978EEB58968C93589782E059968C9322
:10CB400059975A963C935A9780EE5B968C935B97D5
:10CB50005C962C935C972091C10F8091C20F5D96DB
:10CB60002C935D975E968C935E9789ED5F968C9380
:10CB70005F9790969C9390979091C30F8091C40F6C
:10CB800091969C93919792968C939297E2E1FEE016
:10CB9000ED01A396CD01825A9F4F2491299331969E
:10CBA0008C179D07D1F762CFED01C8010E94026486
:10CBB000882361F0E2EBFDE0CE01805A9F4F249183
:10CBC000299331968C179D07D1F759CFC8010E9440
:10CBD000D863882309F447C0E8E5FDE0DE01CE0113
:10CBE000865A9F4F24912D9331968A179B07D1F730
:10CBF0008091BB0F9091BC0F8C30910591F10E97F5
:10CC000071F582E5FE01E55BFF4F808331968091EF
:10CC1000C70F80839091C10F8091C20F319690838E
:10CC2000319680839091C30F8091C40F3196908389
:10CC3000319680839091C50F8091C60F3196908375
:10CC400031968083DE01AD5ABF4F97E0EFEDFFE0F4
:10CC500001900D929A95E1F78AE590E0ECCD8BE199
:10CC6000D1CF89E2CFCF045011090230110508F06D
:10CC700091C00E94C0632091BD0F3091BE0F4091C2
:10CC8000C30F5091C40F61E54115504108F463E5AD
:10CC9000620F732F711D9EE3988396E199839DEC3B
:10CCA0009A8392E19B831C8291E19D836E837F83B3
:10CCB0009FED98872091C30F3091C40F09E010E0D9
:10CCC0002115304130F493ED998790EE9A870BE06F
:10CCD00010E0DE01A00FB11F91E09C934091C10FC5
:10CCE0009091C20FF8013196EC0FFD1F40839183A4
:10CCF00099ED13969C93139791E214969C93149735
:10CD00004091C30F9091C40FF8013596EC0FFD1FB1
:10CD10004083918324E33FE0A801495F5F4F4C0FBC
:10CD20005D1F62E77FE0F9019491FA019193AF01F1
:10CD30002F5F3F4F62177307B1F7AB5BBF4F93ECA9
:10CD40009C934091C50F9091C60FF801EA5BFF4F8D
:10CD5000EC0FFD1F40839183085B1F4FE82EF12CE1
:10CD6000A70168EC7FE0CE01800F911F0F94FC03B8
:10CD700098012E0D3F1DC20FD31F8DE08883809137
:10CD8000BF0F9091C00F2F5F3F4F2817390709F051
:10CD900050CD51CD81E088839091C10F8091C20F19
:10CDA00099838A8381E28B839091C30F8091C40F12
:10CDB0009C838D8381E18E839091C50F8091C60FF6
:10CDC0009F83888785ED89878091BB0F9091BC0FE9
:10CDD000DE011A96EEECFEE00297D1F484918D9379
:10CDE00031968FE0E231F807C9F7FE01E25BFF4FB1
:10CDF0008DEE808331968BE7808331961082319659
:10CE00001082CE5ADF4F89EE888383E590E013CD00
:10CE100084918D9331969FE0E331F907C9F78FE450
:10CE200090E009CDCF93DF938091B40F882391F0E8
:10CE3000C091BB0FD091BC0FCE010E940264811142
:10CE400009C0CE010E94D863811104C0DF91CF9147
:10CE50000C94DB62DF91CF9108958091B40F882309
:10CE600031F08091BB0F9091BC0F0C94026480E074
:10CE700008950F931F93CF93C091B40FCC2399F0D3
:10CE80000091BB0F1091BC0FC8010E940264C82F13
:10CE900081110EC0C8010E94D863811104C00E9494
:10CEA000DB62C1E0C8278C2FCF911F910F910895AD
:10CEB000C0E0F9CFCF93DF93CDB7DEB72E970FB693
:10CEC000F894DEBF0FBECDBF2FEF260F283628F512
:10CED000883021E1920759F5FE0133968CE0DF019D
:10CEE0001D928A95E9F783EC898388E08A8381E142
:10CEF0008B83DE011196AE01415F5F4F2D9190E073
:10CF000080E08D30910569F1FC01E955F44E3491D2
:10CF1000231327C0E4912E1751F180E02E960FB60F
:10CF2000F894DEBF0FBECDBFDF91CF91089581157C
:10CF3000904C99F781E2898388E08A8381E18B8331
:10CF40008C831D8280EC8E8391E09F836887198695
:10CF50009DEE9A8790EB9B8793EC9C871D868E872E
:10CF6000C8CF0196811531E0930759F6D6CF4A17FD
:10CF70005B0709F0C3CF81E0D1CF282F30E090913B
:10CF80006A0E992339F01092680E1092670E922F54
:10CF9000882708958C3490F02B54310940E253E0F7
:10CFA000249FC001259F900D349F900D11249093D4
:10CFB000680E8093670E80E69AEE08951092680ED0
:10CFC0001092670E40E253E0249FC001259F900D10
:10CFD000349F900D112408954FB7F89420916E0E50
:10CFE00030916F0E80916C0E90916D0E4FBF821B31
:10CFF000930B0895CF93C62FAC0161E170E087E0F9
:10D0000092E10E94F9EFC0936B0ECF910895FC015D
:10D0100060817181828193810895DB01FC013197E8
:10D02000EA30F10588F58827E75EF7498F4F0D94C0
:10D030007202236829683268356838683E6841683A
:10D040002C682F683B688BE090E08D939C9381E087
:10D0500008958CE090E0F9CF8EE090E0F6CF8FE07D
:10D0600090E0F3CF86E090E0F0CF87E090E0EDCF66
:10D0700088E090E0EACF80E190E0E7CF89E090E0BF
:10D08000E4CF8AE090E0E1CF1D921C92E0CF4F9276
:10D090005F926F927F928F929F92AF92BF92CF9248
:10D0A000DF92EF92FF920F931F93CF93DF935C0178
:10D0B0004B016A012901CB010E9415FFEC013C01E3
:10D0C0008FEF681A780AF5018081882309F450C02F
:10D0D0008501F80181918D3009F446C08A3009F448
:10D0E00043C0882309F444C078015701F7018191B6
:10D0F000882321F08D3011F08A30C1F5E01AF10A51
:10D100006E147F0400F7AE01B401C8010E94F6FE60
:10D11000892BC9F6F801EC0FFD1F80818D3399F63C
:10D12000C095D095EC0EFD1EE414F50408F5B80189
:10D13000660D771DA701C6010F94FC03EC0CFD1CC6
:10D14000F701108281E0DF91CF911F910F91FF9045
:10D15000EF90DF90CF90BF90AF909F908F907F9097
:10D160006F905F904F9008958F01B3CF7F01BDCF37
:10D1700080E0E9CF7F928F929F92AF92BF92CF9241
:10D18000DF92EF92FF920F931F93CF93DF938C0167
:10D19000E62E942E242F41E00E943D55782E292D15
:10D1A00040E06E2DC8010E943D55882E6801E00EBA
:10D1B000F12EF11CA12CB12CD0E0EC14FD0429F0CF
:10D1C000F601C1916F01C1110CC0F801ED0FF11D05
:10D1D000DD23A1F18291803211F08E3279F5D150A8
:10D1E000F7CFCD3091F3781428F4EC2FF0E0EA5625
:10D1F000F44FC491C03211F0CE3211F4DD23E9F2C4
:10D20000692D8C2F0E941C55811116C0A110D5CFFD
:10D21000CFE5AA24A3948C2F8F7D81548A3120F0EE
:10D2200080ED8C0F8A3010F4BB24B394F801ED0F1D
:10D23000F11DC083DF5FC1CFA12CEDCFF801ED0F51
:10D24000F11D1082BB2029F0BB24B394D11101C081
:10D25000B12C8B2DDF91CF911F910F91FF90EF900B
:10D26000DF90CF90BF90AF909F908F907F90089568
:10D270008091E0149091E1148130910581F480E86F
:10D2800090E0A0E0B0E08093D5149093D614A093E2
:10D29000D714B093D81490E080E00C94F0D70297A4
:10D2A00031F48091E6049091E704892BA1F7089569
:10D2B000CF92DF92EF92FF920F931F93CF93DF9362
:10D2C000EC01162FE090E014F090E114E114F10469
:10D2D00031F001978115944020F00E94386980E078
:10D2E0002CC06111FCCFC090C714D090C814C114D9
:10D2F000D10461F54091CE14442309F4B0C2809169
:10D30000CD148C171D0611F008F0A9C24C171D068C
:10D3100008F4A5C28091CB149091CC148F3F98074C
:10D3200029F001969093CC148093CB1481E0209146
:10D33000B9143091BA14232B91F2DF91CF911F9140
:10D340000F91FF90EF90DF90CF90089587EC94E1DC
:10D35000892B61F385E0C816D10409F0F6C0CE012F
:10D360000E9438D82091CB143091CC1481111CC06C
:10D370002F3F310509F030F42F5F3F4F3093CC142D
:10D380002093CB148091CB149091CC1481159140B3
:10D3900069F684E090E09093C8148093C7141092CB
:10D3A000CC141092CB14C2CF20383105C0F3CE017B
:10D3B0000E94F0D7BBCF8D3C910508F072C0C032FF
:10D3C000D10508F09CC0E82F5C2F550F550F550F65
:10D3D000252F281B581710F4282F251BBC017595E5
:10D3E000679575956795683008F468E0621708F4EA
:10D3F00086C030E05E1708F44BC02C5F3F4FA3E0BF
:10D4000036952795AA95E1F7820F90E09093CA147C
:10D410008093C9140F3F100731F00F5F1F4F109317
:10D42000CC140093CB148091CB149091CC14811523
:10D43000914009F07BCF8091C9149091CA149C014E
:10D44000215031092C3C310508F070CF582F9C0138
:10D450003595279535952795283008F428E0251728
:10D4600010F4482F421B50E0495F5F4F73E0569520
:10D4700047957A95E1F74093CD14280F822F90E0DD
:10D48000E3E095958795EA95E1F78093CE144ECF2A
:10D490002D5F3F4FF3E036952795FA95E1F7821B14
:10D4A000B4CFBE01E3E0660F771FEA95E1F79B0179
:10D4B000281B390B6817790718F49C01261B370BBA
:10D4C000FC01F695E795F695E795E217F307B8F0B6
:10D4D0006817790750F02C5F3F4FB3E036952795DA
:10D4E000BA95E1F7820F931F91CF2D5F3F4FA3E0D5
:10D4F00036952795AA95E1F7821B930B87CFCE012E
:10D500000E9438D80031110508F451CF813009F05C
:10D510004ECF21E030E03093C8142093C71480939D
:10D52000CD141092CE14EA94EF2829F01092DA1458
:10D530001092D914FBCE63E0CC0FDD1F6A95E1F7A2
:10D54000D093DA14C093D914A0CFCE010E9438D85A
:10D5500087FD2DCF91E0C916D10409F066C09091E6
:10D56000CD14813009F045C09F3F19F09F5F909323
:10D57000CD14EA94EF2809F0D9CE2091CE142031B1
:10D5800008F0D4CE53E0CC0FDD1F5A95E1F72111FE
:10D5900006C0D093DA14C093D91481E076CF80917D
:10D5A000D9149091DA14C817D90790F0C81BD90B79
:10D5B000249643E0D695C7954A95E1F7C80FD91F41
:10D5C000D093DA14C093D9142F5F2093CE14AECE2B
:10D5D000AC014D5F5F4F4C1B5D0B33E0569547959B
:10D5E0003A95E1F7841B950B9093DA148093D91444
:10D5F000EBCF9C50953208F0DACE8091D9149091FF
:10D60000DA149093DF148093DE141092DA141092DF
:10D61000D9141092CE1482E090E09093C8148093B5
:10D62000C71481E08093CD1481CE62E0C616D10488
:10D63000B1F49091CD14811107C09F3F09F476CECB
:10D640009F5F9093CD1472CE9C50953208F0AFCE70
:10D6500083E090E09093C8148093C7149ECF93E02A
:10D66000C916D10491F4813009F0A1CE8091CE1475
:10D670008F5F8093CE14823009F058CE84E090E022
:10D680009093C8148093C71451CE2091CF142830A2
:10D6900050F49091D014990F892B8093D0142F5F60
:10D6A0002093CF1443CE813019F090E080E080CEFB
:10D6B0006091D0142091D1143091D2144091D314A0
:10D6C0005091D4148091D5149091D614A091D71470
:10D6D000B091D814281739074A075B0708F078C0BB
:10D6E000E091D914F091DA14962F992329F0892F1B
:10D6F0008170180F9695F9CFE10FF11DF093DA14B0
:10D70000E093D914EA94EF2809F05DC0E22FF0E02D
:10D71000EC5CFB4F60838091D1149091D214A09166
:10D72000D314B091D4140196A11DB11D8093D114CE
:10D730009093D214A093D314B093D4142091D51401
:10D740003091D6144091D7145091D81469017A01C0
:10D7500062E0C60ED11CE11CF11C8C159D05AE05C6
:10D76000BF0561F56091DB147091DC148091D914D0
:10D770009091DA14E091E014F091E114319709F0FE
:10D780005EC06817790769F584E394E09093E70435
:10D790008093E6048091C9149091CA149093BB04BD
:10D7A0008093BA041092E1141092E01420E030E06B
:10D7B000A90160E081E090E00E948DD81092D01421
:10D7C0001092CF14B3CD82E090E00E948DD8A3CF09
:10D7D00080E09091DB14862B9093DC148093DB1413
:10D7E0009ACF85E090E09093C8148093C71410926C
:10D7F000CC141092CB141092CD141092CE1410921F
:10D80000D1141092D2141092D3141092D41480E830
:10D8100090E0A0E0B0E08093D5149093D614A0934C
:10D82000D714B093D8141092DA141092D91410921D
:10D83000DC141092DB1481E08093DD14BFCF6817F5
:10D84000790751F483E090E060E00E948DD8109257
:10D85000E1141092E014B2CF84E090E0F5CF87ECB1
:10D8600094E1892B09F462CD8091C9149091CA1476
:10D87000009709F49CCD0091CB141091CC14442353
:10D8800009F499CD8091CD148C171D0611F008F084
:10D8900036CE4C171D0608F432CE0F3F100709F4A0
:10D8A00045CD0F5F1F4F1093CC140093CB143ECD8A
:10D8B0002091E6043091E704232B31F061157105C6
:10D8C00021E08207910528F01092E1141092E014F3
:10D8D000089522E030E03093E1142093E014109298
:10D8E000BA141092B9146093D5147093D61480931F
:10D8F000D7149093D81490E080E00C94F0D781E096
:10D9000090E09093E1148093E0141092E704109259
:10D91000E6041092BB041092BA041092DF14109225
:10D92000DE141092BA141092B91480E890E0A0E0CE
:10D93000B0E08093D5149093D614A093D714B093ED
:10D94000D81490E080E00C94F0D7FC01E55BFF4F29
:10D950002081223511F12B3119F1293221F525E0F1
:10D9600030E0FC01E45BFF4F4081413011F046376D
:10D97000D1F4DC01E8E5FDE085EB8F3020F09491F7
:10D980004C91491310C08F5F119631968F30A9F7D3
:10D99000FB013183208381E0089527E030E0E1CF6F
:10D9A00024E030E0DECF80E00895FC01218D2D34AD
:10D9B000D1F02131D9F02631E1F02032E9F423E031
:10D9C00030E0DC019096E2EBFDE088965D914491B9
:10D9D000541312C03196A817B907C1F7FB01318360
:10D9E000208381E0089526E030E0EBCF21E030E0B5
:10D9F000E8CF22E030E0E5CF80E00895CF93DF93D9
:10DA0000DC01892B59F18C91813011F0863731F589
:10DA100052968D919C9153978A359105F9F45496BD
:10DA20008D919C9155978115944DC1F456968D9189
:10DA30009C9157978115944D89F4ED016896E4EA1D
:10DA4000F4E05F9699918491981308C03196CA17B3
:10DA5000DB07C1F781E0DF91CF91089580E0FBCF34
:10DA6000CF93DF93EC0161E97BE00E94F9558111CE
:10DA700047C06CE87BE0CE010E94F955811143C09C
:10DA800067E87BE0CE010E94F955882329F088E001
:10DA900090E0DF91CF91089563E87BE0CE010E9492
:10DAA000F9558111F4CF6EE77BE0CE010E94F95564
:10DAB0008111EDCF69E77BE0CE010E94F95581111C
:10DAC00025C064E77BE0CE010E94F955811121C099
:10DAD0006FE67BE0CE010E94F95581111DC06AE618
:10DAE0007BE0CE010E94F955811119C065E67BE00B
:10DAF000CE010E94F955811115C090E080E0C9CF98
:10DB000081E090E0C6CF82E090E0C3CF83E090E078
:10DB1000C0CF84E090E0BDCF85E090E0BACF86E052
:10DB200090E0B7CF87E090E0B4CF9C0181E0223055
:10DB3000310529F02830310511F080E0089508956D
:10DB40009C010197039730F081E02830310519F0EE
:10DB500080E0089581E008951F920F920FB60F9212
:10DB600011240BB60F921F932F933F934F935F9304
:10DB70006F937F938F939F93AF93BF93EF93FF9395
:10DB8000CF93DF931F921F92CDB7DEB710910301A1
:10DB900011708091750F90913304911781F010935B
:10DBA00033042091760F3091770F2F5F3F4F3093E2
:10DBB000770F2093760F8130D1F48093780F0F90F8
:10DBC0000F90DF91CF91FF91EF91BF91AF919F9116
:10DBD0008F917F916F915F914F913F912F911F9105
:10DBE0000F900BBE0F900FBE0F901F9018958330B3
:10DBF00031F78091FB04823011F78091BC03181734
:10DC0000F1F2CE0101960E94A229811106C00E9464
:10DC1000992884E08093FB04D2CF89819A810E9465
:10DC2000BC298823A1F31093BC03C9CF9FB7F894F4
:10DC3000ECE6F0E080818D7F8083E8E6F0E0808193
:10DC40008D7F808382E08BBB1092750F1092780FCE
:10DC50009FBF08958091030181708093330482E017
:10DC60008BBBECE6F0E0808182608083E8E6F0E048
:10DC70008081826080830895CF93CFB7F89410920B
:10DC8000780F83E08093750F0E942A6ECFBFCF91EB
:10DC9000089560E08FE00E9452DC60E08FE00E9417
:10DCA00017DB62E080E10E9452DC61E082E00E94CA
:10DCB00052DC61E082E10E9452DC61E083E10E947B
:10DCC00052DC10922C1581E08093130210923204E2
:10DCD00060E082E00E9417DB61E082E10E9417DBD6
:10DCE00060E083E10E9417DB9FB7F89410929000E8
:10DCF00088E08093910010929500109294002FEF8D
:10DD00003FEF3093990020939800E1E7F0E08081A5
:10DD10008D7F808382E088BB9FBF10928D0310921D
:10DD20008C0310928B0310928A0310928903109235
:10DD30008803109287031092860310928503109235
:10DD4000840310928E0308959FB7F89480918E03F8
:10DD50009FBF90E008959FB7F8942091510E809155
:10DD60003104213019F48DBB9FBF08958FBF0895F2
:10DD7000CF93DF93CDB7DEB7AF970FB6F894DEBF82
:10DD80000FBECDBFAC01892B61F18091440D88237A
:10DD900079F06091CD177091CE176115710589F0FA
:10DDA00019821A821B8220E0CE0101960E942E9BCE
:10DDB000AF960FB6F894DEBF0FBECDBFDF91CF9107
:10DDC00008956091CF177091D0176115710549F0D2
:10DDD0001DA61EA61FA620E0CE0101960E9411AE30
:10DDE000E7CF80E0E5CFCF92DF92EF92FF920E94E3
:10DDF000ACDD6B018091300480FD08C00E94F956B3
:10DE000080E0FF90EF90DF90CF90089580912E04F6
:10DE100090912F049601281B390B2A30310580F38D
:10DE2000D0922F04C0922E040E94E7D69C0161E09C
:10DE3000892B09F060E09091300491FB882780F9EC
:10DE4000861308C084E00E94EB55D0922D04C09246
:10DE50002C04D6CF92FB882780F98613F3CF40910C
:10DE60002C0450912D04C41AD50A82E3C816D1049B
:10DE700038F2232B49F49F7E98609093300482E01F
:10DE80000E94EB5581E0BDCF977F9061F6CF0E9455
:10DE9000F36E809130048295817008950E94F36E34
:10DEA0008091300483FF05C0877F8093300481E038
:10DEB000089580E0089510922B0410922A04109285
:10DEC00029040895FC011382128288EE93E0A0E0F9
:10DED000B0E084839583A683B78315AE14AE17AEE6
:10DEE00016AE84E193E0918380830895DF92EF92F0
:10DEF000FF920F931F93CF93DF930091E214109141
:10DF0000E3140115110549F480E0DF91CF911F91D1
:10DF10000F91FF90EF90DF900895D42E7B01EC01DC
:10DF20000E949CE3F801E05AFD4F60817181611508
:10DF3000710589F0188219821A82D9ABC8AB2D2DD0
:10DF4000A701CE010E942E9B882311F081E0DDCF36
:10DF500019AA18AADACFF801EE59FD4F6081718134
:10DF60006115710589F21CA61DA61EA6DBABCAAB06
:10DF70002D2DA701CE010E9411AE8111E7CF1BAA62
:10DF80001AAAC3CFFC0180A991A9892B39F481E099
:10DF900022A933A9232B19F480E0089581E0089584
:10DFA00089E395E10E94C26F882321F089E395E11E
:10DFB0000C949CE308959093320280933102109266
:10DFC0002E050C94D06F8F929F92AF92BF92CF92FA
:10DFD000DF92EF92FF92CF93DF9389E395E10E9466
:10DFE000C26F882359F1E0916915F0916A15309755
:10DFF00099F080899189A289B3894C015D01C5019D
:10E00000B401DF91CF91FF90EF90DF90CF90BF9060
:10E01000AF909F908F90089520916B1530916C1563
:10E020002115310531F0F90180809180A280B38003
:10E03000E6CF812C912CA12CB12CE1CF60E070E0D7
:10E04000CB01DFCF8F929F92AF92BF92CF92DF92A0
:10E05000EF92FF92CF93DF9389E395E10E94C26F25
:10E06000882359F1E0916915F0916A15309799F07C
:10E07000808D918DA28DB38D4C015D01C501B401E0
:10E08000DF91CF91FF90EF90DF90CF90BF90AF9056
:10E090009F908F90089520916B1530916C152115EC
:10E0A000310531F0F90180849184A284B384E6CFF4
:10E0B000812C912CA12CB12CE1CF60E070E0CB0140
:10E0C000DFCFCF93C091440DCC2321F189E395E1BB
:10E0D0000E94C26F8823F9F0E0916915F0916A15EA
:10E0E000309761F00680F781E02D80819181FC01FD
:10E0F00025852130A9F0CF910C940ADFE0916B15B2
:10E10000F0916C15309751F000A0F1A1E02DE45D85
:10E11000FD4FEBCFC1E08C2FCF910895C82FFBCFDF
:10E12000C0E0F9CFDC01D096ED91FC91D19730970A
:10E1300039F09081907D81E0911101C080E00895D7
:10E14000D296ED91FC913097C9F394A59075F3CFD9
:10E150008EBD00000DB407FEFDCF8EB50895209151
:10E16000510E222361F02FB7F8943091510E3130C7
:10E1700049F43DB3309331043DB33DBB2FBF8CBD5B
:10E180009DBD089520933104FACF5B9A81E080937E
:10E190001302089580FF05C0749A81E080932C15C6
:10E1A0000895749810922C150895CF938091B40F10
:10E1B00081110CC084E991E10E94646383EF9FE0C8
:10E1C0000E9477D9C0E08C2FCF910895C091B50FF0
:10E1D000C111F9CF8091BB0F9091BC0F04970297AA
:10E1E000B0F50E94C57081E00E94CA706091E60F90
:10E1F0007091E70F8091E80F9091E90FE09146024E
:10E20000F09147021995C82F811103C08CE891E164
:10E21000D3CF1092EA0F1092EB0F1092EC0F1092E6
:10E22000ED0F1092B60F1092B70F1092EE0F1092E2
:10E23000EF0F1092F00F1092F10F84E090E09093A6
:10E24000BA0F8093B90F81E08093B50FBCCF609176
:10E25000E60F7091E70F8091E80F9091E90FE09140
:10E260004602F09147021995C82F84E891E1CC232A
:10E2700009F4A2CF1092EA0F1092EB0F1092EC0F5C
:10E280001092ED0F1092B60F1092B70F1092EE0F82
:10E290001092EF0F1092F00F1092F10F81E0809327
:10E2A000B50F0E94C5708091BB0F9091BC0F039772
:10E2B000A1F480E00E94CA700E94ACDD6093EE0F72
:10E2C0007093EF0F8093F00F9093F10F81E090E047
:10E2D0009093BA0F8093B90F76CF81E0EBCF982F50
:10E2E0008091690E811105C081E019162CF080E043
:10E2F00003C081E01916DCF30C94CA708091000110
:10E3000086958170089580931302682F82E10C94A2
:10E3100017DB0E944BDB0E94D06F81E080934302A9
:10E3200010926B0E10926F0E10926E0E10926D0E78
:10E3300010926C0E1092680E1092670E1092660E7C
:10E340001092650E1092640E1092630E10925F0E82
:10E350001092600E1092610E1092620E10925B0E7F
:10E3600010925C0E10925D0E10925E0E0C948371F2
:10E37000882329F0109A81E08093520E0895109816
:10E3800080E0FACF1F93CF93DF9300D01F92CDB7D9
:10E39000DEB71FB7F894BE016D5F7F4FCE010196C7
:10E3A0000E941636882309F456C029813A818B8150
:10E3B0009C81820F931F8230910510F482E090E0DF
:10E3C0002115310511F421E030E030934B02209308
:10E3D0004A0221E030E03093490220934802109233
:10E3E000760E2093780E1092770E1092730E209175
:10E3F00071002A7F2093710010929000109291007A
:10E400000197909399008093980080914A0290918F
:10E410004B0290939B0080939A008091980090917A
:10E420009900909395008093940085E088BB80E0EC
:10E430000E94CA7082E08093181281E00E94B87135
:10E4400083E38093900080917100846080937100D9
:10E4500089E1809391001FBF80910612823061F4A0
:10E460008091810E91E089270F900F900F900F906F
:10E47000DF91CF911F91089580E0F6CFCF930E9456
:10E48000DB62C82F8823F1F08091820E9091830E79
:10E490000397C1F48091820390918303892B91F4B7
:10E4A00080917C0E81110CC00E9445DB81E080933D
:10E4B0007C0E0E94ACDD70937B0E60937A0E8C2FE5
:10E4C000CF910895CF910C94C271909171009A7F71
:10E4D00090937100109290001092910095E098BB7B
:10E4E00090911812923011F4109218121092780E26
:10E4F0001092770E1092760E0E94CA7080E00C94F3
:10E50000B871809171008B7F8093710010929000A0
:10E510001092910084E088BB80911812813011F430
:10E520001092181280E00C94B8711F93CF93DF9370
:10E530001FB7F8941092850010928400809109050D
:10E5400090910A050197909389008093880010921A
:10E550008000C1E8D0E088E0888382E086BB8093B9
:10E56000FF0481E00E94B871EFE6F0E080818260F4
:10E57000808389E088831FBF81E0DF91CF911F9165
:10E5800008951F920F920FB60F9211240BB60F929F
:10E590002F933F934F935F936F937F938F939F93AB
:10E5A000AF93BF93EF93FF938091FF04823001F10B
:10E5B00080916F008D7F80936F001092810086E0C4
:10E5C0008093FF0480E00E94B871FF91EF91BF91AA
:10E5D000AF919F918F917F916F915F914F913F91FB
:10E5E0002F910F900BBE0F900FBE0F901F9018959C
:10E5F0008091030180FF0DC0909103058091040577
:10E6000021E030E001C0220F9A95EAF7822B809337
:10E610000405809103058F5F8093030580910305B6
:10E62000883041F52091040580910D0590910E05EB
:10E6300040910F0550911005BC01641B750BAB0197
:10E640004F3F574048F080916F008D7F80936F005F
:10E650001092810084E0B4CFFC01F770E15DFA4FC5
:10E660002083019690930E0580930D05109204056A
:10E67000109203052091090530910A058091050546
:10E68000909106054091070550910805840F951F4C
:10E6900040910B0550910C058417950720F0841BC1
:10E6A000950B2F5F3F4F90930605809305052150F2
:10E6B0003109309389002093880087CFCF93CFB75B
:10E6C000F89480916F008D7F80936F00109281008D
:10E6D0001092800082E086BB909104058091030532
:10E6E0001092040510920305882339F090930205D7
:10E6F0008093010581E0809300058091FF048430C0
:10E7000011F01092FF0480E00E94B871CFBFCF914A
:10E7100008951F920F920FB60F9211240BB60F920D
:10E720002F933F934F935F936F937F938F939F9319
:10E73000AF93BF93EF93FF9380918E03823029F1C3
:10E74000809171008D7F8093710088E080939100AB
:10E750001092900082E088BB80E00E94B87187E050
:10E7600080938E03FF91EF91BF91AF919F918F9115
:10E770007F916F915F914F913F912F910F900BBEC1
:10E780000F900FBE0F901F901895809184038111F8
:10E790001FC080911105909112052091300D30918C
:10E7A000310D8217930709F44EC0FC01F770E15D4B
:10E7B000FA4F408140938503409135020196411103
:10E7C00037C0909312058093110588E080938403ED
:10E7D00080918503282F30E0359527952093850378
:10E7E0009091840391509093840381700E94CA7029
:10E7F00020918A0330918B03809186039091870347
:10E800004091880350918903840F951F40918C0398
:10E8100050918D0384179507D8F5909387038093C3
:10E8200086032150310930939900209398009ACFA4
:10E830002817390731F68091300230931205209362
:10E8400011058111C3CF809171008D7F809371007C
:10E8500088E0809391001092900082E088BB80E075
:10E860000E94B87180E00E94CA70809135028823AE
:10E8700069F020911105309112058091300D909131
:10E88000310D2817390711F484E06ACF85E068CF8D
:10E89000841B950B2F5F3F4FC0CFCF93CFB7F8941A
:10E8A000109295001092940082E088BB1092900024
:10E8B00080938E0381E00E94B871E1E7F0E08081EF
:10E8C0008260808389E080939100CFBFCF910895CB
:10E8D00080E00C94B8712FB7F894909171009A7FF2
:10E8E00090937100109290001092910095E098BB67
:10E8F00090911812923011F4109218121092780E12
:10E900001092770E1092760E2FBF81110E9445DB78
:10E910000C9468749FB7F894EFE6F0E080818D7FE7
:10E920008083109281001092800082E086BB9FBF9E
:10E930000C9468742FB7F894909171009D7F909318
:10E94000710098E0909391001092900092E098BB33
:10E950002FBF81110E9445DB0C94687481E00E94F6
:10E960009A748FB7F89410928E03109285031092C8
:10E9700084038FBF0895CF92DF92FF920F931F936E
:10E98000CF93DF9300D000D01F921F92CDB7DEB798
:10E99000853608F084E628E0829FC0011124C296E3
:10E9A00064E670E00F943C02F62E809136028617E2
:10E9B00011F18E010F5F1F4FF80180E098E0961B68
:10E9C00020E0891708F02FE121938F5F8830C1F78D
:10E9D00088E40E94F9DB680188E0C80ED11CF801C8
:10E9E00061918F0183EE97E10E944CDCC016D10645
:10E9F000B1F7F092360228960FB6F894DEBF0FBE3C
:10EA0000CDBFDF91CF911F910F91FF90DF90CF90FD
:10EA100008950C94FFDB80914A0F882351F0609198
:10EA2000400F80E09FE00E9403CB811102C00E9452
:10EA300052CD1092950F1092940F0C9409750F936C
:10EA40001F93CF93DF93CDB7DEB72C970FB6F89413
:10EA5000DEBF0FBECDBFFC0100811181011584E036
:10EA6000180708F04EC0A281B381A11584E0B80751
:10EA700008F047C064817581611584E0780708F06B
:10EA800040C046815781411584E05807D0F5208564
:10EA90003185211584E03807A0F58285938581159D
:10EAA000E4E09E0770F51A830983BC83AB837E8301
:10EAB0006D8358874F833A8729879C878B87FE0110
:10EAC000319620E02F5FBF016E5F7F4FDB01322F59
:10EAD000363079F08D919D91408151818417950751
:10EAE00068F48A01081B190BC801449750F03F5F76
:10EAF000EFCFFB01263031F781E004C0841B950B7A
:10EB0000F4CF80E02C960FB6F894DEBF0FBECDBFD9
:10EB1000DF91CF911F910F910895809127049091DB
:10EB200028040197029750F40E94ACDD70932604EC
:10EB300060932504709324046093230408950E9435
:10EB4000C4D69C01409137025091380248175907AA
:10EB500008F05AC0BC01641B750BAB0180913F02E9
:10EB6000909140028217930708F051C0F901E81B09
:10EB7000F90BCF018417950708F04CC0AC0184E075
:10EB800090E06091390270913A026217730708F0C1
:10EB900044C0F901E61BF70BBF016417750718F4B1
:10EBA000AB0181E090E060913B0270913C02621702
:10EBB0007307B0F5F901E61BF70BBF016417750782
:10EBC00018F4AB0182E090E060913D0270913E024A
:10EBD0006217730740F5F901E61BF70BBF016417D5
:10EBE000750718F4AB0183E090E0609141027091E9
:10EBF000420262177307D0F4261B370B2417350720
:10EC000010F485E090E00895481B590BA7CF821BB4
:10EC1000930BB0CF90E080E0B4CF621B730BBDCFFD
:10EC2000621B730BCBCF621B730BD9CFFB01E21BB3
:10EC3000F30B9F01E3CF1092280410922704109247
:10EC4000260410922504109224041092230410929A
:10EC500022041092210408950E949F750397C1F425
:10EC60008091940F9091950F892B19F481E08093F6
:10EC7000720F81E08093B4041092580E1092570ED8
:10EC80001092560E1092550E0E941B7681E0089548
:10EC900080E00895CF92DF92EF92FF92CF93DF93BF
:10ECA0000E94ACDD6B010E949F752091B404222369
:10ECB000E9F0892B51F0D0E0C0E0CE01DF91CF9197
:10ECC000FF90EF90DF90CF9008951092B4041092CF
:10ECD000580E1092570E1092560E1092550ED0925A
:10ECE000540EC092530E0E941B76E5CF2091570E12
:10ECF0003091580E2817390741F09093580E8093A1
:10ED0000570ED092540EC092530E2091530E309154
:10ED1000540EA601421B530B4431510508F445C063
:10ED20002091550E3091560E28173907F1F1909326
:10ED3000560E8093550E2115310509F50097A9F15E
:10ED40009093280480932704D0922604C09225042F
:10ED5000D0922404C0922304109222041092210421
:10ED60009C01215031092230310508F0A4CFC1E0C7
:10ED7000D0E0029709F0A1CFC3E0D0E09ECF00978A
:10ED8000F9F6235031092330310560F480912204D3
:10ED9000811108C0265F3C4FF901C081D0E00E947C
:10EDA0001B768BCFD0E0C0E0FACF209127043091C2
:10EDB00028042115310509F47ECF4091550E50915C
:10EDC000560E2417350709F076CF4091250450914F
:10EDD0002604B601641B750BAB01B90161507109C2
:10EDE0006230710540F52817390729F56091210433
:10EDF000611117C04C3B72E05707E8F021E0209307
:10EE00002104D0922404C0922304C2E0D0E08130D7
:10EE1000910509F452CFC4E0D0E0029709F44DCF38
:10EE20004ACF6091230470912404F601E61BF70B8E
:10EE3000E837F10530F7235031092330310508F068
:10EE40003ACF80912204811136CF4C3B524008F4D6
:10EE500032CF81E080932204235F3C4FF901C081CF
:10EE6000D0E02BCFCF93DF93EC01019791F40E9478
:10EE700068740E9445DB81E00E94837161E087E154
:10EE80000E9417DBD093920FC093910FDF91CF9127
:10EE90000895D0E0C0E060E0F2CFFC01680F791F78
:10EEA00090E080E02191820F911DE617F707D1F7DE
:10EEB0000895AF92BF92CF92DF92EF92FF920F939D
:10EEC0001F93CF93DF93CDB7DEB72C970FB6F8948F
:10EED000DEBF0FBECDBF5C01CE0101967C018CE090
:10EEE000F70111928A95E9F7670100E410E0C80183
:10EEF0000F941A02F60181936F010F5F1F4F0C34BC
:10EF00001105A9F789819A81AB81BC818935934527
:10EF1000A444B34549F58D819E81019729F50B8560
:10EF20001C856AE070E0C7010E944D770817190739
:10EF3000D9F48F819885A985BA85F501808391835D
:10EF4000A283B38381E02C960FB6F894DEBF0FBE88
:10EF5000CDBFDF91CF911F910F91FF90EF90DF9088
:10EF6000CF90BF90AF90089580E0EDCFAF92BF9269
:10EF7000CF92DF92EF92FF920F931F93CF93DF9385
:10EF8000CDB7DEB72C970FB6F894DEBF0FBECDBF5E
:10EF90005C01CE0101967C018CE0F70111928A950B
:10EFA000E9F7670100E310E0C8010F941A02F601C7
:10EFB00081936F010F5F1F4F0C331105A9F78981F2
:10EFC0009A81AB81BC8183349245A444B34549F511
:10EFD0008D819E81019729F50B851C856AE070E083
:10EFE000C7010E944D7708171907D9F48F819885BA
:10EFF000A985BA85F50180839183A283B38381E0DB
:10F000002C960FB6F894DEBF0FBECDBFDF91CF9127
:10F010001F910F91FF90EF90DF90CF90BF90AF9036
:10F02000089580E0EDCFAF92BF92CF92DF92EF9242
:10F03000FF920F931F93CF93DF93CDB7DEB72E9739
:10F040000FB6F894DEBF0FBECDBF5C01CE010196B6
:10F050007C018EE0F70111928A95E9F7670100E2E1
:10F0600010E0C8010F941A02F60181936F010F5F3F
:10F070001F4F0E321105A9F789819A81AB81BC819E
:10F080008C349045A444B34541F58D819E81019710
:10F0900021F50D851E856CE070E0C7010E944D775B
:10F0A00008171907D1F486E0FE013796D5010190C3
:10F0B0000D928A95E1F781E02E960FB6F894DEBFA7
:10F0C0000FBECDBFDF91CF911F910F91FF90EF90B9
:10F0D000DF90CF90BF90AF90089580E0EDCFAF92DA
:10F0E000BF92CF92DF92EF92FF920F931F93CF9335
:10F0F000DF93CDB7DEB764970FB6F894DEBF0FBECF
:10F10000CDBF5C01CE0101967C0184E1F701119233
:10F110008A95E9F7670110E000E0C8010F941A0230
:10F12000F60181936F010F5F1F4F04311105A9F79D
:10F1300089819A81AB81BC818B349243A444B345CD
:10F1400041F58D819E81029721F50B891C8962E131
:10F1500070E0C7010E944D7708171907D1F48CE0C1
:10F16000FE013796D50101900D928A95E1F781E075
:10F1700064960FB6F894DEBF0FBECDBFDF91CF917E
:10F180001F910F91FF90EF90DF90CF90BF90AF90C5
:10F19000089580E0EDCFFF920F931F93CF93DF93FD
:10F1A000EC01F62E08811981C8010F941A02F81695
:10F1B00021F06F2DC8010F942202CE01DF91CF9173
:10F1C0001F910F91FF9008958A3060F08536E0F02E
:10F1D00084E6809359028091B0008F738093B000D1
:10F1E0002C9A08958AE0809359022FEF829FC001E4
:10F1F0001124C29664E670E00F943C026093B30061
:10F2000083E88093B000089580935902843619F3FF
:10F21000ECCF1F920F920FB60F9211240BB60F92E4
:10F220002F933F934F935F936F937F938F939F930E
:10F23000AF93BF93CF93EF93FF93809118128230D7
:10F2400009F45FC0833009F48DC0813009F0AFC18B
:10F2500080916B0E8230B1F00E948172FF91EF912C
:10F26000CF91BF91AF919F918F917F916F915F915E
:10F270004F913F912F910F900BBE0F900FBE0F90AB
:10F280001F9018958091670E9091680E009739F045
:10F290001092680E1092670E0E941C2EDFCF2091F4
:10F2A0006E0E30916F0E80916C0E90916D0E28173E
:10F2B000390791F0F901F770E15DFA4FC0818C2FA9
:10F2C0002F5F3F4F30936F0E20936E0EC11113C00E
:10F2D0008FE70E94BD67E0CF0E94817280E00E94AC
:10F2E000CA7080914302882321F084E080936B0EE2
:10F2F000B5CF85E0FBCFC7FDC1950E946F718C2F04
:10F30000E8CF80910612823009F0A8CF0E946B39B5
:10F310008091780E882301F1C1E0C8BB1092780E6D
:10F320000E94145D882331F0809171008160809388
:10F33000710094CF8091730E882351F0C093770EA3
:10F34000809171008560809371000E94115586CF75
:10F3500080E00E94657282CF8091770E882309F445
:10F360007DCFF3CF8091BB03823019F00E946E2EC7
:10F3700075CFE091B603E150E83008F0B1C0F0E09D
:10F380008827EA53F6488F4F0D947202CE79D979C7
:10F39000FF790A7A1D7A287A737AAF7A81E00E941F
:10F3A000CA7082E08093B6038091990390919A038A
:10F3B00023C080911B0290911C020E948F2E80918D
:10F3C000A3039091A403009729F001979093A403BD
:10F3D0008093A30380E00E94CA708091A303909160
:10F3E000A403892B11F081E0DDCF83E08093B60385
:10F3F00080919B0390919C030E941C2E2FCF81E053
:10F400000E94CA7084E08093B60380919D0390911E
:10F410009E03F2CF8091190290911A020E948F2EC2
:10F4200080E00E94CA700E940C2E90931E0280936E
:10F430001D0225E02093B603DFCF81E00E94CA7051
:10F4400086E08093B60380911D0290911E02D4CF76
:10F4500080911702909118020E948F2E80912702AE
:10F4600090E09595879580932702892BC9F6809126
:10F47000AA039091AB0301969093AB038093AA03E8
:10F480002091AC033091AD038217930728F080E000
:10F490000E94CA7087E086CF8091B9039091BA0329
:10F4A00029EA33E0232BB9F02091B7033091B80358
:10F4B0008217930781F0FC01F770E15DFA4F20811C
:10F4C0002093A90301969093BA038093B90380E82F
:10F4D00080932702A5CF80912802882309F44DC08C
:10F4E00087E090E04CC080911502909116020E9436
:10F4F0008F2E80911F02882359F00E946E2E80E08B
:10F500000E94CA701092B60384E08093BB03A6CE1B
:10F5100080E00E94B87181E08093B5031092B4033B
:10F520008091A503811112C08DE590E09093B30303
:10F530008093B20380E29EE49093B1038093B00382
:10F5400088E08093B6030E942B2E88CE8AE091E05B
:10F550009093B3038093B20380E49CE9EDCF809154
:10F56000AE039091AF030E948F2E0E942B2E81112B
:10F5700075CE8091B403811105C085E090E00E94B2
:10F58000822E6CCE409120026091A6038091A70349
:10F590009091A8030E94EA2D1092B4031092B50333
:10F5A00081E00E94B87180E00E94CA701CCF8091F7
:10F5B00071008B7F8093710084E088BB4FCE8F3FBA
:10F5C00051F461E37DE080E00E9462B265E27DE09B
:10F5D00081E00C9462B20C945CB5DF92EF92FF92E2
:10F5E0000F931F93CF93DF93EB018C01FE01D49017
:10F5F000F801F1908F018F2D0E9482A0E82E8D2DB1
:10F600000E9482A0E81204C0FF2059F02196EECF9C
:10F6100080E0DF91CF911F910F91FF90EF90DF90ED
:10F62000089581E0F6CFDF92EF92FF920F931F9340
:10F63000CF93DF937C018B01EA016FEE7CE00E94A7
:10F64000ED7AD82E82E090E0D11040C066EE7CE0EA
:10F65000C7010E94ED7AD82E83E090E0D11036C029
:10F660006DED7CE0C7010E94ED7A882371F024E003
:10F6700030E039832883D82E8D2DDF91CF911F91D3
:10F680000F91FF90EF90DF900895F8018081811134
:10F6900002C0D12CF1CF66ED7CE0C7010E94ED7A6B
:10F6A000D82E882351F162ED7CE0C8010E940CFF46
:10F6B000892B19F419821882DFCF6EEC7CE0C80127
:10F6C0000E940CFF892B29F48BE090E099838883BA
:10F6D000D3CF6AEC7CE0C8010E940CFF892B19F49F
:10F6E0008CE090E0F3CF66EC7CE0C8010E940CFF58
:10F6F000892B79F68EE090E0E9CF60EC7CE0C701E1
:10F700000E94ED7AD82E8823A9F06CEB7CE0C8012A
:10F710000E940CFF892B19F48DE090E0D7CF68EBA5
:10F720007CE0C8010E940CFF892B09F0B2CF85E074
:10F7300090E0CCCF65EB7CE0C7010E94ED7AD82E3B
:10F74000882349F161EB7CE0C8010E940CFF892B02
:10F7500019F48FE090E0BACF6DEA7CE0C8010E9416
:10F760000CFF892B19F486E090E0B0CF69EA7CE0C9
:10F77000C8010E940CFF892B19F487E090E0A6CF06
:10F7800065EA7CE0C8010E940CFF892B09F081CF5B
:10F7900088E090E09BCF62EA7CE0C7010E94ED7AAE
:10F7A000D82E882309F475CF6EE97CE0C8010E9449
:10F7B0000CFF892B19F480E190E088CF6AE97CE0A6
:10F7C000C8010E940CFF892B19F489E090E07ECFDC
:10F7D00066E97CE0C8010E940CFF892B09F059CF33
:10F7E0008AE090E073CFAF92BF92CF92DF92EF9218
:10F7F000FF920F931F93CF93DF93FB01E05CFF4FCA
:10F800002081FC01E05CFF4F3081332321F0211186
:10F8100004C08FEF2FC0211118C08B01EC016C01C7
:10F820005B01F60181916F01F501F1905F01882381
:10F8300071F0FF2051F00E9482A0E82E8F2D0E94CF
:10F8400082A0E81630F38E1560F781E013C0F11046
:10F85000E0CFCA5BDF4F48815981F801EA5BFF4F77
:10F860002081318142175307A0F281E02417350728
:10F8700008F080E0DF91CF911F910F91FF90EF9002
:10F88000DF90CF90BF90AF9008950F931F93CF93C9
:10F89000DF93FC01E05CFF4FC081C11131C03196A4
:10F8A000C081C1112DC0DC010D900020E9F7119736
:10F8B000A81BB90BA430B10548F18C010A0F1B1F1E
:10F8C000F801349780818E3209F5319680810E944B
:10F8D00082A08D34D9F4F801329780810E9482A0F1
:10F8E000D82FF801319780810E9482A0893471F469
:10F8F000D63431F0D43521F0C1E0DA3509F4C0E076
:10F900008C2FDF91CF911F910F910895C1E0F8CF17
:10F91000CF93C62FAC0161E170E087E092E10E94D5
:10F92000A1B0C093061280E0CF910C94CA70CF931F
:10F93000C62FAC0161E170E087E092E10E94A1B0C6
:10F94000C09306128091041290910512089739F421
:10F9500081E00E946B7481E0CF910C948371CF9110
:10F96000089520919403211102C00C94977C08956E
:10F970008F929F92AF92BF92CF92DF92EF92FF92BF
:10F980000F931F93CF93DF93E091B10FE11106C066
:10F99000E0916E03C0919403EE2321F169017A0195
:10F9A0004B015C01E091F80EF091F90E309741F1B6
:10F9B0001995D82F882321F180916E03811126C0DB
:10F9C00081E0809394031092B10F10926E03C09166
:10F9D0007A03C11107C067E070E083E79FE00E94EF
:10F9E000977CCD2F8C2FDF91CF911F910F91FF909E
:10F9F000EF90DF90CF90BF90AF909F908F90089541
:10FA0000C0916E03CC2331F0C0E0ECCF81E0809355
:10FA10007A03D6CF80E0C114D104E104F104A9F047
:10FA2000C501B40124E630E040E050E00F94F40258
:10FA3000922ED32F56016701E12CF12C00E010E04B
:10FA4000292D3D2F0F942103822FE091B20FF091C9
:10FA5000B30F309739F2909100029F3F21F09B5FE6
:10FA6000891708F4BFCF809300021995BBCFAF92DE
:10FA7000BF92CF92DF92EF92FF920F931F93CF939B
:10FA8000DF93CDB7DEB7AE970FB6F894DEBF0FBEEB
:10FA9000CDBF8B017E0123E2E20EF11CAC016CE0D4
:10FAA00070E0C7010E94A1B0FF92EF9289E19DE052
:10FAB0009F938F931F9281E18F93CE0101966C01EA
:10FAC0009F938F930E94B6AE0E940975B60180E0A5
:10FAD0000E9483AE6EE07DE081E00E9462B20FB6CC
:10FAE000F894DEBF0FBECDBF0E94C4D60817190719
:10FAF00058F4801B910B4E9760F464E170E080E055
:10FB000090E00E9454DDF0CF9801281B390BC90109
:10FB1000F2CF6AEF70E080E090E00E9454DD0E9436
:10FB200086DD5C01BF928F9386E09DE09F938F936B
:10FB30001F9281E18F936E0132E1C30ED11CDF92DF
:10FB4000CF920E94B6AEB70180E00E9483AEB601AC
:10FB500081E00E9483AE6CEB72E080E090E00E9456
:10FB600054DD6AEF7CE080E00E9462B262EF7CE0EC
:10FB700081E00E9462B20FB6F894DEBF0FBECDBF27
:10FB80000E94C4D60817190758F4801B910B45979B
:10FB900060F064E170E080E090E00E9454DDF0CF1E
:10FBA0009801281B390BC901F2CF68EC70E080E0A6
:10FBB00090E00E9454DDC501AE960FB6F894DEBF0A
:10FBC0000FBECDBFDF91CF911F910F91FF90EF90AE
:10FBD000DF90CF90BF90AF9008958F929F92AF9299
:10FBE000BF92CF92DF92EF92FF920F931F93CF932A
:10FBF000DF937C018B01EA0188E4DA011D928A958A
:10FC0000E9F76701BCE0CB0ED11CBA01C6010E9426
:10FC100005EAFE01EF5BFF4F21E0009709F020E0CD
:10FC200020831FAE892B39F44DE15AE060E470E087
:10FC3000CE010E94A1B0C6010E949270FE01E05C5C
:10FC4000FF4F8083D701DC96ED91FC91DD973097D3
:10FC5000E1F0808C918CA28CB38CFE01EE5BFF4FA7
:10FC600080829182A282B382CA5BDF4F19830883AC
:10FC7000DF91CF911F910F91FF90EF90DF90CF9088
:10FC8000BF90AF909F908F900895DE96ED91FC917C
:10FC9000309729F080849184A284B384DECF812CB4
:10FCA000912CA12CB12CD9CFAC0161E170E083E3A0
:10FCB0009DE00C94A1B08091330D811104C086E0C9
:10FCC0009AE00E94547E61E085E30E9452DC61E08C
:10FCD00085E30E9417DB62E083E00E9452DC8091A2
:10FCE000300480FF0C94F9560C94F36E0E94D06F90
:10FCF0001092440D0E945B6F0E94F36E809130045D
:10FD000084FD04C08CEE99E00C94547E8AEF99E057
:10FD1000FBCFEF92FF920F931F93CF93DF93CDB75B
:10FD2000DEB760970FB6F894DEBF0FBECDBF10915F
:10FD3000440D112309F442C08091D1179091D2173C
:10FD4000892B41F00E94F36E8091300484FF04C03F
:10FD50000E94767E10E032C0E090D117F090D2176A
:10FD600020E030E0A9016AE0C7010E9475DF882326
:10FD7000A1F08CE1F7018387C7010E94A5DE0E94F4
:10FD8000ACDD40912B04411127C021E020932B04CE
:10FD900070932A046093290411C040E150E0BE0131
:10FDA0006F5F7F4FC7010E94FAE0082F882321F37D
:10FDB000C7010E94A5DE0E945B6F102F812F609605
:10FDC0000FB6F894DEBF0FBECDBFDF91CF911F916C
:10FDD0000F91FF90EF9008952091290430912A040B
:10FDE000FB01E21BF30BE436F10540F370932A04A8
:10FDF000609329044F3F21F081E0840F80932B040E
:10FE000080912B048330D0F2A3CF8F929F92AF9238
:10FE1000BF92CF92DF92EF92FF920F931F93CF93F7
:10FE20004B015C018091440D882339F089E395E111
:10FE30000E94C26FC82F811110C00E94767EC0E060
:10FE40008C2FCF911F910F91FF90EF90DF90CF906B
:10FE5000BF90AF909F908F90089580916915909179
:10FE60006A15009781F0B501A4010E94F3E38111A6
:10FE700019C00E94897EC82F882311F38AE19BE074
:10FE80000E94547EDCCF80916B1590916C15009789
:10FE900081F38401950140E050E060E070E00E9451
:10FEA00034A1E5CF0E945B6FCBCF8F929F92AF9230
:10FEB000BF92CF92DF92EF92FF9220919A0E211182
:10FEC00031C040910412509105124830510501F59E
:10FED000C0909F0ED090A00EE090A10EF090A20EC8
:10FEE0006C157D058E059F05B0F14B015C018C18EA
:10FEF0009D08AE08BF08C0909B0ED0909C0EE0906D
:10FF00009D0EF0909E0EC814D904EA04FB0418F16B
:10FF1000FF90EF90DF90CF90BF90AF909F908F9029
:10FF20000C94057FC0909B0ED0909C0EE0909D0E8F
:10FF3000F0909E0EC616D706E806F906B0F060935C
:10FF4000880E7093890E80938A0E90938B0E109278
:10FF5000870E1092860E822FFF90EF90DF90CF9049
:10FF6000BF90AF909F908F90089520E0F4CF8F9234
:10FF70009F92AF92BF92EF92FF920F931F9320FF39
:10FF80000AC02F3FEFEF3E074E075E0769F12F5F74
:10FF90003F4F4F4F5F4F49015A0180949094A09476
:10FFA000B09486169706A806B906F0F049015A01E2
:10FFB000860E971EA81EB91EE814F9040A051B0533
:10FFC00098F00E942270681579058A059B0560F0FB
:10FFD000C501B4011F910F91FF90EF90BF90AF90BA
:10FFE0009F908F900C94057F80E01F910F91FF9060
:10FFF000EF90BF90AF909F908F9008950F931F93B5
:020000021000EC
:10000000CF93DF938C01EB01892B11F0209729F41A
:1000100085EE9AE00E94547E0CC08091440D8823A6
:1000200031F089E395E10E94C26F811105C00E9401
:10003000767EDFEFCFEF14C0AE01B80189E395E122
:100040000E941B578C179D0739F00E94897E8823D8
:1000500081F385ED9AE0DECFD82FC92F0E945B6F28
:100060008D2F9C2FDF91CF911F910F9108952F928B
:100070003F924F925F926F927F928F929F92AF9238
:10008000BF92CF92DF92EF92FF920F931F93CF9385
:10009000DF93EC018B01892B11F0672B29F48DEC98
:1000A0009AE00E94547E0CC08091440D882331F068
:1000B00089E395E10E94C26F811105C00E94767E9E
:1000C000CFEFDFEF38C0A801BE0189E395E10E94C0
:1000D0003E56EC0197FF07C00E94897E882381F37A
:1000E0008EEB9AE0DECF892B21F5E0916915F09136
:1000F0006A153097A1F180899189A289B3891C0181
:100100002D01612C712C4301808D918DA28DB38DB9
:100110005C016D01E12CF12C87019501A601B7016D
:10012000C80151016201730184010F94D20309F0E7
:1001300068F50E945B6FCE01DF91CF911F910F9107
:10014000FF90EF90DF90CF90BF90AF909F908F90F7
:100150007F906F905F904F903F902F900895E09127
:100160006B15F0916C15309721F32080318042801F
:1001700053806480758086809780A084B184C28417
:10018000D384E484F58406851785C7CF0E94897ED1
:10019000882309F495CF8FEA9AE083CF8F929F92BC
:1001A000AF92BF92CF92DF92EF92FF92CF93DF9305
:1001B000EC01892B61F480E0DF91CF91FF90EF900B
:1001C000DF90CF90BF90AF909F908F9008956091F7
:1001D0008F037091900380919103909192032091ED
:1001E000B70E3091B80E4091B90E5091BA0E621709
:1001F000730784079507F8F6E091860EF091870E55
:100200003097B9F0C090B604D090B704E090B8042D
:10021000F090B9046C157D058E059F0550F0CE0E4B
:10022000DF1EE11CF11C6C157D058E059F0508F491
:100230003FC00E94B87C8111BECF80908F03909008
:100240009003A0909103B09092038092B604909294
:10025000B704A092B804B092B904C090B70ED09081
:10026000B80EE090B90EF090BA0EC501B4010E942C
:10027000057F882309F49FCFC818D908EA08FB082E
:1002800085E5C816D104E104F10428F084E5C82E00
:10029000D12CE12CF12CB60180EB91E10E9437804A
:1002A0008C159D0509F087CF9093870E8093860E5D
:1002B00080918F0390919003A0919103B09192034C
:1002C000FC01E455FE4F2091B6043091B704E21BC7
:1002D000F30BEC5FFF4E208128830196A11DB11D19
:1002E00080938F0390939003A0939103B093920314
:1002F00081E062CF4F925F926F927F928F929F9236
:10030000AF92BF92CF92DF92EF92FF920F931F9323
:10031000CF93DF93CDB7DEB760970FB6F894DEBF0B
:100320000FBECDBF5C01162FC090B70ED090B80E97
:10033000E090B90EF090BA0E662309F4BFC028E22F
:10034000C216D104E104F104C8F400E0802F6096E5
:100350000FB6F894DEBF0FBECDBFDF91CF911F91D6
:100360000F91FF90EF90DF90CF90BF90AF909F9054
:100370008F907F906F905F904F9008950C960E94A1
:1003800023546130710581059105F9F6C501409648
:100390000E9423546130710581059105B1F6C501B4
:1003A00044960E942354672B682B692B71F6C50174
:1003B00084960E942354C616D706E806F90628F24A
:1003C000C61AD70AE80AF90A20E1C216D104E104E4
:1003D000F10408F4BACF0E94057F082F882309F49E
:1003E000B4CF60E170E0CE0101960E943780409763
:1003F00009F0ABCFCE0101960E9423544B015C0162
:10040000CE0105960E9423546B017C01CE01099612
:100410000E9423542B013C01CE010D960E942354CF
:10042000AB01BC01811484E09806A104B10408F476
:100430008CCFC114D104E104F10409F486CF80917A
:10044000B70E9091B80EA091B90EB091BA0E881562
:100450009905AA05BB0508F478CF88199909AA0956
:10046000BB098C159D05AE05BF0508F46ECF44157C
:1004700055056605770508F468CFC416D506E60667
:10048000F70608F462CF8092960E9092970EA09293
:10049000980EB092990EC092920ED092930EE09266
:1004A000940EF092950E86E0111101C089E08093C0
:1004B000900E1092870E1092860E48CF60E072E088
:1004C00080E090E078CF8F929F92AF92BF92CF92D0
:1004D000DF92EF92FF92C090B70ED090B80EE090EE
:1004E000B90EF090BA0E0E94E36FC61AD70AE80A56
:1004F000F90A80E8C816D104E104F10480F467E049
:1005000070E087EB9FE00E94977C80E0FF90EF9087
:10051000DF90CF90BF90AF909F908F90089560E84C
:1005200070E084E090E10E9437808038910561F0AE
:1005300097FF05C066E070E08EEA9FE0E4CF67E0D9
:1005400070E084EA9FE0DFCFC0901610D0901710C3
:10055000F12CE12CC092AF0ED092B00EE092B10E11
:10056000F092B20E8090B70E9090B80EA090B90E97
:10057000B090BA0E0E94E36F861A970AA80AB90AC9
:100580008C149D04AE04BF0428F467E070E089E990
:100590009FE0B9CF6093A70E7093A80E8093A90E29
:1005A0009093AA0EC60ED71EE81EF91EC092AB0E7F
:1005B000D092AC0EE092AD0EF092AE0E109293037C
:1005C0001092A30E1092A40E1092A50E1092A60ED9
:1005D0001092850E0E94BD6281E098CFAF92BF92CB
:1005E000CF92DF92EF92FF920F931F93CF93DF93FF
:1005F000FA012091B10FCFE2D5E0A12C38E0B32E63
:10060000211105C0C0EBD1E124E5A22EB12C20912F
:10061000920E3091930E4091940E5091950E621768
:1006200073078407950760F080E0DF91CF911F91F9
:100630000F91FF90EF90DF90CF90BF90AF90089513
:100640008F016B017C016091860E7091870E6115A0
:100650007105B9F08091B6049091B704A091B804E7
:10066000B091B904C816D906EA06FB0650F0860F09
:10067000971FA11DB11DC816D906EA06FB0608F48E
:1006800040C0C701B6010E94B87C8111CDCFC09295
:10069000B604D092B704E092B804F092B904809105
:1006A000920E9091930EA091940EB091950E8C198C
:1006B0009D09AE09BF09A50170E060E04817590720
:1006C0006A077B0708F05C016091960E7091970EA7
:1006D0008091980E9091990E6C0D7D1D8E1D9F1D21
:1006E0000E94057F882309F49FCFB501CE010E94A7
:1006F0003780A816B90609F097CFB092870EA0925E
:10070000860E8091B6049091B704C81AD90ACC0D10
:10071000DD1D8881F801808381E087CF4F925F9251
:100720006F927F929F92AF92BF92CF92DF92EF92A1
:10073000FF920F931F93CF93DF931F92CDB7DEB736
:100740004115510599F4B12C8B2D0F90DF91CF916C
:100750001F910F91FF90EF90DF90CF90BF90AF90DF
:100760009F907F906F905F904F9008952091910E91
:100770006B017C0164E0CC0CDD1CEE1CFF1C6A9557
:10078000D1F7C20ED11CE11CF11C97018601025F5A
:100790001F4F2F4F3F4F8091920E9091930EA0913B
:1007A000940EB091950E73E0880F991FAA1FBB1F7E
:1007B0007A95D1F7081719072A073B0720F68A010F
:1007C0002601370153E076946794579447945A95DD
:1007D000D1F7AE014F5F5F4FC301B2010E94EE82BD
:1007E000882309F4B0CF9980AE014F5F5F4FC301FA
:1007F000B2016F5F7F4F8F4F9F4F0E94EE82B82EE6
:10080000882309F4A0CF8C2D8770A82E8981C92C4C
:10081000D12CF12CE12CD82AE1E0EA1580F4C301B7
:10082000B2016E5F7F4F8F4F9F4FAE014F5F5F4FA3
:100830000E94EE82882309F486CF8981E82A04C0C9
:10084000F694E794D794C794AA94D2F7F5E5CF220B
:10085000DF22C601969587958C299D298373937312
:100860006C01D694C794D694C794C82AD92A8FE02D
:10087000C822D822C60144E0969587954A95E1F7AB
:10088000C82AF801C08260CFAC0160916A03709100
:100890006B0380916C0390916D030E948E8388237B
:1008A000A1F040916A0350916B0360916C037091C9
:1008B0006D034F5F5F4F6F4F7F4F40936A035093BD
:1008C0006B0360936C0370936D0308950F931F93F4
:1008D000CF93DF931F92CDB7DEB70FEF10E0CE01BD
:1008E00001960E9444848823D1F09981992349F08C
:1008F0000F3F09F00F5F963131F41F3F81F31F5F07
:10090000EECF00E0EBCF953A49F7123038F3212FC4
:1009100030E02F5E3F4F0217130609F0F8F60F90F4
:10092000DF91CF911F910F9108953F924F925F9267
:100930006F927F928F929F92AF92BF92CF92DF92EF
:10094000EF92FF920F931F93CF93DF9300D01F92EC
:10095000CDB7DEB7982E5B013A01290165EA90E038
:1009600080E00E94FF5C6C010E9466848823B9F0DD
:10097000CE0101960E944484882389F0CE0102961C
:100980000E944484882359F0CE0103960E94448437
:10099000882329F06981911004C0662331F020E09A
:1009A00058C0862F8B7F8130D1F73A808B80982D6D
:1009B000832DF30191838083911003C080349105CE
:1009C00071F7C6010E94FF5C632D0E94FF5C682DD9
:1009D0000E94FF5C4C0180916A0390916B03A0918F
:1009E0006C03B0916D03F20180839183A283B38382
:1009F0000115110529F0F80110821182128213826B
:100A0000E114F10419F0F70111821082D12CC12CEC
:100A1000F30180819181C816D90690F1CE01049628
:100A20000E944484882309F4BACF6C81C4010E94D7
:100A3000FF5C8C01CE0104960E944484882309F453
:100A4000AECF6C81C8010E94FF5C21E0892B09F0C8
:100A5000A6CF822F0F900F900F900F90DF91CF9124
:100A60001F910F91FF90EF90DF90CF90BF90AF90CC
:100A70009F908F907F906F905F904F903F900895E0
:100A8000CE0104960E944484882309F488CFA114DF
:100A9000B10449F0F0E4CF16D10428F48C81F501BB
:100AA000EC0DFD1D80830115110519F4E114F1040D
:100AB000F1F08C810E94E75E0115110569F0F801E3
:100AC0004081518162817381480F511D611D711DEB
:100AD0004083518362837383E114F10441F0F70191
:100AE00020813181820F932F911D918380836C81AE
:100AF000C4010E94FF5C4C01FFEFCF1ADF0A88CFD0
:100B00008F929F92AF92BF92CF92DF92EF92FF921D
:100B10000F931F93CF93DF938C01EB0180919A0E7B
:100B2000882309F45BC0F12CE12CCE15DF0509F414
:100B300053C08091880E9091890EA0918A0EB09139
:100B40008B0E80909B0E90909C0EA0909D0EB0906E
:100B50009E0E88159905AA05BB05F0F580908C0EB0
:100B600090908D0EA0908E0EB0908F0EBC01CD0196
:100B7000680D791D8A1D9B1DA8014E0D5F1D0E94E9
:100B80008E83811112C0E114F10431F58FEF9FEFD4
:100B9000DF91CF911F910F91FF90EF90DF90CF9059
:100BA000BF90AF909F908F9008958FEFE81AF80A4A
:100BB0008091880E9091890EA0918A0EB0918B0E33
:100BC0000196A11DB11D8093880E9093890EA0936C
:100BD0008A0EB0938B0EA9CFC701DACF8091041291
:100BE000909105120897B9F50E94E36FAB01BC0123
:100BF00080919F0E9091A00EA091A10EB091A20E97
:100C0000481759076A077B0708F2C0909B0ED090DF
:100C10009C0EE0909D0EF0909E0E4A015B01881A9A
:100C2000990AAA0ABB0AC814D904EA04FB0408F406
:100C3000ADCF8C0D9D1DAE1DBF1D841B950BA60B4E
:100C4000B70BC9F0AE0170E060E084179507A60706
:100C5000B70708F4EC01BE01C801DF91CF911F91E5
:100C60000F91FF90EF90DF90CF90BF90AF909F904B
:100C70008F900C94378080E090E08ACF2F923F9243
:100C80004F925F926F927F928F929F92AF92BF929C
:100C9000CF92DF92EF92FF920F931F93CF93DF9348
:100CA00000D01F92CDB7DEB76B017C015C834B8314
:100CB0001901DA011D921D921D921C921397F901E0
:100CC00011821082C114D104E104F10409F481C03D
:100CD00046015701F1E0CF16F2E0DF06E104F1042E
:100CE00028F0812C82E0982EA12CB12C9A82898246
:100CF000B40189E192E10E9480858815990529F166
:100D000097FD1EC067E070E082EC9FE00E94977C38
:100D100080E00F900F900F900F90DF91CF911F9177
:100D20000F91FF90EF90DF90CF90BF90AF909F908A
:100D30008F907F906F905F904F903F902F9008958D
:100D400066E070E08CEC9FE0E1CF09E112E1D801B0
:100D50008D918D010E94E75E282FEB81FC814081FF
:100D6000518162817381482E512C712C612CDB01E1
:100D7000CA0180959095A095B09584159505A60516
:100D8000B705D8F48FEF9FEFDC0180839183A283B6
:100D9000B383F10180819181820F911D91838083C2
:100DA000C8018951924129813A818217930778F2CB
:100DB000C818D908EA08FB0885CF440D551D661DE3
:100DC000771DAB81BC814D935D936D937C9313979D
:100DD000E0CF81E09ECF2F923F924F925F926F9231
:100DE0007F928F929F92AF92BF92CF92DF92EF92BB
:100DF000FF920F931F93CF93DF9300D000D01F92E9
:100E00001F92CDB7DEB71C018090B70E9090B80E40
:100E1000A090B90EB090BA0E0E94E36F861A970A9E
:100E2000A80AB90A67E070E083EF9FE020E8821625
:100E30009104A104B10408F49DC060E870E084E06E
:100E400090E10E9437808038910509F08DC004E060
:100E500010E118861F82812C912C5401712CF8010D
:100E600081918F010E94E75E880E911CA11CB11C2C
:100E70002F813885280F311D38872F83739430E8F0
:100E80007312EDCFC0901610D0901710F12CE12CFA
:100E9000C092AF0ED092B00EE092B10EF092B20EB0
:100EA0004090B70E5090B80E6090B90E7090BA0E88
:100EB0000E94E36F461A570A680A790A67E070E0F1
:100EC00085ED9FE04C145D046E047F0408F452C06D
:100ED0006101EF80F8849501840140E850E060E012
:100EE00070E081E00E94F75E811102C080E023C0C3
:100EF0006091AF0E7091B00E8091B10E9091B20ED4
:100F00009E012B5F3F4FAE014F5F5F4F0E943E86B9
:100F1000882361F3ED80FE8009811A812B813C8159
:100F20004091AF0E5091B00E6091B10E7091B20E23
:100F300080E00E94F75E28960FB6F894DEBF0FBEE1
:100F4000CDBFDF91CF911F910F91FF90EF90DF9078
:100F5000CF90BF90AF909F908F907F906F905F9059
:100F60004F903F902F90089597FF07C066E070E084
:100F70008AEE9FE00E94977CB9CF67E070E080EE38
:100F80009FE0F8CF8F929F92AF92BF92CF92DF9265
:100F9000EF92FF920F931F934091A30E5091A40ED6
:100FA0006091A50E7091A60E8091AF0E9091B00E3B
:100FB000A091B10EB091B20E481759076A077B078E
:100FC00030F08FB7F89491E0909301029FC00E9497
:100FD000CB62811528E0920790F066E070E080E92E
:100FE0009FE00E94977C80E01F910F91FF90EF900F
:100FF000DF90CF90BF90AF909F908F9008956FEF4C
:1010000077E0681B790B09F482C0613082E07807D1
:1010100010F060E072E0C090AF0ED090B00EE090A3
:10102000B10EF090B20E0091A30E1091A40E20917B
:10103000A50E3091A60ECB01B0E0A0E0460157010D
:10104000801A910AA20AB30A88169906AA06BB0654
:1010500018F4B601601B710B89E192E10E94808552
:1010600097FF05C066E070E087E89FE0BACF009781
:1010700029F467E070E08DE79FE0B3CF20916F0324
:1010800030917003E9E1F2E1D901B7704191A15DBE
:10109000BA4F4C932F5F3F4FAF0149515241481710
:1010A000590794F3092E000CAA0BBB0B4091A30E19
:1010B0005091A40E6091A50E7091A60E840F951FFD
:1010C000A61FB71F8093A30E9093A40EA093A50E06
:1010D000B093A60E8FB7F8943093700320936F03EC
:1010E0000091A30E1091A40E2091A50E3091A60E92
:1010F0004091AF0E5091B00E6091B10E7091B20E52
:10110000041715072607370708F05DCF8FBF81E06A
:101110006BCFCF93DF934091A30E5091A40E6091BB
:10112000A50E7091A60E8091AF0E9091B00EA09179
:10113000B10EB091B20E481759076A077B0768F4E1
:101140000E94CB62EC010E94C287282F8823C1F045
:101150000E94CB628C179D07F1F68091AF0E9091A3
:10116000B00EA091B10EB091B20E21E0892B8A2B66
:101170008B2B31F00E94CB6221E0892B09F420E017
:10118000822FDF91CF910895CF9360919F0E709140
:10119000A00E8091A10E9091A20E0E94557FC82FA3
:1011A000811109C066E070E08BE991E10E94977CB3
:1011B0008C2FCF91089540919B0E50919C0E609181
:1011C0009D0E70919E0E4093AF0E5093B00E6093A3
:1011D000B10E7093B20E80919F0E9091A00EA091CF
:1011E000A10EB091A20E840F951FA61FB71F80936A
:1011F000AB0E9093AC0EA093AD0EB093AE0E1092CA
:10120000A30E1092A40E1092A50E1092A60E10928C
:10121000850E0E94BD620E948988C82F882341F2F2
:1012200081E08093850EC4CF0F931F93CF930E94CC
:10123000EC67811528E0920758F066E070E086E4DC
:101240009DE00E94FA6780E0CF911F910F91089571
:101250006FEF77E0681B790BC9F0613082E07807A7
:1012600010F060E072E089E192E10E94378097FF20
:1012700005C066E070E08CE39DE0E3CF009741F4A9
:101280008FB7F89491E0909343028FBF81E0DCCF59
:1012900020916C0E30916D0EE9E1F2E1D901B77049
:1012A0004191A15DBA4F4C932F5F3F4FAF01495120
:1012B00052414817590794F3092E000CAA0BBB0B97
:1012C00040915B0E50915C0E60915D0E70915E0ED0
:1012D000840F951FA61FB71F80935B0E90935C0E23
:1012E000A0935D0EB0935E0ECFB7F89430936D0E61
:1012F00020936C0E0E94E36F00915F0E1091600EC0
:101300002091610E3091620E60177107820793077A
:1013100018F081E080934302CFBFB8CFCF93DF9323
:10132000EC012C96CE010E94C26F882319F0CE01E9
:101330000E949CE3DF91CF910C94897E89EE99E025
:101340000C94547EAF92BF92CF92DF92EF92FF92B5
:101350001F93CF93DF93CDB7DEB7CD5AD1090FB628
:10136000F894DEBF0FBECDBF5C016B01892B61F02D
:10137000672B51F01091440D112331F089E395E171
:101380000E94C26F8823B9F08AE59BE00E94547ED8
:1013900010E0812FC355DF4F0FB6F894DEBF0FBEAC
:1013A000CDBFDF91CF911F91FF90EF90DF90CF9055
:1013B000BF90AF9008956091CD177091CE176115D1
:1013C000710571F019821A821B8220E0A601CE01FC
:1013D00001960E942E9B8823A1F08EE49BE0D6CF3D
:1013E0006091CF177091D0176115710551F01DA64E
:1013F0001EA61FA620E0A601CE0101960E9411AEF6
:10140000EACFE090CD17F090CE17E114F10409F483
:101410005BC1C257DF4F1882CE58D040C157DF4F53
:101420001882CF58D040C057DF4F1882C059D040E3
:1014300080EDE81A8DEFF80A20E0A501B701CE0192
:1014400082579F4F0E94AB9A882309F44DC018AA77
:1014500019AA1AAA19821A821B82C257DF4F8881E1
:10146000CE58D040887109F43FC0CC56DF4F288158
:101470003981C459D040F7018681978128173907EF
:1014800099F5CE0182579F4F0E945FE380E2FE01F3
:10149000E257FF4FDE01119601900D928A95E1F718
:1014A00060E0CE0182579F4F0E94379BFC01892B41
:1014B000D9F090E2DE01A15ABF4F01900D929A95AA
:1014C000E1F7C257DF4F8881CE58D04083FF15C067
:1014D00021E5A601B701CE01C0960E94AB9AC12CAE
:1014E000D12C7601811118C00E94897E182F882383
:1014F00009F44FCF82E49BE049CF20E0A601B70179
:10150000CE01C0960E946B9D882371F36096CCAC8F
:10151000DDACEEACFFAC609728968CAD9DADAEAD6A
:10152000BFAD2897CE55DF4F88839983AA83BB83AD
:10153000C25AD0408CA99DA9CE56DF4F998388838B
:10154000C259D0408BA9CF56DF4F8883C159D040B4
:1015500088AD99ADAAADBBADCA56DF4F88839983DC
:10156000AA83BB83C659D04018AA1AAA61E0CE014B
:1015700082579F4F0E94379B009709F4B5CFDC013B
:101580001D9623E1EFE5F0E0EC0FFD1F3D96019085
:101590000D922A95E1F7AB962FADAB97FC0123870F
:1015A000C114D104E104F10409F46FC0CC56DF4F3B
:1015B000E881F981C459D0408481B701A601425025
:1015C00051096109710904C0440F551F661F771F37
:1015D0008A95D2F781899289A389B489480F591FC6
:1015E0006A1F7B1F20E0CF0184960E94CCE1FC01A2
:1015F000892B09F479CF90E2B096DE01A15ABF4F52
:1016000001900D929A95E1F7B701A601CC56DF4FF4
:1016100088819981C459D0400E940CE3882309F441
:1016200063CFCC56DF4FE881F981C459D040C6550D
:10163000DF4F488159816A817B81CA5AD04042502C
:10164000510961097109848104C0440F551F661F47
:10165000771F8A95D2F781899289A389B489480F27
:10166000591F6A1F7B1F21E0CF0184960E94CCE1A5
:10167000DC01892B09F438CF90E2FE01E15AFF4FDB
:10168000909601900D929A95E1F71D8E1E8E1F8EF9
:1016900018A282E08B8388E08983CE0101960E94A4
:1016A0004DE9882309F420CFCC56DF4F88819981FA
:1016B000C459D0400E949C9C882309F415CF0E94F5
:1016C0005B6F0E949E8965CEE090CF17F090D01797
:1016D000E114F10409F408CFC557DF4F1882CB5845
:1016E000D040C457DF4F1882CC58D040C357DF4F8B
:1016F0001882CD58D040F0EDEF1AFDEFFF0A20E040
:10170000A501B701CE01815A9F4F0E948DAD88235C
:1017100009F4EACE6D961FAE6D976E961FAE6E976A
:101720006F961FAE6F971DA61EA61FA6C557DF4F4B
:101730008881CB58D040887109F4D6CEC158DF4F8C
:1017400028813981CF57D040F70180A191A1281776
:10175000390709F0C9CE21E5A601B701CE01C0962F
:101760000E948DAD882309F4BFCE8FE2FE01E15ABD
:10177000FF4FDE01119601900D928A95E1F789E005
:10178000FE01EE5AFF4FAFE5B0E0AC0FBD1F9296E1
:1017900001900D928A95E1F76C968FAD6C97C657C4
:1017A000DF4F8883CA58D040C357DF4F8881CD5858
:1017B000D0408068C357DF4F8883CD58D040CE01DA
:1017C000815A9F4F0E9419A3882309F48DCE1D8E44
:1017D0001E8E1F8E18A282E08FA788E08DA7CE01F3
:1017E00001960E9483A668CF1F93CF93DF93CDB756
:1017F000DEB7AF970FB6F894DEBF0FBECDBFAC011A
:10180000892B21F01091440D111110C089E39BE048
:101810000E94547E10E0812FAF960FB6F894DEBF81
:101820000FBECDBFDF91CF911F9108956091CD176D
:101830007091CE1761157105C1F019821A821B8251
:1018400021E0CE0101960E942E9B882331F0CE012B
:1018500001960E944DE981111EC00E94897E182FB9
:101860008823C9F289E29BE0D3CF6091CF177091B2
:10187000D0176115710589F31DA61EA61FA621E0CC
:10188000CE0101960E9411AE882339F3CE01019654
:101890000E9483A6E0CF0E945B6F0E949E89BBCF0F
:1018A000CF938091440D882331F089E395E10E9424
:1018B000C26F811106C00E94767EC0E08C2FCF914E
:1018C000089589E395E10E94E756C82F811109C068
:1018D0000E94897E882391F38BE09BE00E94547ED6
:1018E000EDCF0E945B6F0E949E89E8CF8F929F92FE
:1018F000AF92BF92DF92EF92FF920F931F93CF931D
:10190000DF9300D01F92CDB7DEB74B015C01809111
:10191000440D882339F089E395E10E94C26FD82EE7
:10192000811114C00E94767ED12C8D2D0F900F90C6
:101930000F900F90DF91CF911F910F91FF90EF903B
:10194000DF90BF90AF909F908F900895E0906915C1
:10195000F0906A15E114F10409F474C0B501A40112
:10196000C7010E94F3E38823A1F1F701828181FF7F
:1019700030C0848D958DA68DB78D0097A105B105DA
:1019800009F45BC044855585668577854115510509
:101990006105710549F119821A821B821C829E0120
:1019A0002F5F3F4F868197810E948BE287FD11C098
:1019B000882311F1F70144855585668577850FEFFA
:1019C0001FEF2FEF3FE0868197810E9416E2811181
:1019D00013C00E94897ED82E882309F4A6CF8BEFEE
:1019E0009AE00E94547EA0CF89839A83AB83BC8304
:1019F000148E158E168E178E49815A816B817C81CB
:101A0000411551056105710539F0F701868197810E
:101A10000E940CE38823E9F2F70180899189A28969
:101A2000B389808F918FA28FB38F828180688283E8
:101A3000C7010E945FE3882361F20E945B6F0E94EE
:101A40009E8973CFE0906B15F0906C15E114F10452
:101A500009F4BFCF8401950140E050E060E070E000
:101A6000C7010E9434A1882309F4B3CFC7010E94A3
:101A7000C1A3E1CF2F923F924F925F926F927F92DC
:101A80008F929F92AF92BF92CF92DF92EF92FF928E
:101A90000F931F93CF93DF93CDB7DEB760970FB649
:101AA000F894DEBF0FBECDBF6D837E838F83988792
:101AB0008091440D882339F089E395E10E94C26F3B
:101AC000F82E81111DC00E94767EF12C8F2D60961C
:101AD0000FB6F894DEBF0FBECDBFDF91CF911F913F
:101AE0000F91FF90EF90DF90CF90BF90AF909F90BD
:101AF0008F907F906F905F904F903F902F900895C0
:101B0000C0906915D0906A15C114D10409F4D7C0EA
:101B1000D60112968C91129781FFC6C05C968D916A
:101B20009D910D90BC91A02D892B8A2B8B2B09F0B8
:101B3000BBC0F60126803780D10114962C91275F17
:101B40008D819E81AF81B8850197A109B10904C03B
:101B5000B695A795979587952A95D2F78C019D0103
:101B60000F5F1F4F2F4F3F4F0D871E872F87388BDB
:101B7000D10119968D909D90AD90BC901C97BFEFB0
:101B80008B1A9B0AAB0ABB0A24013501EF2CF10129
:101B9000818D928DA38DB48D88159905AA05BB05FD
:101BA00008F482C09E012F5F3F4FB501A401C1011F
:101BB0000E948BE2282F87FD77C0B501A4014F5FFB
:101BC0005F4F6F4F7F4F89819A81AB81BC81892B99
:101BD0008A2B8B2B11F421110BC084149504A604BD
:101BE000B70409F0E12C2A013B014A015B01CFCF88
:101BF000DB01CA0184199509A609B7090D851E855F
:101C00002F853889081719072A073B0771F7EE2037
:101C100039F0D10119968D929D92AD92BC921C978C
:101C20000FEF1FEF2FEF3FE0B501A401C1010E94AC
:101C300016E28823C9F1481459046A047B04C0F4ED
:101C40009501840101501109210931090D871E8771
:101C50002F87388B950184014D855E856F85788946
:101C6000C1010E9416E28D849E84AF84B888E1CFC2
:101C7000D6015C964D925D926D927C925F970D813C
:101C80001E812F81388558960D931D932D933C937B
:101C90005B9712968C911297806E12968C93C60168
:101CA0000E945FE3811181C00E94897EF82E882303
:101CB00009F40CCF8DEE9AE00E94547E06CFC090BE
:101CC0006B15D0906C15C114D10471F3F60186A583
:101CD00081FFEACF848D958DA68DB78D892B8A2BB8
:101CE0008B2B11F72D813E814F81588589019A01F7
:101CF00040E050E0BA010D831E832F833887498767
:101D00005A876B877C8700A0F1A1E02D98014F8155
:101D1000588560E070E080E090E0AFEF0F94BD0385
:101D2000DF01A15DBD4F0C91075F0F9499035A012C
:101D300049013FEF831A930AA30AB30A950184016C
:101D400040E050E0BA01CF010E94739F2B013C019B
:101D500042E0441651046104710408F4A5CFEE2456
:101D6000E3949501BC01A201D60190968D919C91BE
:101D70000E94489E882309F497CF0D81F6010087C1
:101D80001E8111872F812287388533871486158617
:101D900016861786448E558E668E778E86A5806C45
:101DA00086A7C6010E9419A37DCF0E945B6F0E9487
:101DB0009E898CCE2F923F924F925F926F927F922C
:101DC0008F929F92AF92BF92CF92DF92EF92FF924B
:101DD0000F931F93CF93DF93CDB7DEB7CC52D14093
:101DE0000FB6F894DEBF0FBECDBF7C01C55DDE4FE0
:101DF00079836883CB52D140CE018F5B9F4F0E9485
:101E0000626FCE018F579F4F0E94626FCE01019685
:101E10005C010E94626FE114F10439F0F7018081E6
:101E20008F3219F48181811105C089E89AE00E94FE
:101E3000547E45C00E94897E882309F440C040E05A
:101E4000B701CE010D960E94766F882309F453C026
:101E5000CE010D960E949270D82E811109C0CE013C
:101E60000D960E949CE381E89AE00E94547E28C06F
:101E7000CE010D960E949CE30E945B6F0E949E899A
:101E800001E410E00C0F1D1F045F1F4F40E0B7017D
:101E9000C8010E94766F811147C101E410E00C0F68
:101EA0001D1F045F1F4FC8010E94C26F882319F0D5
:101EB000C8010E949CE30E94897E8111BBC1D12C84
:101EC0008D2DC45DDE4F0FB6F894DEBF0FBECDBFC3
:101ED000DF91CF911F910F91FF90EF90DF90CF9006
:101EE000BF90AF909F908F907F906F905F904F903A
:101EF0003F902F9008950E94897E882301F340E04F
:101F0000B701CE010D960E94766FC82E882371F01E
:101F1000CE010D960E949270D82E8111A9CFCE01CC
:101F20000D960E949CE389E79AE09FCF6091CD17C0
:101F30007091CE1761157105D1F0CF53DF4F188224
:101F4000C15CD040CE53DF4F1882C25CD040CD532D
:101F5000DF4F1882C35CD040605D7D4F21E0A70158
:101F6000CE018F539F4F0E946B9DC82E53C000918E
:101F7000CF171091D0170115110509F44BC0C45E9D
:101F8000DE4F1882CC51D140C35EDE4F1882CD5156
:101F9000D140C25EDE4F1882CE51D140C75DDE4FC8
:101FA000F982E882C952D140C351DF4F1882CD5E19
:101FB000D040C251DF4F1882CE5ED040C151DF4FBA
:101FC0001882CF5ED040F801E45AFD4F80818075C1
:101FD00009F1F70180818F32D9F5C75DDE4FE881C5
:101FE000F981C952D14080818F3241F43196C75D69
:101FF000DE4FF983E883C952D140EFCF005D1D4F1A
:10200000F80160A171A1CE018F539F4F0E947EA263
:10201000811162C040E0B701CE010D960E94766F3B
:10202000811174C00E94897E882309F448CF40E062
:10203000B701CE010D960E94766FD82E811166C031
:1020400085E69AE0CC2009F410CF80E79AE00DCF26
:10205000005D1D4FC75DDE4F68817981C952D14057
:102060009E01275D3E4FAE01415E5E4FCE01805125
:102070009F4F0E9442A7882369F2C75DDE4FE88127
:10208000F981C952D14080818823B1F120E0AE01AD
:10209000415E5E4FB801CE0180519F4F0E94A5AABC
:1020A0008823F1F08FE2FE01E051FF4FDE01AF53D4
:1020B000BF4F01900D928A95E1F7CE0180519F4F5D
:1020C0000E9419A3C45EDE4F1882CC51D140C25E7B
:1020D000DE4F1882CE51D1408E010F531F4FBACF21
:1020E000AE01415E5E4FB801CE0180519F4F0E940C
:1020F00055AD8111D7CF8ECFAE01415E5E4FB80195
:10210000CE0180519F4F0E9455AD2FCFCE010D962D
:102110000E949270D82E8111ABCECE010D960E94F6
:102120009CE38DE59AE0A1CEC8010E9492708823BD
:1021300009F4B3CE0E945B6FF12CE12C280101E879
:1021400010E00C0F1D1F045F1F4F3E01F8E06F0EE3
:10215000711C8AE0282EB201C8010E942EE6D82EFA
:10216000882309F48EC0F50180E411928A95E9F77D
:10217000B501C8010E9405EA21961FAE2197C8014A
:102180000E94927081116CC0F50101900020E9F766
:10219000CF010C978A159B0509F062C089810E94C6
:1021A00082A0823509F05CC08A810E9482A08534B9
:1021B00009F056C08B810E9482A0833409F050C080
:1021C00088858E3209F04CC0FE013496912C812C0A
:1021D000819190ED980F9A3008F042C0289C6001E0
:1021E000299CD00C1124C80ED11C87FDDA9446011D
:1021F00080E3881A9108E615F70551F789850E9452
:1022000082A08735D1F48A850E9482A0813441F56D
:102210008B850E9482A0863519F5E1E3CE1AD1089C
:10222000FFE0CF16F7E2DF06D8F4E814F904C0F4B3
:10223000740116C086EA9AE0FACD8C34A9F43A8487
:10224000832D0E9482A0853429F48B850E9482A070
:10225000803519F391E3391203C08B858633E9F297
:10226000C8010E949CE377CF8D34D1F78A850E9404
:1022700082A08A35A9F78B850E9482A0863481F7D7
:10228000CCCFC2010E949CE30E94897E182F882334
:1022900009F415CE8FE0E81687E2F80618F087E912
:1022A0009AE0E3CD9FEFE91AF90AC55DDE4FE881B8
:1022B000F981CB52D140F182E0820E949E89D12ED9
:1022C000FFCDCF93DF93EC01892B49F484E59AE0AD
:1022D0000E94547EC0E08C2FDF91CF9108950E9420
:1022E000897E8823B9F389E395E10E94C26F882330
:1022F00021F089E395E10E949CE342E3BE0189E37A
:1023000095E10E94766FC82F811109C00E94897ED5
:10231000882301F383E49AE00E94547EDCCF0E947C
:102320005B6F0E949E89D7CFCF93DF93EC01892BFF
:1023300049F48AE39AE00E94547EC0E08C2FDF913A
:10234000CF9108950E94897E8823B9F389E395E1AE
:102350000E94C26F882321F089E395E10E949CE3EB
:1023600040E0BE0189E395E10E94766FC82F81119C
:1023700009C00E94897E882301F38BE29AE00E94C3
:10238000547EDCCF0E945B6F0E949E89D7CF2F9234
:102390003F924F925F926F927F928F929F92AF92F5
:1023A000BF92CF92DF92EF92FF920F931F93CF9342
:1023B000DF93CDB7DEB7E0970FB6F894DEBF0FBE60
:1023C000CDBF2091D60E3091D70E232B09F4ADC08E
:1023D000009709F4AAC02091D40E3091D50E213077
:1023E000310501F11092CD0EFB013183208311E004
:1023F000812FE0960FB6F894DEBF0FBECDBFDF9100
:10240000CF911F910F91FF90EF90DF90CF90BF90F1
:10241000AF909F908F907F906F905F904F903F9084
:102420002F9008955B0198AB8FA70E94E36F1B016B
:102430002C010E94D06FF501118210826091D60E9E
:102440007091D70E1BA61AA689E192E1892B11F48F
:10245000712C9DC061157105D9F324E544E589E12E
:1024600092E10E94C5EE882399F389E192E10E94EE
:10247000B86E882369F389E192E10E9494918EA756
:10248000882331F3198E1DA2812C912C60E072E01B
:1024900089E192E10E9437803C0197FF03C00E94CE
:1024A000D06FD6CF892B09F468C089E192E19DA74E
:1024B0008CA7ECA5FDA58191FDA7ECA78D3011F0AF
:1024C0008A3079F4882099F18BA58111E8CF812C8D
:1024D000912C8CA59DA589519241861597054CF3A9
:1024E00048C08110F6CF96E1991548F0E1E0F0E0A0
:1024F000EC0FFD1FE90DF11D80839394EACF8EA4AC
:10250000E8CF8BA5882309F481C0A501BE016B5DCE
:102510007F4FCE0149960E94137B182F8AA70E94F5
:10252000D06F112309F494CF73C010E061CF9920CC
:1025300071F2E1E0F0E0EC0FFD1FE90DF11D1082FA
:10254000CE018A966C0175018E010B5D1F4F9E01B5
:10255000275E3F4FAE01455D5F4F6FA578A9899714
:102560000E94BED8882309F49ACF8AA5882309F44B
:10257000AECF8AA5882309F489CF7AA4711042C00E
:10258000882011F18BA58823E9F10E94D06F709209
:10259000CD0E8091D60E9091D70E0E949491182F57
:1025A00066E070E08EEA91E1112359F0C201B101B9
:1025B0000E94057F182F81111BCF66E070E085EA2D
:1025C00091E10E94977C14CF9920E1F0E1E0F0E0E6
:1025D000EC0FFD1FE90DF11D1082FE01BA966F018F
:1025E00075018E010B5D1F4F9E01275E3F4FAE01AF
:1025F000455D5F4F6FA578A9CE0101960E94BED8B8
:10260000882319F28AA5882309F47BCF0E94D06F12
:102610008AA5882309F41CCF77247394F50180815F
:102620009181019709F0B3CF13CFCF92DF92EF9250
:10263000FF920F931F93CF93DF931F921F92CDB7FB
:10264000DEB7082F0E945B7E011119C08091440DF6
:102650008823A9F00E94897E182F882381F00E9488
:102660009E890E94F956812F0F900F90DF91CF9194
:102670001F910F91FF90EF90DF90CF9008950E94EF
:10268000D06F1092440D002381F11092CE1710925A
:10269000CD171092D0171092CF170091D11710912B
:1026A000D21701151105E1F0F80181858823C1F0E9
:1026B000C8010E94EEE09FB7F8948091580D8823DE
:1026C00019F081508093580D8091580D811105C0EB
:1026D0008CB58F7B8CBD1092510E9FBFF801118677
:1026E00080913004877E809330040E945B6F8FE07E
:1026F0009AE00E94547E61E085E30E9417DB0E940D
:102700001AAE82E590E00E94AF701AE08FEF0E944F
:10271000A8701150D9F78091510E81110E94AB6EB3
:102720001092DC171092DF171092E0171092E11749
:102730001092E2171092DE1785E38093DD1761E0B7
:102740000E9452DC61E08091DD170E9417DB82E578
:102750008093D5171092D6170E941AAE81E080930D
:10276000DC1783ED97E10E94F1DE61E08091DD17D7
:102770000E9417DB1AE00E94A2DE1150E1F760E030
:102780008091DD170E9417DB0E94ACDD6053784F0B
:102790007A83698320E030E0A90160E083ED97E16E
:1027A0000E9475DF082F813069F1CE0101960E94E9
:1027B00025DF882379F381E08093DE1783ED97E1AD
:1027C0000E94A5DE83ED97E19093D2178093D117F5
:1027D000892BA1F08091DE17811110C061E083ED9B
:1027E00097E10E943EEB811177C060E08091D117A4
:1027F0009091D2170E943EEB81116EC00E94767EAE
:1028000010E031CF2AEA31E040E050E068E083EDAB
:1028100097E10E9475DF82FD11C014E00E94A2DEE4
:102820008093E1171150D1F78A3A29F1CE01019630
:102830000E9425DF882331F386E0BECF11E0C12C52
:10284000D12C760120E030E0A90167E383ED97E128
:102850000E9475DFA701960169E283ED97E10E946E
:1028600075DF882379F0CE0101960E9425DF882349
:1028700049F387E1A1CF12E0C12CD12CE12C80E4F7
:10288000F82EE0CF1230C9F420E030E0A9016AE36D
:1028900083ED97E10E9475DF882311F082E18CCFF0
:1028A0000E94A2DE807C803C09F413E00E94A2DE3C
:1028B0000E94A2DE0E94A2DE012F83ED97E10E941A
:1028C000A5DE80E58093D51781E08093D61700932D
:1028D000E2178093DB1776CF81E08093440D0E944E
:1028E0005B6F0E949E890E94F95611E0BCCEFC01EC
:1028F000662399F0DC0190E08D91811109C0DF0120
:10290000A90FB11D80E29F5F8D939031E1F703C065
:102910009F5F903189F76787108A0895DC011E96C2
:10292000ED91FC911F97E130F10521F490968C9187
:1029300081110BC0E43008F0E0E0F0E0EE0FFF1F83
:10294000E050F94E85919491089588E097E10895BB
:10295000CF92DF92EF92FF920F931F93CF93DF936B
:1029600000D01F921F92CDB7DEB78C01362FCA015F
:10297000AE014F5F5F4F7A01FA0120E04AE0C42EBA
:10298000D12C2F5FB6010F943C02805D8193CB0167
:10299000009711F02530A9F7EFEFE20FF0E0319644
:1029A000EE0DFF1D832FD801A80FB11D92919C93AE
:1029B0008F5FEE15FF05B9F7832F820F0F900F90F1
:1029C0000F900F900F90DF91CF911F910F91FF907B
:1029D000EF90DF90CF9008951092FE0D1092FD0DB4
:1029E0001092FC0D08954FB7F89420911105309185
:1029F00012058091300D9091310D4FBF821B930BCA
:102A000008954FB7F89420910F05309110058091EB
:102A10000D0590910E054FBF821B930B08951092E8
:102A2000990F1092E90D10929A0F1092980F8FEF54
:102A300080935A021092970F08951092FE0E1092F2
:102A4000FF0E08956817790760F0681B790B6C5FBB
:102A50007F4F53E0769567955A95E1F7860F971F5C
:102A600008959C012D5F3F4F261B370B43E03695A1
:102A700027954A95E1F7821B930B0895611571051F
:102A8000B9F034E1389FF001399FF00D1124469FD1
:102A9000C001479F900D1124E817F90748F0269FC1
:102AA000A001279F500D112481E04E175F0708F405
:102AB00080E008959C016091DE0D7091DF0D66301D
:102AC0007105F1F4E091DC0DF091DD0D3097B1F07E
:102AD000A4E2B4EF0F947A029F0136952795620F16
:102AE000731F811D911D9F0150E040E00F94500223
:102AF0002115310581E048075105B8F4C901089551
:102B000064307105D9F7A2E3B0E00F947A029B011B
:102B1000AC01285F3F4F4F4F5F4F84E0569547957C
:102B2000379527958A95D1F7E3CF8FEF9FEF0895DB
:102B30008091140E882351F08091130E882331F078
:102B400081E090910A0E911101C080E0089560919A
:102B5000C2042091C7043091C8046623F9F0862F7F
:102B60008695820F932F911D70E00F943C02E4EC48
:102B7000F4E08CE0DF011D928A95E9F785E080930F
:102B8000C104660F771FCB01019663E070E00F94DC
:102B90003C027093C3046093C204089570E060E047
:102BA000E6CF8091C2044091C7045091C804282FF9
:102BB00030E070E060E0882339F08695840F952F2F
:102BC000911DB9010F943C02E6ECF4E08AE0DF01CC
:102BD0001D928A95E9F782E08093C1047093C30443
:102BE0006093C2043093C5042093C4048FEF809394
:102BF000C60408958F929F92AF92BF92CF92DF92B8
:102C0000EF92FF920F931F934230510561057105BA
:102C100060F480E01F910F91FF90EF90DF90CF90D4
:102C2000BF90AF909F908F900895FC01E45EFD4FA0
:102C3000C080D180E280F380EFEFCE1ADE0AEE0A88
:102C4000FE0AC416D506E606F70618F34801590130
:102C50006A01FC01E05FFD4F37E076956795579577
:102C600047953A95D1F70081118122813381400F38
:102C7000511F621F731F21E00E94CCE1009749F2AF
:102C8000CC0CDD1CCC0CDD1CF1E0DF22C80ED91E03
:102C9000F60180829182A282B38281E0BBCF0F9342
:102CA0001F93CF93DF93EB01E42FDC01AC5DBD4FAD
:102CB0004D915D916D917C9113970C811D812E81B9
:102CC0003F81402351236223732329E07695679542
:102CD000579547952A95D1F7088119812A813B811B
:102CE00002501109210931091B96FC9104C0000F03
:102CF000111F221F331FFA95D2F7400F511F621F79
:102D0000731F57970D911D912D913C91400F511FAD
:102D1000621F731F2E2F0E94CCE1009729F02C8197
:102D20003D813170820F931FDF91CF911F910F91E1
:102D30000895CF93DF93EC010E9496E0882341F041
:102D4000C45DDD4F88819981DF91CF910C94EEE0D5
:102D500080E0DF91CF9108954F925F926F927F92C2
:102D60008F929F92AF92BF92CF92DF92EF92FF929B
:102D70000F931F93CF93DF936C014B01D42F590115
:102D8000F8012115310521F0D9018C9181113AC04A
:102D9000F4019C2DD60184918D9331968A2F891B45
:102DA0008D17C8F3F601ED0FF11D82E58083E1E098
:102DB000ED0FEC0DFD2DF11D85E4808383E08D0F7B
:102DC000E2E0ED0FEC0DFD2DF11D93E49083F60193
:102DD000E80FF11D90E291938F5F8031E1F7F601EA
:102DE000108ADF91CF911F910F91FF90EF90DF90AC
:102DF000CF90BF90AF909F908F907F906F905F909B
:102E00004F90089510E1141B00E08D91882309F480
:102E100060C00F5F0F33C9F7808181110AC081E064
:102E200080830E94ACDDD7016D937D938D939C933D
:102E30001397C02FC11B2C2F30E0ACE2B1E00F94F0
:102E40007A022B013C010E94ACDDF7012081318127
:102E500042815381621B730B840B950BA30192017A
:102E60002053384F4F4F5F4F0F945002603BF4E0B8
:102E70007F078105910580F1605B744081099109AC
:102E8000641575058605970550F42CE231E040E0A5
:102E900050E00F9450022F5F2C1708F4C22FF4015A
:102EA0009C2DD60184918D9331968A2F891B8D1785
:102EB000C8F3F601ED0FF11D1C0F80E2C01720F4DE
:102EC000D501AC0FB11D8C918193CF5F1C13F5CF51
:102ED00086CF101708F4A0CFC0E0E1CF4F925F92E9
:102EE0006F927F928F929F92AF92BF92CF92DF921A
:102EF000EF92FF921F93CF93DF93FC016115710551
:102F000021F0DB018C9181111BC080E580838CE472
:102F1000818381E4828389E5838314821092080E81
:102F2000DF91CF911F91FF90EF90DF90CF90BF90F6
:102F3000AF909F908F907F906F905F904F9008958B
:102F4000D42F413108F0D0E1DB0185E095E110E0BC
:102F500031E22D91222351F0389FA001399F500D6D
:102F60001124CA0182271F5F1F3999F76B017F0166
:102F70002091060E3091070E2817390721F4209171
:102F8000050E2117E1F09093070E8093060E109323
:102F9000050E1092080ED11708F46AC0C0E0F701C0
:102FA0009C2F9D0FC91709F45EC080E2C11720F461
:102FB000D601AC0FB11D8C918193CF5FF3CFD117A8
:102FC00068F7C12FCD1B2C2F30E0ACE2B1E00F949D
:102FD0007A022B013C015C014B01B0ED8B0EB7E096
:102FE0009B1EA11CB11C8091080E81110DC081E0B7
:102FF0008093080E0E94ACDD6093010E7093020E68
:103000008093030E9093040E0E94ACDD2091010E7C
:103010003091020E4091030E5091040E621B730B0F
:10302000840B950BA50194010F945002603B24E0A2
:1030300072078105910508F4B1CF605B7440810986
:103040009109641575058605970508F0A8CF2CE24F
:1030500031E040E050E00F9450022F5F2C1708F051
:103060009ECFC22F9CCFF701ED0FF11D108258CFDC
:10307000C12FCD1B2C2F30E0ACE2B1E00F947A02CF
:103080002B013C015C014B0180ED880E87E0981E0E
:10309000A11CB11CACCFCF93C82F0E94ACDD2091F6
:1030A000FE0D2C1751F0C093FE0D66577D4F7093A7
:1030B000FD0D6093FC0D80E00BC02091FC0D309164
:1030C000FD0D621B730B77FDF6CF0E94EC9481E03F
:1030D000CF9108951092480F0E94ACDD6C577C4F41
:1030E0007093470F6093460F1092000E1092FF0DE1
:1030F0000895CF93DF931F921F92CDB7DEB78091D3
:1031000058028823B9F080915002909151020197A2
:1031100039F580914F0D882369F08091450D90918C
:10312000460D8B3038F4BE016F5F7F4F0E940D68F3
:10313000811120C080915802882301F180915002B2
:10314000909151020197D1F0E0910A0E8FEF8E0F0E
:103150008830A0F4F0E0EE0FFF1FE05CF74E1AC0DD
:103160008091090E882331F380919B0F90919C0FE1
:103170009A838983E981FA81E13138F080E090E037
:103180000F900F90DF91CF910895FF27EE0FFF1F53
:10319000E25EF74E85919491F3CF9F92AF92BF92EA
:1031A000CF92DF92EF92FF920F931F93CF93DF9313
:1031B000EC01A62E942E0E9479988C01892B09F49B
:1031C000CBC0B0905802BB2009F48BC08091500254
:1031D00090915102019709F091C080914F0D882381
:1031E00009F4BAC0C0904B0DD0904C0DE0904D0D3D
:1031F000F0904E0DC114D104E104F10409F48FC024
:103200008091470D9091480DA091490DB0914A0DC4
:1032100080389105A105B10520F480E890E0A0E098
:10322000B0E080589109A109B1099601A7018C1558
:103230009D05AE05BF0510F49C01AD01A4E6B0E00C
:103240000F948902A70196010F945002FE01CE014E
:10325000409630E231938E179F07E1F782E5A11087
:1032600080E5888385E4A11081E4898383E4A1104B
:1032700085E58A83DE01149690E080E0F801E80F8E
:10328000F91FE491EE2329F0ED9301968730910523
:10329000A9F780E2243608F081E38B8790E22A3098
:1032A00040F03AE0822F632F0F9430020F943002E7
:1032B000905D9C87822F6AE00F943002905D9D871D
:1032C00085E28E87A1104AC0243650F00E94ACDD02
:1032D00066277270672B21F080E2888389838A8356
:1032E000188A8B2DDF91CF911F910F91FF90EF9056
:1032F000DF90CF90BF90AF909F9008958091130E74
:10330000882351F1C0900F0ED090100EE090110E56
:10331000F090120EC114D104E104F10411F424E67A
:1033200095CF20910B0E30910C0E40910D0E5091C7
:103330000E0EA4E6B0E00F948902A70196010F9447
:103340005002253631054105510508F47FCF24E6AA
:1033500030E040E050E07ACFB12CC3CF911002C0F2
:103360008FE3982E9F86BCCF0E948A74E4E0F1E040
:1033700080818E7F8083E5E0F1E080818E7F808395
:1033800010920C0510920B0510920A051092090577
:103390001092080510920705109206051092050577
:1033A0001092040510920305109202051092010577
:1033B000109200051092FF041092FB0D1092FA0D6E
:1033C0001092191410929F0F1092F60D1092F70D93
:1033D0001092F80D1092F90D1092F20D1092F30D5B
:1033E0001092F40D1092F50D1092F10D1092F00D57
:1033F0001092EF0D0E940F951092EE0D1092ED0DB0
:103400001092EC0D1092EB0D1092EA0D089560935E
:103410000F0E7093100E8093110E9093120E109257
:103420000B0E10920C0E10920D0E10920E0E21E04B
:103430002093130E0C94586CCF92DF92EF92FF9270
:103440000F93CF93DF93EC0180E2DE011D928A950A
:10345000E9F7FB01868197819F838E835D834C838F
:10346000C48CD58CE68CF78CC886D986EA86FB8618
:10347000FC01F0964F70552765E0440F551F6A9583
:10348000E1F7E40FF51F338533FD11C0377338833F
:103490004385487111F4386038830B83322F3370C1
:1034A000313009F444C038F0323009F43EC018829B
:1034B0001A8280E032C031E025FDF9CF3A833A81AB
:1034C00031FF06C03881432F417189F7306238835C
:1034D000DC0197964D915D916D917C919A974C8B03
:1034E0005D8B6E8B7F8B4489558970E060E0BA01FB
:1034F00055274427C28CD38CF12CE12C4C295D2913
:103500006E297F2925FF1AC04115510561057105F6
:1035100081F48A8180688A8381E0DF91CF910F9165
:10352000FF90EF90DF90CF90089533E0C7CF32E067
:10353000C5CF0E940CE38111ECCFB9CF4C8F5D8FCA
:103540006E8F7F8F848D958DA68DB78D888F998F87
:10355000AA8FBB8FE1CFDF92EF92FF920F931F9361
:10356000CF93DF93CDB7DEB7E7970FB6F894DEBF02
:103570000FBECDBF7C018B015FAB4EABD22E19824B
:103580001A821B82FC018081882379F080E0E79613
:103590000FB6F894DEBF0FBECDBFDF91CF911F9164
:1035A0000F91FF90EF90DF900895FB018081807D67
:1035B00069F3EEA9FFA980818F32D9F4EEA9FFA9A2
:1035C00080818F3221F43196FFABEEABF7CFF8015B
:1035D00066817781811104C0C7010E9432E9D7CF8B
:1035E000CE0101960E9432E9882381F28E010F5F9D
:1035F0001F4FAE014A5C5F4FBE016F5D7F4F8EA9CA
:103600009FA90E940BD7882309F4C0CFEEA9FFA978
:1036100080818823D1F020E0AE014F5D5F4FB8017B
:10362000C7010E94CFE6882309F4B0CF80E2F701FA
:10363000DE01119601900D928A95E1F7C7010E9473
:103640005FE3F70110821282D1CF2D2DAE014F5DC5
:103650005F4FB801C7010E94CFE699CF6115710590
:1036600021F0605D7D4F0C94AB9A80E00895CF937C
:10367000DF93EC01262F4C895D896E897F898E81CD
:103680009F8184960E94CCE1009759F02C813D8166
:103690002F70332745E0220F331F4A95E1F7820F41
:1036A000931FDF91CF9108953F924F925F926F9257
:1036B0007F928F929F92AF92BF92CF92DF92EF92C2
:1036C000FF920F931F93CF93DF9300D01F92CDB73C
:1036D000DEB75C01FC01448455846684778486806F
:1036E0009780F401C184D284E384F484C414D504A3
:1036F000E604F704C0F47301620110E0FFEFCF1A93
:10370000DF0AEF0AFF0AF401818D928DA38DB48D3B
:103710008C159D05AE05BF0540F4111132C0C18462
:10372000D284E384F48411E0E9CF4C145D046E0488
:103730007F0439F19E012F5F3F4FB701A601C401FD
:103740000E948BE287FD1DC08823C1F289819A8186
:10375000AB81BC81892B8A2B8B2B81F6112329F01D
:10376000F401C186D286E386F4860FEF1FEF2FEFB8
:103770003FE0B701A601C4010E9416E2382E811174
:1037800018C0312C832D0F900F900F900F90DF9168
:10379000CF911F910F91FF90EF90DF90CF90BF904E
:1037A000AF909F908F907F906F905F904F903F90E1
:1037B00008954114510461047104B9F4F501C486FB
:1037C000D586E686F786828141145104610471042E
:1037D000B1F0FFEF4F1A5F0A6F0A7F0A4C145D04C5
:1037E0006E047F0479F08F7B0BC097018601B301D3
:1037F000A201C4010E9416E28111E0CFC2CF806411
:10380000F5018283F501828180688283BBCFAF920C
:10381000BF92CF92DF92EF92FF920F931F93CF93BD
:10382000DF93EC01888186FF0DC010E0812FDF91CE
:10383000CF911F910F91FF90EF90DF90CF90BF90AD
:10384000AF90089588899989AA89BB8981159E4F6F
:10385000AF41B10550F7CE010E94549B182F882329
:1038600021F3EE81FF81CC84DD84EE84FF8432E09D
:10387000C31AD108E108F108848104C0CC0CDD1C16
:10388000EE1CFF1C8A95D2F781899289A389B4899D
:10389000C80ED91EEA1EFB1E00E0A12C82E0B82E45
:1038A000EE81FF8182810817B0F425E0B701A601FF
:1038B000400F511D611D711DCF0184960E94CCE106
:1038C000009709F4B2CFFC019501119221503040CC
:1038D000E1F70F5FE5CF848120E032E002C0220FE4
:1038E000331F8A95E2F788899989AA89BB89820F53
:1038F000931FA11DB11D888B998BAA8BBB8B96CF73
:10390000CF93DF93EC01AB0170E060E085E0440F02
:10391000551F661F771F8A95D1F7CE010E94F3E3EA
:10392000882329F0CE01DF91CF910C9411E690E02D
:1039300080E0DF91CF910895CF93DF93EC018496DF
:103940000E9496E0882331F088819981DF91CF91A0
:103950000C94EEE080E0DF91CF910895DF92EF923A
:10396000FF920F931F93CF93DF93CDB7DEB7A0974E
:103970000FB6F894DEBF0FBECDBF8C01DB019C916A
:10398000907D09F499C07B0122E5C8010E94CFE631
:10399000882309F491C081E0F801828380E1D82E68
:1039A000D082C8010E94079C882309F485C0F801D1
:1039B00084859585A685B785848F958FA68FB78FCB
:1039C00040E050E0BA01C8010E94F3E3C8010E9440
:1039D0005FE3882309F470C061E0C8010E94379B4F
:1039E000FC01892B09F468C0D38680E2DE011196C0
:1039F00001900D928A95E1F78EE28983FE0132965D
:103A0000CE010C9620E22193E817F907E1F7D801DF
:103A10001696ED91FC9117975C964D915D916D9185
:103A20007C915F974250510961097109848104C0FA
:103A3000440F551F661F771F8A95D2F78189928997
:103A4000A389B489480F591F6A1F7B1F21E0CF014A
:103A500084960E94CCE1009779F120E2FE01319634
:103A6000DC0101900D922A95E1F72EE22A83F701FD
:103A7000448D558D668D778D7E8B6D8B5C8F4B8FD6
:103A800020E2FE013196DC01909601900D922A957C
:103A9000E1F7D80116968D919C91A0960FB6F894F7
:103AA000DEBF0FBECDBFDF91CF911F910F91FF9071
:103AB000EF90DF900C949C9C80E0A0960FB6F89459
:103AC000DEBF0FBECDBFDF91CF911F910F91FF9051
:103AD000EF90DF900895DF92EF92FF920F931F9384
:103AE000CF93DF93CDB7DEB7E7970FB6F894DEBF7D
:103AF0000FBECDBF7C018B015FAB4EABD22E1982C6
:103B00001A821B82FC018081882379F080E0E7968D
:103B10000FB6F894DEBF0FBECDBFDF91CF911F91DE
:103B20000F91FF90EF90DF900895FB018081807DE1
:103B300069F3EEA9FFA980818F32A9F4EEA9FFA94C
:103B400080818F3221F43196FFABEEABF7CFF801D5
:103B500066817781CE0101960E9432E98823B1F215
:103B60008E010F5F1F4FAE014A5C5F4FBE016F5D5C
:103B70007F4F8EA99FA90E940BD7882339F2EEA907
:103B8000FFA98081882331F120E0AE014F5D5F4FB6
:103B9000B801C7010E94CFE6882379F080E2F701DF
:103BA000DE01119601900D928A95E1F7C7010E94FE
:103BB0005FE3F70110821282D3CFDD2009F4A6CF94
:103BC000AE014F5D5F4FB801C7010E94AE9C8111ED
:103BD000E5CF9CCFAE014F5D5F4FB801C7010E949A
:103BE000AE9C95CFCF92DF92EF92FF920F931F93EF
:103BF000CF93DF93E901FC01E45EFD4F0081118169
:103C0000228133810F5F1F4F2F4F3F4F041715073E
:103C10002607370750F48FEFDF91CF911F910F9157
:103C2000FF90EF90DF90CF9008956A01FC01E05F74
:103C3000FD4F37E076956795579547953A95D1F7BB
:103C40000081118122813381400F511F621F731F38
:103C500020E00E94CCE10097F1F2CC0CDD1CCC0CF2
:103C6000DD1C21E0D222C80ED91EF601808191818F
:103C7000A281B3818F3FFFEF9F07AF07BF0731F0EE
:103C800088839983AA83BB8381E0C6CF80E0C4CFB9
:103C90004F925F926F927F928F929F92AF92BF925C
:103CA000CF92DF92EF920F931F93CF93DF936C012C
:103CB00048015901DB01CA010297A109B109AC0110
:103CC000BD01480D591D6A1D7B1DF601E45EFD4FC7
:103CD00000811181228133810417150726073707D8
:103CE00008F47FC070974080518062807380EE201E
:103CF00009F46CC0481659066A067B0688F044161B
:103D000055066606770660F4401751076207730789
:103D100018F040E050E0BA0140835183628373831E
:103D20009C012770332711E001C0110F2A95EAF793
:103D30002C013D012CE076946794579447942A9582
:103D4000D1F7F601E85EFD4F4081518162817381B8
:103D5000440D551D661D771D33E0B695A7959795C3
:103D600087953A95D1F7EC01D1702A013B012FEFED
:103D7000421A520A620A720A21E0C6010E94CCE18C
:103D8000009779F1FC01EC0FFD1FA12F2081422F3C
:103D90004A2331E009F430E03E1519F12A27208347
:103DA000B1E08B1A9108A108B10861F1AA0F71F76F
:103DB0003196B301A201D0E0C0E011E0A1E09F0183
:103DC000281B390B2115324009F7CFCF84159505F3
:103DD000A605B70508F0A4CF80839183A283B3839F
:103DE0009FCF80E0DF91CF911F910F91EF90DF90F7
:103DF000CF90BF90AF909F908F907F906F905F908B
:103E00004F90089581E0EECF4F925F926F927F9234
:103E10008F929F92AF92BF92CF92DF92EF92FF92DA
:103E20000F931F93CF93DF9300D01F92CDB7DEB7D0
:103E30004C016A017B012A013B019E012F5F3F4F2C
:103E4000B701A601C4010E94F29DA82E87FD49C0BA
:103E500000E010E09801B701A601C4010E94FA95A4
:103E6000B82E8823F1F18FEFC81AD80AE80AF80AA9
:103E7000AA2049F089819A81AB81BC818C159D056E
:103E8000AE05BF0591F097018601041915092609B1
:103E90003709E12CB301A201C4010E94489E882386
:103EA00001F149805A806B807C80C980DA80EB8088
:103EB000FC80A110C2CF8B2D0F900F900F900F9010
:103EC000DF91CF911F910F91FF90EF90DF90CF90F6
:103ED000BF90AF909F908F907F906F905F904F902A
:103EE0000895B12CE8CF2F923F924F925F926F923C
:103EF0007F928F929F92AF92BF92CF92DF92EF927A
:103F0000FF920F931F93CF93DF93CDB7DEB72E971A
:103F10000FB6F894DEBF0FBECDBF9E878D87498355
:103F20005A836B837C830F83188729873A872A01FA
:103F30003B0122E0421A510861087108452B462BCB
:103F4000472B41F4ED85FE85E45FFD4F40805180B5
:103F500062807380ED85FE85E45EFD4F80819181F6
:103F6000A281B381481659066A067B0618F0412CD7
:103F7000512C3201D301C20133E0B695A795979534
:103F800087953A95D1F71C0141E0342211E0C20136
:103F90008770992701C0110F8A95EAF753014201F2
:103FA000730162018D859E85885E9D4F9E838D8302
:103FB000AD85BE85A45EBD4FBC87AB87ED81FE811C
:103FC00080819181A281B381B701A6012CE0769511
:103FD0006795579547952A95D1F7480F591F6A1F3E
:103FE0007B1F20E08D859E850E94CCE19C01892B62
:103FF00009F47FC0F901E20DF31D0081FFEFCF1A34
:10400000DF0AEF0AFF0A902F912309F047C0B7019A
:10401000A601481959096A097B098F819885A985E4
:10402000BA85481759076A077B07D1F589819A81B4
:10403000AB81BC81892B8A2B8B2B89F48F8198854E
:10404000A985BA850197A105B10549F4AD85BE855D
:10405000A45FBD4FFD0180829182A282B382C5011F
:10406000B4016E5F7F4F8F4F9F4F2E960FB6F8941F
:10407000DEBF0FBECDBFDF91CF911F910F91FF909B
:10408000EF90DF90CF90BF90AF909F908F907F90F8
:104090006F905F904F903F902F9008954601570189
:1040A0004C145D046E047F0441F1AB85BC854D91D9
:1040B0005D916D917C91C416D506E606F70678F4FD
:1040C000110F09F09BCFC1010196312C212C11E079
:1040D0008115B2E09B0708F071CF1C018BCF212C1A
:1040E00082E0382E812C912C5401C12CD12C7601E8
:1040F000EACF60E070E0CB01B8CF61E070E080E033
:1041000090E0B3CF9FE9980F9A3108F48052089558
:104110004F925F926F927F928F929F92AF92BF92D7
:10412000EF92FF920F931F93CF93DF93EC0188A13F
:1041300099A1488D598D6A8D7B8D41155105610579
:10414000710519F14F5F5F4F6F4F7F4F01E010E036
:1041500020E030E00E94739F4B015C0122E0821658
:104160009104A104B104A8F4F12C8F2DDF91CF911B
:104170001F910F91FF90EF90BF90AF909F908F9005
:104180007F906F905F904F90089540E050E0BA01AB
:10419000DDCFEE24E39401E010E020E030E0BC014C
:1041A000A40188A199A10E94489EF82E8823E1F2DB
:1041B000488D598D6A8D7B8D8EA541155105610500
:1041C000710539F480648EA7888E998EAA8EBB8E75
:1041D000CCCF86FF2AC04F5F5F4F6F4F7F4F481590
:1041E00059056A057B0581F38F7B8EA74C8D5D8D0C
:1041F0006E8D7F8D88A199A1488C598C6A8C7B8C9F
:10420000441555056605770580F42A013B012FEF1B
:10421000421A520A620A720A930182010E94FA95B6
:10422000B301A2018111E6CF9FCF0FEF1FEF9801DD
:10423000B501A40188A199A10E94FA95882309F4E7
:1042400093CF488D598D6A8D7B8D41155105610540
:10425000710509F4B9CF9501840188A199A10E9443
:10426000FA958111B1CF80CF2F923F924F925F92FA
:104270006F927F928F929F92AF92BF92CF92DF9276
:10428000EF92FF920F931F93CF93DF93CDB7DEB7DB
:1042900062970FB6F894DEBF0FBECDBF988B8F87A5
:1042A0004801222E3D834E83352E2B01DC0158968A
:1042B0002D913D914D915C915B972B873C874D876C
:1042C0005E879C96BC91BF83BB2309F4E3C0FC01CD
:1042D000F081F887DC011196BC91B987FC01F2816D
:1042E000FA87DC0113966C90139714967C901497C0
:1042F0001596BC91FC01F681F98BFC01F781FA8BD4
:10430000288539854A85562D672D7B2F89899F2FD2
:104310005801C22CDD80EE80F32C82010F94D20371
:10432000F1F09401422D5D2D6E2D732DC201A0E0A0
:104330000F94DB03B1F4AF85B88958961D921D9296
:104340001D921C925B97EF85F88980829182228270
:104350002D8123833E81348335824682578281E0DA
:10436000A4C0EF81E3FF10C0EF85F8892085318577
:10437000428553856485758586859785DD80EE80C9
:104380000F94D20308F486C0EF85F889A0A0B1A0ED
:10439000C501815D9D4FFC011081175F9401422D85
:1043A0005D816E81732DC201AFEF0F94BD03012FAC
:1043B0000F949903942F852FA901692F782F6901F4
:1043C0007B01EF85F88986A586FF0DC0848D958DCC
:1043D000A68DB78D840F951FA61FB71F808F918F55
:1043E000A28FB38FB0CF288539854A85562D672D8A
:1043F0007B2F89899A89AFEF0F94BD030F9499039E
:1044000029833A834B835C8329813A814B815C8188
:10441000C216D306E406F50668F0288539854A8574
:10442000562D672D7B2F89899A89A0E00F94DB0395
:1044300009F05BC0BF81B6FF51C0F501E05EFD4FE2
:1044400080819181A281B381EF85F889808F918FDE
:10445000A28FB38F6F84788838E1630E711CC1140A
:10446000D104E104F10409F46ECFAF85B889589600
:104470004D915D916D917C915B97930190968D919B
:104480009C910E94F29DB1E0CB1AD108E108F1089D
:1044900018162CF38B859C85AD85BE85EF85F88934
:1044A000808F918FA28FB38F80E062960FB6F894C1
:1044B000DEBF0FBECDBFDF91CF911F910F91FF9057
:1044C000EF90DF90CF90BF90AF909F908F907F90B4
:1044D0006F905F904F903F902F900895EF85F889EF
:1044E000848D958DA68DB78DAFCF29813A814B8173
:1044F0005C81C21AD30AE40AF50AACCFFC0184A598
:1045000081110CC08FE2DF011D928A95E9F780E4EA
:1045100084A771A360A381E086A7089580E0089531
:104520009F92AF92BF92CF92DF92EF92FF920F9342
:104530001F93CF93DF9300D000D000D0CDB7DEB76C
:104540008C01942E89E0F801B296DE01119601905B
:104550000D928A95E1F7F801A0A0B1A0F0E26F9F5B
:10456000C0011124B0E0A0E04D815E816F817885AB
:10457000F501EC5DFD4FC080D180E280F380C42264
:10458000D522E622F722C80ED91EEA1EFB1E840F92
:10459000951FA61FB71F8D839E83AF83B8873B9659
:1045A0008081875F04C0F694E794D794C7948A9576
:1045B000D2F7C114D104E104F10489F149815A818F
:1045C0006B817C818985882371F04F5F5F4F6F4FCE
:1045D0007F4F49835A836B837C8321E0C21AD108C1
:1045E000E108F108E6CF9E012F5F3F4FC5010E9411
:1045F000F29D813091F390E080E029960FB6F89417
:10460000DEBF0FBECDBFDF91CF911F910F91FF9005
:10461000EF90DF90CF90BF90AF909F900895492D7D
:10462000BE016F5F7F4FF80180A191A10E944F965C
:10463000E4CFFF920F931F93CF93DF93FC0124A548
:10464000211107C081E0DF91CF911F910F91FF9061
:104650000895EC0186A587FF8AC08F7786A7F12C85
:1046600010E000E08BA58F1508F469C040E06F2DC5
:10467000CE010E9490A2FC01892B09F473C08081B5
:10468000803C61F1813C69F0853809F06BC08CA5F4
:10469000877390E095838483A8A1B9A18C918160F0
:1046A0008C93408190E080E000FB1795079517F907
:1046B000DF01A80FB91F2C91020F111D8130910548
:1046C00021F423E030E0453811F021E030E0820FA2
:1046D000931F8032910540F3F394C4CF81819EA54E
:1046E00096FF2BC082608183788969895A894B89BA
:1046F0003C892D899E898F8970876187528743877E
:1047000034872587968787878C8D9D8DAE8DBF8D4D
:10471000848B958BA68BB78B788569855A854B855D
:104720003C852D859E858F85708F618F528F438F3D
:10473000348F258F968F878FAFCF8D7FD4CF41E079
:10474000BE016E5D7F4F88A199A10E944F96009790
:1047500049F0FC011383028388A199A10E949996D4
:10476000811170CF8DA581608DA780E06CCF80A175
:1047700091A10E949996811165CF9DA591609DA7F9
:1047800062CF2F923F924F925F926F927F928F9261
:104790009F92AF92BF92CF92DF92EF92FF920F93D0
:1047A0001F93CF93DF93CDB7DEB763970FB6F8941F
:1047B000DEBF0FBECDBFDC019E962C9121FD1AC03D
:1047C00080E063960FB6F894DEBF0FBECDBFDF91D9
:1047D000CF911F910F91FF90EF90DF90CF90BF90FE
:1047E000AF909F908F907F906F905F904F903F9091
:1047F0002F900895FC01448C558C668C778C411465
:1048000051046104710409F433C14C01C08CD18C92
:10481000E28CF38C26FFEEC02085318542855385DE
:104820006485758586859785AFEF0F94BD0300A0DD
:10483000F1A1E02DDF01A15DBD4F0C91075F0F9449
:1048400099032D833E834F83588769877A878B87A7
:104850009C870D811E812F8138850F5F1F4F2F4F41
:104860003F4FC114D104E104F10409F4ACC0D701F5
:10487000C6010196A11DB11D89839A83AB83BC83B8
:10488000B1E04B1A5108610871084C185D086E08B8
:104890007F08040D151D261D371D01151105210565
:1048A000310509F09CC0D401FC911196EC9111974F
:1048B0001296BC91BD83D4011396BC91BD87D401DF
:1048C0001496BC91BE87D4011596BC91BF87D401C4
:1048D0001696BC91B88BD4011796BC91B98BD401B4
:1048E00050962C90509751963C90519752964C90E0
:1048F000529753965C90539754966C905497559654
:104900007C9055975696BC91BA8BD4015796BC9122
:10491000BB8B9101A201B3018A899B2FAF2EBE2EC2
:10492000CD80DD84EE84FF84088919890F94D20339
:1049300039F030F02F2E3E2E260137010A8B1B8BCB
:10494000D40150962C92509751963C925197529682
:104950004C92529753965C92539754966C925497FC
:1049600055967C9255978A8956968C9356978B8943
:1049700057968C9357971896FC9318971996EC9323
:104980001997ED811A96EC931A97FD851B96FC9367
:104990001B97EE851C96EC931C97FF851D96FC9348
:1049A0001D97E8891E96EC931E97F9891F96FC9334
:1049B0001F979E968C919E9780689E968C93C401BB
:1049C0000E9419A3FECE49825A826B827C82D40156
:1049D0005C961D921D921D921C925F975ECF49813D
:1049E0005A816B817C81E12CCF010E94489E81110C
:1049F0005ACFE6CEC114D104E104F10481F1198249
:104A00001A821B821C829E012F5F3F4FB701A601B5
:104A100080A191A10E94F29D87FDD2CE882379F0DA
:104A2000F401408D518D628D738D0FEF1FEF980152
:104A300080A191A10E94FA95882309F4C1CE4981F1
:104A40005A816B817C81411551056105710509F41D
:104A50002ACFF40180A191A10E94049FC8CF49826E
:104A60005A826B827C82148E158E168E178EE7CF3B
:104A700081E0A7CE4F925F926F927F928F929F922A
:104A8000AF92BF92CF92DF92EF92FF920F931F935C
:104A9000CF93DF9300D01F92CDB7DEB74C01DC017E
:104AA0009C968C919C9786FF5CC090960D911C9172
:104AB000F801E05EFD4F80819181A281B3818983FD
:104AC0009A83AB83BC83C12CD12C760149815A8156
:104AD0006B817C819E012F5F3F4FC8010E94F29D38
:104AE00087FD3BC0BFEFCB1ADB0AEB0AFB0A811143
:104AF000EDCFF801E15DFD4F8081875F04C0CC0CF4
:104B0000DD1CEE1CFF1C8A95D2F7D4019096ED9126
:104B1000FC91E85DFD4F80819181A281B3818C0D74
:104B20009D1DAE1DBF1D0097A105B44000F180E0A2
:104B30000F900F900F900F90DF91CF911F910F91D9
:104B4000FF90EF90DF90CF90BF90AF909F908F90AD
:104B50007F906F905F904F900895C12CD12C76017B
:104B6000C8CFF401C084D184E284F384CECFC401E1
:104B70000E9488A08823D9F2D40190968D919C91AF
:104B800091975896CD90DD90ED90FC905B97B2E0B8
:104B9000CB1AD108E108F108FC01E15DFD4F20814D
:104BA00004C0CC0CDD1CEE1CFF1C2A95D2F7885EDD
:104BB0009D4FFC0180819181A281B381C80ED91ED5
:104BC000EA1EFB1E412C512C320100E012E0D40100
:104BD00090968D919C919197FC01E15DFD4F208114
:104BE00041E050E060E070E004C0440F551F661FD4
:104BF000771F2A95D2F74416550666067706C0F445
:104C000025E0B701A601440D551D661D771D0E94C4
:104C1000CCE1009709F48BCFFC019801119221504F
:104C20003040E1F73FEF431A530A630A730ACFCFCC
:104C30009C962C919C9726FD62C09E962C919E97E7
:104C400020689E962C93FC01E85DFD4F8081918148
:104C5000A281B3819C01AD0160E070E080E090E052
:104C6000D4011896AC9018971996BC9019971A967B
:104C7000CC901A971B96DC901B971C96EC901C9777
:104C80001D96FC901D971E960C911E971F961C91C9
:104C90001F970F94B40318962C93189719963C936A
:104CA00019971A964C931A971B965C931B971C9610
:104CB0006C931C971D967C931D971E968C931E9744
:104CC0001F969C9380819181A281B3819C01AD014B
:104CD00060E070E080E090E0F401A088B188C288D4
:104CE000D388E488F588068917890F94B403208B4C
:104CF000318B428B538B648B758B868B978BC40166
:104D00000E9419A315CF8F929F92AF92BF92EF92FC
:104D10000F931F93CF93DF9300D000D000D01F924A
:104D2000CDB7DEB79A838983DC019E969C919E97CE
:104D300091FF63C0BA87A9875C968D909D90AD90D6
:104D4000BC905F9781149104A104B104A9F410E010
:104D5000E985FA8583A5811708F466C041E0612FD3
:104D6000CF010E9490A2009709F447C0DC012C916A
:104D70002F772C931F5FECCFA985BA859096ED9184
:104D8000FC91919796FF4AC018962C911897199606
:104D90003C9119971A964C911A971B965C911B9708
:104DA0001C966C911C971D967C911D971E968C915C
:104DB0001E971F969C91AFEF0F94BD03DF01A15D7D
:104DC000BD4F0C91075F0F94990329833A834B835E
:104DD0005C836D837E838F83988709811A812B8101
:104DE0003C810F5F1F4F2F4F3F4FE12CB501A401B6
:104DF000CF010E94489E8111AACF80E02A960FB66B
:104E0000F894DEBF0FBECDBFDF91CF911F910F9100
:104E1000EF90BF90AF909F908F900895B501A4013F
:104E2000CF010E94049FE7CFE985FA8514A616A654
:104E300080A191A12A960FB6F894DEBF0FBECDBF18
:104E4000DF91CF911F910F91EF90BF90AF909F9006
:104E50008F900C949996982F803290F0877F8232B1
:104E600079F09A3369F0892F8F7B8C3349F082EC8B
:104E7000890F823028F081E09C3519F080E0089598
:104E800081E00895CF92DF92EF92FF920F931F93EC
:104E9000CF93DF93EA016901FB019F012F5F3F4F31
:104EA00080818032E9F0F983E883FD83EC839E2FD3
:104EB0008F2F7F01D7011D917D011123D1F01F326A
:104EC00089F0812F0E942BA7811141C017FD40C09E
:104ED0001E3221F0103211F0FD82EC82F701E7CF93
:104EE000F901DBCF9E2F8F2F21912032D9F32F3262
:104EF000C9F3F60190838183C880D980DB82CA829E
:104F00000C811D81F12CE12CEA81FB81E017F10776
:104F100091F0CF0101969B838A8380810E9482A0B9
:104F2000E0FAF794E794F7F8E80EF11CE0FAF7944A
:104F3000E794F7F8E9CF0C191D091F830E83F98652
:104F4000E8860150110981E00F3F110508F080E06B
:104F5000DF91CF911F910F91FF90EF90DF90CF9055
:104F60000895AF92BF92CF92DF92EF92FF920F938C
:104F70001F93CF93DF93EC016A017B0159018B8171
:104F80009C81AD81BE818C159D05AE05BF0590F459
:104F90009501B701A60189819A810E9454E1DF91B0
:104FA000CF911F910F91FF90EF90DF90CF90BF9026
:104FB000AF900895400F511F611D711D8417950713
:104FC000A607B70728F7CE010E9496E08111E0CF2F
:104FD000E6CF2F923F924F925F926F927F928F9285
:104FE0009F92AF92BF92CF92DF92EF92FF920F9378
:104FF0001F93CF93DF93CDB7DEB764970FB6F894C6
:10500000DEBF0FBECDBF9C8B8B8B7A8B698B1A0159
:10501000DC019E968C919E9780FFC9C186FD04C0DD
:105020009C968C9183FF92C1EB89FC89F085F9876E
:10503000AB89BC891996BC91BA87EB89FC89F2854A
:10504000FB87AB89BC891B96BC91BC87EB89FC892B
:10505000F485FD87AB89BC891D96BC91BE87EB8921
:10506000FC89F685FF87AB89BC891F96BC91B88BFC
:10507000EB89FC89F081F983AB89BC891196BC91DD
:10508000BA83EB89FC89F281FB83AB89BC891396D7
:10509000BC91BC83EB89FC89F481FD83AB89BC891D
:1050A0001596BC91BE83EB89FC89F681FF83AB89A1
:1050B000BC891796BC91B88729853A854B855C8554
:1050C0006D857E858F859889A980BA80CB80DC80AC
:1050D000ED80FE800F2F1B2F0F94C90359016A0129
:1050E0007B018C01910140E050E060E070E080E0E5
:1050F00090E031010F94D20339F030F069847A8462
:10510000E981FA816E1A7F0AAB89BC8950964C906E
:10511000509751965C90519752968C905297539617
:105120009C9053975496BC91EB89FC89A58936884D
:10513000278829813A814B815C816D817E818F81B5
:10514000988552016401EB2EFA2E032D122D0F9437
:10515000D20308F0F2C09201A4016B2F7A2F832DA5
:10516000922DA980BA80CB80DC80ED80FE800F81FB
:1051700018850F94C903F22FE32F6A017B018C017C
:105180004301930140E050E060E070E080E090E097
:10519000AF2EBE2E0F94D20319F010F08F2E9E2E3C
:1051A000282C392C2614370408F0D0C06218730854
:1051B000512C412C8B899C8948969A878987211488
:1051C000310409F482C1AB89BC89BC91B983EB89F4
:1051D000FC89F181FA83AB89BC891296BC91BB83AF
:1051E000EB89FC89F381FC83AB89BC891496BC9163
:1051F000BD83EB89FC89F581FE83AB89BC8916965A
:10520000BC91BF83EB89FC89F781F887AB89BC89A6
:105210009096ED91FC91DF01AC5DBD4FCD90DD909E
:10522000ED90FC9089819A81AB81BC81C822D92202
:10523000EA22FB2286011170C114D104E104F104B9
:10524000F9F429813A814B815C816D817E818F8166
:105250009885A0E00F94DB0309F082C0AB89BC897C
:105260009C968C9186FF75C0E05EFD4F8081918198
:10527000A281B381EB89FC89808F918FA28FB38F3C
:10528000EB89FC8980A191A1FC01E15DFD4FE081EA
:1052900049E0F694E794D794C7944A95D1F7AB893F
:1052A000BC8958964D915D916D917C915B97425070
:1052B0005109610971090E2E04C0440F551F661F64
:1052C000771F0A94D2F74C0D5D1D6E1D7F1DDC010A
:1052D000A85EBD4F8D909D90AD90BC90480D591D1E
:1052E0006A1D7B1D0115110509F06CC02114B2E087
:1052F0003B0608F467C0DC0113968D909D90AD903D
:10530000BC901697481559056A057B0509F45AC0E3
:105310002114B4E03B0608F0ACC001E010E029899C
:105320003A89FC01818192810E9454E1882309F429
:105330003EC0812C82E0982E5BC0F0E0E0E0C12C02
:10534000D12CE12CF12C00E010E01ACF712C612C53
:105350002FCFEB89FC89848D958DA68DB78D8ACF53
:10536000AB89BC8958964D915D916D917C915B970D
:105370009E968C919E9786FF0AC04F5F5F4F6F4F3E
:105380007F4FFD01408F518F628F738F79CF2985B9
:105390003A85CF010E94F29D87FD09C0811170CF2F
:1053A000AB89BC899C968C91807509F08EC0AB89C5
:1053B000BC899D968C919D9782609D968C938FEF72
:1053C0009FEFAAC020E032E0201B310B41012215E3
:1053D000330508F4490120E00E94CCE1009739F33D
:1053E000BC01600F711FA40189899A890F94FC0385
:1053F00089899A89880D991D9A8B898B480C591C2B
:10540000940140E050E060E070E080E090E0AB8923
:10541000BC89AC901196BC9011971296CC901297C3
:105420001396DC9013971496EC9014971596FC90B5
:10543000159716960C91169717961C9117970F941F
:10544000B4032C9311963C93119712964C93129798
:1054500013965C93139714966C93149715967C93FC
:10546000159716968C93169717969C9328183908BB
:10547000A6CE4101892C99248694B12CA12C01E05F
:1054800010E020E030E004C0000F111F221F331F86
:10549000EA95D2F70C191D092E093F0980169106CD
:1054A000A206B30610F4950184014801590129E0D0
:1054B000880C991CAA1CBB1C2A95D1F729893A890A
:1054C0000E94B1A7811194CF72CF6114710419F1B8
:1054D000A30170E060E089899A890F940504930123
:1054E00040E050E060E070E080E090E0EB89FC8913
:1054F000A080B180C280D380E480F58006811781CE
:105500000F94B40389019A01AB01BC01CF010E9441
:1055100034A1460C571CC20164960FB6F894DEBF46
:105520000FBECDBFDF91CF911F910F91FF90EF90F4
:10553000DF90CF90BF90AF909F908F907F906F90B3
:105540005F904F903F902F9008952F923F924F92EF
:105550005F926F927F928F929F92AF92BF92CF9203
:10556000DF92EF92FF920F931F93CF93DF93CDB70C
:10557000DEB7AE970FB6F894DEBF0FBECDBF3C01CD
:105580007B012A01C22EDC019C968C9181110DC0F9
:10559000FB0184A5807549F0822F8370813009F466
:1055A00092C040F0823009F48BC0F30114A616A615
:1055B000D12C2EC1F1E0FBA363E0862E41145104EF
:1055C000B9F0D20116968D919C910E966FE070E025
:1055D0000F943C0272E0872E860E00E010E020E07F
:1055E00030E040E050E060E070E0C7010E9434A18C
:1055F000D12C10E0FE01B196FAA3E9A3FBA1F0645F
:10560000FEA75FE2952E40E250E0BE016F5F7F4F44
:10561000C7010E94E9A7009741F1809731F689817F
:1056200087FD54C0111118C0D7012D913D914D91A6
:105630005C91139720523109410951092AA73BA7D0
:105640004CA75DA758962D913D914D915C915B972C
:105650002EA33FA348A759A7181508F41F5F81116F
:105660000CC14114510409F4A0CFC4FE9ECF8BA1FC
:10567000827009F49ACF4114510409F496CF181599
:1056800008F077C140E250E0BE016F5F7F4FC70175
:105690000E94E9A7009709F04EC1D7015896AD9036
:1056A000BD90CD90DC905B97C7010E943AA58823FE
:1056B00009F47BCFF701A08EB18EC28ED38EDFCFDF
:1056C00023E02BA379CF32E03BA376CFD11044C0A7
:1056D000181508F410E0853809F095CFF301292D4D
:1056E00011922A95E9F78A81D3019B968C939B9717
:1056F0009D81892F877394FF2BC09C968C93D70133
:1057000090968D919C919197F30191A380A35896C7
:105710008D919D910D90BC91A02D82A393A3A4A3E4
:10572000B5A3F70180819181A281B3818097A109FE
:10573000B109F30186A397A3A0A7B1A7D7019E96AD
:105740008C9186FB882780F982A7DD24D3945BCFD8
:105750008860F30184A7D3CF803C09F090C02BA1CF
:10576000F30126A78A8181FF02C03EA536A789855D
:10577000D30150968C9350978A8551968C9351976C
:105780008B8552968C9352978C8553968C93539716
:105790008D8554968C9354978E8555968C935597FA
:1057A0008F8556968C935697888957968C938D89BA
:1057B0009E89AF89B88DF301848F958FA68FB78F9F
:1057C000898D80878A8D81878B8D82878C8D838759
:1057D0008D8D84878E8D85878F8D868788A187871D
:1057E0004114510479F5C6FCE0CE8C2D847221F46D
:1057F000F30186A581FF06C0D3019C968C9181712F
:1058000009F0D3CEC5FC79C0F30186A581FD8FC018
:105810008D2DAE960FB6F894DEBF0FBECDBFDF91D3
:10582000CF911F910F91FF90EF90DF90CF90BF909D
:10583000AF909F908F907F906F905F904F903F9030
:105840002F900895D2018D919C91119713969C935E
:105850008E9312972C8116968D919C9117972817ED
:10586000190659F4DD24D39418962D913C918D811D
:105870009E812817390709F4C6CED12CC4CE813CAD
:10588000E1F7F201248035809E012D5F3F4F3DA35B
:105890002CA3ACA1BDA1AD90BD90BDA3ACA3D20182
:1058A0001296ED91FC911397E215F30559F4AB288C
:1058B00021F7D20112968D919C918215930509F0E2
:1058C000A2CE91CFCF01019613969C938E931297FF
:1058D0008081BFE7AB16B10480F60E9482A0082F3A
:1058E0008A2D0E9482A00813C8CFECA1FDA129A196
:1058F0003AA1E217F30769F6DCCFD3019E968C91AB
:1059000081FF53CE00E010E020E030E040E050E0C6
:1059100060E070E0C3010E9434A1882309F445CE01
:10592000C3010E94C1A3882309F43FCE6DCF84A593
:10593000806284A76DCF809709F037CE111117C010
:10594000F70180819181A281B3819C01AD01205238
:105950003109410951092AA73BA74CA75DA7808DB2
:10596000918DA28DB38D8EA39FA3A8A7B9A71F5F0A
:1059700086CEF70186A586FB882780F99FE2D301B2
:105980001D929A95E9F720A131A1F30131A320A33B
:1059900098E294A72EA13FA148A559A522A333A31D
:1059A00044A355A32AA53BA54CA55DA526A337A3D3
:1059B00040A751A782A7F2018081918193838283BE
:1059C00010E080E2982E91ECA92E20ECD22E2BA094
:1059D000689427F835E8B32E0FEF080D41E2E42E66
:1059E0004CE5F42E181509F45BC041E0612FC301AA
:1059F0000E9490A2DC01892B09F4D7CD8C9187FD00
:105A0000D4CDFD01292D11922A95E9F7111114C069
:105A1000BC92F30103A711960C9311971B96FC926D
:105A2000EE921A971F96FC92EE921E975396FC9256
:105A3000EE9252971F5FD6CF113091F4DC921196FF
:105A40001C931197F30126A6F201868113968C937D
:105A500013978085918515969C938E931497EACF22
:105A6000AC92F20144815581BD016E5F7F4FCD0143
:105A70008096F201A281B381A417B507D9F29D01E6
:105A80002F5F3F4F338322832C91022E000C330B68
:105A9000DB012D933D93BD018A179B0751F7CACFB8
:105AA000C3010E9419A3D82EB3CE0F931F93CF9397
:105AB000DF93EC01FB0194A5907549F122E5CE013D
:105AC0000E94A5AA882319F180E38CA7CE010E9429
:105AD0003AA58823E1F0888D998DAA8DBB8D8C8F96
:105AE0009D8FAE8FBF8F00E010E020E030E040E0FF
:105AF00050E060E070E0CE010E9434A181EC8EA7FE
:105B0000CE01DF91CF911F910F910C9419A380E0EA
:105B1000DF91CF911F910F910895DF92EF92FF9245
:105B20000F931F93CF93DF93CDB7DEB7EB970FB6ED
:105B3000F894DEBF0FBECDBF8C017B015BAF4AAFD7
:105B4000D22E1DA61EA61FA6FC0184A5882379F0CF
:105B500080E0EB960FB6F894DEBF0FBECDBFDF91AD
:105B6000CF911F910F91FF90EF90DF900895FB016F
:105B700084A5807569F3EAADFBAD80818F32D9F4DD
:105B8000EAADFBAD80818F3221F43196FBAFEAAFF5
:105B9000F7CFF70160A171A1811104C0C8010E9473
:105BA0007EA2D7CFCE0101960E947EA2882381F2E9
:105BB000CE0101967C016AAD7BAD9E01265C3F4F14
:105BC000AE01405D5F4FC8010E9442A7882309F4DF
:105BD000BFCFEAADFBAD80818823D1F020E0AE01DC
:105BE000405D5F4FB701C8010E94A5AA882309F450
:105BF000AFCF8FE2F801DE01119601900D928A95E8
:105C0000E1F7C8010E9419A3F80114A616A6D0CF87
:105C10002D2DAE01405D5F4FB701C8010E94A5AABE
:105C200098CF6115710521F0605D7D4F0C948DADAD
:105C300080E00895CF93CFB7F8948091580D8111EB
:105C400027C0EFE2FDE18491E5E7FDE19491E82FC3
:105C5000F0E0EE0FFF1FED58F44EA591B491EC91DA
:105C6000E92321F461E085E30E9417DB61E085E32D
:105C70000E9452DC8CB580618CBD8CB580648CBD7B
:105C800061E084E30E9452DC61E083E30E9452DC25
:105C90008091580D8F5F8093580DCFBFCF9108959D
:105CA000CF93DF9300D01F92CDB7DEB7CE01019620
:105CB0000E945977882369F08981823050F49A8153
:105CC0009A509B3530F490E00E9432778A810E948E
:105CD000E4781092810F1092800F8091910F809341
:105CE0007E0F8091590280937F0F1092820F109245
:105CF000930F81E080937D0F0F900F900F900F9086
:105D0000DF91CF9108950F931F93CF93DF93CDB77A
:105D1000DEB761970FB6F894DEBF0FBECDBFFE01B0
:105D2000319690E08F01DB012D91BD01211109C059
:105D3000F801E90FF11D20E29F5F21939031E1F717
:105D400004C021939F5F903171F7198A0E9407DC8C
:105D5000C8010E94DAD661960FB6F894DEBF0FBE76
:105D6000CDBFDF91CF911F910F910895CF93DF9316
:105D7000CDB7DEB79E01245F3F4F4A855B856885BE
:105D800079858E819F810E943BFFDF91CF9108959D
:105D90002F923F924F925F926F927F929F92AF921B
:105DA000BF92CF92DF92EF92FF920F931F93CF9308
:105DB000DF938091790F90917A0F059709F49BC139
:105DC00080915802882309F472C08091150E8823AF
:105DD00009F46DC08091140E882309F468C0C09145
:105DE0007B0FD0917C0F209709F461C0A0905002E6
:105DF000B0905102C5010497039728F021E0A21644
:105E0000B10409F054C089E395E10E94C26F811189
:105E10004EC0D12CC12C06E11EE080EA982E99E1FB
:105E2000E92E92E1F92E25E1222E25E1322E3FE1E5
:105E3000432E35E1532E49E2642E45E1742EC11004
:105E40009EC036E0A316B10409F04FC01F930F9314
:105E5000DF93CF9323E335E13F932F931F929F92DC
:105E6000FF92EF920E94B6AE2DB73EB7265F3F4F2E
:105E70000FB6F8943EBF0FBE2DBF01978F39910525
:105E8000B0F469E174E189E192E10F940C04892B8B
:105E900071F089E192E10E94B86E882309F4E3C0B1
:105EA0003FEFC31AD30A84E6C816D10441F685E051
:105EB00090E090937A0F8093790F0E941D950E9435
:105EC000166E81E0DF91CF911F910F91FF90EF90BF
:105ED000DF90CF90BF90AF909F907F906F905F903A
:105EE0004F903F902F900C94837135E0A316B1042E
:105EF000B1F41F930F93DF93CF937F926F921F9212
:105F00009F92FF92EF920E94B6AE2DB73EB7265FEA
:105F10003F4F0FB6F8943EBF0FBE2DBFAECF31E05E
:105F2000A316B104B1F41F930F93DF93CF935F9245
:105F30004F921F929F92FF92EF920E94B6AE2DB7A2
:105F40003EB7265F3F4F0FB6F8943EBF0FBE2DBF42
:105F500094CF1F930F93DF93CF933F922F921F9273
:105F60009F92FF92EF920E94B6AE2DB73EB7265F8A
:105F70003F4F0FB6F8943EBF0FBE2DBF7ECF36E029
:105F8000A316B104D1F4DF92CF921F930F93DF9346
:105F9000CF9326E035E13F932F931F929F92FF927C
:105FA000EF920E94B6AE2DB73EB7245F3F4F0FB6BB
:105FB000F8943EBF0FBE2DBF60CF35E0A316B104ED
:105FC000D1F4DF92CF921F930F93DF93CF9327EFFC
:105FD00034E13F932F931F929F92FF92EF920E9482
:105FE000B6AE2DB73EB7245F3F4F0FB6F8943EBF15
:105FF0000FBE2DBF42CF31E0A316B104D1F4DF9222
:10600000CF921F930F93DF93CF9328EE34E13F930A
:106010002F931F929F92FF92EF920E94B6AE2DB7E0
:106020003EB7245F3F4F0FB6F8943EBF0FBE2DBF63
:1060300024CFDF92CF921F930F93DF93CF9329ED5D
:1060400034E13F932F931F929F92FF92EF920E9411
:10605000B6AE2DB73EB7245F3F4F0FB6F8943EBFA4
:106060000FBE2DBF0ACF69E172E189E194E10E9480
:10607000A289882309F41BCFAA94AB2851F569E1C2
:1060800074E184E090E10E9438EF882311F169E126
:1060900072E184EA90E10E9438EF8823D1F064EA4B
:1060A00070E184E090E10F940C04892B91F084E07E
:1060B00090E10E94B86E882361F084EA90E10E942A
:1060C000B86E811111C064EA70E184E090E10E9431
:1060D000A2894FE950E069E172E189E194E10F940E
:1060E00023041092B814E3CE84EA90E10E94F48B6A
:1060F0008111E9CFEECFDF91CF911F910F91FF90EA
:10610000EF90DF90CF90BF90AF909F907F906F9077
:106110005F904F903F902F9008950F931F93CF93D0
:10612000DF93EC018B01BA0101501109A8010E9413
:106130002CFFC00FD11F1882DF91CF911F910F91BB
:106140000895009741F04115510519F4FC011082A2
:1061500008950C948DB00895CF92DF92EF92FF9244
:106160000F931F93CF93DF9300D01F92CDB7DEB76D
:106170008C016B01BA01452B09F0A2C0809150023D
:1061800090915102069709F097C080915202909128
:106190005302A0915402B091550242E558E1803477
:1061A0009C49A105B10510F046E558E164E070E0B6
:1061B000CE0101960E94A1B08981E12C882361F073
:1061C0008A81EE24E394882339F08B8193E0E92ED1
:1061D000811102C082E0E82E8FE0F82EFE18C11473
:1061E000D10421F0F6018081811110C04AE558E107
:1061F00061E170E0C8010E94A1B0F80180E09191D6
:106200009923D9F0F81661F08F5FF9CFD601F80124
:1062100080E09D91992389F091938F5FF812F9CFD7
:10622000FE0131968F2D8E0DF81691F09191D801C7
:10623000AF0DB11D9C93F394F7CFF801E80FF11D5A
:1062400090E28F1518F48F5F9193FBCFF82EE8CF73
:10625000F80117868091340E882309F496C0809146
:1062600050029091510286309105B1F50E9401953E
:106270009C01A4E6B0E00F947A022FEF37E040E0F3
:1062800050E00F945002253631054105510520F0AC
:1062900024E630E040E050E084E6821BF80190E024
:1062A0002191211174C0F801E90FF11D20E29F5FD7
:1062B00021939F30E1F76FC0C114D10429F0B601DA
:1062C000C8010E94B8DDC6CF4AE558E161E170E03F
:1062D000C8010E94A1B0BECF019749F50E9457287E
:1062E0006091500D7091510D2091520D3091530DD0
:1062F00050E040E0260F371F411D511D280F391F68
:10630000411D511D2115FCE03F074105510520F0BD
:106310002FEF3BE040E050E0A4E6B0E00F948902AC
:106320002FEF3BE040E050E00F945002B5CF0E94C9
:1063300057286091540D7091550D2091560D309154
:10634000570D50E040E0260F371F411D511D280F0B
:10635000391F411D511D21158CE03807410551059C
:1063600020F02FEF3BE040E050E0ACE9BFEF0F94AE
:106370009702645670458B4F9F4F2FEF3BE040E0F4
:1063800050E00F945002822F89CF84E687CF9F5F21
:106390009F3009F085CF91E0F8019787108A0E941D
:1063A000BB740F900F900F900F90DF91CF911F91C2
:1063B0000F91FF90EF90DF90CF900895CF93DF93F0
:1063C00061157105B9F0FB012081222399F0DC01F0
:1063D0009B01205F3F4F41914D93EF0121974881F1
:1063E000442329F0E217F307B1F7FC01108ADF918B
:1063F000CF9108954AE558E161E170E0DF91CF91D6
:106400000C94A1B0FC0184E0DF011D928A95E9F7AC
:1064100080918C0F90918D0F21E08430910549F08F
:1064200024E08330910529F026E08230910509F4BB
:1064300025E0208321E0892B09F020E02183809151
:106440008E0F82838091900F838308950F931F9303
:10645000CF93DF93CDB7DEB761970FB6F894DEBF69
:106460000FBECDBF20E22983AC0160E170E0CE0118
:1064700002960E94A1B0FE01319680E08F01219129
:1064800091E0980F21111AC0F801E80FF11D90E278
:1064900091938F5F8031E1F7198A81E00E9407DCD8
:1064A000C8010E94DAD661960FB6F894DEBF0FBE1F
:1064B000CDBFDF91CF911F910F910895892F90311A
:1064C000F1F6EACF1F93CF93DF93CDB7DEB7619795
:1064D0000FB6F894DEBF0FBECDBF182FAB0161E140
:1064E00070E0CE0101960E94A1B0BE016F5F7F4FA8
:1064F000812F0E9483AE61960FB6F894DEBF0FBE67
:10650000CDBFDF91CF911F9108954F925F926F920F
:106510007F928F929F92AF92BF92CF92DF92EF9233
:10652000FF920F931F93CF93DF93CDB7DEB7C05485
:10653000D1090FB6F894DEBF0FBECDBF8C0140E18C
:1065400050E060E270E0CE0142960F9405041AA27A
:10655000D8011496ED90FC90C7010E94956DF8014A
:10656000882309F470C094A125A1878D882309F49C
:1065700068C089E42F939F931F928F93D8019396BD
:106580008C9193978F9392968C918F938CE593E057
:106590009F938F931F928DE08F935E01B3E2AB0EBA
:1065A000B11CBF92AF920F943D040FB6F894DEBFBA
:1065B0000FBECDBF97FD80E0F82EFCE0F81710F479
:1065C0003CE0F32ECF2CD12CA601B501CE01429692
:1065D0000F94FC03D80196966D917C91611571051D
:1065E00021F0FB018081811103C0D8016D917C9164
:1065F0004FE04F19F42ECE0101960E946E974F2D59
:1066000050E0BE016F5F7F4F82E190E08C0F9D1FD5
:106610008C0D9D1D0F94FC03D8015E968C91FE019C
:10662000729690E02191211133C0E2E1F0E0EC0F8D
:10663000FD1FE90FF11D20E29F5F21939F30E1F7DD
:106640002AC08FE297CF6081718180A18823D1F029
:10665000EA94EF28B9F48DE48A8B86E48B8B89E485
:106660008C8B80E28D8B4BE0CE0101960E946E9761
:106670008BE0FE013196DE01569601900D928A95CF
:10668000E1F7CACF4FE0CE0142960E946E97C4CF89
:106690009F5F9F3039F691E099A31AA20E94BB74C4
:1066A000BE016E5E7F4F80E00E9483AEF801C6841B
:1066B000D7849E012F5F3F4F790133E0C316D10489
:1066C00009F580899189009751F446E158E161E12B
:1066D00070E0CE0183960E948DB0CE0183969F9389
:1066E0008F938CE098E19F938F931F9281E18F931A
:1066F000FF92EF920E94B6AE0FB6F894DEBF0FBEC7
:10670000CDBF2EC18481958140E058E1009709F406
:1067100022C10E94956D882309F462C0F80181A10D
:10672000882309F45DC080A591A5029746E257E150
:106730008F30910538F4880F991FFC01EE5DFC4FF6
:10674000408151816E01F4E3CF0ED11C65E070E011
:10675000C6010E94A1B0D80156966D917D918D9190
:106760009C9159979096BC90909761157105810501
:10677000910509F4AAC028EE33E040E050E00F9400
:1067800050022037F7E13F074105510520F02FE681
:1067900037E140E050E0CA01B9012CE330E040E0CD
:1067A00050E00F94500280EC97E1B11009C0D8017D
:1067B00017968D919C91019709F498C08AE997E109
:1067C0007F936F933F932F93DF92CF929F938F93FB
:1067D0001F9281E18F93FF92EF920E94B6AE8CCF11
:1067E000F801828D811185C08385882329F0B2E06C
:1067F000CB16D10409F0ADC0F80162897389848990
:10680000958928EE33E040E050E00F9450024901B2
:106810005A01F0E78F16F7E19F06A104B10430F0AA
:106820002FE6822E27E1922EA12CB12CD80156966C
:106830006D917D918D919C91599728EE33E040E0C8
:1068400050E00F94500229013A01B0E74B16B7E12E
:106850005B066104710430F09FE6492E97E1592EE2
:10686000612C712CC8010E948E946E01E9E3CE0E5A
:10687000D11CAC0164E070E0C6010E94A1B0C3016C
:10688000B2012CE330E040E050E00F9450027F93DF
:106890006F933F932F93C501B4012CE330E040E0A8
:1068A00050E00F9450027F936F933F932F93DF92AA
:1068B000CF9287E597E19F938F931F9281E18F930A
:1068C000FF92EF920E94B6AE17CF81EF97E1B11021
:1068D00007C017968D919C91019729F083ED97E160
:1068E000DF92CF9200CF82EE97E1FACF8DEA97E167
:1068F00067CF038CF48DE02D3197D12CC12CEC3077
:10690000F105E8F48827E857FB448F4F0D94720295
:1069100094B457B5E8B41EB5FBB400B505B50AB5D7
:106920000AB50FB514B519B593E5C92E97E1D92E5F
:10693000A60164E070E0CE01CD960E94A1B0F801FE
:106940008385882309F484C086859785029709F496
:106950007FC043E957E161E170E0C7010E948DB05B
:10696000D8011B968C911B97811112C01E968D9198
:106970009C911F97029709F098C01D968C911D97C6
:1069800065E5811106C01C968C91882309F48DC0A1
:106990006DE4C7010E947794B70181E00E9483AE45
:1069A000C05CDF4F0FB6F894DEBF0FBECDBFDF91E6
:1069B000CF911F910F91FF90EF90DF90CF90BF90FC
:1069C000AF909F908F907F906F905F904F900895C1
:1069D0008091B40F8823B9F18091BB0F9091BC0FC7
:1069E000039789F58091B80F882369F18AE2C82E50
:1069F00087E1D82E9DCFB3E4CB2EB7E1DB2E98CF25
:106A0000AFE3CA2EA7E1DA2E93CFFCE3CF2EF7E156
:106A1000DF2E8ECFE9E3CE2EE7E1DE2E89CF75E3C0
:106A2000C72E77E1D72E84CF61E3C62E67E1D62E3D
:106A30007FCF5EE2C52E57E1D52E7ACF47E4C42E34
:106A400047E1D42E75CF3BE4C32E37E1D32E70CF70
:106A5000C8010E948E945E01F9E3AF0EB11CAC0137
:106A600064E070E0C5010E94A1B0D8015D968C91F0
:106A7000CD2859F01F928F93CE01CD969F938F937F
:106A8000BF92AF9280E897E1A1CE1F928F93BF9201
:106A9000AF928EE697E19F938F931F9281E18F9340
:106AA000FF92EF920E94B6AE27CE60E072CF8FE4E5
:106AB000C82E87E1D82E3CCF0F931F93CF93DF933F
:106AC000CDB7DEB761970FB6F894DEBF0FBECDBF6E
:106AD0001F928F9388E197E19F938F931F9281E19B
:106AE0008F938E010F5F1F4F1F930F930E94B6AEBF
:106AF000B80180E00E9483AE6CE077E181E00E9403
:106B000062B20FB6F894DEBF0FBECDBF61960FB66E
:106B1000F894DEBF0FBECDBFDF91CF911F910F91D3
:106B20000895E091830FF091840FE830F105E8F4C7
:106B30008827E256FA448F4F0D947202A9B5E0B54A
:106B4000A6B5B8B5BBB5BEB5C7B5D5B582E090E0C2
:106B500008958091850F9091860F8130910599F16C
:106B60008230910599F10397A1F190E080E00895BA
:106B700083E090E0089584E090E008958091850F8F
:106B80009091860F029741F18DE090E008958091F9
:106B9000850F9091860F009711F18130910511F1C9
:106BA000029719F186E090E008958091850F909109
:106BB000860F0097E9F00197F1F089E090E00895E1
:106BC00081E090E008958BE090E008958CE090E003
:106BD00008958EE090E0089585E090E008958FE0BC
:106BE00090E0089588E090E0089587E090E00895AF
:106BF00080E190E008958AE090E00895CF93DF93DC
:106C0000EC0186E0FE0111928A95E9F780918B0FE5
:106C100088830E9491B589838091890F8A838091AE
:106C2000870F8B8385EA8C8380915A0E8D83DF9149
:106C3000CF910895880F23E030E0082E01C0220F85
:106C40000A94EAF7209590915A0E2923772701C0DC
:106C5000660F8A95EAF7262B20935A0E0895643022
:106C600030F48530910539F46230710511F070E02F
:106C700060E0CB0108950797E1F763307105C9F72C
:106C800062E070E0F6CF8091830F9091840F8530A1
:106C9000910529F148F430E020E0009769F0109266
:106CA000860F1092850F089586309105D9F023E064
:106CB00030E08730910599F760915A0E70E0220F0D
:106CC000331F02C0759567952A95E2F763707727A1
:106CD0000E942FB69093860F8093850F089521E030
:106CE00030E0EACF22E030E0E7CFCF93DF9380912E
:106CF000830F9091840F8530910501F138F4D0E035
:106D0000C0E0009759F0DF91CF910895863091054A
:106D1000C1F0C3E0D0E087309105A9F76091850FFD
:106D20007091860F0E942FB69093860F8093850FE7
:106D3000BC01CE01DF91CF910C941AB6C1E0D0E036
:106D4000EDCFC2E0D0E0EACF1F93CF93DF93CDB772
:106D5000DEB761970FB6F894DEBF0FBECDBF182F18
:106D6000AB0161E170E0CE0101960E94F9EFFE01F6
:106D7000319680E0919191110CC0E1E0F0E0EC0FD0
:106D8000FD1FE80FF11D90E28F5F91938031E1F7D5
:106D900003C08F5F803171F7198A812F0E9407DC51
:106DA000CE0101960E94DAD661960FB6F894DEBF46
:106DB0000FBECDBFDF91CF911F910895DF92EF926B
:106DC000FF920F931F93CF93DF93FC01019000205C
:106DD000E9F731978F01081B190B6017110650F066
:106DE000FA011082DF91CF911F910F91FF90EF90E8
:106DF000DF900895E9017A01D62E0E94ACDD28814A
:106E00003981AB01421B530B57FDECCF0D19F70134
:106E10002081201760F42F5F2083201718F06C5713
:106E20007C4F02C06C5F7E4F79836883DBCF10821A
:106E3000F6CF4FE350E064EE74E180E09FE00F9402
:106E4000230410923F0F809124158093400F81E01E
:106E500080934A0F0895CF93DF9320914D0F309187
:106E60004E0FE1E041E02115310569F160914B0FD2
:106E700070914C0F6F5F7F4F683E83E0780710F092
:106E800067EE73E0283E83E0380710F027EE33E02A
:106E900041E0CAE0D0E0E1E0E40F6A30710530F093
:106EA000CB01BE010F943C024E2FF5CFE1E0CAE0CA
:106EB000D0E02A30310538F0C901BE010F943C0200
:106EC0009B01EF5FF6CF81E0840F8E0FDF91CF91B2
:106ED00008951092450F0E94ACDD6C577C4F709363
:106EE000440F6093430F0895EBE5F2E08FE2808357
:106EF000118210924E0F10924D0F10924C0F109263
:106F00004B0FE4EEF4E188E4DF011D928A95E9F786
:106F100010924A0F1092000F1092400F0E946A9830
:106F20000E9469B70C94EC9480915B028F3221F43B
:106F300081E090915C02911180E008950E9494B7E5
:106F400081110EC06FE270E08BE592E00F94320485
:106F5000009741F0FC012181222311F00196089550
:106F600090E080E008956F927F928F929F92AF920F
:106F7000BF92CF92DF92EF92FF920F931F93CF9326
:106F8000DF9300D000D01F921F92CDB7DEB76C0107
:106F9000A0904D0FB0904E0F10E000E0A114B1048E
:106FA000A9F000914B0F10914C0F0F5F1F4F083E3F
:106FB00043E0140710F007EE13E088EEA81683E014
:106FC000B80620F087EEA82E83E0B82E40E150E00E
:106FD00060E270E0C6010F940504D60150961C9241
:106FE000A80160E0CE0101960E94A894782E8091BD
:106FF000000E882309F446C08091FF0D8111B9C0AD
:107000008FE261E0670DE1E0F0E0EC0FFD1FE70DBE
:10701000F11D8083A501CE0101960E94A894682EDF
:10702000882E912CE1E0F0E0EC0FFD1FE80DF91D3A
:10703000108280E1782E76180E9494B7882309F494
:107040009AC08FE2D6018C93A401BE016F5F7F4F7F
:10705000C601870D911D0F94FC0328960FB6F89476
:10706000DEBF0FBECDBFDF91CF911F910F91FF907B
:10707000EF90DF90CF90BF90AF909F908F907F90D8
:107080006F90089581E08093000E1092FF0D809123
:107090004F0F882309F4B4CF80914D0F90914E0F7C
:1070A000892B09F4ADCF809124158111A9CF80914E
:1070B00025158111A5CF8091E414882309F4A0CF70
:1070C00084EE94E10E94306D4C010197029708F024
:1070D00097CF0BE512E0F80101900020E9F78F014E
:1070E0000C551240E4EEF4E101900020E9F7CF01E5
:1070F000855E94417C010115110509F481CFF801E9
:10710000E65AFD4F6080C8018E0D9F1D21E030E0E2
:10711000AFE26A1202C030E020E0820F931F803A93
:10712000910508F06DCFA8016BE572E089E194E16B
:107130000F94FC03BFE26B1639F0F801E75EFB4EDB
:107140008FE280830F5F1F4FA7014F5F5F4F64EE99
:1071500074E1C801875E9B4E0F94FC038A948928D2
:1071600029F40E9443EF8093FF0D48CF0E9453EF14
:10717000FACF89E446CF0E949EB75C01F12CE12C46
:10718000009741F0FC0101900020E9F731977F0161
:10719000E81AF90A0E942BB790E1981B943008F482
:1071A00094E00CEF090F1091450FB3E090E0B71594
:1071B00040F443E050E06EEB76E1C6010E9403FF2D
:1071C00093E00E151F0420F48E2D801B811708F408
:1071D00010E0F601E90FF11D812F911B4FE04619D8
:1071E000A114B10409F430CF282F290F241708F077
:1071F0002BCF282F30E02E153F0508F025CF8F5FCD
:107200002A0D3B1DD9012C912193EACF0F931F9397
:10721000CF93DF93CDB7DEB7A2970FB6F894DEBF5A
:107220000FBECDBF0E94ACDD2091520F2223F9F09A
:107230002091500F3091510F621B730B77FF17C0D5
:1072400080E00E9407DC82E59FE00E94DAD681E0C0
:107250000E9407DC0FEE16E1F80164910F5F1F4FEB
:107260006623E9F183EE97E10E944CDCF5CF1092A2
:10727000520F80914F0F81113DC00E94476F8823AC
:1072800091F043EE56E161E170E0CE0101960E947B
:107290008DB040E150E060E270E0CE0142960F9484
:1072A00005041AA210C045ED56E161E170E0CE017F
:1072B00001960E948DB048EC56E161E170E0CE018C
:1072C00042960E948DB0BE016F5F7F4F80E00E94AA
:1072D00083AEBE016E5E7F4F81E00E9483AEA296B8
:1072E0000FB6F894DEBF0FBECDBFDF91CF911F91D7
:1072F0000F91089580914D0F90914E0F892BA9F415
:10730000CE0101960E94B3B740E150E060E270E028
:10731000CE0142960F94050445E050E062EC76E120
:10732000CE0142960E9403FFBCCFCE0101960E947F
:10733000B3B740E150E060E270E0CE0142960F94B6
:1073400005041AA2E4EEF4E1309709F4BCCF809171
:10735000E414882309F4B7CF01900020E9F7CF01A6
:10736000855E9441E091480F8131910520F020EF36
:10737000280F2E1708F4E0E0F0E0EC51FB4EDE01A0
:10738000529620E0AF01445E54414817590708F077
:107390009ACF31913D932F5F2031A1F794CFE4EE46
:1073A000F4E128E4DF011D922A95E9F7AC0160E4DD
:1073B00070E0CF010E94A1B0109224151092261502
:1073C0001092271510922815109229150C946A987E
:1073D0008091440D80934F0F81110FC010924E0F7A
:1073E00010924D0F0E94476F811104C08AE696E10A
:1073F0000C94CFB988E796E1FBCF8091330D8823B9
:1074000001F167E676E183E39DE00E940CFF892BA2
:10741000C1F06EE576E183E39DE00E940CFF892BCD
:1074200081F0E4EEF4E188E4DF011D928A95E9F74A
:107430004FE350E063E37DE0CF010F9423040C940D
:107440006A9885E596E1D4CFAC0161E170E082E510
:107450009FE00E94A1B0E2E5FFE080E0219191E091
:10746000980F211114C0E82FF0E0EE5AF04F90E28F
:1074700091938F5F8031E1F71092620F0E94ACDD33
:1074800060557B4F7093510F6093500F0895892F73
:10749000903121F7F1CF0E94F394B0E0A0E023E017
:1074A000880F991FAA1FBB1F2A95D1F7893F2FE389
:1074B0009207A105B10520F088EF9FE3A0E0B0E0BE
:1074C00008958F929F92AF92BF92CF92DF92EF92E8
:1074D000FF920F931F93CF93DF9380913502882300
:1074E00079F0C1E08C2FDF91CF911F910F91FF9028
:1074F000EF90DF90CF90BF90AF909F908F900895C6
:10750000C0912E05C11109C08091310290913202C3
:107510009093340280933302E5CF0E94F394811557
:1075200028E0920740F083E090E09093340280934B
:107530003302C0E0D7CF6FEF77E0681B790B89F299
:1075400093E0660F771F9A95E1F78091320D681BE3
:10755000710939F289E192E1892B59F481E090E0D7
:1075600090933202809331028091310290913202E5
:10757000DCCF8091240590912505A0912605B0913E
:1075800027050097A105B10509F49FC0613022E0ED
:10759000720710F060E072E08B0130E020E08017AD
:1075A0009107A207B30708F4BC0189E192E10E94A8
:1075B0003780BC01181619062CF083E090E00E9479
:1075C000DB6FD2CFC0902405D0902505E090260532
:1075D000F0902705092E000CAA0BBB0BC81AD90A7C
:1075E000EA0AFB0AC0922405D0922505E0922605FE
:1075F000F09227052091300D3091310DB0902D0281
:1076000040911305D0912E02A0902F029091320D3F
:1076100050912F0DE9E1F2E188248394912C81911E
:10762000411105C041E08D1728F440E003C041E05E
:10763000B816D8F7A41639F08401092E01C0000F3E
:107640000A94EAF7502B9F5F983051F4C901977064
:10765000815D9A4FDC015C932F5F3F4F50E090E0DB
:107660008F010951124106171707CCF240931305F9
:107670009093320D50932F0D80912E05882319F190
:10768000CD28CE28CF28E1F49923E9F0F901F7704D
:10769000E15DFA4F50832F5F3F4F10922F0D1092F4
:1076A000320D4FB7F8943093310D2093300D88236D
:1076B00029F09093300281E0809335024FBF12CFC2
:1076C00098E080E0EECF98E0ECCF2091300D309143
:1076D000310D8FB7F8943093310D2093300D98E031
:1076E0009093300291E0909335028FBFE8CFCF9313
:1076F000DF938091350281110CC00E94F394EC015C
:107700000E9461BA882331F00E94F3948C179D0780
:1077100081F781E0DF91CF910895AC0161E170E0E4
:107720008FE99FE00C94F9EFEF92FF920F931F9374
:10773000CF93DF93C82F0E9401958C01009719F415
:10774000FF24F394E2C0C11103C080349105C0F35B
:1077500080919A0F8830A0F70E946170F82E8111F5
:10776000EFCF89E192E1892B09F4CFC02FB7F894CC
:1077700080910F0590911005C0910D05D0910E05D7
:107780002FBFC81BD90BC11528E0D20708F0BDC018
:10779000C134D10510F0C0E4D0E00C171D0708F487
:1077A000E80129E132E1D901BC0169517241AD0121
:1077B000495152414C175D0748F4FB01EA0FFB1F8A
:1077C000F770E15DFA4F40814D93F1CF209709F4B6
:1077D0009CC04FB7F8948C0F9D1F90931005809319
:1077E0000F054FBF9091EE0D1C2F992389F16091E9
:1077F000EB0D8091EA0D40E0F90151919F01882342
:1078000021F0752F717076130EC08FEF850F8E3FAC
:1078100008F483C0652F661F6627661F4F5F892F98
:10782000411750F380E0EFEFE10FF0E0E75EFD4E2F
:107830009081991F9927991F9093EB0D91E0909358
:10784000EA0D882309F46BC01092ED0D1092EC0D37
:10785000E0909A0FF7E086E496E1FE1508F453C035
:107860000091E90D20E4029FC0011124AE0169E1FD
:1078700072E18C5F9F4E0F94FC03103421F0009353
:107880005A021093970F0F5F07700093E90DE3946E
:10789000E0929A0FDE01A75EBD4E83E0CC0FDD1FA4
:1078A0008A95E1F7FE01E75EFD4E8E9138979BEEDB
:1078B00080FF94E190839BEE81FF94E191839BEEA6
:1078C00082FF94E192839BEE83FF94E193839BEE8E
:1078D00084FF94E194839BEE85FF94E195839BEE76
:1078E00086FF94E1968387FF2DC08BEE878311502E
:1078F000E1F6BE0189E192E10E94FE7F8C179D07AF
:1079000019F188E396E10E948DBB8F2DDF91CF9115
:107910001F910F91FF90EF900895892F84CF809150
:10792000EC0D9091ED0D9C01209530958C0F9D1FD5
:107930002C173D0710F48FEF9FEF9093ED0D809380
:10794000EC0D86CF84E1D2CF8091F20D9091F30DB2
:10795000A091F40DB091F50D8C0F9D1FA11DB11DCF
:107960008093F20D9093F30DA093F40DB093F50D69
:10797000E7CE4F925F926F927F928F929F92AF92DB
:10798000BF92CF92DF92EF92FF920F931F93CF930C
:10799000DF93AB01BC01DC01CA010196A11DB11D41
:1079A0008E7F81150EEF90070FEFA007B007B8F09C
:1079B0008CE296E10E948DBBC0E08C2FDF91CF91CD
:1079C0001F910F91FF90EF90DF90CF90BF90AF90FD
:1079D0009F908F907F906F905F904F900895E9E116
:1079E000F2E120E032E0EF018901199201501040EC
:1079F000E1F722E52093191229E420931A1226E4D4
:107A000020931B1220931C1288509E4FAF4FBF4FE4
:107A100080931D1290931E12A0931F12B0932012F8
:107A200087E58093211281E48093221286E580937A
:107A3000231285E48093241286E6809325128DE636
:107A40008093261234E73093271280E28093281225
:107A500080E18093291221E020932D1220932F1290
:107A60008091F60D9091F70DA091F80DB091F90D60
:107A700080933112492E5A2E6B2E77244092321267
:107A80004D01AA24BB2480923312CB2EDD24EE2498
:107A9000FF24C092341280933512409236128092A5
:107AA0003712C09238122093391288E080933B122B
:107AB0008AE480933D1285E580933E128EE48093A4
:107AC0003F128BE4809340128CEC80934112209300
:107AD000421284E68093111481E68093121430934D
:107AE0001314809314144093151450931614609338
:107AF00017147093181460E070E0CB010E94057FAA
:107B0000C82F811103C08DE196E154CF60E072E08F
:107B100089E192E10E94FE7F81159240A1F74DCF4D
:107B2000FF920F931F93CF93DF931F921F92CDB7B6
:107B3000DEB7082FF92EBE016F5F7F4F0E94DA8EED
:107B4000182F811113C040E150E063E37DE08FE91D
:107B50009FE00F9423041092AF0F812F0F900F908E
:107B6000DF91CF911F910F91FF9008958A818F939C
:107B700089818F93FF920F938EE096E19F938F936D
:107B80001F9280EA8F9389E194E19F938F930E94E3
:107B9000B6AE01970FB6F894DEBF0FBECDBF8F39DA
:107BA0009105D8F280E096E10E948DBB10E0D5CF20
:107BB0006FE270E089E194E10F943204009711F0D4
:107BC0000196089589E194E108954F925F926F9232
:107BD0007F928F929F92AF92BF92CF92DF92EF925D
:107BE000FF920F931F93CF93DF93CDB7DEB7E39749
:107BF0000FB6F894DEBF0FBECDBF0091790F109184
:107C00007A0F0E94D8BD4C01009731F0FC018081B1
:107C1000811102C0912C812C80915802882361F03F
:107C20008091150E882341F08091140E56E1A52E07
:107C30005EE0B52E811102C0B12CA12C8091340ED2
:107C4000811141C0412C512C32018091790F9091CA
:107C50007A0F039761F48091FF0E35E5F32E8111C1
:107C600007C08091FE0E4DE4F42E811101C0F12C6D
:107C7000B401CE0101960E94DEB1B401CE0183961B
:107C80000E94DEB1A114B10411F41092B00FCE0124
:107C900042966C010430110509F054C010924F0E49
:107CA000F8013197E730F10508F067C18827E45AF9
:107CB000F1448F4F0D947202C2BEF8BE2EBF6CBF4E
:107CC000A8BEAFBFBFBF0330110569F46091300E8D
:107CD0007091310E8091320E9091330E61157105C5
:107CE0008105910511F40E94ACDDC0902C0ED0905E
:107CF0002D0EE0902E0EF0902F0E4090280E5090FA
:107D0000290E60902A0E70902B0EA7019601240D6B
:107D1000351D461D571D621773078407950708F424
:107D200091CF6C197D098E099F096419750986091F
:107D3000970928EE33E040E050E00F94500229010B
:107D40003A0183CF1092500E0530110509F0A6CFED
:107D500085E3E82E8EE0F82E0FE41EE0940144E067
:107D60006EE578E1CE0101960E94AC960E9479986A
:107D7000009709F402C1AC0161E170E0C6010E9404
:107D8000A1B015C0A501B401CE0101960E94ACB00E
:107D9000809156029091570242ED58E1019711F0FF
:107DA00041EC58E161E170E0C6010E948DB0BE0176
:107DB0006F5F7F4F80E00E9483AEB60181E00E943A
:107DC00083AEE3960FB6F894DEBF0FBECDBFDF9152
:107DD000CF911F910F91FF90EF90DF90CF90BF90C8
:107DE000AF909F908F907F906F905F904F9008958D
:107DF000A501B401CE0101960E94ACB040E060E064
:107E0000C6010E94CD988111D2CFC301B2012CE3EB
:107E100030E040E050E00F9450029F938F937F93A7
:107E20006F93CA01B90124E630E040E050E00F94BE
:107E300050029F938F937F936F9381EB98E19F9371
:107E40008F931F9281E18F93DF92CF920E94B6AE03
:107E50000FB6F894DEBF0FBECDBFA9CFA501B40108
:107E6000CE0101960E94ACB04F2D61E0C6010E9488
:107E7000CD9881119CCFC301B2012CE330E040E0EA
:107E800050E00F9450029F938F937F936F93CA019A
:107E9000B90124E630E040E050E00F9450029F9397
:107EA0008F937F936F9381EA98E19F938F931F92B3
:107EB00081E18F93DF92CF920E94B6AE0FB6F89415
:107EC000DEBF0FBECDBFF11002C02FE3F22E6F2D2B
:107ED000C6010E9477946BCFA114B10419F4FE017E
:107EE000B3965F019BE4E92E9EE0F92E00E51EE0CB
:107EF000950147E069E978E1CE0101960E94AC96D0
:107F00000E947998009741F1FC01D60190E084919C
:107F100021E0290F811109C0F601E90FF11D80E26E
:107F20009F5F9D3039F08193FBCF8D933196922FD7
:107F30002C3069F7E4E9F8E1E491EE8FE5E9F8E146
:107F4000E491EF8FE6E9F8E1E491E8A3E7E9F8E1ED
:107F5000E491E9A31AA22BCF48E858E123CF8091FE
:107F6000390E4BE758E1811102C04DE658E161E15D
:107F700070E0CE0101960E94A1B01A8A18CF43E6A4
:107F800058E161E170E0CE0101960E948DB06AE394
:107F90007EE0C6010E94DEB10ACFAC0161E170E073
:107FA0008AE39EE00E94A1B087E090E090937A0F70
:107FB0008093790F0E9468740E941D950E94166E2E
:107FC00081E00C9483710F931F93CF93C091340E73
:107FD000CC2309F47AC08091790F90917A0F03979E
:107FE00009F0A7C00091500210915102063011050E
:107FF00009F070C08091FA0D9091FB0D029709F085
:1080000094C08091FF04833009F08FC00E94957264
:10801000882309F48AC081E090E09093FB0D80935F
:10802000FA0D8091300E9091310EA091320EB091E8
:10803000330E892B8A2B8B2B61F10E94ACDDAB01B7
:10804000BC018091280E9091290EA0912A0EB0912A
:108050002B0E0091300E1091310E2091320E309186
:10806000330E801B910BA20BB30B840F951FA61F21
:10807000B71F8093280E9093290EA0932A0EB093D9
:108080002B0E1092300E1092310E1092320E109272
:10809000330E82E090E090937A0F8093790F0E94E4
:1080A0001D958091560290915702019771F480912D
:1080B0005002909151020697F1F51092ED0D109239
:1080C000EC0D1092EB0D1092EA0D8C2FCF911F91B9
:1080D0000F9108950130110599F48091FD0490915C
:1080E000FE04029711F58091FB048330F1F40E94A5
:1080F000692A8823D1F01093FE040093FD0491CFE8
:1081000080919D0F90919E0F029779F48091FB04CE
:10811000833059F40E94692A882339F081E090E085
:1081200090939E0F80939D0F7CCF8EEC94E10E94E4
:10813000CDBFC0E0CACF2FB7F8948091760F909151
:10814000770F2FBF9093E80D8093E70D0E94ACDD71
:108150006093E30D7093E40D8093E50D9093E60D2D
:10816000B4CF0F931F93CF93DF93C091340ECC23E2
:1081700009F440C00091790F10917A0F0230110577
:1081800009F06AC0809150029091510286309105A9
:10819000B9F58091FA0D9091FB0D019709F058C047
:1081A0009091FF04923009F053C0DFB7F8948091AA
:1081B0006F008D7F80936F001092810096BB83E0EB
:1081C0008093FF0480E00E94B871DFBF1093FB0D25
:1081D0000093FA0D0E94ACDD6093300E7093310E67
:1081E0008093320E9093330E83E090E090937A0F59
:1081F0008093790F8C2FDF91CF911F910F9108956C
:10820000019799F48091FD049091FE04019701F586
:108210008091FB048230E1F40E94A9288823C1F0F8
:108220001093FE040093FD04D5CF80919D0F909193
:108230009E0F019769F48091FB04823049F40E94FB
:10824000A928882329F010939E0F00939D0FC2CF79
:1082500084EC94E10E94CDBFC0E0CCCF0E94B1C0BD
:10826000882369F01092FF0E81E02091790F309100
:108270007A0F2330310509F080E08093FE0E0895D7
:108280000097B9F445E054E161E170E08AE39EE0D3
:108290000E948DB087E090E090937A0F8093790FE1
:1082A0000E9468740E941D950E94166E81E00C94D5
:1082B000837140E150E0BC018AE39EE00F94230407
:1082C00010924A0EE7CF2091150E2223F1F0209153
:1082D000140E21111AC00097C1F0FC01319681E102
:1082E000A6E1BEE001900D928A95E1F71092270E6B
:1082F00040E061E186E19EE00E94BA688093140E3E
:10830000882319F087E08093C10408952F923F924B
:108310004F925F926F927F928F929F92AF92BF9295
:10832000CF92DF92EF92FF920F931F93CF93DF9341
:108330001F921F92CDB7DEB787E2482E512C9CE2E8
:10834000292E312C29E3622E712C38E7A32EB12C73
:108350002091B9143091BA142115310509F4C6C120
:108360004091BB148091BC149091BD14A091BE1497
:10837000B091BF14C090C414D090C5141092BA1418
:108380001092B9142130310509F020C1E090E604C3
:10839000F090E704C7010E9463C11092090E109289
:1083A000130E1092D90D10920A0EE114F104D1F0BF
:1083B000F701808D8130B1F4BE016F5F7F4FC7013F
:1083C0000E94D56C882371F089819A810E9449DAD4
:1083D0008093090EF701628D738D90E080E00E941A
:1083E000079AB6CFC7010E94FE6C882351F0F1E0D6
:1083F000F093D90D6AE570E080E090E00E94586C3F
:10840000A7CF8090DE149090DF148091BA049091F1
:10841000BB040E945A958C01C4010E945A95011513
:10842000110509F4AEC0009709F04DC0A8014857E6
:1084300051090837110530F4A501401B510B0933D0
:10844000110528F1B8016953710998012C523109BD
:108450000752110990E4C91A9FE1D90AE9E8CE163A
:10846000E3E1DE0650F40217130738F40617170786
:1084700020F40417150708F49CC064177507C0F4AE
:108480002617370708F428C18BE090E094C0B301A9
:10849000601B710B0C321105C0F69101201B310BD2
:1084A00007321105A8F6C201801B910B8C01D2CFB7
:1084B0002417350708F065C02617370708F061C094
:1084C0008CE090E078C098012857310908371105F1
:1084D00018F49501201B310BBC016B5E71098B3EBA
:1084E000910520F46BEE70E0681B790B620F731F2F
:1084F0009801295331090933110518F49301201B00
:10850000310BAC01455751098537910520F445E7FA
:1085100050E0481B590B420F531FF801BC970C3217
:10852000110518F4F101E01BF10B9C0128553109EC
:108530008835910520F428E530E0281B390B2E0FF3
:108540003F1F0732110500F1075211098F349105C1
:1085500000F18F549109800F911F8217930730F417
:108560008417950718F48617970718F146175707C9
:10857000B0F42417350708F4B4C08417950708F041
:1085800083CF90E080E017C0F201E01BF10B8F0178
:10859000DDCFEFE4F0E0E81BF90BCF01DCCF2617CD
:1085A000370778F72417350760F78217930748F3E2
:1085B00087CF8EE090E090939C0F80939B0FF1E02B
:1085C000F093090EF7016289738907CF22303105D4
:1085D000E1F52091D90D2223C1F02091E6043091DC
:1085E000E704232B39F41092D90D1092090E109242
:1085F000130EAECE8A359105A105B10508F0A8CEBF
:10860000875A924FFC014083A3CE2091130E222360
:1086100009F49ECE0196A11DB11D40910F0E5091FF
:10862000100E6091110E7091120E84179507A60717
:10863000B70710F4AC01BD0140930B0E50930C0E24
:1086400060930D0E70930E0E83CE2330310531F5FD
:108650008091D90D882351F18091E6049091E7042F
:108660001092D90D009709F20E94FE6C882309F43C
:10867000BCCFBE016F5F7F4F89E59DE00E94A56C76
:10868000882309F4B2CF89819A810E9449DA8093C4
:10869000090E6091A60D7091A70D9FCE2430310573
:1086A00009F056CE8091D90D81119DCF8091130E86
:1086B000882309F44DCE80910F0E9091100EA09159
:1086C000110EB091120E80930B0E90930C0EA0938E
:1086D0000D0EB0930E0E3CCE2417350708F051CF87
:1086E000EFCE2617370708F460CF4BCF0F900F90CF
:1086F000DF91CF911F910F91FF90EF90DF90CF907E
:10870000BF90AF909F908F907F906F905F904F90B1
:108710003F902F90089581E08093C104E2ECF4E053
:108720008EE0DF011D928A95E9F78091140E811188
:1087300002C01092160E0895CF93C82F8093150E85
:108740001092140E1092D2041092E00D1092D104E7
:108750001092D0041092160E7093DF0D6093DE0D10
:108760002115310581E04807510518F020E030E07F
:10877000A901C9013093DD0D2093DC0D1092DB0DB2
:108780001092DA0D6630710509F04FC00097A1F024
:1087900096958795B0E0A0E0BC01CD01875F924C33
:1087A0000F9450022115310581E04807510520F44E
:1087B0003093DB0D2093DA0DC093960F1092090EC3
:1087C0001092130E10920F0E1092100E1092110EA6
:1087D0001092120E10920B0E10920C0E10920D0EA3
:1087E00010920E0E1092D90D10920A0E0E948BC399
:1087F0001092C0041092BF041092BE041092BD04E7
:108800001092BC048091960F882319F0CF910C949C
:108810007F6C1092C1041092E1141092E014109237
:10882000BA141092B914CF910895CC2329F2645050
:108830007109C1E06230710508F4BECFC0E0BCCF61
:108840000E9468740E94B4990E9445290E940124E4
:1088500010927A0F1092790FE0E5F2E086E090E056
:108860009183808384E49CEAA0E0B0E082839383D8
:10887000A483B58317821682108610927C0F109203
:108880007B0F10923A0E1092340E0E941D9510929A
:108890002C0E10922D0E10922E0E10922F0E109262
:1088A000300E1092310E1092320E1092330E109242
:1088B000280E1092290E10922A0E10922B0E109252
:1088C000390E1092E80D1092E70D1092E30D109200
:1088D000E40D1092E50D1092E60D1092E20D10924B
:1088E000E10D0E94166E81E00E94837120E030E06D
:1088F000A90170E060E080E00C949CC31F93CF93CB
:10890000DF93182FEB0161E1442379F01092200EE0
:108910001092210E1092220E1092230E1092240E0D
:108920001092250E1092260E6AE01092270E40E05B
:1089300086E19EE00E94BA68811105C0DF91CF9167
:108940001F910C948BC321E02093140E1092090EFA
:108950001092D90D10930A0ECE01B0E0A0E08093E2
:108960000F0E9093100EA093110EB093120E109252
:108970000B0E10920C0E10920D0E10920E0E2093F4
:10898000130E1092E1141092E0141092BA14109287
:10899000B914D4CFEF92FF920F931F93CF93DF932D
:1089A000EC01062F8091960F882309F49DC1CE011A
:1089B0000E94586981110E9486C11091C10411233F
:1089C00009F492C1173009F48FC18091140E8111FE
:1089D00010C0CE0101978115944008F449C010924F
:1089E000C0041092BF041092BE041092BD041092F5
:1089F000BC041091C104173009F476C18091960F20
:108A0000882309F471C1112309F46EC1209711F173
:108A1000C13084E0D80708F0BDC08091DE0D909190
:108A2000DF0D8630910509F0A5C0A091DA0DB09157
:108A3000DB0D109709F4AEC09E010F947A027C5FA3
:108A40008F4F9F4FEBE09695879577956795EA95C1
:108A5000D1F7EB01CE0101978038924008F49DC018
:108A6000DF91CF911F910F91FF90EF900C948BC3EA
:108A70000111BFCFCE0103E0880F991F0A95E1F7DE
:108A80002091BF043091C0042115310559F4909311
:108A9000C0048093BF0481E090E09093BE04809373
:108AA000BD04A5CFBC01621B730B8217930718F49A
:108AB000B901681B790BA9015695479556954795BD
:108AC0004830510510F448E050E046175707F8F2D7
:108AD00082179307E0F1821B930B0496A3E096950F
:108AE0008795AA95E1F7820F931F9093C004809316
:108AF000BF048091BD049091BE048F3F980729F078
:108B000001969093BE048093BD048091BD04909122
:108B1000BE048F3F910509F008F46BCF8091BC042F
:108B2000811167CF8091BF049091C0040E945A9533
:108B300021E02093BC041550123008F45ACF8097DE
:108B4000C19708F056CF87E08093C10452CFA901A6
:108B50004C5F5F4FBA01681B790BCB01F3E0969530
:108B60008795FA95E1F7281B390B3093C0042093C1
:108B7000BF04BFCF049741F489E1DE018A9FE00181
:108B80008B9FD00D112466CF73E0CC0FDD1F7A953B
:108B9000E1F760CFCFEFDFEF5DCF113009F081C09B
:108BA0006091C204611109C0D093C404C093C3048E
:108BB000D093C604C093C50412C08091C3049091A1
:108BC000C404C817D90720F4D093C404C093C304C5
:108BD0008091C5049091C6048C179D0748F380913D
:108BE000C7049091C804C80FD91FD093C804C0937C
:108BF000C7046F5F6093C204603208F475C0862FAB
:108C000086958C0F9D2F911D70E00F943C028B0177
:108C1000E090C304F090C40426E14FE0C7010E9435
:108C20003E95C82F882351F02AE142E1B801809196
:108C3000C5049091C6040E943E95C82F21E149E0E9
:108C4000B801C7010E943E95882349F024E248E11B
:108C5000B8018091C5049091C6040E943E95909100
:108C60000A0E2FEF290F243058F4CC2309F4F8CE44
:108C7000DF91CF911F910F91FF90EF900C94D195C0
:108C80009550943058F4882309F4EACEDF91CF91BF
:108C90001F910F91FF90EF900C94A795CC2399F31F
:108CA000E7CF1230D1F5E090C204F090C30429E17F
:108CB0004FE0B701CE010E943E950091C40410918F
:108CC000C5048823C1F0BE01C7010E94229590937C
:108CD000C3048093C2040F3F100731F00F5F1F4F92
:108CE0001093C5040093C404DF91CF911F910F919D
:108CF000FF90EF9008950F3F110509F008F4B0CEF2
:108D00002CE042E0B701CE010E943E95882309F491
:108D1000A7CE83E08093C104E7CF1330E9F46091DC
:108D2000C2047091C3042DE042E0CE010E943E9542
:108D3000882309F495CE8FEF8093C6041092C70460
:108D40001092C8041092C9041092CA041092C5046B
:108D50001092C40484E0DECF143009F0F6C0009114
:108D6000C2041091C30426E144E0B801CE010E9480
:108D70003E95882309F474CE85E08C9FA0018D9FD9
:108D8000500D11249801220F331F200F311F81E055
:108D90004217530708F480E09091C6049F3F19F4EE
:108DA0008093C604A1CF89135BCE9FEF9093C60436
:108DB000C091C804CC0FC82BC093C8048091C704CD
:108DC0008F5F8093C704883009F08ECF1092C8045B
:108DD0001092C7040E9498959091C904882399F134
:108DE000911109C0CF3F09F03BCEC093CA0481E086
:108DF0008093C90479CF80910B0E90910C0EA091B5
:108E00000D0EB0910E0E40910F0E5091100E60910C
:108E1000110E7091120E84179507A607B70788F4F4
:108E20002091CA04C227C093CA040196A11DB11D96
:108E300080930B0E90930C0EA0930D0EB0930E0E1C
:108E400053CF87E067CF911115C0C11109CE8EEFC6
:108E5000890F8A30A0F4E92FF0E0EC5EF14FC08377
:108E60008091CA049D30E1F42091C4043091C5047E
:108E70003C2B09C0913059F7C43048F3F1CD2C2F69
:108E800030E09C3069F73093C5042093C40480918E
:108E9000CA04C827C093CA049F5F9093C90424CF13
:108EA0009231A8F3C813DCCD6091C4047091C5045D
:108EB000C80182539140023331E0130738F482E352
:108EC00091E0801B910B093E110520F19801295E6C
:108ED0003109A801485C5109085A110904171507FE
:108EE00030F40217130718F40817190740F1421756
:108EF000530718F44817590720F12817390718F5B0
:108F000082E041E0DF91CF911F910F91FF90EF90B0
:108F10000C947EC429EE30E0201B310B083C110577
:108F2000C0F648EC50E0401B510B083A1105A0F682
:108F3000E8EAF0E0DF01A01BB10B8D01CFCF84E0A8
:108F4000E0CF83E0DECF81E0DCCF8BEF810F82309A
:108F500008F086CDE090C204F090C3042DE14CE00F
:108F6000B701CE010E943E95882389F1BE01C70159
:108F70000E9422959093C3048093C2048091CA04F6
:108F8000811104C081E08093CA04AECE1092CA045D
:108F900050E0153009F060C04091C9048091C804C8
:108FA00090E09C01220F331F252B27702093C804CB
:108FB000433030F54F5F4093C904433009F094CEFD
:108FC00083E090E09093C5048093C4048DCE26E3A3
:108FD0004DE1B701CE010E943E95882309F440CDB2
:108FE000BE016F5F7F4F76956795C7010E942295FE
:108FF0009093C3048093C2041092CA0451E0C9CF75
:109000002091C4043091C50482FB882780F9851320
:109010000BC02F3F320709F467CE2F5F3F4F3093CD
:10902000C5042093C40460CE2F3F310549F240F2BD
:109030001092CB041092CC041092CD041092CE0466
:109040001092C5041092C4041092C7041092C60472
:109050001092CF0486E05ECE552331F08091CB0490
:1090600091E089278093CB048091CC049091CB042C
:10907000913061F021E030E0082E01C0220F0A9407
:10908000EAF79091CD04922B9093CD048F5F80935B
:10909000CC04883009F028CEC091CD041092CD04C4
:1090A0001092CC040E9498959091CE048823E9F107
:1090B000911106C0C13009F0D3CCC093CE0414CEB8
:1090C00040910B0E50910C0E60910D0E70910E0E92
:1090D00000910F0E1091100E2091110E3091120E72
:1090E0004017510762077307B8F48091C604909146
:1090F000C7048C0F911D9093C7048093C6044F5FE3
:109100005F4F6F4F7F4F40930B0E50930C0E609349
:109110000D0E70930E0EE8CD913009F092CEC093F3
:10912000CF0482E08093CE04DFCD911115C0C11130
:1091300097CC8FEF890F87FD37C02091C6043091FF
:10914000C704C20FD32FD11DD093C704C093C60448
:109150009F5F9093CE04C8CD913041F4C23018F097
:10916000C63709F07DCCC093C804E3CF8091C80412
:10917000811112C09C3090F02C2F30E0933139F0E7
:109180009431B9F62091C4043091C5043C2B30933E
:10919000C5042093C404CDCF933170F7E92FF0E0DC
:1091A000EC5EF14FC083E8CF913819F4C093CF043F
:1091B000CFCF923869F68091CF049C2F2091C604BE
:1091C0003091C7048217930709F04ACC41E080919F
:1091D000C804811140E06091C4047091C50480917D
:1091E000C2049091C3049C01285631098836910528
:1091F00038F428E630E0281B390B8A35910500F158
:10920000FC01EA55F109DC01AF54B109865491091A
:109210008A179B0730F48E179F0718F4821793075D
:1092200020F1AE17BF0728F487E0A217B30708F4B0
:1092300069CE86E0E217F30708F464CE85E062CEDB
:10924000EAE5F0E0E81BF90B8F349105E0F6AFE4B6
:10925000B0E0A81BB90B86349105C0F6C6E4D0E097
:109260008E01081B190BC801D3CF88E04BCEEF92BB
:10927000FF920F931F93CF93DF93C82F162F693060
:1092800048F4611108C0DF91CF911F910F91FF90B9
:10929000EF90089518E0DC2FD1708091D2048111F5
:1092A00064C081E08093D204D093E00D1092D10489
:1092B0001092D00480E0113009F479C0812F8150E0
:1092C000990B9C0181E090E001C0880F2A95EAF794
:1092D0008150DC2FD695DC27D82380E0EE24EA9459
:1092E000FE2C01E0DD2309F462C09D2F9F702D2F1D
:1092F000C0E019F422952F70C4E0322F337019F4B6
:1093000026952695CE5F20FFCF5FCF5F2091D004BA
:109310003091D1049C2F981B892F90E0A901409592
:10932000509548175907C8F5F092D104E092D0043F
:109330006091E00D8091D0049091D1042091C104FE
:10934000273091F50E94586981110E9486C1809151
:10935000E00D80278093E00D1092D1041092D0048C
:109360008FEF8D0FD8238C2FBDCF6091E00DD617D6
:1093700009F4A0CF8091D0049091D1042091C10430
:10938000273041F40E945869882309F48DCF0E9448
:1093900086C18ACF0E94CAC487CF280F391F309355
:1093A000D1042093D004C4CF0E94CAC4D0CF20914E
:1093B000D0043091D104181B612F70E0C901809551
:1093C00090958617970738F48FEF9FEF9093D1040D
:1093D0008093D00458CF620F731F7093D1046093B1
:1093E000D00451CF0F931F93CF938C01C0E0F801AD
:1093F00081918F010E94CF24882319F0CF5FC0385C
:10940000B1F7CF911F910F9108955F926F927F9264
:109410008F929F92AF92BF92CF92DF92EF92FF9284
:109420000F931F93CF93DF93CDB7DEB7C05AD140D0
:109430000FB6F894DEBF0FBECDBF682EA0904D0FC3
:10944000B0904E0FCE018F599E4F0E94626FCE0199
:109450008F5D9E4F0E94626F84EE94E1892B31F400
:1094600084EA96E10E94547E712C49C088E4E4EEBF
:10947000F4E1DE01AF56BF4F01900D928A95E1F7FE
:109480006E0189EDC80ED11C88E4F60111928A950F
:10949000E9F7CE018F599E4F0E94C2E3882321F342
:1094A000F12CE12C712C81E6882E992493948C0E5A
:1094B0009D1EFCE08F0E911C01E211E00C0F1D1FA0
:1094C000045F1F4FB401C8010E942EE6882349F0B3
:1094D000A114B10461F1EA14FB0448F1C8010E942F
:1094E0009CE3CE018F599E4F0E948E89882309F4F8
:1094F000BBCF711063C08BE996E10E94547E872D2B
:10950000C056DE4F0FB6F894DEBF0FBECDBFDF9161
:10951000CF911F910F91FF90EF90DF90CF90BF9070
:10952000AF909F908F907F906F905F900895AE0165
:109530004F5F5F4FB701CE018F5D9E4F0E94ED7D63
:10954000CE0101960E94457C582E811104C0C801AD
:109550000E949CE3B7CF8FEFE81AF80ABE016F565E
:109560007F4FCE0101960E94F37B6620C9F087FFF2
:10957000EECF772049F0BE01675B7F4FCE010196A9
:109580000E94F37B18161CF788E4FE013196DE0179
:10959000A75BBF4F01900D928A95E1F7752CD7CF4D
:1095A0001816ACF6772081F3BE01675B7F4FCE01C2
:1095B00001960E94F37B87FDE7CFC9CF88E4FE01C7
:1095C000E75BFF4FD60101900D928A95E1F70E946B
:1095D0009E8988E4F601A4EEB4E101900D928A958B
:1095E000E1F780914B0F90914C0F611002C00196F2
:1095F00001C0019790934C0F80934B0F0E946A9883
:109600000E94EC947CCF3F924F925F926F927F9238
:109610008F929F92AF92BF92CF92DF92EF92FF9282
:109620000F931F93CF93DF93CDB7DEB7C855D140CB
:109630000FB6F894DEBF0FBECDBF10914F0F1123B0
:1096400009F4CDC0A0904D0FB0904E0FA114B104FD
:1096500009F449C0462E6C013E0181E9680E711C77
:1096600088E4F30111928A95E9F7CE01875E9E4F57
:109670000E94626FCE0187529F4F0E94626FCE019F
:10968000875E9E4F0E94C2E3882359F1512CF12C32
:10969000E12C99E1892E992493948C0E9D1EFCE077
:1096A0008F0E911C09ED10E00C0F1D1F045F1F4F62
:1096B000B401C8010E942EE6882331F0EA14FB04AD
:1096C000A0F0C8010E949CE3CE01875E9E4F0E94DD
:1096D0008E89882331F0511039C08AE896E10E94C2
:1096E000547E0E94E8B910E07AC0AE014F5F5F4F30
:1096F000B701CE0187529F4F0E94ED7DCE010196AA
:109700000E94457C382E811104C0C8010E949CE350
:10971000CFCF8FEFE81AF80A5110F7CF22968FAD0E
:1097200022974812F2CFB601CE0101960F940C0495
:10973000892B59F788E4FE013196DE01A75BBF4F04
:1097400001900D928A95E1F7532CDFCFCE01875E11
:109750009E4F0E94C2E3882321F2D12CC12CF12C10
:10976000E12C89E1882E992493948C0E9D1EECE0C7
:109770008E0E911C09ED10E00C0F1D1F045F1F4F92
:10978000B401C8010E942EE6882339F0EA14FB04D4
:1097900008F43FC0C8010E949CE3CE01875E9E4F43
:1097A0000E948E89182F882309F49BCF88E4FE013C
:1097B000E75BFF4FD30101900D928A95E1F70E947C
:1097C0009E89D0924C0FC0924B0F88E4F301A4EE17
:1097D000B4E101900D928A95E1F70E946A98812F79
:1097E000C85ADE4F0FB6F894DEBF0FBECDBFDF9173
:1097F000CF911F910F91FF90EF90DF90CF90BF908E
:10980000AF909F908F907F906F905F904F903F9020
:109810000895AE014F5F5F4FB701CE0187529F4F52
:109820000E94ED7DCE0101960E94457C811104C00D
:10983000C8010E949CE3A4CFFFEFEF1AFF0ABE010C
:10984000675B7F4FCE0101960E94F37B87FFF0CFCD
:109850008FEFC81AD80AECCF8F929F92AF92BF9227
:10986000CF92DF92EF92FF920F931F93CF93DF93EC
:10987000CDB7DEB7C855D1400FB6F894DEBF0FBEE6
:10988000CDBF80914F0F811116C082E090E0C85A81
:10989000DE4F0FB6F894DEBF0FBECDBFDF91CF9184
:1098A0001F910F91FF90EF90DF90CF90BF90AF90FE
:1098B0009F908F9008957E0181E9E80EF11C18E4D5
:1098C000F701812F11928A95E9F7CE01875E9E4FAD
:1098D0000E94626FCE0187529F4F0E94626FF70114
:1098E00011921A95E9F7CE01875E9E4F0E94C2E35E
:1098F00081110BC08091440D80934F0F8111C5CF12
:1099000010924E0F10924D0FC0CF10E000E0D12CFE
:1099100089E1882E992493948C0E9D1EFCE08F0E75
:10992000911C99EDA92EB12CAC0EBD1E8CE0A80E99
:10993000B11C15C0AE014F5F5F4FB801CE01875219
:109940009F4F0E94ED7DCE0101960E94457CC82E5E
:10995000811138C0C5010E949CE3CD2CDC2CB401E0
:10996000C5010E942EE6882339F0073EE3E01E077A
:1099700008F3C5010E949CE3CE01875E9E4F0E94C2
:109980008E89882309F4B6CFDD2049F088E4FE01F2
:10999000E75BFF4FD70101900D928A95E1F70E9496
:1099A0009E8910934E0F00934D0F10924C0F109202
:1099B0004B0F012B11F584E896E10E94CFB981E0AD
:1099C00090E065CF0F5F1F4FDD2049F0BE01675B60
:1099D0007F4FCE0101960E94F37B87FF0AC088E487
:1099E000FE013196DE01A75BBF4F01900D928A9573
:1099F000E1F7C5010E949CE3B1CF88E4F701A4EE32
:109A0000B4E101900D928A95E1F70E946A980E9454
:109A1000EC9490E080E03BCF80914F0F811104C027
:109A20001092490F0C94E8B90E942CCC9C019091A3
:109A3000590E9F5F9093590E2115310519F410921C
:109A4000490F08952130310571F49330C0F781E05A
:109A50008093490F0E94ACDD605B7F4F7093420F93
:109A60006093410F08952230310589F7933078F3E0
:109A7000D7CF83E996E10E9424BA0E9406B981E01B
:109A80000E94159380934F0F1092520F1092510F16
:109A90001092500F1092490F1092590E0E9474B7F5
:109AA0000C940CCD0E942CCC9C01029721F40E94B6
:109AB000E8B980E003C081E0232BD9F708959091A5
:109AC0004F0F992339F020914D0F30914E0F2115F2
:109AD000310511F40C94EC9440914B0F50914C0FC4
:109AE0004F5F5F4F4217530760F0882341F02130EA
:109AF000310529F081E00E944B988823B9F00C943D
:109B000052CD0E94EC9480E00E9405CA81110EC0E3
:109B10008091440D882341F065EB76E183E39DE07D
:109B20000E940CFF892B59F30C94E8B90895CF9348
:109B300080914F0F882331F080914D0F90914E0FFF
:109B4000009719F4CF910C9452CD0E94FEEDC82FCE
:109B5000811105C00E94E8B98C2FCF9108958091A2
:109B60004D0F90914E0F019790934C0F80934B0F98
:109B70000E946A980E94EC94EFCF90914F0F992326
:109B800039F020914D0F30914E0F2115310511F410
:109B90000C94EC9440914B0F50914C0F452B61F479
:109BA000882341F02230310528F08FEF0E944B9836
:109BB0008823B9F00C9497CD0E94EC9481E00E9428
:109BC00005CA81110EC08091440D882341F06CEAD2
:109BD00076E183E39DE00E940CFF892B59F30C94FE
:109BE000E8B908950E94D06F10922E058FB7F894AF
:109BF00010921205109211051092310D1092300D35
:109C000098E09093300291E0909335028FBF1092CC
:109C10002F0D1092320D1092130508958091340E7D
:109C20008093390E882359F180915002909151020E
:109C30008630910599F50E945E730E94D06F8091E5
:109C40001914882321F089E194E10E94F48B109289
:109C5000FB0D1092FA0D1092F20D1092F30D10926E
:109C6000F40D1092F50D1092EF0D0E940F951092C9
:109C7000ED0D1092EC0D1092EB0D1092EA0D86E0B6
:109C800090E090937A0F8093790F1092340E0E9497
:109C90001D950E94166E81E00C9483719C012450E6
:109CA00031092230310588F40E940E290E94D06FBC
:109CB00080911914882321F089E194E10E94F48BAA
:109CC00010929E0F10929D0FDACF0197C1F60E945D
:109CD0000E291092E1141092E0141092BA1410920E
:109CE000B9140E94D06F80911914882321F089E162
:109CF00094E10E94F48B1092FE041092FD04BFCFF9
:109D00008091790F90917A0F8130910511F40C9424
:109D10000ECE0297029708F051C0809150029091A8
:109D2000510286309105C9F48091FA0D9091FB0D96
:109D30000197029740F40E945E7383E090E0909355
:109D4000FB0D8093FA0D84E090E090937A0F80935E
:109D5000790F0E941D950C94166E019799F48091CD
:109D6000FD049091FE040197029768F70E94A02AD3
:109D700081E08093FC0483E090E09093FE04809364
:109D8000FD04E1CF80919D0F90919E0F0197029766
:109D9000D0F60E94A02A9FB7F8948091FB049FBF41
:109DA000843029F482EF95E10E942C3ACCCF83E0F5
:109DB00090E090939E0F80939D0FC5CF08954F9292
:109DC0005F926F927F928F929F92AF92BF92CF924B
:109DD000DF92EF92FF920F931F93CF93DF93109137
:109DE000340E11113DC28091560290915702019795
:109DF00041F48091500290915102069711F40E9413
:109E0000166E2091520230915302409154025091AB
:109E100055026091500270915102809158020E9447
:109E20009CC3C0915002D0915102C630D10509F0B7
:109E300032C101E08091560290915702019709F0DA
:109E400000E0C0905202D0905302E0905402F09093
:109E50005502C0917B0FD0917C0F0E94B499009362
:109E6000EE0D8091440D81110FC08BEA94E10E94A8
:109E70008DBB85E090E09093FB0D8093FA0D8FE908
:109E80009FE00E9440C1ECC10E94F2CD22E2C216C6
:109E900026E5D206E104F10469F084E4C8168CEAF0
:109EA000D806E104F10431F085E08093FF048EE9E7
:109EB00094E1DDCF60E074E284EF90E0A7019601C9
:109EC0000F94500229014B01DA01C9018097A109C1
:109ED000B109803E9F4FA105B10530F70E948A74F9
:109EE0008FB7F894D0920C05C0920B0550920A05DA
:109EF0004092090590920805809207051092060588
:109F000010920505109204051092030510920205A7
:109F1000109201051092000591E09093FF048FBF0D
:109F20008FB7F8941092100510920F0510920E053D
:109F300010920D058FBFCE010E9490BD882309F4B9
:109F400098CFC092F60DD092F70DE092F80DF092F6
:109F5000F90D89E194E10E946191811103C08FE8BC
:109F600094E185CF60E070E080E290E00E943A8D5D
:109F7000811105C081E894E10E948DBB07C060E0BB
:109F800070E0CB010E94057F811105C00E945E73C5
:109F90000E94D06F6ECF60E070E0CB010E94B9BC30
:109FA0008823A1F360E072E080E090E00E94057FEA
:109FB000882361F30E94508C882341F38091FF0431
:109FC000813019F083E794E1D7CF0E9495728823FE
:109FD000C9F381E090E09093FB0D8093FA0D81E04E
:109FE0008093340E82E090E090937A0F8093790F03
:109FF0000E941D950E94ACDD60932C0E70932D0E77
:10A0000080932E0E90932F0E1092300E1092310EE0
:10A010001092320E1092330E1092280E1092290ECA
:10A0200010922A0E10922B0E809156029091570298
:10A03000019761F58091500290915102069709F0C5
:10A0400021C120915202309153024091540250910B
:10A050005502A5E0B0E00F948902DC01CB01079620
:10A06000A11DB11D23E0B695A795979587952A95D3
:10A07000D1F7009721E0A207B10520F08FEF9FEF05
:10A08000A0E0B0E09093E20D8093E10D80E00E94AB
:10A09000837111E0E5C0CE010497029708F076C005
:10A0A000E0907B0FF0907C0F0E9445298091440D39
:10A0B000811105C085E694E10E9463251BC0D09301
:10A0C000740FC093730F2597E1F00E941C298CE94F
:10A0D00091E390932C0280932B0282E080932A02DA
:10A0E0001092D30481E08093FB04C7010E94ED2508
:10A0F000811116C085E090E090939E0F80939D0F94
:10A10000BECE0E941C298CEF91E090932C0280938C
:10A110002B0283E080932A0281E08093D304E2CF74
:10A1200089E194E10E946191811103C089E594E184
:10A13000C3CF60E070E080E290E00E943A8D882317
:10A1400091F060E070E0CB010E94057F882359F018
:10A150000E94508C882339F00E946528811108C024
:10A1600080E494E102C08BE494E10E942C3A87CE13
:10A170009FB7F8948091D4049FBF8093D50481E069
:10A1800090E090939E0F80939D0F29CF219709F027
:10A1900063C0C0917B0FD0917C0F0E9401248091FD
:10A1A000440D811105C082E394E10E948DBB15C06E
:10A1B0000E941C298CEF91E090932C0280932B023B
:10A1C00083E080932A0281E08093D3048093FB0490
:10A1D000CE010E941025811107C085E090E0909388
:10A1E000FE048093FD044BCE89E194E10E946191CD
:10A1F000811103C087E294E1D8CF6FE770E081E07E
:10A2000090E00E943A8D8823A1F060E070E0CB01DD
:10A210000E94057F882369F00E94508C882349F0B2
:10A220000E947F6C0E946528811108C08FE094E134
:10A2300002C089E194E10E940D3A21CE9FB7F894C3
:10A240008091D4049FBF8093E80481E090E09093D4
:10A25000FE048093FD04C3CE89EB94E10E94CDBF40
:10A26000812FDF91CF911F910F91FF90EF90DF90A1
:10A27000CF90BF90AF909F908F907F906F905F90A6
:10A280004F9008952FB7F8948091760F9091770FA3
:10A290002FBF9093E80D8093E70D80912C0E909145
:10A2A0002D0EA0912E0EB0912F0E8093E30D909362
:10A2B000E40DA093E50DB093E60DE8CECF92DF92CA
:10A2C000EF92FF920F931F93CF93DF931F921F92F2
:10A2D000CDB7DEB78091790F90917A0F2091560219
:10A2E000309157028130910519F5232B81F080912F
:10A2F000560290915702019781F49FB7F89480918C
:10A30000780F1092780F9FBF811105C006C00E9480
:10A310007E71882361F30E94DFCE0F900F90DF9152
:10A32000CF911F910F91FF90EF90DF90CF90089504
:10A33000AC014250510942305105E0F4232BD1F4D5
:10A34000029791F08091790F90917A0F039791F491
:10A350008091FF0E81110EC00E947E71811157C045
:10A3600081E08093FE0E06C00E947E718111EACFCB
:10A370000E942EC18091560290915702019741F59B
:10A380008091790F90917A0F029711F58091500288
:10A3900090915102069721F18FB7F8940091760FB2
:10A3A0001091770F8FBF0E94ACDD2091E70D3091A7
:10A3B000E80D20173107A9F11093E80D0093E70D80
:10A3C0006093E30D7093E40D8093E50D9093E60D9B
:10A3D00080915002909151028630910509F055C14B
:10A3E0008091FA0D9091FB0D9C0121503109223092
:10A3F000310508F06BC09FB7F8948091FF049FBFB0
:10A40000843019F586E695E10E948DBB23C08091CA
:10A41000FE0E882309F4AECF1092FE0E0E94E3BF19
:10A42000A9CF0091E30D1091E40D2091E50D30913D
:10A43000E60D601B710B820B930B6838734181052D
:10A44000910530F20E9480CEC3CF80E00E9494BB81
:10A4500081110BC00E945E730E94D06F85E090E076
:10A460009093FB0D8093FA0D02C00E9477DA8091E1
:10A470005602909157020197A9F48091790F90911B
:10A480007A0F029779F48091E10D9091E20D009797
:10A4900049F02091EC0D3091ED0D2817390710F09F
:10A4A0000E9480CE8091FA0D9091FB0D8330910532
:10A4B00009F4D1C008F093C38130910509F4D5C0E7
:10A4C000029709F02ACF83E090E0C7C0039779F69E
:10A4D0000E940195892B11F081E0B8CF80919A0FED
:10A4E0008111C3CF8091EF0D81116DC00E94617009
:10A4F0008111BDCF8091EF0D8111B9CF81E08093A3
:10A50000EF0D1092F10D1092F00D8FB7F89490911D
:10A510000005992371F0909102059093F10D9091AF
:10A5200001059093F00D1092020510920105109212
:10A5300000058FBF6091F00D662309F498CF8091DC
:10A54000960F882321F08091F10D0E9437C9609108
:10A55000F00D4091F10DE9E1F2E190E080E0A1E041
:10A56000B0E0861770F49D01082E01C0220F0A94F6
:10A57000EAF7242321F02BEE21930196F2CF24E178
:10A58000FBCF70E089E192E10E94FE7F2091F00D07
:10A590002817190619F087E595E136CF8091F20D5D
:10A5A0009091F30DA091F40DB091F50D820F911DD6
:10A5B000A11DB11D8093F20D9093F30DA093F40DA6
:10A5C000B093F50D54CF0E946170811150CFC090AF
:10A5D000F20DD090F30DE090F40DF090F50DC0FC6D
:10A5E00017C082E0D80EE11CF11C6091F20D709151
:10A5F000F30D8091F40D9091F50D0E94B9BC81117D
:10A600001BC080919F0F811125CF8DE395E1FCCE7A
:10A610001092191261E070E089E192E10E94FE7FE0
:10A62000019719F08BE495E1EFCE91E0C90E92E02D
:10A63000D91EE11CF11CD9CFC701B6010E94768C4E
:10A640008823F9F20E94508C8823D9F20E94D06F9F
:10A6500084E090E005CF84E090E090937A0F8093BF
:10A66000790F5BCE0E94C8AE58CE8091790F909141
:10A670007A0F049709F451CE82E090E090937A0F1C
:10A680008093790F0E941D9548CE9C01245031097A
:10A690002230310508F0A8C08FB7F8942091FB0450
:10A6A0008FBF80919D0F90919E0FAC014150510939
:10A6B00042305105A0F48EE795E1243009F491C0B1
:10A6C0000E948525882321F00E947026811102C0F6
:10A6D0000E9463EF80919D0F90919E0FE7CE0397AC
:10A6E000C9F70E948525882399F30E947026882344
:10A6F00079F30E945728892B69F78091D9049091AA
:10A70000DA04892B39F78091D8048111E3CF809145
:10A71000D7048111DFCF8091D6048111DBCF0E9455
:10A7200058258111D7CF8091DB04E82FF0E0DF01BD
:10A73000AA0FBB1FAC5AB24F2D913C91232B51F065
:10A74000EC51FB4F9081911105C091E090838927D6
:10A750008093DB040E948525882309F4B9CF80917A
:10A76000E4048111B7CF8091E5048111B3CF8091CA
:10A77000540D9091550D892B09F0ACCF8091560D59
:10A780009091570D892B09F0A5CF0E94617081111E
:10A79000A1CF6091E0047091E1048091E204909176
:10A7A000E3040091DC041091DD042091DE0430917B
:10A7B000DF04601771078207930789F40E94768C83
:10A7C000882369F00E94508C882349F00E94D06F42
:10A7D00084E090E090939E0F80939D0F7BCF83E762
:10A7E00095E10E942C3A76CF019709F096CD8FB76C
:10A7F000F8942091FB048FBF8091FD049091FE049A
:10A800000197039708F019C185EE95E1243091F185
:10A810008091FA04882309F451C00E94617081116B
:10A82000D6C11092530D1092520D1092510D1092EC
:10A83000500D1092F9041092F8041092F70410923F
:10A84000F6041092F2041092F3041092F4041092A1
:10A85000F5041092470D1092480D1092490D109278
:10A860004A0D60E070E0CB010E94057F811105C0B8
:10A870008CED95E10E940D3AAAC18091E604909179
:10A88000E7040097A9F30E94F2C9882389F3109284
:10A89000FA0481E08093F10440914B0D50914C0DEE
:10A8A00060914D0D70914E0D41155105E1E06E071F
:10A8B0007105B8F11092E1141092E0140E946A241C
:10A8C000882309F47BC08091F0048111B6C022E096
:10A8D000E22EF12CCC24C394D12C01E08091FD0414
:10A8E0009091FE04E091F604F0E0E850FB4F2081E7
:10A8F0002111A3C02091FA0421119FC0039721F4D4
:10A900008091F0048111A0C08091ED04882309F4A6
:10A910003FC01092ED040E94EA2A882309F44EC039
:10A92000DDCF22E030E03093E1142093E014109268
:10A93000BA141092B91425E030E03093C814209373
:10A94000C7141092CC141092CB141092CD14109204
:10A95000CE141092CF141092D0141092D1141092E1
:10A96000D2141092D3141092D4144093D51450934F
:10A97000D6146093D7147093D8141092DA141092EE
:10A98000D9141092DC141092DB148093DD1496CF4E
:10A99000CE0101960E945226882309F44EC0809170
:10A9A000EE049091EF048130910579F41092EF0458
:10A9B0001092EE048981803108F0ADCF80919F0F15
:10A9C000811138C081ED95E155CF029761F4109265
:10A9D000EF041092EE040E9438698091E804802709
:10A9E0008093E8047BCF1981113029F4D092EF04D1
:10A9F000C092EE0473CF123019F40E9438696ECF02
:10AA0000133029F4F092EF04E092EE0467CF212F87
:10AA100030E094E0359527959A95E1F71F70211560
:10AA2000310561F2822F0E94EA2A882339F21093BD
:10AA3000ED0454CF90E080E01DCF8091FD04909113
:10AA4000FE04039709F0C3C08091F004811118C07F
:10AA50008091FC04882309F4FECD0E945728892B9D
:10AA600009F0B5C08091EE049091EF04892B09F0B4
:10AA7000AEC08091ED048111AAC082EC95E1FACEBE
:10AA80000E9452240E946A24811103C088EB95E140
:10AA9000F1CE8091F80481119AC08091F90481115E
:10AAA00096C08091500D9091510D892B09F08FC067
:10AAB0008091520D9091530D892B09F088C00E940E
:10AAC0006170811184C06091470D7091480D809133
:10AAD000490D90914A0D0091E9041091EA042091EA
:10AAE000EB043091EC04601771078207930709F0BB
:10AAF00073C00091F2041091F3042091F40430919A
:10AB0000F504601771078207930709F065C00E947A
:10AB1000768C882309F460C00E94508C882309F445
:10AB20005BC00E94D06F1092E1141092E01410925A
:10AB3000BA141092B9148091450D9091460D8B3046
:10AB400008F03FC0BE016F5F7F4F0E940D688823F1
:10AB5000C1F1E981FA81E131A0F5FF27EE0FFF1F76
:10AB6000E457FA4E059114910115110551F169E16F
:10AB700074E189E192E10E9438EF882311F1A80184
:10AB800060E870E089EB92E10E94F9EF09EB12E1D5
:10AB9000F80101900020E9F78F010A5B124189E179
:10ABA00092E10E946191882361F0B80189EB92E102
:10ABB0000E94FE7F8017910711F40E94508C0E9422
:10ABC000D06F84E090E09093FE048093FD04809128
:10ABD000FD049091FE046ACC8EEA95E14BCE843060
:10ABE000910509F43FCD059709F097CB8FE99FE0D8
:10ABF0000E9440C192CB653048F470E0660F771F29
:10AC0000680F791FFB018181928108956B3050F4A8
:10AC10006550770B660F771F680F791FFB018685DC
:10AC2000978508956D3051F06B50770B660F771F45
:10AC3000680F791FFB01848D958D089590E080E069
:10AC400008958150823108F05AC0E82FF0E088273B
:10AC5000E35DF9428F4F0D9472024DD651D63FD627
:10AC600045D649D67FD654D65AD65ED664D668D64F
:10AC70006CD672D676D67FD67AD680D684D6809198
:10AC800080008F77809380000895809180008F7D71
:10AC9000F9CF80918000877FF5CF84B58F7784BD11
:10ACA000089584B58F7DFBCF8091B0008F7780931E
:10ACB000B00008958091B0008F7DF9CF8091900011
:10ACC0008F77809390000895809190008F7DF9CFC9
:10ACD00080919000877FF5CF8091A0008F7780933F
:10ACE000A00008958091A0008F7DF9CF8091A000F1
:10ACF000877FF5CF809120018F7780932001089581
:10AD0000809120018F7DF9CF80912001877FF5CF41
:10AD1000AF92BF92CF92DF92EF92FF920F931F9369
:10AD2000CF93DF936C017B018B01040F151FEB01A7
:10AD30005E01AE18BF08C017D10759F06991D6015E
:10AD4000ED91FC910190F081E02DC6011995892BC0
:10AD500079F7C501DF91CF911F910F91FF90EF908F
:10AD6000DF90CF90BF90AF9008950895FC019C01B3
:10AD7000255F3F4F80E080FB879587F99191890F90
:10AD8000E217F307C1F7089580917B00877F8093D6
:10AD90007B0080E480937C0080917A0080648093C3
:10ADA0007A0080917A0086FDFCCF809178009091A6
:10ADB00079000895FC0101900020E9F73197AF0177
:10ADC000481B590BBC0183EE97E10C9488D6CF93B6
:10ADD000DF93E9E8FDE18491E3E4FDE1D491EDEF57
:10ADE000FCE1C491CC23A1F081110E9421D6EC2F6B
:10ADF000F0E0EE0FFF1FE052F34EA591B491EC91FD
:10AE0000ED2381E090E009F480E0DF91CF91089597
:10AE100080E090E0FACFAF92BF92CF92DF92FF92A4
:10AE20000F931F93CF93DF93EB015A018C0198018D
:10AE30002F5F3F4FD8018C918032D1F01983088366
:10AE40001F821E82F801DF01FD906D01FF2031F1AC
:10AE5000BFE2FB1619F1F7FE0DC080E0DF91CF9144
:10AE60001F910F91FF90DF90CF90BF90AF9008950A
:10AE70008901DDCF8F2D0E942BA78111EECFC60156
:10AE8000801B910BEEE2FE1639F0F0E2FF1621F086
:10AE90009F838E83DD82CC82F601D5CF8E819F8108
:10AEA00001978F3F9105C8F62E2F9F2F81918032F9
:10AEB000D9F38F32C9F3D5012C9311969C930C8151
:10AEC0001D8128813981FE013A96CE01459640E2E6
:10AED00041938E179F07E1F781E0F90190819E323F
:10AEE00009F480E0F9012F5F3F4F90819E32D1F34A
:10AEF000980121503109E217F30720F4D9019C9100
:10AF00009E32B9F740E067E0A0E050E078E0E0175B
:10AF1000F10708F045C090819E3241F42E173F079B
:10AF200069F46AE0A8E070E13196F1CF9232A1F0C5
:10AF30009C3791F0B5EAB90FB33070F0B6EDB90FA8
:10AF4000B63010F49D3241F4B6ECB90FB63020F0B3
:10AF5000BFEDB90FBE3528F0907C9038B9F580E090
:10AF6000E3CF6A1740F46A30D1F02E173F07B8F0EC
:10AF7000F9013197F4CFBFE9B90FBA3158F59052C2
:10AF8000472BFF24F394FA0EAC0FBD2FB11D1A9678
:10AF90009C93B6E0BF1508F0F886AF2DC5CF80E0D2
:10AFA0009A85903209F459CF882329F0542309F067
:10AFB00042E0498753CF81E089878885C80FD11D3A
:10AFC0008EE78A8781E38B8781E048CF80E09FE529
:10AFD0006A1748F2BFEBB90FBA3198F6572BD1CFA9
:10AFE0002091E0143091E1142130310521F41092C8
:10AFF000DF141092DE141092C8141092C71481301E
:10B0000024E0920728F11092CA141092C91490E01B
:10B0100080E09093CB148093CC141092CD141092B6
:10B02000CE141092CF141092D0141092D11410920A
:10B03000D2141092D3141092D4141092DA141092E5
:10B04000D9141092DC141092DB141092DD140895C0
:10B050009C0183E0220F331F8A95E1F73093CA14D5
:10B060002093C91491E080E0232B99F690E0D1CF92
:10B07000CF92DF92EF92FF924091C9145091CA147F
:10B080004115510509F447C09C0173E0220F331F9D
:10B090007A95E1F7E4E0880F991FEA95E1F78417C4
:10B0A0009507C8F1CA01880F991F840F951F821751
:10B0B000930788F12D3C8CE03807B0F4443D88E0DC
:10B0C000580790F484E1829FB001839F700D112492
:10B0D0008DE1849F9001859F300D112441E062171E
:10B0E000730798F440E011C0A4E1B0E00F947A0235
:10B0F0006B017C019A01ADE1B0E00F947A0241E06E
:10B10000C616D706E806F90668F3842FFF90EF907D
:10B11000DF90CF9008954FEFF8CFE091B914F09100
:10B12000BA14EF2B51F59093BA148093B91460932D
:10B13000BB142093BC143093BD144093BE145093A1
:10B14000BF148091D9149091DA149093C114809314
:10B15000C0148091DB149091DC149093C3148093FD
:10B16000C2148091CB149091CC149093C514809309
:10B17000C4148091DD148093C61408955F926F9279
:10B180007F928F929F92AF92BF92CF92DF92EF9277
:10B19000FF920F931F93CF93DF93EC014B013A0182
:10B1A000590147E050E06EEB7CE10E941EFFF30185
:10B1B0005080892B09F05FC05520B9F081E0F6017D
:10B1C0008083A701B801C501DF91CF911F910F9135
:10B1D000FF90EF90DF90CF90BF90AF909F908F90B7
:10B1E0007F906F905F900C94137BFE01379699F4DB
:10B1F00055245394852DDF91CF911F910F91FF908E
:10B20000EF90DF90CF90BF90AF909F908F907F9006
:10B210006F905F9008958F81882351F390E080E0D4
:10B220003AE021912223B1F020532A3008F78A39DD
:10B2300049E19407E8F6893949E1940711F4263089
:10B24000B8F6389FA001399F500D1124CA01820F12
:10B25000911DE7CF009761F221E08816990609F069
:10B2600020E0F30120838816990611F6F50110827B
:10B27000F8011082BDCF552009F4BACF45E050E067
:10B2800068EB7CE1CE010E941EFF892B91F4BE0188
:10B290006B5F7F4FFB0101900020E9F73197E61BC0
:10B2A000F70BAF014F5F5F4FC5013C97E8F0512CA2
:10B2B000A1CF46E050E061EB7CE1CE010E941EFF91
:10B2C000892B09F095CFBE016A5F7F4FFB0101908A
:10B2D0000020E9F73197E61BF70BE530F10538F769
:10B2E000AF014F5F5F4FC8010F94FC0383CF0097FE
:10B2F000B9F447EA5CE161E170E087E092E10E9425
:10B300008DB086E080930612809104129091051210
:10B31000089781F481E00E946B7481E00C94837142
:10B3200040E150E0BC0187E092E10F9423041092C9
:10B330001712E7CF08950F931F93CF93DF93CDB7E5
:10B34000DEB76C970FB6F894DEBF0FBECDBF2FEF00
:10B35000260F283660F080E06C960FB6F894DEBFBA
:10B360000FBECDBFDF91CF911F910F91089588300F
:10B3700021E1920709F048C0FE0171968CE0DF01DF
:10B380001D928A95E9F783EC8F8788E0888B81E1AD
:10B39000898BDE0111969E01215F3F4F89015A2F53
:10B3A0004B2F1097C1F2F90161919F0190E080E06D
:10B3B0008D30910509F443C0FC01E955F44EE49148
:10B3C0006E133DC08D93A017B10759F7E4E1F0E18A
:10B3D00080E7DF011D928A95E9F781E080930410F0
:10B3E0008EE0E52FF42FA5E0B0E101900D928A9553
:10B3F000E1F78DE08093131080E880931A1080EDC0
:10B4000080931B1081E0A8CF8115904C09F0A3CF49
:10B4100081E28F8788E0888B81E1898B8A8B1B8A08
:10B4200080EC8C8B91E09D8B6E8B1F8A9DEE988FAC
:10B4300090EB998F93EC9A8F1B8E8C8FAACF0196ED
:10B440008115F1E09F0709F0B3CF85CFE8ECFFE06D
:10B4500080E09191992311F09D3059F4E82FF0E0AC
:10B46000E853F04F882349F09291903231F48150A3
:10B47000F9CF8F5F813169F7F1CF0895E091B20F75
:10B48000F091B30F309711F084E619951092B10F37
:10B490000895FC013197E730F10538F58827EC5A1B
:10B4A000F5428F4F0D94720263DA66DA69DA6FDA69
:10B4B00072DA5BDA6CDA8FE090E090939C0F809305
:10B4C0009B0F81E0089586E090E0F7CF87E090E061
:10B4D000F4CF88E090E0F1CF80E190E0EECF89E01A
:10B4E00090E0EBCF8AE090E0E8CF80E008951F93F2
:10B4F000CF93DF93D4E01FEF40919A0F442329F1BB
:10B500008091990F50915A02851719F190E4899F03
:10B51000900111242C5F3F4EC0E49091980F9C172E
:10B5200018F11092980F851304C010935A021092CC
:10B53000970F8F5F87708093990F415040939A0FB8
:10B54000DBCF8093980FD111D7CFDF91CF911F918F
:10B550000895C091970FCC2321F3E0E48E9F9001D2
:10B5600011242C5F3F4ED9CF8091960F882339F05C
:10B57000290F311D68E0F90180810E9437C980914F
:10B58000980F8F5FD1508C17E0F21092980F809136
:10B59000990F90915A02891304C010935A02109285
:10B5A000970F8F5F87708093990F80919A0F8150CA
:10B5B00080939A0FC8CF4091EA0F242F3091EB0F60
:10B5C000532F52955F7090E0FC01ED50F04F5A30D0
:10B5D00030F5505D5083FC01EC50F04F532F5F70FD
:10B5E0005A30F8F4505D5083FC01EB50F04F54E0BA
:10B5F000369527955A95E1F72F702A30A0F4205DF3
:10B600002083FC01EA50F04F242F2F702A3068F479
:10B61000205D20838950904FFC0110820895595C71
:10B62000D9CF595CE0CF295CEBCF295CF2CF1F93D7
:10B63000CF93DF93282F30E0F901EA57F24E84913F
:10B64000F901E05CF24ED491F901E650F34EC49159
:10B65000CC23A9F0162F81110E9421D6EC2FF0E007
:10B66000EE0FFF1FE357F44EA591B4918FB7F894F6
:10B67000EC91111108C0D095DE23DC938FBFDF91D0
:10B68000CF911F910895DE2BF8CF10922C1560E01A
:10B6900082E00C9417DB9FB7F894809171008B7F48
:10B6A00080937100109290001092910084E088BB0A
:10B6B00080911812813011F4109218129FBF0E94CD
:10B6C00045DB0C946874CF93DF93EC0160E08E81CE
:10B6D0000E9417DB61E08E810E9417DB60E08E81A3
:10B6E0000E9417DB8BE891E00197F1F7DF91CF9192
:10B6F0000895CF92DF92EF92FF920F931F93CF9313
:10B70000DF936C017C0187E0E80EF11CD0E0C0E023
:10B71000062F10E0B8010C2E02C0759567950A94AB
:10B72000E2F76170F70181917F010E9417DB21969A
:10B73000C430D10579F7C601DF91CF911F910F91E8
:10B74000FF90EF90DF90CF900C9463DBCF92DF926D
:10B75000EF92FF920F931F93CF93DF93EC01F62E9E
:10B76000642F8C810E9417DB8D818F3F19F060E080
:10B770000E9417DB0F2D10E08F8584FF25C06E011E
:10B7800087E0C80ED11CF12CE12CB8010E2C02C0B0
:10B79000759567950A94E2F76170F60181916F01E2
:10B7A0000E9417DBFFEFEF1AFF0A88E0E816F104AA
:10B7B00061F7CE01DF91CF911F910F91FF90EF9034
:10B7C000DF90CF900C9463DBB80184E075956795AA
:10B7D0008A95E1F7CE010E9479DB6F2DCE01DF91D2
:10B7E000CF911F910F91FF90EF90DF90CF900C942D
:10B7F00079DB40E0682F83EE97E10C94A6DB81E0D3
:10B800000E94F9DB8BE39FE10197F1F70895909196
:10B81000F617891710F08FEF890FE82FF0E0ED5140
:10B82000F84E848980680C94F9DBCF93DF93CDB711
:10B83000DEB761970FB6F894DEBF0FBECDBFAC0187
:10B8400061E170E0CE0101960E94A1B0FE01319647
:10B8500080E0919191110CC0E1E0F0E0EC0FFD1F50
:10B86000E80FF11D90E28F5F91938031E1F703C003
:10B870008F5F803171F7198A80E00E9407DCCE016A
:10B8800001960E94DAD661960FB6F894DEBF0FBE1D
:10B89000CDBFDF91CF91089541E00E94A6DB81E00A
:10B8A00090E00895CF93DF9390E0FC01E05CF24ECE
:10B8B00024918650934EFC0184918823C9F090E036
:10B8C000880F991FFC01ED58F44EA591B491FC012D
:10B8D000E357F44EC591D49161110DC09FB7F89410
:10B8E0008C91209582238C938881282328839FBF65
:10B8F000DF91CF910895623051F49FB7F8943C9155
:10B90000822F809583238C93E8812E2BEFCF8FB7E6
:10B91000F894EC912E2B2C938FBFEACFCF93DF932B
:10B92000823029F49091F21798609093F2178093E7
:10B93000F6171092F71780E48093F81780E1809350
:10B94000F91780E58093FA1761E08091E7170E946C
:10B9500052DC8091E8178F3F19F061E00E9452DCC1
:10B9600061E08091E9170E9452DCC3EED7E19E01AD
:10B97000235E37418091F21784FD0BC084E090E094
:10B9800021962817390744F461E08E810E9452DC29
:10B99000EECF88E090E0F4CF8BE39DE00197F1F7E4
:10B9A00060E08091E7170E9417DB60E08091E91763
:10B9B0000E9417DB8091E8178F3F19F060E00E942A
:10B9C00017DB8091F21784FD34C063E083EE97E1CA
:10B9D0000E9479DBCBE4D6E4CE010197F1F763E076
:10B9E00083EE97E10E9479DB2197F1F763E083EE24
:10B9F00097E10E9479DB83E592E00197F1F762E03D
:10BA000083EE97E10E9479DB8091F21780620E94B9
:10BA1000F9DB84E08093F3178CE00E94F9DB0E944D
:10BA2000FFDB82E08093F41786E0DF91CF910C94E6
:10BA3000F9DB80620E94F9DB8BE496E40197F1F771
:10BA40008091F21780620E94F9DB83E592E0019712
:10BA5000F1F78091F21780620E94F9DBD5CF3FB7F2
:10BA6000F8948091281890912918A0912A18B091E3
:10BA70002B1826B5A89B05C02F3F19F00196A11DD4
:10BA8000B11D3FBFBA2FA92F982F8827BC01CD0128
:10BA9000620F711D811D911D42E0660F771F881F87
:10BAA000991F4A95D1F708958F929F92AF92BF92B6
:10BAB000CF92DF92EF92FF924B015C010E942FDD4B
:10BAC0006B017C010E942FDD6C197D098E099F0995
:10BAD000683E734081059105A8F321E0821A910820
:10BAE000A108B10888EEC80E83E0D81EE11CF11C45
:10BAF00081149104A104B10429F7FF90EF90DF9025
:10BB0000CF90BF90AF909F908F900895CF92DF928B
:10BB1000EF92FF92CF93C0E2C12CD12C76010E940C
:10BB2000C4D6C80ED91EE11CF11C65E070E080E0AF
:10BB300090E00E9454DDC15091F7D701C60125E085
:10BB4000B695A795979587952A95D1F7CF91FF90B0
:10BB5000EF90DF90CF9008952FB7F894609124185C
:10BB60007091251880912618909127182FBF08955D
:10BB70004F925F926F927F928F929F92AF92BF92FD
:10BB8000EF92FF920F931F93CF93DF93FB01C0E0DF
:10BB90002191222309F475C0CF5FCF33C9F77B0110
:10BBA0008C018091B00F81110DC081E08093B00FA6
:10BBB0000E94ACDD60932C1870932D1880932E1882
:10BBC00090932F18D1EFDC0F2D2F30E0ACE2B1E0D5
:10BBD0000F947A024B015C010E94ACDD40902C185E
:10BBE00050902D1860902E1870902F1864197509B8
:10BBF00086099709A50194012053384F4F4F5F4F95
:10BC00000F945002603B24E072078105910508F40F
:10BC10004BC0605B744081099109681579058A05FC
:10BC20009B0550F42CE231E040E050E00F945002CC
:10BC30002F5F2D1708F4D22FD80190E080E04D2F10
:10BC400050E02D2F280F2C1788F5FA01E80FF91F67
:10BC5000EE0DFF1D20812D9301968F30910589F700
:10BC6000F8011786DF91CF911F910F91FF90EF9010
:10BC7000BF90AF909F908F907F906F905F904F900C
:10BC80000895C03108F08BCFDF91CF911F910F91B4
:10BC9000FF90EF90BF90AF909F908F907F906F90AC
:10BCA0005F904F900C94DEB1D0E0C6CF20E2D3CFAE
:10BCB0001F920F920FB60F9211242F933F938F93E1
:10BCC0009F93AF93BF938091241890912518A091D2
:10BCD0002618B09127183091231823E0230F2D3711
:10BCE00058F50196A11DB11D2093231880932418A7
:10BCF00090932518A0932618B093271880912818A0
:10BD000090912918A0912A18B0912B180196A11D85
:10BD1000B11D8093281890932918A0932A18B093E6
:10BD20002B18BF91AF919F918F913F912F910F90C1
:10BD30000FBE0F901F90189526E8230F0296A11DA5
:10BD4000B11DD2CF8FEF0C94A870CF93DF93FC017D
:10BD50002485222371F0EC0161E082850E9417DBCB
:10BD60008FEF0E94A8708091510E81110E94AB6EDE
:10BD70001C86DF91CF9108950F931F93CF93DF938C
:10BD80008C01862FEA010E94A870FE0181918EBD70
:10BD9000DE5FEC17FD0741F08191000000000DB45B
:10BDA00007FEFDCF8EBDF5CF0DB407FEFDCF8FEFA3
:10BDB0000E94A8708FEF0E94A8700E94A2DEF80176
:10BDC00086878F71853059F081E28387C8010E9490
:10BDD000A5DE80E0DF91CF911F910F91089581E062
:10BDE000F9CFCF93DF93FC012485211110C0EC0122
:10BDF000828193810E94AF7081E08C8760E08A85A8
:10BE00000E9417DB8FEFDF91CF910C94A870DF9128
:10BE1000CF9108950F931F93CF93DF93EC010C857F
:10BE2000011102C00E94F1DE0E94A2DE11E08F3FEC
:10BE300009F410E0011103C0CE010E94A5DE812F9C
:10BE4000DF91CF911F910F910895CF93DF93FC0164
:10BE5000C081D1810E94ACDDC61BD70B8D2F881FFE
:10BE60008827881FDF91CF9108950F931F93CF9359
:10BE7000DF931F921F92CDB7DEB78C010E94ACDD1D
:10BE8000600F711F7A8369830E94A2DE8F3F71F079
:10BE9000CE0101960E9425DF8823B1F380E00F9048
:10BEA0000F90DF91CF911F910F91089581E0F7CF0F
:10BEB0001F93CF93DF93EC0188E592E00E9435DF7A
:10BEC000182F882361F08DEF0E94A870CE010E9488
:10BED000A5DE1D86812FDF91CF911F9108958FE1FF
:10BEE0008B87CE010E94A5DEF5CFDF92EF92FF9205
:10BEF0000F931F93CF93DF93EC01162F022FF32E96
:10BF0000E42ED52E0E94EEE08823C1F18C858111AC
:10BF100003C0CE010E94F1DE111128C0812F806480
:10BF20000E94A8708D2D0E94A8708E2D0E94A8706E
:10BF30008F2D0E94A870802F0E94A87087E8111191
:10BF400001C085E90E94A8700E94A2DE1AE00E944A
:10BF5000A2DE8E8787FF02C01150C9F7DF91CF9113
:10BF60001F910F91FF90EF90DF9008951C30B1F278
:10BF70008CE291E00E9435DF8111D0CF8FEFEECFC0
:10BF80008F929F92AF92BF92CF92DF92EF92FF92E9
:10BF90000F931F93CF93DF93EC014A015B0169017B
:10BFA0008D85823049F48C819D81AE81BF81881559
:10BFB0009905AA05BB0571F18F85A5019401833010
:10BFC00039F089E0220F331F441F551F8A95D1F79E
:10BFD00069E1CE010E9475DF8823B1F08EE08B8786
:10BFE000CE010E94A5DECE010E94A5DE80E0DF9199
:10BFF000CF911F910F91FF90EF90DF90CF90BF9066
:10C00000AF909F908F90089582E08D878C829D8263
:10C01000AE82BF82F12CE12CE016F106A9F088E592
:10C0200092E00E9435DF811102C085E2D8CFA601DF
:10C030006CEFCE010E94BCDE882391F28FEFE81AEC
:10C04000F80A8EEFD81AE8CF8C819D81AE81BF812E
:10C050008E0D9F1DA11DB11D8C839D83AE83BF835B
:10C0600088858111C4CFCE01DF91CF911F910F91AF
:10C07000FF90EF90DF90CF90BF90AF909F908F9008
:10C080000C9458DFEF92FF920F931F93CF93DF939F
:10C09000EC0179018885882371F001E010E0CE0180
:10C0A0000E94C0DF182F812FDF91CF911F910F9138
:10C0B000FF90EF9008958F85833039F089E0440F29
:10C0C000551F661F771F8A95D1F79A01AB0168E16A
:10C0D000CE010E9475DF882339F08DE08B87CE0179
:10C0E0000E94A5DE10E0DFCFA7016EEFCE010E9417
:10C0F000BCDE8823A1F388E592E00E9435DF182F8B
:10C1000084E2112359F320E030E0A9016DE0CE0173
:10C110000E9475DF882311F08AE0E0CF0E94A2DE42
:10C120008111FACFCE010E94A5DEBDCFEF92FF9222
:10C130001F93CF93DF93FC01208111E020FF12C0F9
:10C14000EC017C01FCE0EF0EF11C4B815C816D8108
:10C150007E81970189819A810E9442E0182F811186
:10C1600008C010E0812FDF91CF911F91FF90EF90D9
:10C170000895888181FD04C088818E7F8883F2CFF5
:10C180004B815C816D817E818F819885A985BA857F
:10C19000480F591F6A1F7B1F970189819A810E944E
:10C1A00042E08111E9CFDDCFCF93DF93EC011D8613
:10C1B00020E030E0A9016CE00E9475DF882349F09F
:10C1C00089E08B87CE010E94A5DE80E0DF91CF91D0
:10C1D0000895CE010E94A5DE81E0F8CFFC012585FF
:10C1E000223011F40C9458DF213011F40C94D4E077
:10C1F00081E00895CF92DF92EF92FF920F931F9309
:10C20000CF93DF931F921F92CDB7DEB78C017B01D6
:10C210006A010E94ACDD645D7E4F7A8369830E946F
:10C22000A2DEF80186878F3FC1F4CE0101960E94FD
:10C2300025DF8823A1F38EE1F8018387C8010E94DE
:10C24000A5DE80E00F900F90DF91CF911F910F91AD
:10C25000FF90EF90DF90CF9008958E3F11F089E12D
:10C26000EBCF8FEF8EBDF701C6013FEF019749F08D
:10C27000000000000DB407FEFDCF2EB53EBD21939A
:10C28000F5CFF1E0CF1AD108EC0CFD1C0DB407FE80
:10C29000FDCF8EB5F7018083F80116860E94A2DEDD
:10C2A0000E94A2DE81E0CECF8F929F92AF92BF928A
:10C2B000CF92DF92EF92FF920F931F93CF93DF9372
:10C2C000EC014A015B0169018D85813049F48C8163
:10C2D0009D81AE81BF8188159905AA05BB0559F1DD
:10C2E0008F85A5019401833039F089E0220F331F37
:10C2F000441F551F8A95D1F762E1CE010E9475DF78
:10C30000882399F08CE08B87CE010E94A5DE80E027
:10C31000DF91CF911F910F91FF90EF90DF90CF9021
:10C32000BF90AF909F908F90089581E08D878C8211
:10C330009D82AE82BF82F12CE12CE016F10671F0F5
:10C3400040E052E0B601CE010E94FAE0882301F3FA
:10C350008FEFE81AF80A8EEFD81AEFCF8C819D8103
:10C36000AE81BF818E0D9F1DA11DB11D8C839D834C
:10C37000AE83BF8388858111CBCFCE01DF91CF9172
:10C380001F910F91FF90EF90DF90CF90BF90AF90F3
:10C390009F908F900C94D4E08F929F92AF92BF9217
:10C3A000FF920F931F93CF93DF93DC011196ED91D2
:10C3B000FC91EF2B61F490E080E0DF91CF911F9131
:10C3C0000F91FF90BF90AF909F908F900895F22EA5
:10C3D0004A015B01EC018B819C81AD81BE81881596
:10C3E0009905AA05BB0561F0CE010E9496E088235D
:10C3F00011F3F2FE0DC018828B829C82AD82BE8248
:10C400002F2D2370F880F22AF882CE010C96D5CF1A
:10C4100001E010E09E01245F3F4FB501A401898136
:10C420009A810E9454E18111E6CFC5CF8F929F92ED
:10C43000AF92BF92CF92DF92EF92FF920F931F9332
:10C44000423051056105710560F480E01F910F9144
:10C45000FF90EF90DF90CF90BF90AF909F908F9024
:10C460000895FC01C18CD28CE38CF48CC416D506E3
:10C47000E606F70650F3480159016A0185818032CA
:10C4800049F585899689A789B08D17E076956795D6
:10C49000579547951A95D1F7480F591F6A1F7B1F6B
:10C4A000868123E0823009F021E0CF0184960E944A
:10C4B000CCE1009751F2CC0CDD1CCC0CDD1CF1E082
:10C4C000DF228C0D9D1DFC0180829182A282B382AD
:10C4D00081E0BCCF803109F0B8CF458956896789A2
:10C4E000708D4D0D511D611D711D868123E08230BF
:10C4F00009F021E0CF0184960E94CCE1009709F475
:10C50000A4CFCC0CDD1CF1E0DF22C80ED91EF60151
:10C5100091828082DDCFCF92DF92EF92FF920F93D4
:10C520001F93CF93DF93423051056105710550F49D
:10C530008FEFDF91CF911F910F91FF90EF90DF90E0
:10C54000CF900895FC01C18CD28CE38CF48CC4167E
:10C55000D506E606F70660F389016A01EC018581DC
:10C560008032B1F585899689A789B08DE7E0769507
:10C57000679557954795EA95D1F7480F591F6A1F58
:10C580007B1F2E81223009F020E0CE0184960E948C
:10C59000CCE1009769F2CC0CDD1CCC0CDD1CF1E089
:10C5A000DF228C0D9D1DFC0180819181A281B381D0
:10C5B000498D5A8D6B8D7C8D481759076A077B070B
:10C5C00048F1F80180839183A283B38381E0B1CFE6
:10C5D000803109F0ADCF458956896789708D4D0D41
:10C5E000511D611D711D2681223009F020E0CE0110
:10C5F00084960E94CCE1009709F49ACFCC0CDD1C04
:10C60000F1E0DF22C80ED91EF60180819181B0E0F1
:10C61000A0E0CECF80E08DCF9F92AF92BF92CF921D
:10C62000DF92EF92FF920F931F93CF93DF9300D08F
:10C630001F92CDB7DEB75C016A017B019E012F5FBF
:10C640003F4FB701A601C5010E948BE2982E87FDDE
:10C6500034C000E010E09801B701A601C5010E94B6
:10C6600016E2882351F1F501418552856385748571
:10C67000C416D506E606F70650F4F1E0CF1AD10845
:10C68000E108F108F501C186D286E386F486C98007
:10C69000DA80EB80FC809110D1CF0F900F900F903B
:10C6A0000F90DF91CF911F910F91FF90EF90DF904E
:10C6B000CF90BF90AF909F90089580E0EECFCF9342
:10C6C000DF93FC012081211104C081E0DF91CF9133
:10C6D0000895EC01828187FF28C061E0CF010E94AC
:10C6E000379BFC01892B29F489818160898380E053
:10C6F000EDCF8081853EC1F38881877383878881F0
:10C7000083FF08C0888D998DAA8DBB8D848F958FEE
:10C71000A68FB78F8C8D9D8DAE8DBF8D938F828FA1
:10C72000B58BA48B8A818F778A838E819F810E94AB
:10C730009C9C8823C9F2C9CF0F931F93CF93DF939B
:10C74000EC0108A919A90115110579F0C8010E9489
:10C750005FE3F8011082128219AA18AA1BAA1AAA6A
:10C76000DF91CF911F910F9108950AA91BA981E034
:10C770000115110589F3C8010E9419A3F80114A637
:10C7800016A6EACF0F931F93CF938C010E94897E48
:10C79000811106C0C0E08C2FCF911F910F91089599
:10C7A000045F1F4F40E06BE572E0C8010E94766FA6
:10C7B000C82F811109C00E94897E882359F38FEC0C
:10C7C0009CE10E94547EE7CFC8010E949270C82F5E
:10C7D000811106C0C8010E949CE388ED9CE1F1CF65
:10C7E0000E945B6FD8CF4F925F926F927F928F9231
:10C7F0009F92AF92BF92CF92DF92EF92FF920F93F0
:10C800001F93CF93DF93EC014A015B014C845D845D
:10C810006E847F842881222309F45CC04889598969
:10C820006A897B89481559056A057B0581F0811461
:10C830009104A104B10469F41C861D861E861F861E
:10C84000888A998AAA8ABB8A8A818F7D8A8381E0B5
:10C8500046C023FF2CC0888D998DAA8DBB8D88156D
:10C860009905AA05BB05B0F1EE81FF813481375FE0
:10C870007501640181E0C81AD108E108F108032EAE
:10C8800004C0F694E794D794C7940A94D2F78A81A7
:10C8900086FF36C08C8D9D8DAE8DBF8D8C0D9D1D00
:10C8A000AE1DBF1D8C879D87AE87BF87C9CF26FF72
:10C8B000DBCFEE81FF818781908525E0880F991F6E
:10C8C0002A95E1F7B0E0A0E088159905AA05BB0517
:10C8D00008F0B6CF4C865D866E867F8680E0DF915D
:10C8E000CF911F910F91FF90EF90DF90CF90BF906D
:10C8F000AF909F908F907F906F905F904F90089532
:10C90000DB01CA010197A109B10904C0B695A79539
:10C91000979587953A95D2F7C816D906EA06FB0689
:10C9200020F0452B462B472B49F527FF22C0858D4C
:10C93000968DA78DB0A18C879D87AE87BF878E010E
:10C94000045F1F4FC114D104E104F10409F478CF4E
:10C950004C855D856E857F8598018E819F810E94C3
:10C960008BE291E0C91AD108E108F108181654F3D6
:10C97000B1CF8C8D9D8DAE8DBF8DDDCFC81AD90AFC
:10C98000EA0AFB0ADCCF2F923F925F926F927F926E
:10C990008F929F92AF92BF92CF92DF92EF92FF92CF
:10C9A0000F931F93CF93DF93EC014B017A01390171
:10C9B0008A8180FFD2C0888183FF16C0888D998DBF
:10C9C000AA8DBB8D488959896A897B89841B950BFF
:10C9D000A60BB70BA70170E060E0481759076A077C
:10C9E0007B07A0F07C0112C086FF10C0EE81FF81A2
:10C9F0008781908545E0880F991F4A95E1F728893E
:10CA00003989821B930B8E159F0560F36701512CAA
:10CA10001E018CE0280E311CC114D10409F4ECC0B5
:10CA200088899989AA89BB89EE81FF818C0111705F
:10CA30002881AC01BD0139E07695679557954795FA
:10CA40003A95D1F726FF30C0858D968DA78DB0A180
:10CA5000480F591F6A1F7B1FEE81FF8101151105C9
:10CA600009F081C0C11482E0D80608F47CC087A117
:10CA700090A5A1A5B2A5481759076A077B0709F435
:10CA800072C0C11484E0D80608F09CC001E010E038
:10CA9000940185A196A10E9454E1882309F45DC008
:10CAA000A12C82E0B82E78C05380542201151105C4
:10CAB00081F451100EC0892B8A2B8B2B81F527FF17
:10CAC00029C0858D968DA78DB0A18C879D87AE8757
:10CAD000BF87EE81FF814C855D856E857F854250E5
:10CAE000510961097109848104C0440F551F661FF3
:10CAF000771F8A95D2F781899289A389B489840F97
:10CB0000951FA61FB71FAC01BD01450D511D611D2D
:10CB1000711DA2CF8C8D9D8DAE8DBF8DD6CF4C85D6
:10CB20005D856E857F8523FF0CC08A8186FF09C0E5
:10CB30004F5F5F4F6F4F7F4F4C875D876E877F875B
:10CB4000C8CF9101CF010E948BE287FD06C0811101
:10CB5000C0CF8881807D09F04FC089818260898340
:10CB60008FEF9FEF4CC080E092E0801B910B56014D
:10CB70008C159D0508F45C0120E0CF0184960E948D
:10CB8000CCE1009751F3BC01600F711F6114710477
:10CB9000A1F0F301718360838A0C9B1C88899989B9
:10CBA000AA89BB898A0D9B1DA11DB11D888B998BFC
:10CBB000AA8BBB8BCA18DB082FCFA501C4010F9429
:10CBC000FC03EACF8601012F11270695888186FD97
:10CBD00007C082818519990B8017910708F48C0191
:10CBE0005801BA2CAA24BB0C9401CF0184960E9450
:10CBF000B1A78111D1CFB1CFC7018C199D09DF91A8
:10CC0000CF911F910F91FF90EF90DF90CF90BF9049
:10CC1000AF909F908F907F906F905F903F902F90FC
:10CC20000895CF93DF931F921F92CDB7DEB71A827C
:10CC300019829E012F5F3F4F40E250E070E060E0BC
:10CC40000E94C3E4809739F489819A810F900F90F4
:10CC5000DF91CF91089590E080E0F8CF8F929F927E
:10CC6000AF92BF92EF92FF920F931F93CF93DF93F8
:10CC7000EC017B010E949CE3D701D0968D919C91A1
:10CC8000D197892B09F460C0188219821A82D9AB16
:10CC9000C8ABD096ED90FC90F7018081807D71F05B
:10CCA00080899189A289B3898F719927AA27BB2787
:10CCB00000E010E0892B8A2B8B2B29F019AA18AAE7
:10CCC00080E02FC000E0D70150968D909D90AD90F0
:10CCD000BC905397C7010E9411E6009779F3FC01BD
:10CCE0002081222359F32E3269F3253E59F33385EF
:10CCF00033FD22C0002321F00E94B6D68113DECF7F
:10CD0000B501A40185E076956795579547958A9575
:10CD1000D1F720E0B701CE010E941C9A882371F25E
:10CD200081E0DF91CF911F910F91FF90EF90BF9025
:10CD3000AF909F908F9008953F3021F626FFC3CF8C
:10CD4000022F0F711585BFCFF70182A993A9892BF7
:10CD500009F4B6CF1CA61DA61EA6DBABCAAB02A863
:10CD6000F3A9E02D84A5807519F41BAA1AAAA8CFEF
:10CD700020812F7130E040E050E060E070E080E022
:10CD800090E0A0E00F94DB0381F720E050E040E06A
:10CD9000BF01CE010E94A5AA8111C2CFE6CF2F927A
:10CDA0003F924F925F926F927F928F929F92AF923B
:10CDB000BF92CF92DF92EF92FF920F931F93CF9388
:10CDC000DF93CDB7DEB7AC970FB6F894DEBF0FBEDA
:10CDD000CDBF8C016B01FA01DB018C91807D11F4D8
:10CDE00080E019C1D8018C918111FACF8681978199
:10CDF0000C966DE070E00F943C026CA3818583700B
:10CE0000662463948111660E722E7F011CA70BA706
:10CE1000F6010680F781E02DFAA3E9A340E050E097
:10CE2000BA01C6010E94F3E31DA21EA2812C912C1F
:10CE300010E000E01BA29701265F3F4F3AA729A709
:10CE4000D60150962D903D904D905C90539765E0A3
:10CE500056944794379427946A95D1F75101C601A7
:10CE60000E9411E6FC01892BA9F5F601818181114F
:10CE7000B7CF74FEB5CF872D83708150823008F014
:10CE8000AFCF112311F0ADA0BEA0161550F4C6010E
:10CE90000E9411E6892B09F0E9C0F6018181811118
:10CEA0009FCF012F10E0862C912C0815190508F052
:10CEB000DFC0C6010E94079C882309F491CFA9A175
:10CEC000BAA112968C91B0E18B9FC0011124080F7A
:10CED000191FEBCF9081953E11F091110EC01111E9
:10CEE00002C02DA23EA2161508F41F5F992309F473
:10CEF000C0CF953E29F400E0A3CF161508F44AC030
:10CF00009E32C9F383858F3009F070C0011144C08F
:10CF1000292F2F71922E3CA1321392CF96FF90CFE2
:10CF20008584032F81E098128BCF80E2F601DE0129
:10CF3000119601900D928A95E1F7D7018D919C9100
:10CF4000119713969C938E9312974424439404153F
:10CF500008F476CFB501CE0101960E94809C1C0199
:10CF6000892B49F2F7010480F581E02DF8A7EFA3A2
:10CF7000512C652DC1010E94FBD5D7011296ED9170
:10CF8000FC912FA138A5E217F30771F4892B09F45E
:10CF900057CFB1CF10E0B4CF9A949911ACCF85851B
:10CFA000881509F4BFCFA7CF8038910508F0A3CF2B
:10CFB0002FE9280F2A3108F480529F012F5F3F4F3D
:10CFC000D70113963C932E93129790812FE9290F46
:10CFD0002A3108F4905298138ECF5394BDE05B121F
:10CFE000C8CF4394E1E0AE1AB108B1CF83FD83CF3F
:10CFF000002351F121E09212F3CECF010E94B6D668
:10D000008811EECE76FCECCE272DA501B6018BA5BE
:10D010009CA50E941C9AAC960FB6F894DEBF0FBE7A
:10D02000CDBFDF91CF911F910F91FF90EF90DF90D7
:10D03000CF90BF90AF909F908F907F906F905F90B8
:10D040004F903F902F9008954BE050E069A57AA54E
:10D05000CF010F94EF03892B09F0F2CED701199677
:10D060008C9180FFCFCF31E03BA3EACE1F5F0DCF85
:10D07000EBA1EE2309F43FC0D70118965C9042E67D
:10D08000442E10E000E05EE7352E4701BAE08B0E3B
:10D09000911C0E94ACDD060F171FE3E0E51510F4AC
:10D0A00033E0532E94E0950D802F8F708A3008F076
:10D0B00080C0805DF701E90FF11D828724E016959D
:10D0C00007952A95E1F79150591670F3F701E50D90
:10D0D000F11D328640E050E0BA01C6010E94F3E340
:10D0E000C6010E9411E6009709F065C0D6011196AD
:10D0F0008C91811175CE0FEF060DA00EB11C80E250
:10D10000F601DE01119601900D928A95E1F7470133
:10D11000FAE08F0E911CC4010E94B6D6582ED7019A
:10D120008D919C91119713969C938E93129711E079
:10D13000612C402E689446F88FE0382EB501011717
:10D1400008F467C0611B7109CE0101960E94809CA2
:10D15000FC01892B09F444CEAF81B88594968C915B
:10D160009497816094968C93842D0113812F8083F2
:10D17000338614865586138E128ED70114964D91E0
:10D180005C9160E0D70112962D913C911397241782
:10D19000350731F5662081F163942FEF3FEF65305D
:10D1A00080F5328321836F5F32966D3059F71F5FB0
:10D1B000C5CF895C7FCFFC012081222309F49BCF5E
:10D1C000238523FD8DCF4BE050E0BC01C4010F94BB
:10D1D000EF03892B09F084CF4A9441105ACF00CE37
:10D1E000C901019613969C938E931297D9012C91A5
:10D1F000022E000C330BD3CF30E020E06624639482
:10D20000CECF6B3018F435832483CDCF378326837C
:10D21000CACFC6010E94809C009709F4E1CD20E2AC
:10D22000FC0111922A95E9F72BE0F401DC01019051
:10D230000D922A95E1F7D70119962C912871FC01DE
:10D24000248721E23CE5318B208B318F208F338B7B
:10D25000228BA9A1BAA194968C91949781609496FF
:10D260008C93D2CEFC01808181110EC080E2DF015F
:10D270001D928A95E9F777836683DB0115968C9179
:10D28000803121F0803239F080E0089580E480839D
:10D2900081E08283089580E8FACF9F92AF92BF9297
:10D2A000CF92DF92EF92FF920F931F93CF93DF9372
:10D2B000CDB7DEB7A0970FB6F894DEBF0FBECDBFD7
:10D2C00019821A821B82DC0112962C9121FF12C056
:10D2D0008C01FC01448D558D668D778D411551056E
:10D2E0006105710549F461E0C8010E94379B7C012A
:10D2F000009749F480E067C0868197810E940CE323
:10D300008111F1CFF7CF0E94B6D6B82E85EEF70186
:10D310008083D8011C9212961C92129716968D91BA
:10D320009C910E949C9C882329F3F8019381992366
:10D3300009F449C080859185A285B385668177818E
:10D340009E012F5F3F4F69010097A105B10509F0CC
:10D350004CC0C9010E9432E9882361F2EE24E394B3
:10D36000F12C95EEA92ED80113968C9113978E155A
:10D3700008F214966D917C916E197F09C6010E9486
:10D38000809CFC01892B09F4B5CF83858F3009F08F
:10D39000B1CF9081892F8F71E812ACCF85858B1129
:10D3A000A9CFA082D8011696ED91FC9184A181604D
:10D3B00084A3BFEFEB1AFB0A96FFD5CFF801868155
:10D3C00097810E949C9CA0960FB6F894DEBF0FBE7A
:10D3D000CDBFDF91CF911F910F91FF90EF90DF9024
:10D3E000CF90BF90AF909F9008952CE1F6011192DD
:10D3F0002A95E9F720E1298321E02B8378876F8341
:10D400008D8F9E8FAF8FB8A3A9CF3F924F925F921F
:10D410006F927F928F929F92AF92BF92CF92DF9244
:10D42000EF92FF920F931F93CF93DF93CDB7DEB7A9
:10D43000A0970FB6F894DEBF0FBECDBF7B01DB0116
:10D440001C92FC01C0A8D1A8C114D10409F4D9C010
:10D4500019821A821B82D6018C91882309F4CCC0D0
:10D4600013969C9191115EC0807CF9F08FE2FB01D4
:10D470008083118201E010E0C801A0960FB6F894F5
:10D48000DEBF0FBECDBFDF91CF911F910F91FF90F7
:10D49000EF90DF90CF90BF90AF909F908F907F9054
:10D4A0006F905F904F903F90089560E0C6010E949A
:10D4B000379BFC01009709F49FC05C0100E068E025
:10D4C00020E0D5018C912830A9F4803229F160E167
:10D4D0009EE2402F50E06A013FEFC31AD30A80E476
:10D4E000C816D10408F088C00F5F4E0D5F1DDA0129
:10D4F0009C930FC0BFEFAB1ABB0A982F3FEB380FBE
:10D500003A3128F43485362311F0905EE2CF803230
:10D5100001F72F5F2C30A9F610E0F701E00FF11FA3
:10D520001082AACFF60180859185A285B3859E01E0
:10D530002F5F3F4F2901892B8A2B8B2B09F046C087
:10D5400066817781C9010E9432E9882309F454C0B9
:10D5500066246394712C10E000E0D60113968C9140
:10D5600013978615D0F214966D917C916619770900
:10D57000C2010E94809C5C010097F1F1FC0183854F
:10D580008F30D1F580818F71681236C04701800ECF
:10D59000911E312C632DC5010E94FBD5009709F423
:10D5A000BCCF0F5F1F4F0034110530F58F37910549
:10D5B00010F08FE390E0D4018D934D013394BDE0E2
:10D5C0003B12E8CFEFEF6E1A7E0AC7CF80E2D90197
:10D5D0001D928A95E9F780E1898381E08B838681BA
:10D5E000978198878F8380859185A285B3858D8F5C
:10D5F0009E8FAF8FB8A3ACCFD7011C9210E000E094
:10D600003BCFA2A8B3A8A114B104C1F3D5019C9645
:10D610008C91882381F182E0D82E10E000E0F501A2
:10D6200083A58D1508F479CF40E06D2DC5010E94CA
:10D6300090A2009701F1DC012C91213CE1F4FC0166
:10D640003296D701A00FB11F8096219131912115FB
:10D65000310509F462CF0F5F1F4F0034110558F4F4
:10D660002F37310510F02FE330E02D938E179F07F1
:10D6700061F7D394D4CFF7011082C0CF4F925F925D
:10D680006F927F928F929F92AF92BF92CF92DF92D2
:10D69000EF92FF920F931F93CF93DF937C01D62ECF
:10D6A000CDE6D5E11092CE171092CD1710926D15E0
:10D6B00088248A94982C5401809270159092711548
:10D6C000A0927215B092731510929B171092C91701
:10D6D0001092CA171092CB17D093D017C093CF17C0
:10D6E00090939A178093991790936F1580936E1566
:10D6F000662309F4DFC020E040E050E0BA01CE012B
:10D700000E94CCE1009709F4D9C0FC01E254FE4F1D
:10D710002481222309F4D2C020812F7709F03FC24F
:10D720008A539E4FFC0180809180A280B38020E0CC
:10D73000B501A4018DE695E10E94CCE1EC010097D2
:10D7400009F4BCC045E050E064E673E003960F9432
:10D750001504892B09F0B2C0FE01E459FF4F808106
:10D76000893009F0ABC07C9780819181A281B3811F
:10D77000880D991DAA1DBB1D80937D1790937E1760
:10D78000A0937F17B0938017349680819181A281F6
:10D79000B3818093811790938217A0938317B093DE
:10D7A0008417349680819181A281B381880D991D5F
:10D7B000AA1DBB1D8093851790938617A09387178A
:10D7C000B0938817349680819181A281B381809330
:10D7D000891790938A17A0938B17B0938C17349660
:10D7E00080819181A281B38180938D1790938E1750
:10D7F000A0938F17B0939017C359DF4F28812093C0
:10D800009C17275F81E090E0A0E0B0E004C0880FA3
:10D81000991FAA1FBB1F2A95D2F780939517909343
:10D820009617A0939717B09398170197A109B1097C
:10D830008093911790939217A0939317B093941796
:10D840001092791710927A1710927B1710927C170A
:10D8500001E010E020E030E040E050E0BA018DE669
:10D8600095E10E94739F80E480939B178DE997E177
:10D870000E9419A31092C9171092CB176DE675E19B
:10D880008DE997E10E947EA28823C1F08091321831
:10D8900090913318892B31F48DE695E190933318EC
:10D8A000809332188DE695E19093E3148093E2140F
:10D8B00081E022C1812C912C540139CF1092D017D4
:10D8C0001092CF1710927215109291158FEF9FEF53
:10D8D000DC018093941590939515A0939615B093C1
:10D8E000971510929D1710929E1710929F178DE614
:10D8F00095E19093CE178093CD17F0926E15E0923C
:10D900006D1581E090E0A0E0B0E0809376159093F3
:10D910007715A0937815B0937915F0929315E0924E
:10D920009215DD2009F447C020E040E050E0BA0144
:10D9300081E995E10E94CCE1009709F4D8C0FC018F
:10D94000E254FE4F2481222309F4D1C020812F7795
:10D9500009F0CDC08A539E4FFC01C080D180E28087
:10D96000F38020E0B701A60181E995E10E94CCE1B6
:10D97000FC01892B09F4BBC08385948581159240F5
:10D9800009F0B5C020898FEF820F823008F0AFC058
:10D9900020937315958590936F158FEF890F809362
:10D9A000701510E081E0981751F01F5F193009F4ED
:10D9B000F2C0880FF8CFC12CD12C7601D2CF1093B2
:10D9C000711586899789B0E0A0E080937A159093CD
:10D9D0007B15A0937C15B0937D15892B8A2B8B2BFF
:10D9E00061F484A195A1A6A1B7A180937A15909323
:10D9F0007B15A0937C15B0937D15868597852601B0
:10DA00003701480E591E611C711C409282155092BC
:10DA100083156092841570928515C189D289D0933F
:10DA20007515C093741580907A1590907B15A09011
:10DA30007C15B0907D15A22FB0E0A50194010F9444
:10DA40008902460E571E681E791E40928A15509212
:10DA50008B1560928C1570928D1585E0CC0FDD1FB3
:10DA60008A95E1F7C150DE4FCD2FDD27C6954C0ECC
:10DA70005D1E611C711C40927E1550927F15609254
:10DA800080157092811583899489B0E0A0E0009799
:10DA9000A105B10521F480A191A1A2A1B3A1C4184F
:10DAA000D508E608F7088C0D9D1DAE1DBF1D6C0145
:10DAB0007D0104C0F694E794D794C7941A95D2F7E1
:10DAC000D701C6010196A11DB11D809386159093C3
:10DAD0008715A0938815B093891585EFC8168FE038
:10DAE000D806E104F104C8F48CE08093721510921A
:10DAF000CE171092CD1780E0DF91CF911F910F913B
:10DB0000FF90EF90DF90CF90BF90AF909F908F905D
:10DB10007F906F905F904F90089580E125EFC2163F
:10DB20002FEFD206E104F10468F084A595A5A6A51F
:10DB3000B7A580938A1590938B15A0938C15B093FD
:10DB40008D1580E2809372158092981590929915A8
:10DB5000A0929A15B0929B158DE997E10E945FE320
:10DB600010929D1710929F176DE675E18DE997E170
:10DB70000E9432E9882309F4BACF8091301890913D
:10DB80003118892B09F08ECE8DE695E190933118EE
:10DB90008093301887CE88E080937115A8CF1092BB
:10DBA000D0171092CF171092721510929115809283
:10DBB000941590929515A0929615B0929715109283
:10DBC0009D1710929E1710929F17D093CE17C09357
:10DBD000CD17F0926E15E0926D1581E090E0A0E017
:10DBE000B0E08093761590937715A0937815B09355
:10DBF0007915F0929315E092921596CE8F929F929E
:10DC0000AF92BF92CF92DF92EF92FF920F931F934A
:10DC1000CF93DF93CDB7DEB7C151D1400FB6F894A3
:10DC2000DEBF0FBECDBF5C01E4EEF4E188E4DF01AE
:10DC30001D928A95E9F7B2E0CF5EDE4FB883C151FD
:10DC4000D14081ED882E912C8C0E9D1E8CE0880E8B
:10DC5000911C91E9E92EF12CEC0EFD1EACE0EA0ED0
:10DC6000F11CCE018F529F4F0E94626FCE018F56E2
:10DC70009F4F0E94626FCE018F529F4F0E94C2E35E
:10DC8000811102C010E03DC0D12CC12C10E015C0A4
:10DC9000AE014F5F5F4FB601CE018F569F4F0E947E
:10DCA000ED7DCE0101960E94457C082F81113EC07A
:10DCB000C7010E949CE3012F102FB401C7010E94ED
:10DCC0002EE6882349F0A114B10411F3CA14DB0431
:10DCD000F8F2C7010E949CE3CE018F529F4F0E9431
:10DCE0008E89882379F21123E9F188E4FE01E75B4C
:10DCF000FF4FA4EEB4E101900D928A95E1F70E94E6
:10DD00009E89812FCF5EDE4F0FB6F894DEBF0FBE27
:10DD1000CDBFDF91CF911F910F91FF90EF90DF90DA
:10DD2000CF90BF90AF909F908F900895BFEFCB1A88
:10DD3000DB0A112349F0BE01675B7F4FCE010196DC
:10DD40000E94F37B181654F488E4FE013196DE013C
:10DD5000A75BBF4F01900D928A95E1F7C7010E9422
:10DD60009CE3AACFCF5EDE4F8881C151D140813084
:10DD700039F0A1E0CF5EDE4FA883C151D14071CF11
:10DD800086EC9CE10E94547EBCCF5F926F927F92A2
:10DD90008F929F92AF92BF92CF92DF92EF92FF92BB
:10DDA0000F931F93CF93DF93EB0109900020E9F7C6
:10DDB0002197C61BD70BFE013497EC39F10508F00B
:10DDC00055C0E60FF71F30813E3209F04FC0722E6A
:10DDD000542E8B017C015E0183E0A81AB108FB017F
:10DDE000EA0DFB1D80810E9482A0682EEDE48E1357
:10DDF0003DC06E01F2E0CF1AD108F801EC0DFD1D17
:10DE000080810E9482A08A3589F54E0181E0881ABE
:10DE10009108F801E80DF91D80810E9482A085110A
:10DE200025C0AE014F5F5F4FB801C7010F94FC03DF
:10DE3000F701EA0DFB1D6082F701EC0DFD1D7082FC
:10DE4000E80CF91C89E4F701808381E0DF91CF9130
:10DE50001F910F91FF90EF90DF90CF90BF90AF9008
:10DE60009F908F907F906F905F90089580E0EECFAD
:10DE7000009739F06115710521F026E446E40C9411
:10DE8000C5EE80E0089526E446E469E174E189E1A5
:10DE900092E10E94C5EE882321F089E192E10C9481
:10DEA000B86E80E0089524E544E569E174E189E114
:10DEB00092E10E94C5EE882321F089E192E10C9461
:10DEC000B86E80E008950E940E290E94D06F809164
:10DED0001914882321F089E194E10E94F48B85E0F4
:10DEE00090E090939E0F80939D0F08950F931F9342
:10DEF000CF93DF938B01EA010E943780081719073F
:10DF000089F067E070E097FF04C066E070E0C9EB5D
:10DF1000D1E1CE010E94977C80E0DF91CF911F91EB
:10DF20000F91089581E0F9CFCF92DF92EF92FF92A7
:10DF30001F93CF93DF931F92CDB7DEB710E001C0E0
:10DF400012E00E94E36FC090B70ED090B80EE09040
:10DF5000B90EF090BA0E6C157D058E059F0508F080
:10DF600043C0717088279927672B682B692BA1F410
:10DF7000E091F80EF091F90E309771F01995882321
:10DF800059F081E08093940367E070E08BED91E1BC
:10DF90000E94977C80E012C04EEC51E161E070E09D
:10DFA000CE0101960E9476EF882341F099811130CD
:10DFB00071F0C0F0123091F0953AA1F40F90DF911A
:10DFC000CF911F91FF90EF90DF90CF900895963101
:10DFD00009F4B6CF992309F4B4CFB0CF13E096314A
:10DFE00009F4AFCF11E0F6CF67E070E081EC91E18A
:10DFF000CFCF0F931F93CF93DF938B01009729F01F
:10E000004115510539F4FC011082DF91CF911F9128
:10E010000F910895BA01EC0101501109A8010E9465
:10E020002CFFC00FD11F1882F0CF1092CE17109284
:10E03000CD171092D0171092CF171092D2171092BE
:10E04000D1171092D4171092D31780E58093D5176B
:10E050001092D6171092D7171092D8171092D9177E
:10E060001092DA171092DB171092DC171092DD175E
:10E070008AE28093DE171092DF171092E017109259
:10E08000E1171092E2178DE295E10E94626FE3EED4
:10E09000F7E1138212828BE493E09183808388E01E
:10E0A00084838FEF858389E0868384E0878385E09E
:10E0B000808786E0818787E08287138614861586AD
:10E0C0001686178681E00C948EDCCF93DF93CDB754
:10E0D000DEB7C857D1090FB6F894DEBF0FBECDBF6B
:10E0E000789484B5826084BD84B5816084BD85B533
:10E0F000826085BD85B5816085BD80916E0081603F
:10E1000080936E00109281008091810082608093E4
:10E1100081008091810081608093810080918000E6
:10E120008160809380008091B10084608093B10011
:10E130008091B00081608093B000809191008260F6
:10E1400080939100809191008160809391008091F3
:10E1500090008160809390008091A1008260809304
:10E16000A1008091A10081608093A1008091A00016
:10E1700081608093A00080912101826080932101C1
:10E180008091210181608093210180912001816033
:10E190008093200180917A00846080937A0080913E
:10E1A0007A00826080937A0080917A008160809307
:10E1B0007A0080917A00806880937A001092C10082
:10E1C000E0913418F0913518309711F4E8E3F8E154
:10E1D0008DB79EB7F0931B18E0931A18F093191897
:10E1E000E093181821E020931C189F01205F3F4FF7
:10E1F0002817390758F440979093191880931818E6
:10E2000025EAE817F90710F42193FBCF4FE05AE114
:10E210006CE070E08CEF97E10E948DB01098089A46
:10E220001092520E60E087E10E9417DB61E087E107
:10E230000E9452DC1092920F1092910F1092B00037
:10E240001092B100109270001092B200249A83E0F4
:10E250008093B00081E08093B10080E50E94E47873
:10E2600010921E1810921D1880917D0F811102C00E
:10E270000E9450AE82E00E948EDC0E94FFDB8FEF96
:10E280008093360260E086E30E9452DC1092580EC2
:10E290001092570E1092560E1092550E0E94ACDD41
:10E2A0007093540E6093530E0E941B760E94097562
:10E2B000CE0183599F4F0E946F7881119DC00E94AB
:10E2C000097568E07AE180E00E9462B26CEF79E162
:10E2D00081E00E9462B260EB74E080E090E00E9416
:10E2E00054DD0E94097563E979E180E00E9462B221
:10E2F00067E879E181E00E9462B268EE73E080E055
:10E3000090E00E9454DD0E9486DDAF969FAF8EAFF5
:10E31000AF97BC0185EF99E10E94377DE1969FAFF1
:10E320008EAFE197AF966EAD7FADAF9780EF99E17D
:10E330000E94377DE3969FAF8EAFE397AF966EADA9
:10E340007FADAF978BEE99E10E94377DE5969FAF49
:10E350008EAFE597AF966EAD7FADAF9784EE99E146
:10E360000E94377DE7969FAF8EAFE797AF966EAD71
:10E370007FADAF978FED99E10E94377DE9969FAF12
:10E380008EAFE997CE0183599F4F0E941F7581116F
:10E39000D2C063ED79E180E00E9462B265EC79E180
:10E3A00081E00E9462B268E077E080E090E00E9445
:10E3B00054DD87EF93E0AF969FAF8EAFAF9785E3C5
:10E3C00091E0E1969FAF8EAFE19786E890E0E3960B
:10E3D0009FAF8EAFE3978FED91E0E5969FAF8EAF45
:10E3E000E597E7961FAE1EAEE7978FEC92E0E996B1
:10E3F0009FAF8EAFE99717C0CE0183599F4F0E9400
:10E400001F75882309F45BCF8CE0FE01E359FF4FB1
:10E41000A7E3B2E001900D928A95E1F70E949F7503
:10E42000049709F44CCF8CE0FE01E359FF4FA7E3BA
:10E43000B2E001900D928A95E1F70E945B7E80E048
:10E440000E94159380934F0F1092520F1092510F0C
:10E450001092500F1092FB170E9474B71092490F40
:10E460001092590E0E9474B70E940CCD109215188C
:10E470001092141810928B0F1092840F1092830F29
:10E480001092860F1092850F10925A0E70E060E085
:10E4900090E080E00E941AB670E060E081E090E0D9
:10E4A0000E941AB663E070E082E090E00E941AB623
:10E4B00062E070E083E090E00E941AB610928A0F4A
:10E4C0001092890F1092880F1092870FCE0101963B
:10E4D0000E941378882309F4E2C08981823008F011
:10E4E000DEC0EA81E13108F0DAC09B81923008F0A9
:10E4F000D6C09C81943008F0D2C0817080938B0F7D
:10E50000E150E03108F007C3F0E08827E557FD400F
:10E510008F4F0D94720250F55BF55EF561F564F571
:10E5200071F578F57BF588F585F507F30EF36BF556
:10E5300049F56EF582F51C8A1B8A8BE492E3A4E40C
:10E54000B3E589839A83AB83BC8382E090E09E83AA
:10E550008D838CE0FE01E359FF4FDE011796019099
:10E560000D928A95E1F762E170E0CE0101960E947A
:10E570004D779C8B8B8B9E012F5F3F4F790110E075
:10E5800000E0A3961FAF0EAFA397D7016D917D0159
:10E59000CE018F599F4F0E94CB780F5F1F4F0431E0
:10E5A000110579F7F999FECFCE018F599F4F0E943F
:10E5B0006F78882361F04CE050E0BE0163597F4FD3
:10E5C000CE018F599F4F0F94EF03892B89F068EB91
:10E5D00079E180E00E9462B26EEA79E181E00E9416
:10E5E00062B268E077E080E090E00E9454DD1BCFEB
:10E5F00062EA79E180E00E9462B26CE979E181E04F
:10E600000E9462B26CEB72E080E090E0EECF10927C
:10E61000840F1092830F81E090E006C01092840F67
:10E620001092830F82E090E09093860F8093850F85
:10E630008D81853A09F074C2EE8010925A0E10E076
:10E6400000E0F12CC8010496011102C090E080E0C6
:10E650009801220F331FB70102C0759567952A955F
:10E66000E2F7637077270E942FB6BC01C8010E94B1
:10E670001AB60F5F1F4F0430110521F70E9443B6F1
:10E680008B8190E090938A0F8093890F8C81282F43
:10E6900030E0843020F43093880F2093870F88E097
:10E6A00098E10E94FEB510920E1810921718109261
:10E6B000161810928D0F10928C0F10928F0F1092CF
:10E6C0008E0F1092900FCE0101960E94B67788238C
:10E6D00011F199818CEF890F833010F09130D9F4CA
:10E6E0008A818230C0F43B813330A8F42C812230FF
:10E6F00090F4913009F017C284E090E090938D0F70
:10E7000080938C0F832F90E090938F0F80938E0FC8
:10E7100021702093900F8FE098E10E9402B2109236
:10E720001318109219141092710F1092700F10920A
:10E73000670F1092660F1092650F1092640F10927F
:10E74000630F10926F0F10926E0F10926D0F109258
:10E750006C0F10926B0F10926A0F1092690F10924B
:10E76000680F0E94F0331092F70E1092F60E10927E
:10E77000FB0E1092FA0E1092F50E1092F40E1092FB
:10E78000F30EFF24F394F0924D021092F20E01E08A
:10E7900010E010934F0200934E021092F10E10926F
:10E7A000F00E1092EF0E1092EE0E1092EA0E1092F2
:10E7B000EB0E1092EC0E1092ED0E0E94C52E1092F0
:10E7C000E90E1092D80E0E94496E0E944BDB109207
:10E7D0006F0E10926E0E10926D0E10926C0EF092E3
:10E7E000430210926B0E10926A0E1092690E1092F4
:10E7F000680E1092670E1092660E1092650E1092BF
:10E80000640E1092630E10925F0E1092600E1092C2
:10E81000610E1092620E10925B0E10925C0E1092BE
:10E820005D0E10925E0E1092071281E00E946B74D2
:10E8300010920612109207121092051210920412F2
:10E840001092D70E1092D60E1092D50E1092D40EB2
:10E85000F0924C021092D30E1092D20E1092D10E62
:10E860001092D00E1092CF0E1092CE0E1092CD0EAE
:10E870001092BB0E90E080E00E94005E1092B70EF6
:10E880001092B80E1092B90E1092BA0E1092B30EEA
:10E890001092B40E1092B50E1092B60E1092AF0EEA
:10E8A0001092B00E1092B10E1092B20E1092AB0EEA
:10E8B0001092AC0E1092AD0E1092AE0E1092A70EEA
:10E8C0001092A80E1092A90E1092AA0E1092A30EEA
:10E8D0001092A40E1092A50E1092A60E10929F0EEA
:10E8E0001092A00E1092A10E1092A20E10929B0EEA
:10E8F00010929C0E10929D0E10929E0E10929A0EE7
:10E900001092960E1092970E1092980E1092990EE9
:10E910001092920E1092930E1092940E1092950EE9
:10E920001092910E1092900E10928C0E10928D0EED
:10E9300010928E0E10928F0E1092880E1092890EE9
:10E9400010928A0E10928B0E1092870E1092860EE5
:10E950000E94FE391092850E1092840E1092830E42
:10E960001092820E1092810E1092800E10927F0EE5
:10E9700010927E0E10927D0E10927C0E10927B0EE5
:10E9800010927A0E1092790E1092780E1092770EE5
:10E990001092760E1092750E1092740E10934B0218
:10E9A00000934A0210934902009348021092730E9A
:10E9B0001092720E1092710E1092700E0E94BD6233
:10E9C0000E940B6385E59FE7009711F485E09FE7C0
:10E9D000909347028093460280E895E8009711F4EF
:10E9E00087E390E890934502809344020E94413A65
:10E9F0008FED9AE79093B30F8093B20F8CE296E776
:10EA00009093F90E8093F80E0E9420C41092950FF7
:10EA10001092940F0E940975EDE62E2E312C2C0ECB
:10EA20003D1EB2E02B0E311C0E94ACDD4B018091EB
:10EA3000940F9091950F8130910509F083C10E9448
:10EA4000F44C8091211890912218F401E81BF90BE5
:10EA5000359708F47CC090922218809221180E9469
:10EA60004A76009709F473C0FC013197E930F1054B
:10EA700008F06DC08827E05CFA408F4F0D94720259
:10EA8000A1F5A1F5C9F5C9F5CBF5CBF5A7F5A7F526
:10EA900015F61092840F1092830F83E090E0C4CD9E
:10EAA00081E090E09093840F8093830F1092860F03
:10EAB0001092850FBDCD82E090E0F4CF83E090E02E
:10EAC000F1CF84E090E0EECF85E090E09093840F6A
:10EAD0008093830FA7CD85E090E0E4CF86E090E0BF
:10EAE000E1CF86E090E09093840F8093830FD5CFA1
:10EAF00086E090E0EBCF86E090E09093840F8093E7
:10EB0000830F89CD87E090E0CDCF87E090E0F5CF0F
:10EB100087E090E0DBCF1092840F1092830FC6CF76
:10EB20000E9475B6ADCD943019F483E090E0E6CD47
:10EB3000953019F482E090E0E1CD91E0892790E0F2
:10EB4000DDCD8FEF0E94D75381110E948D750E94F9
:10EB5000F44C80911F18909120189401281B390BB8
:10EB60002A3F310560F09092201880921F18CE0144
:10EB700001960E94762FCE0101960E9485B20E94D6
:10EB8000F44C80E090E0892B09F44ECF0E94000005
:10EB900043CF81E0D7CF8091700F9091710F0E9489
:10EBA000956D882381F180916A0F81112CC080912D
:10EBB000680F811128C00E94B92E8C01892B79F42D
:10EBC0008091FA0E9091FB0E0E94956D882301F1C1
:10EBD00000914E0210914F0201151105C9F00E94DB
:10EBE000E13C81E00E94837110926D0F10926C0FD6
:10EBF00010926B0F0E94F033C8010E94954C811156
:10EC00000AC010926A0F0E94053D0E940B759FCFAB
:10EC100001E010E0E4CF10926F0F10926E0F81E0D0
:10EC200080936A0F0E94837192CF8091700F9091B0
:10EC3000710F892B09F48BCF1091680F111187CFB9
:10EC400080916E0F90916F0F8130910509F447C04C
:10EC5000D8F0029709F456C00E94E13C10926F0F61
:10EC600010926E0F10926D0F10926C0F10926B0F2E
:10EC70008091700F9091710F0E94956D80936A0F33
:10EC80000E94F03381E0CECF8091630F9091640FAA
:10EC900020916A0F2223A1F010926A0F892B59F458
:10ECA00080E00E9483710E947E71811104C081E026
:10ECB00080936D0F4CCF10926D0F0E94F04A47CF9A
:10ECC000892BC9F780916C0F8111F5CF0E947E715D
:10ECD0008111F1CF81E080936D0F80E0A3CF0E947E
:10ECE000EA34882309F433CF1092FC0E81E020919E
:10ECF0006E0F30916F0F2230310509F080E0809364
:10ED0000FD0E25CF1092FD0E8091630F9091640F40
:10ED1000892B61F480916C0F811108C00E947E7173
:10ED2000811104C081E080936B0F11E01092FC0E02
:10ED30000E94F53381110BCF112309F408CF1092F3
:10ED40006B0F05CF029709F0B3C00E945ED180918E
:10ED5000211890912218D401A81BB90B159790F196
:10ED600090922218809221180E944A76009751F1C1
:10ED700005978530910530F58E5B9C4FFC01208115
:10ED800030E08091790F90917A0F2130310509F0B0
:10ED900057C09C01215031092330310598F481304E
:10EDA000910529F50E94DFCE882361F080915602FB
:10EDB00090915702892B31F40E947E71811102C01B
:10EDC0000E942EC10E945ED180911F189091201840
:10EDD0009401281B390B2A3F310530F090922018FE
:10EDE00080921F180E94E5BD0E945ED1CACE029794
:10EDF00091F40E94B1C0882329F31092FE0E81E0A5
:10EE00002091790F30917A0F2330310509F080E09D
:10EE10008093FF0ED7CF1092FF0E809156029091F3
:10EE20005702892B41F40E947E71811104C081E058
:10EE30008093FE0EC7CF1092FE0E0E94E3BFC2CF9A
:10EE40002230310519F59C0121503109233031055B
:10EE500018F40E9480CEB6CF9C0125503109233092
:10EE6000310518F0892B09F0ADCF0E9452CD809169
:10EE70004A0F882331F06091400F80E09FE00E94AC
:10EE800003CB0E9409750E940B759CCF233031057E
:10EE900009F098CF9C01215031092430310518F038
:10EEA000079709F08FCF0E940ECE0E9409758ACF76
:10EEB0008091FB17882331F00E949F75049711F011
:10EEC0001092FB170E94F36E0E94476F882309F48B
:10EED00072C010924F0F1092490F10924E0F109265
:10EEE0004D0F10924C0F10924B0F1092520F109228
:10EEF000510F1092500F67E27AE184EE94E10E9484
:10EF00000CFF892BE9F08BE19AE10E94CFB9809147
:10EF1000490F8823A9F00E94ACDD2091410F309168
:10EF2000420F621B730B77FD0BC01092490F81E0FB
:10EF30000E94159380934F0F811145C00E94E8B93C
:10EF400026E43FE048E45FE060E184EE94E10E9463
:10EF5000DEB60E949EB78C010E942BB701151105E9
:10EF600039F060E1681B643008F464E0645081F5B6
:10EF70001092450F0E944A76FC01892BA1F1209145
:10EF8000940F3091950F2115310509F0B5C23197D5
:10EF9000EA30F10540F58827EF52F8408F4F0D9485
:10EFA0007202F0F715F817F81BF81DF858F86BF80F
:10EFB00091F8A9F8AEF90E944E6F882309F4A7CF03
:10EFC0000E9439CDA4CF0E9474B70E940CCDB8CF57
:10EFD00023E43FE045E45FE0C8010E94DEB6CACF0B
:10EFE00080E00E94BDCD80911F189091201894015F
:10EFF000281B390B2837310508F4C3CD909220180F
:10F0000080921F188091940F9091950F82309105F6
:10F0100009F4BFC608F03CC5009709F45BC5019729
:10F0200009F4ADC60E940B75ACCD81E0DACF80E06B
:10F030000E945FCDD8CF81E0FBCF0E9494B78111B1
:10F04000D2CF6FE270E08BE592E00F9432048C0136
:10F05000009729F40E9474B70E9452CDC4CF4FE3A9
:10F0600050E0BC016F5F7F4FCE0101960F942304E7
:10F0700021961FAE219732E00B351307B1F41092A1
:10F080005C0210924C0F10924B0F10924A0F0E948C
:10F0900069B70E9452CD8981882309F4A4CF61E029
:10F0A000CE0101960E9403CB9ECFD8011C92E9CFDE
:10F0B0000E9494B7882371F20E9419B710921E180B
:10F0C00010921D1880917D0F811102C00E9450AED8
:10F0D00085E090E037C08091FB17811184CF80914B
:10F0E0004F0F811106C081E08093FB170E9439CD3C
:10F0F0007ACF80E00E941593811103C010924F0FC8
:10F10000ABCF81E080934F0F0E9419B780918C0F95
:10F1100090918D0F8430910509F065C101E010E0F8
:10F1200074C18091FB1781115ECF80914F0F8823AE
:10F13000D1F280E00E941593882301F30E9419B751
:10F1400084E090E09093950F8093940F0E9409754E
:10F150004ACF80914F0F882349F280914D0F9091B3
:10F160004E0F892B29F48DE59AE10E9424BA3BCFFA
:10F1700080912515882319F08FE49AE1F6CF8091CC
:10F180002415882309F448C08091E414882309F4E5
:10F190002ACF04EE14E1F80101900020E9F78F0175
:10F1A000055E14410E9494B7EE24E394F12C811182
:10F1B00009C0EBE5F2E001900020E9F79F012C5532
:10F1C0003240790198012E0D3F1D8111E6C52F5F58
:10F1D0003F4F2036310518F083E39AE1C6CFA701EF
:10F1E0006BE572E0CE0101960F94FC03E1E0F0E0E4
:10F1F000EC0FFD1FEE0DFF1D8FE28083C70101960E
:10F20000A8014F5F5F4F64EE74E1A1E0B0E0AC0F86
:10F21000BD1F8A0F9B1FCEC581E49AE10E9424BACC
:10F220000E9419B71092520F1092510F1092500F66
:10F230001092720F84EE94E10E94306D089719F4D9
:10F2400080E00E945CB5C090890FD0908A0F0E9428
:10F2500091B52C01E0908B0F1092191480915B02F4
:10F26000882309F480C08091E414882309F47BC0CA
:10F270000BE512E0F80101900020E9F78F010C5531
:10F280001240E4EEF4E101900020E9F79F01255ED1
:10F2900034413901F801E65AFD4FF08081E090E0F9
:10F2A0003FE2F31202C090E080E09801260D371D86
:10F2B000820F931F803A910508F055C0A8016BE5B5
:10F2C00072E089E194E10F94FC038FE2F81631F0CB
:10F2D000F801E75EFB4E80830F5F1F4FA3014F5F76
:10F2E0005F4F64EE74E1C801875E9B4E0F94FC0390
:10F2F00084EE94E10E94306D9093710F8093700FB3
:10F30000E092670F5092660F4092650FD092640FA3
:10F31000C092630F10926F0F10926E0F10926D0FCC
:10F3200010926C0F10926B0F10926A0F1092690F6F
:10F330001092680F0E94F0338091700F9091710FBE
:10F34000892B41F50E94E13C8091720F882309F4DA
:10F3500047C00E94053D0E940B7545CE0E9419B71B
:10F3600083E090E0EFCE1092710F1092700F109228
:10F370006F0F10926E0F10926D0F10926C0F109213
:10F380006B0F10926A0F1092690F1092680F0E9413
:10F39000F033D8CF0E9403360E94FE3981E090E01E
:10F3A0000E94954C882381F28091700F9091710F8B
:10F3B0000E94956D882331F081E080936A0F0E944E
:10F3C0008371C2CF8091630F9091640F892B29F4D0
:10F3D00081E080936D0F80E0F2CF0E94F04AB4CFBD
:10F3E00081E090E0AFCE8330910509F4F9C482301A
:10F3F000910509F4F8C406E010E064E4462E6CEAD6
:10F40000562E612C712C892B31F052E2452E56E597
:10F41000552E612C712CE0908E0FF0908F0FD090B4
:10F42000900F0E9420C48CEF97E190937C0F809303
:10F430007B0F10935102009350024092520250925F
:10F4400053026092540270925502F0925702E09279
:10F450005602D092580292E0E916F10441F480E09D
:10F460000E9483710E94DFCE82E090E06BCE063076
:10F47000110521F58CEF97E10E9490BD882371F171
:10F4800080E00E94837181E090E090937A0F8093F6
:10F49000790F8091560290915702019729F71FB773
:10F4A000F8941092780F1092770F1092760F81E0F7
:10F4B0008093750F0E942A6E1FBFD6CF01301105B1
:10F4C00029F48CEF97E10E941025D8CFC80104974A
:10F4D000029748F087E69AE10E9463258FE99FE052
:10F4E0000E9440C1C1CF1093740F0093730F8CEF33
:10F4F00097E10E94ED25C2CF2330310509F01CC1F0
:10F500003197E930F10508F06ECD8827E557F540D1
:10F510008F4F0D94720294FA94FAA3FAA3FA2CFB7B
:10F520002CFBF3F7F3F7ABFA80911418815087FDA9
:10F530000EC0853074F4082E000C990B90931518AA
:10F540008093141850CD809114188F5FF0CF84E011
:10F55000F2CF80E0F0CF80911418909115180097A9
:10F5600051F480918B0F91E0892780938B0F81E07C
:10F5700080930E1838CD8130910579F481E090E0C8
:10F580002091890F30918A0F232B11F090E080E0B9
:10F5900090938A0F8093890FEACF8230910581F48E
:10F5A0000E9475B68091830F9091840F01968770A9
:10F5B00099279093840F8093830F0E9443B6D7CFEF
:10F5C0000397F1F58091830F9091840F0097D1F408
:10F5D0008091850F9091860F009749F481E090E02B
:10F5E0009093860F8093850F0E9475B6C0CF8130AF
:10F5F000910519F482E090E0F3CF0297E1F483E003
:10F6000090E0EECF8530910549F48091850F90917F
:10F61000860F892B79F390E080E0E2CF8630910568
:10F62000B9F2079709F78091850F9091860F00979F
:10F63000A9F20197F9F21092860F1092850FD4CF9C
:10F640008091870F8F5F843008F080E090E0909386
:10F65000880F8093870F8BCF80910E18882309F431
:10F660007ACECE0183599F4F0E94FEB546E050E00E
:10F6700068E078E1CE0183599F4F0F94EF03892B07
:10F6800019F410920E1867CE1E861D868CE490E544
:10F69000A4E4B3E589839A83AB83BC8381E090E0E3
:10F6A0009E838D8386E0FE01E359FF4FDE011796AE
:10F6B00001900D928A95E1F76CE070E0CE01019621
:10F6C0000E944D779E878D87DE0111967D0100E2B5
:10F6D00010E0A3961FAF0EAFA397F70161917F01D2
:10F6E000CE018F599F4F0E94CB780F5F1F4F0E3274
:10F6F000110579F7F999FECFCE018F599F4F0E94DE
:10F700001378882309F427CE46E050E0BE01635900
:10F710007F4FCE018F599F4F0F94EF03892B09F034
:10F720001ACE86E0FE01E359FF4FA8E0B8E1019050
:10F730000D928A95E1F7A5CF2430310509F0D4C0A8
:10F740003197E930F10508F04ECC8827E555F440B3
:10F750008F4F0D947202B4FBB4FBC3FBC3FB00FCE0
:10F7600000FCF3F7F3F7CAFB809116189091171875
:10F770009927029663E070E00F943C02909317186B
:10F780008093161830CC80911618909117189927ED
:10F790000196F0CF8091161890911718009791F468
:10F7A00080918C0F90918D0F9927019665E070E004
:10F7B0000F943C0290938D0F80938C0F81E0809387
:10F7C000131811CC0197A9F480918E0F90918F0F8F
:10F7D000009749F0019751F482E090E090938F0FE9
:10F7E00080938E0FEBCF81E090E0F8CF90E080E047
:10F7F000F5CF8091900F91E089278093900FDECF15
:10F8000080911318882309F4A6CDCE0183599F4F08
:10F810000E9402B244E050E06FE078E1CE018359EB
:10F820009F4F0F94EF03892B19F41092131893CD67
:10F830001C861B8683E492E5A4E4B3E589839A835E
:10F84000AB83BC8381E090E09E838D83E1968CAD99
:10F850009DADAEADBFADE1978F839887A987BA877D
:10F860006AE070E0CE0101960E944D779C878B87FD
:10F87000DE0111967D0100E310E0A3961FAF0EAFED
:10F88000A397F70161917F01CE018F599F4F0E948D
:10F89000CB780F5F1F4F0C33110579F7F999FECF25
:10F8A000CE018F599F4F0E94B677882309F453CD1C
:10F8B00044E050E0BE0163597F4FCE018F599F4F06
:10F8C0000F94EF03892B09F046CDE1968CAD9DADE9
:10F8D000AEADBFADE19780930F1890931018A09331
:10F8E0001118B0931218A1CF2530310509F07BCB48
:10F8F0003197E930F10508F076CB8827ED57F340D2
:10F900008F4F0D9472028CFC8CFC9BFC9BFCC8FC02
:10F91000C8FCF3F7F3F7A3FC80911D18815087FD15
:10F920000EC0833074F4082E000C990B90931E18AF
:10F9300080931D1858CB80911D188F5FF0CF82E007
:10F94000F2CF80E0F0CF80911D1890911E180097A3
:10F9500091F481E090E02091910F3091920F232B50
:10F9600011F090E080E00E94327781E08093820F76
:10F970001092930F38CB019709F035CB8091590243
:10F98000843620F4865F0E94E478EFCF8AE0FBCFD4
:10F990008091820F882309F4DECCD1011D921C9244
:10F9A0008091910FAE968FAFAE9780915902AF962E
:10F9B0008FAFAF9744E050E06EE77FE0CE01835910
:10F9C0009F4F0F94EF03892B29F41092820F10920E
:10F9D000930FC1CC1C861B8689E593E5A4E4B3E5AF
:10F9E00089839A83AB83BC8381E090E09E838D837F
:10F9F000E1968CAD9DADAEADBFADE1978F8398879D
:10FA0000A987BA876AE070E0CE0101960E944D771F
:10FA10009C878B87DE0111967D0100E410E0A396A0
:10FA20001FAF0EAFA397F70161917F01CE018F59F0
:10FA30009F4F0E94CB780F5F1F4F0C34110579F751
:10FA4000F999FECFCE018F599F4F0E945977882395
:10FA500061F044E050E0BE0163597F4FCE018F5901
:10FA60009F4F0F94EF03892B21F081E08093930F38
:10FA700072CCE1968CAD9DADAEADBFADE1978093FC
:10FA80007E0F90937F0FA093800FB093810F9DCF37
:10FA90008430910509F48EC000F1059709F0C2CABF
:10FAA00080911D1890911E18009709F0BFC067E65D
:10FAB0007BE180E00E94A4B68091910F9091920F1B
:10FAC0006DE57BE1019711F063E57BE181E00E9448
:10FAD000A4B657C80E9406B954C8809114189091D2
:10FAE0001518009789F463ED7AE180E00E94A4B6CE
:10FAF00080918B0F6FEC7AE1811102C06AEC7AE1A0
:10FB000081E00E94A4B63DC88130910581F46FEB7D
:10FB10007AE180E00E94A4B68091890F90918A0FCB
:10FB200067EB7AE1019761F360EB7AE1E9CF82302C
:10FB3000910591F468EA7AE180E00E94A4B6E09130
:10FB4000830FE83008F0E0E0F0E0EE0FFF1FEE5822
:10FB5000F54E65917491D4CF0397E1F461EA7AE1AF
:10FB600080E00E94A4B68091830F9091840F00974B
:10FB700031F0059762E87AE1039708F0C1CFE09190
:10FB8000850FE43008F0E2E0F0E0EE0FFF1FEA57E7
:10FB9000F54EDFCF66E97AE180E00E94A4B6E091FD
:10FBA000870FE43008F0E0E0F0E0EE0FFF1FE257CF
:10FBB000F54ECFCF80911618909117180097B9F491
:10FBC0008CE09BE10E9415DCE0918C0FF0918D0F91
:10FBD0008FED9AE1E53038F4FF27EE0FFF1FEF516C
:10FBE000F54E859194910E9426B20C94C1F501972F
:10FBF00079F481EF9AE10E9415DCE0918E0FE330F9
:10FC000008F0E0E0F0E0EE0FFF1FE551F54EE9CF20
:10FC100082E09BE10E9415DC8091900F882319F00F
:10FC20008FEF9AE1E0CF8BEF9AE1DDCF0197C9F535
:10FC30006EE27BE180E00E94A4B69091930F8091E8
:10FC400059029923F1F01F928F938DE19BE19F93CD
:10FC50008F931F9281E18F9381E090E08C0F9D1F25
:10FC60009F938F930E94B6AE0FB6F894DEBF0FBE7F
:10FC7000CDBFBE016F5F7F4F81E00E9483AE0C94C9
:10FC8000C1F51F928F9386E19BE19F938F931F9203
:10FC900081E18F93E1E0F0E0EC0FFD1FFF93EF9324
:10FCA000E1CF66E47BE180E00E94A4B680911C185D
:10FCB000209134183091351881113BC0A9012115CC
:10FCC000310511F448E358E18DB79EB7481759073D
:10FCD00008F04FC0841B950B2115310511F428E362
:10FCE00038E14DB75EB72417350708F045C0421B11
:10FCF000530B9F938F935F934F9389E39BE19F9364
:10FD00008F931F9281E18F93E1E0F0E0EC0FFD1FF4
:10FD1000FF93EF930E94B6AEBE016F5F7F4F81E00D
:10FD20000E9483AE0FB6F894DEBF0FBECDBF0C9419
:10FD3000C1F5C9012115310511F488E398E140911D
:10FD40001A1850911B184817590708F4AC01609114
:10FD50001818709119184617570758F4CA01DC0192
:10FD6000EC91E53A09F0B6CF019686179707B8F3FC
:10FD7000B1CF90E080E0B0CF50E040E0BACFCE010C
:10FD800001960E94762FCE0101960E9485B20C94B6
:10FD9000C1F50E94E5BD0C94C1F52036310508F08F
:10FDA0001BCA8FE28983A8014F5F5F4F64EE74E145
:10FDB000CE0102960F94FC034FE550E0BE016F5F49
:10FDC0007F4F8BE592E00F9423041092BA021092B9
:10FDD0004C0F10924B0F10924A0F0E9469B73CC90A
:10FDE00004E010E012CB05E010E00FCBFB01DC01DA
:10FDF00004C08D910590801921F441505040C8F7FE
:10FE0000881B990B0895FB01DC0102C005900D923F
:10FE100041505040D8F70895FB01DC018D910590C9
:10FE200080190110D9F3990B0895FC010590002069
:10FE3000E9F7809590958E0F9F1F0895FB01DC01D7
:10FE40004150504030F08D910590801919F40020F8
:10FE5000B9F7881B990B0895FB01DC014150504014
:10FE600048F005900D920020C9F701C01D92415045
:10FE70005040E0F708950F931F93CF93DF93CDB7D2
:10FE8000DEB72E970FB6F894DEBF0FBECDBF8C0144
:10FE9000FA018EE08C831A83098377FF02C060E049
:10FEA00070E8615071097E836D83A901BF01CE01A5
:10FEB00001960E9474FF4D815E8157FD0AC02F811B
:10FEC0003885421753070CF49A01020F131FF801EB
:10FED00010822E960FB6F894DEBF0FBECDBFDF9115
:10FEE000CF911F910F9108952F923F924F925F9261
:10FEF0006F927F928F929F92AF92BF92CF92DF923A
:10FF0000EF92FF920F931F93CF93DF9300D000D017
:10FF100000D01F921F92CDB7DEB77C013B018A0152
:10FF2000FC0117821682838181FFDDC1CE0101961B
:10FF30005C01F7019381F30193FD859193FF81911A
:10FF40003F01882309F453C1853239F493FD85912B
:10FF500093FF81913F01853229F4B70190E00F941E
:10FF60008C01E7CF912C212C312CFFE1F31538F0D7
:10FF70008B3211F190F4803209F1833229F137FC90
:10FF80003CC020ED280F2A3050F536FE20C08AE014
:10FF9000989E200D1124922E06C08D3291F0803350
:10FFA00071F7689430F8F30193FD859193FF819187
:10FFB0003F018111DACF21C0689431F8689432F89A
:10FFC000F2CF689433F8EFCF689434F8ECCFEAE0DE
:10FFD0002E9E200D1124222E689435F8E4CF8E3207
:10FFE00029F436FC04C1689436F8DDCF8C3619F458
:10FFF000689437F8D8CF8836B1F2982F9F7D955402
:020000022000DC
:100000009330E0F08336A1F18337C1F1833509F0F5
:1000100063C02801F2E04F0E511CF801C080D1806E
:10002000692D70E036FC02C06FEF7FEFC6010F94C0
:1000300076014C01689437F882010AC00C5F1F4FAB
:10004000FFE3F98388248394912C6501E89437F8C1
:1000500033FE2DC0522C8114910471F5552009F402
:1000600068CFB70180E290E00F948C015A94F6CFEC
:10007000F801808189830E5F1F4FE4CF2801F2E0F1
:100080004F0E511CF801C080D180692D70E036FC04
:1000900002C06FEF7FEFC6010F9481014C01820116
:1000A000D5CFB70180E290E00F948C012A942814F8
:1000B000190409F0B0F7CECFF60137FC859137FE71
:1000C00081916F01B70190E00F948C0151105A9407
:1000D000F1E08F1A9108BFCF843619F0893609F004
:1000E00077C0F80137FE6BC0608171818281938196
:1000F0000C5F1F4FF32DFF763F2E97FF09C09095A1
:100100008095709561957F4F8F4F9F4F689437F81A
:100110002AE030E0A5010F94BC01C82ECA188C2C2F
:10012000432C36FE0CC0E89440F8C91440F434FE69
:1001300005C032FC03C0F32DFE7E4F2E892C44FEF9
:10014000AAC0FE01EC0DF11D8081803309F09CC036
:10015000242D297E422E842D8870582E43FCAAC05F
:1001600040FEA4C09C2C821418F42C0C922C9818DD
:1001700044FEA6C0B70180E390E00F948C0142FEDC
:1001800009C088E790E041FE02C088E590E0B70131
:100190000F948C01C91408F49FC0CA94D12C9FEF0E
:1001A000C91AD90ACA0CDB1CF60182916F01B7018A
:1001B00090E00F948C01AC14BD04B1F74FCF608177
:1001C0007181072E000C880B990B0E5F1F4F92CF89
:1001D000D32CE894D4F82AE030E08537E1F1232DE0
:1001E000297FD22E8F36A9F1F0F4883551F1F7012D
:1001F000868197812B960FB6F894DEBF0FBECDBFD8
:10020000DF91CF911F910F91FF90EF90DF90CF90F2
:10021000BF90AF909F908F907F906F905F904F9026
:100220003F902F900895803749F0883701F7D4FE2A
:1002300002C06894D2F820E130E00DC06894D4F890
:10024000F6CF34FE03C0822F8660D82E20E132E044
:1002500002C028E030E0F801D7FE0FC06081718154
:10026000828193810C5F1F4FA5010F94BC01C82EA2
:10027000CA183D2CE89437F852CF6081718190E024
:1002800080E00E5F1F4FF0CF42FC02C0839463CF2B
:100290008394839460CF842D867809F45CCFF6CF65
:1002A000B70180E290E00F948C0183948214C0F334
:1002B000512C5ECF522C5818821408F459CFF8CF25
:1002C000842D867809F466CF8BE241FE80E247FCFC
:1002D0008DE2B70190E05CCFB70180E390E00F942E
:1002E0008C019A9457CF8FEF9FEF84CFFC0105903C
:1002F000615070400110D8F7809590958E0F9F1F28
:100300000895FC016150704001900110D8F780956C
:1003100090958E0F9F1F08950F931F93CF93DF9398
:10032000182F092FEB018B8181FD09C01FEF0FEF03
:10033000812F902FDF91CF911F910F91089582FF10
:1003400014C02E813F818C819D81281739073CF490
:10035000E881F981CF0101969983888310838E818A
:100360009F8101969F838E83E3CFE885F985812F56
:100370001995892BA1F3DACFFA01AA27283051F178
:10038000203181F1E8946F936E7F6E5F7F4F8F4FC6
:100390009F4FAF4FB1E03ED0B4E03CD0670F781F25
:1003A000891F9A1FA11D680F791F8A1F911DA11D0A
:1003B0006A0F711D811D911DA11D20D009F4689443
:1003C0003F912AE0269F11243019305D3193DEF6EB
:1003D000CF010895462F4770405D4193B3E00FD0A1
:1003E000C9F7F6CF462F4F70405D4A3318F0495D8C
:1003F00031FD4052419302D0A9F7EACFB4E0A6956F
:100400009795879577956795BA95C9F70097610590
:10041000710508959B01AC010A2E069457954795E6
:1004200037952795BA95C9F7620F731F841F951FDB
:10043000A01D0895F999FECF92BD81BDF89A992724
:1004400080B50895262FF999FECF1FBA92BD81BDC0
:1004500020BD0FB6F894FA9AF99A0FBE0196089546
:10046000991B79E004C0991F961708F0961B881F06
:100470007A95C9F780950895AA1BBB1B51E107C067
:10048000AA1FBB1FA617B70710F0A61BB70B881F24
:10049000991F5A95A9F780959095BC01CD010895B3
:1004A000A1E21A2EAA1BBB1BFD010DC0AA1FBB1F78
:1004B000EE1FFF1FA217B307E407F50720F0A21BEA
:1004C000B30BE40BF50B661F771F881F991F1A9457
:1004D00069F760957095809590959B01AC01BD0181
:1004E000CF010895EE0FFF1F881F8BBF0790F69175
:1004F000E02D1994A29FB001B39FC001A39F700D7E
:10050000811D1124911DB29F700D811D1124911D1B
:1005100008950F947A02A59F900DB49F900DA49F0B
:10052000800D911D11240895B7FF0D9489020F9439
:100530008902821B930B0895DF93CF931F930F9330
:100540009A9DF02D219FF00D8B9DF00D8A9DE02D41
:10055000F10D039FF00D029FE00DF11D4E9DE00D8A
:10056000F11D5E9DF00D4F9DF00D7F936F93BF9237
:10057000AF925F934F93D5010F947A028B01AC0138
:10058000D7010F947A02EB01E80FF91FD6010F94FF
:10059000EB022F913F91D6010F947A02C60FD71F1D
:1005A000E81FF91FAF91BF910F94EB022F913F917C
:1005B0000F947A02C60FD71FE81FF91FD6010F94B8
:1005C0007A02E60FF71F9801BE01CF010F911F912C
:1005D000CF91DF9108950F947A02460F571FC81FDD
:1005E000D91F08F431960895E894DF93CF93FC0166
:1005F000DB010F947A027F936F93E9019A01AC01BA
:10060000BF93AF933F932F93DF010F947A0226F4A9
:100610006C1B7D0B820B930B9E01EB01FC010F9475
:10062000EB02AF91BF912F913F910F94EB02BE016E
:10063000CF01F9012F913F91CF91DF9108956894F7
:1006400001C0E8948F929F92CF93DF930F942D0374
:10065000DF91CF919F908F90089588249924F40181
:10066000E401B0E49F93AA279A158B049C04ED053E
:10067000FE05CF05D007A10798F4AD2FDC2FCF2FB3
:10068000FE2FE92D982C892E982F872F762F652FF6
:10069000542F432F322F2227B85031F7BF9127C054
:1006A0001B2EBF91BB27220F331F441F551F661FF0
:1006B000771F881F991F881C991CEE1FFF1FCC1FD6
:1006C000DD1FAA1FBB1F8A149B04EC05FD05CE0588
:1006D000DF05A007B10748F08A189B08EC09FD095F
:1006E000CE09DF09A00BB10B21601A94E1F62EF4BC
:1006F0009401AF01BE01CD01000C0895002E083019
:1007000090F0982F872F762F652F542F432F322F5D
:1007100022270850F4CF220F331F441F551F661F96
:10072000771F881F991F0A95B2F7002D089597FD2E
:100730001094002E083098F00850232F342F452FA6
:10074000562F672F782F892F912DF4CF15949795D9
:1007500087957795679557954795379527950A9586
:10076000AAF71124002D08952A0D3B1D4C1D5D1D77
:100770006E1D7F1D801F911F08950024A7FD00940A
:100780002A0F301D401D501D601D701D801D901DC5
:1007900008952A193B094C095D096E097F09800BF0
:1007A000910B08952A153B054C055D056E057F05E7
:1007B0008007910708950024A7FD00942A173005AB
:1007C000400550056005700580059005089591115C
:1007D000089581568A5108F4805285580895FB0186
:1007E000DC0104C08D910190801921F441505040EA
:1007F000C8F7881B990B0895FB01DC0102C001902A
:100800000D9241505040D8F70895DC0101C06D931E
:1008100041505040E0F70895FB01DC018D910190BB
:1008200080190110D9F3990B0895FB01DC014150A7
:10083000504030F08D910190801919F40020B9F7E3
:10084000881B990B0895FB01DC014150504048F092
:1008500001900D920020C9F701C01D9241505040F7
:10086000E0F70895FC0181E090E00190061609F49C
:10087000CF010020D1F7019708950F931F93CF93D5
:10088000DF93CDB7DEB72E970FB6F894DEBF0FBE5D
:10089000CDBF0E891F89888D998D26E02C831A8300
:1008A000098397FF02C080E090E801979E838D83C3
:1008B000AE01445E5F4F6A8D7B8DCE0101960E9432
:1008C00074FF4D815E8157FD0AC02F813885421724
:1008D00053070CF49A01020F131FF80110822E9691
:1008E0000FB6F894DEBF0FBECDBFDF91CF911F9141
:0808F0000F910895F894FFCF69
:1008F800FF01F70FDF0E6A1E521D02142814287C10
:1009080015F82A01010100010001000100010001A0
:1009180001010001000100800101029C31649B007B
:10092800080100010001FFF70335018600DF01001F
:1009380000CF02013780057F01000100010101009D
:10094800060044AC000000000050FF2F000000002B
:10095800000000000000000000000000000000008F
:10096800000000000000000000000000000000007F
:10097800000000000000000000000000000000006F
:10098800000000000000000000000000000000005F
:10099800000000000000000000000000000000004F
:1009A800000000000000000000000046261109A316
:1009B8000B451E220FC51D0D070D098B17C50B848E
:1009C800190B06C2072E14170A6F1514058406F4AE
:1009D800107A0808090A0B0C000000000D0E1620FA
:1009E80011114D2D514420666F726D61742DFFFFFA
:1009F800FFFFFF0304050607090A05070906080A99
:100A080000000000CF5CCC5CF655F6568055505679
:100A1800685661135D135913551351134D13491338
:100A2800451341133D133913351331132D1329136E
:100A380000000203000001000000004CDC88D6F62C
:100A480055B5D64858435144445256002575256338
:0A0A58002575200045584641540062
:00000001FF
