:100000000C94870E0C94B80E0C94B80E0C94B80E89
:100010000C94B80E0C94B80E0C94B80E0C94B80E48
:100020000C94B80E0C94B80E0C946FAE0C94B80EE1
:100030000C94B80E0C94B80E0C94B80E0C94B80E28
:100040000C94B80E0C9484B30C94B80E0C94B80EA7
:100050000C94B80E0C94B80E0C94B80E0C94DCDC16
:100060000C94B80E0C94B80E0C94B80E0C94B80EF8
:100070000C94B80E0C94B80E0C94B80E0C94B80EE8
:100080000C944CB40C94B1B90C94B80E0C94EE389A
:100090000C94B80E0C94B80E0C94B80E0C94B80EC8
:1000A0000C94B80E0C94B80E0C94B80E0C94B80EB8
:1000B0000C94B80E0C94B80E0C94B80E0C944D28F9
:1000C0000C94B80E0C94B80E0C94B80E0C94B80E98
:1000D0000C94B80E0C94B80E0C94B80E0C94B80E88
:1000E0000C94B80E0C94C8F30C94B9960C94261D7D
:1000F0000C9409F40C94E4D40C9470370C9415957A
:100100000C94E9F60C94F3370C9494740C94D37318
:100110000C9455F40C9499C00C940F380C9497954A
:100120000C94929D0C947F730C9420370C9457F68A
:100130000C94FEA80C94BA1D0C9412950C94E6A88D
:100140000C94DDD40C947D950C949A7E0C94A1F3C0
:100150000C94FBA80C94E2C50C94E3FA0C94239540
:100160000C948C950C9476BA0C9440FA0C94A7F3EA
:100170000C94952F0C949EF30C9439360C94EAD879
:100180000C9418D50C94F4D40C942D1D0C94B4F349
:100190000C946CF90C94F0D80C94D1F60C941230A9
:1001A0000C94C71D0C94EED40C94FD140C94AEF377
:1001B0000C94D1950C9491380C94ABF60C9430F6C9
:1001C0000C9442740C94C01D0C94ECA80C94839570
:1001D0000C9480950C9422150C943F150C94BBF351
:1001E0000C94B9970C9452950C94D5D40C94A7BA4E
:1001F0000C9404740C94F0730C94A4F30C94097490
:100200000C9455F60C949C360C9491740C940AFA48
:100210000C9406300C94C5360C940AD50C9433F625
:100220000C940C950C94F8A80C94BA950C9401A914
:100230000C946E140C94E6730C9458EE0C94CFD47A
:100240000C94DFD80C9457380C94DBFA0C945014AF
:100250000C9455950C94C3950C944AF10C94F0BFF2
:100260000C9483140C94B4370C94A6740C94469597
:100270000C94341D0C94BD950C94C0740C94FF73B5
:100280000C944C950C9493F30C940FD50C9481BA68
:100290000C948F950C94FCD40C94577E0C94EB73B7
:1002A0000C94B1F30C9409300C945D950C9445D5E5
:1002B0000C941BBB0C94C5BA0C94F4F90C94CD1D92
:1002C0000C9461140C940F300C94E7F30C94B2BAB4
:1002D0000C94AA7E0C9466360C94F2A80C94C5F388
:1002E0000C94B2740C94F5730C94DA370C94E3F814
:1002F0000C9410D50C941B300C942B970C940BF48D
:100300000C9486950C942B140C9402D50C944F9558
:100310000C94197E0C94F5A80C94E1D40C94F3D8A9
:100320000C94CCFA0C9457BB0C94E37D0C9403FA18
:100330000C9488360C94A9740C94D0DA0C945DF665
:100340000C948CF30C94EEF70C94A3740C941B9502
:100350000C9443960C94FA730C9489950C94CB747A
:100360000C9451F10C941F360C9487BB0C94C995D6
:100370000C94937D0C94CBF30C94EAD40C948F9D45
:100380000C94BEF30C9498F60C9404A90C94D4F835
:100390000C9418950C94E4F30C94AD7D0C94DDB69C
:1003A0000C94C0950C940F950C94F8D40C94D0BA7E
:1003B0000C94E7D80C9408FB0C9413970C94D9D4A4
:1003C0000C94EBF80C94F6D80C94B7950C94EDD8EB
:1003D0000C9409950C94EFA80C94C6950C94A0BFAE
:1003E0000C94B31D0C945BF60C9443950C94C314BD
:1003F0000C9414D50C9449950C9406D50C940C309F
:1004000054494D45522041524700424144205449ED
:100410004D455200554E44455252554E00424144BE
:100420002057415600424144205241544500384231
:100430004954204F4E4C59004D4F4E4F204F4E4C7B
:10044000590050434D204F4E4C59004E4F204441CF
:100450005441004E4F20464D5400424144205249E1
:100460004646004E4F542057415645004E4F5420AB
:100470005249464600494F204552524F52004F5074
:10048000454E204552524F5200424144204152476E
:10049000004F4B004D5A54205345454B00524543A5
:1004A0004F5244005B96A59D9AB75D004C44522084
:1004B000424C4F434B004D5A462054494D4500494C
:1004C0004D4147452054494D45004C445220484534
:1004D00041444552004D5A54205345454B004D5A16
:1004E00046205354415445005144205345454B0048
:1004F00050574D2050495045004D5A4620535441C5
:100500005445004D5A3720524546494C4C004D5AEF
:100510004620554E444552004241442053455353D2
:10052000494F4E00454447452046495253540049DF
:100530004E534552542043415244005441502046AA
:1005400049464F00554E44455252554E0054415075
:10055000204649464F004D5A4620535441525400BC
:10056000554C205354415254004D5A372053454561
:100570004B004D5A54205345454B00554C372041B4
:10058000434B00554C372041524D00554C205348A9
:100590004F525400554C205245414400554C205771
:1005A00041495400554C2053484F525400554C205B
:1005B0005245414400554C20415247004D5A372086
:1005C000524546494C4C004D5A46205354415254D2
:1005D000004D5A4620535441525400504C4159202A
:1005E0004552524F520014040A04000454494D4528
:1005F0005200000000001000800000AA00389B712B
:10060000910489047E0475046C0463045A04530441
:100610004B04420438042E0425041D04574156207F
:100620004552524F52004E4F2057415620494E4698
:100630004F00454D5054592057415600454D505498
:100640005920454447450045444745204F50454EB5
:10065000004544474520415247005350454544001A
:1006600054595045004D5A54205345454B004D5A5E
:1006700054205245434F5244004D5A5420464F5245
:100680004D4154004D5A54205345454B004D5A544A
:1006900020434F554E54004D5A542048454144453F
:1006A00052004D5A54205345454B00514446205367
:1006B00045454B00514446205345454B0051444667
:1006C000204652414D4500514446205245434F5229
:1006D000440051444620434F554E54005144462057
:1006E000484541444552004D5A51205345454B0021
:1006F0004D5A51205245434F5244004D5A512053B8
:1007000045454B004D5A51204C454E475448004DED
:100710005A512053495A45004D5A512044415441A1
:1007200020484452004D5A512046494C45204844E7
:1007300052004D5A5120434F554E54004D5A5120AE
:10074000454D505459004D5A512048454144455259
:1007500000514420464C41534800514420485843DE
:100760000051442053484F525400514420534545B2
:100770004B004D5A46205345454B004D5A46205399
:1007800045454B004D5A462053484F5254004D5A50
:1007900046204F50454E004D5A4620415247005486
:1007A000415020524541440054415020464C41475D
:1007B00000544150205452554E4300544150204C57
:1007C000454E47544800544150205245414400543E
:1007D0004150204C454E47544800454D50545920F7
:1007E00054415000544150204F50454E0054415008
:1007F000204152470042414420464F524D4154004F
:10080000544150205452554E4300544150205245BB
:10081000414400544150204649464F005441502025
:100820005245414400544150205452554E430054C7
:100830004150204649464F0054415020464C4147C4
:1008400000544150205452554E4300544150204CC6
:10085000454E47544800544150204C454E4754485B
:1008600000544150205245414400544150204649D3
:10087000464F0045444745204552524F5200504193
:10088000544820544F4F204C4F4E470025732F5251
:100890004543253034752E4C45500025732F524565
:1008A00043253034752E4C3136004544474520579A
:1008B00052495445005354414745204552524F52E6
:1008C0000042414420544F4B454E00504154434850
:1008D000205752495445005041544348204C4F53EF
:1008E000540042414420544F4B454E004241442065
:1008F000544F4B454E0042414420544F4B454E000F
:100900005041544820544F4F204C4F4E47002573C0
:100910002F524543253034752E4D5A46004D5A46C8
:10092000205752495445004D5A4620434845434BB1
:1009300053554D004D5A4620434845434B53554D62
:1009400000544320434845434B53554D00544320E6
:100950004C4F4144455200545950453D54430A536D
:10096000504545443D313A310A00545950453D49BE
:10097000430A53504545443D313A310A00545950D9
:10098000453D4E4F524D414C0A53504545443D3133
:100990003A340A00545950453D4D5A3730300A53C5
:1009A000504545443D313A310A00545950453D4E79
:1009B0004F524D414C0A53504545443D313A330A5C
:1009C00000545950453D4E4F524D414C0A535045ED
:1009D00045443D313A320A00545950453D54430A8A
:1009E00053504545443D313A320A00545950453D33
:1009F00054430A53504545443D313A330A00545953
:100A000050453D49430A53504545443D313A320A29
:100A100000545950453D49430A53504545443D31E2
:100A20003A330A00545950453D49430A535045450D
:100A3000443D313A340A00545950453D4D5A3730FF
:100A4000300A53504545443D313A330A0054595019
:100A5000453D554C5F4D5A3730300A00545950458A
:100A60003D554C5F4D5A3830300A00545950453D81
:100A7000554C0A00545950453D4E4F524D414C0A79
:100A800053504545443D313A310A004552520050D9
:100A9000415500504C5900524459005443310049CB
:100AA0004331004E3134004D3731004E3133004E6A
:100AB0003132005443320054433300494332004939
:100AC000433300494334004D373300554C3700550C
:100AD0004C3800554C00544320313A3100494320F2
:100AE000313A31004E524C20313A34004D5A3720C1
:100AF000313A31004E524C20313A33004E524C20A4
:100B0000313A3200544320313A3200544320313AD2
:100B10003300494320313A3200494320313A33000F
:100B2000494320313A34004D5A3720313A33004E90
:100B3000524C20313A310043504D20313A34004379
:100B4000504D20313A330043504D20313A3200436A
:100B5000504D20313A310053494E20313A34005340
:100B6000494E20313A330053494E20313A32005336
:100B7000494E20313A3100524543204552524F529E
:100B8000004D5A4620535441525400505245414C56
:100B90004C4F43204641494C004D5A462043524554
:100BA0004154450053442043415244204552524F42
:100BB0005200454447452053544152540050524539
:100BC000414C4C4F43204641494C00454447452049
:100BD000435245415445005344204341524420452B
:100BE00052524F52005245432054494D45522045E0
:100BF000525200505245414C4C4F43204641494CC3
:100C00000057415620435245415445204552520019
:100C10004241442052454320524154450053442010
:100C200043415244204552524F52005245432046C0
:100C30004F524D41540052454320504155534500B9
:100C400052454320524553554D450025732F25737A
:100C50005F253032752E4C45500025732F25735F6C
:100C6000253032752E4D5A460025732F25735F258A
:100C70003032752E4C31360025732F25735F2530A9
:100C800032752E5741560025732F25732E4C455033
:100C90000025732F25732E4D5A460025732F25737B
:100CA0002E4C31360025732F25732E574156005791
:100CB000415620434C4F5345204552520057415610
:100CC0002050414420455252005441494C20575233
:100CD0004954452045525200524543204F564552F3
:100CE000464C4F57004544474520434C4F53450021
:100CF00045444745204F564552464C4F5700740ACD
:100D000000006B0A5C0A4D0A370A240A110AFE0920
:100D1000EB09D809C109AA0994097D096A0957098B
:100D20004D5A4620434C4F5345004D5A462057528A
:100D3000495445004D5A4620494E434F4D504C456D
:100D40005445004D5A46204445434F4445004D5AB2
:100D500046205345454B004D5A46204F5645524676
:100D60004C4F570045444745204F564552464C4F3F
:100D700057005041544820544F4F204C4F4E47008D
:100D800025732F524543253034752E574156005751
:100D90004156204845414445522045525200574152
:100DA0005620544F4F204249470057415620575232
:100DB0004954452045525200414E414C59534953E4
:100DC00020515545554500444952204641494C0063
:100DD0004E4F20454E545259004F4B005344204330
:100DE000415244204552524F5200494E53455254AD
:100DF000204341524400454D505459004E4F204528
:100E00004E54525900534420494E4954004E4F20ED
:100E1000454E5452590042414420415247004E4FE2
:100E200020454E545259004E4F20454E54525900C1
:100E30002E2E2F00454D505459005245434F5244D9
:100E40003D52455452590053442043415244204599
:100E500052524F5200494E5345525420434152443E
:100E600000202020202020202020202020202020A2
:100E70002000970A930A8F0A8B0A504C4100535462
:100E80004F503D43414E43454C0051442053434154
:100E90004E202533752525004E313100484C480041
:100EA000554C004633480046334C005443004943F8
:100EB0000049434C005537480055374C00484C4CCE
:100EC000004E4C48004E4C4C0025732025303275A6
:100ED0003A253032752F253032753A25303275007B
:100EE0002573202020202020202025303375252523
:100EF0002000257320252D3373202020202530331A
:100F00007525252000504155534544004D414E2044
:100F1000252D347320253032753A25303275005333
:100F2000454C20252D347320253032753A2530323A
:100F300075004D544920252D347320253032753AE3
:100F400025303275004D414E20252D3473202D2D36
:100F50003A2D2D0053454C20252D3473202D2D3A4C
:100F60002D2D004D544920252D3473202D2D3A2D43
:100F70002D00554E535550504F5254454400455244
:100F80005220252E31327300554E4B4E4F574E0096
:100F90002F0B0000000000000000270B200B190B96
:100FA000120B0B0B040BFC0AF40AEC0AE40ADD0A30
:100FB000D60A00006F0B670B5F0B570B4F0B470BED
:100FC0003F0B370B32326B0034346B005245430019
:100FD0005356442000524543204552524F5200522E
:100FE00045432043414E43454C4C45440046494C03
:100FF000452044454C4554454400504C45415345DB
:101000002057414954005741495400534156494ED5
:10101000472000504155202530326C753A2530323A
:101020006C7500524543202530326C753A253032BC
:101030006C7500504155534544202020202020202D
:1010400020204D0057414954205349474E414C0000
:101050004F4B0053442043415244204552524F527B
:1010600000494E534552542043415244004E4F5480
:1010700020494E4954005344204341524420455294
:10108000524F52004E414D4520544F4F204C4F4E31
:10109000470046494C45204F50454E204641494C5B
:1010A0000042414420504154480046494C452043A9
:1010B0005245415445204641494C0042414420504C
:1010C000415448004E4F5420444952004D4B44492E
:1010D00052204641494C00444952204641494C0067
:1010E0004E4F5420444952004E4F54204449520020
:1010F000424144204449524543544F5259005245BD
:1011000043204E414D45532046554C4C00444952D6
:10111000204641494C0046494C4520524541442017
:101120004641494C0046494C4520524541442046E1
:1011300041494C00424144204152470046494C45F8
:10114000205752495445204641494C0042414420D1
:1011500041524700505245414C4C4F432046414973
:101160004C0046494C45205452554E432046414977
:101170004C0046494C452053594E43204641494C6A
:101180000046494C45205345454B204641494C00BB
:1011900046494C452052454D4F5645204552520038
:1011A00042414420504154480052454E414D452053
:1011B0004641494C0046494C4520455849535453F3
:1011C000004241442052454E414D45002E5441506D
:1011D000002E574156002E4C3136002E4C45500003
:1011E0002E4D3132002E514446002E5144002E4DDA
:1011F0005A51002E4D5A54002E4D5A4600002020C0
:1012000020202020202020202020002020202020FE
:1012100020202020202020202020202020202122CB
:10122000232425262728292A2B2C2D2E2F30313216
:10123000333435363738393A3B3C3D3E3F40414206
:10124000434445464748494A4B4C4D4E4F505152F6
:10125000535455565758595A5B5C5D5E5F202020A9
:10126000202020202020202020202020202020207E
:10127000202020202020202020202020202020206E
:101280002020202020202020202020202020206519
:101290002020207467682062786472706371617ABC
:1012A00077737569204F6B66762075426A6E20559C
:1012B0006D2020206F6C416F61207920202020203C
:1012C000202020202020202020202020202020201E
:1012D000202020202020202020202020202020200E
:1012E00020202020202020202020202020202020FE
:1012F00020202020202020202020202020313A32B1
:1013000000313A3300313A3100544300313A32006F
:10131000313A3300313A3400313A31004943003137
:101320003A3300313A31004D5A37303000313A34D7
:1013300000313A3300313A3200313A31004E4F52E7
:101340004D414C00554C5F4D5A37303000554C5F85
:101350004D5A38303000554C00574149542E2E2EEE
:101360000052454C4541534520414C4C00414443BB
:101370003A253475005741495420494E5055540080
:10138000505245535320252D31307300504C454168
:1013900053452057414954005144204C4F41442E5D
:1013A0002E2E0045444745205245414400454447C0
:1013B00045204649464F00554C2057414954003E70
:1013C00008D3CEE5210000D3E47ED3E077237CFE72
:1013D0001020F43A4BD4324B0A3A4CD43212052145
:1013E0004DD4110211010D00EDB0E17CFED42812A4
:1013F0002A0411D9210012220411CD2A00D3E4C3FA
:101400009AE9CD2A00D3E4C32401000000000000C3
:101410000000000000000000003E08D3CECD3E07D3
:10142000360197575FCD0803CDBE02D3E21AD3E051
:101430001213CB6228F53EC3321F06215C11222015
:10144000062A08117D3212057C324B0A2A0A112223
:101450000211CDF80401CF06ED71D3E2DAAAE92139
:101460000A11C308EDC53A1011EE0C32101101CF6C
:1014700006ED79C1C9313938371102E0F31AE62097
:1014800028FB137B121B0100041ACB6728FBE62004
:10149000B1074F7B13121B1ACB6720FBE620B10765
:1014A0004F137B121B10E27123D90B79B0D920D6D0
:1014B0004F04D9C31102E0F31AE62028FB137B1274
:1014C0001BC50100041ACB6728FBE620B1074F7B40
:1014D00013121B1ACB6720FBE620B1074F137B12B8
:1014E0001B10E271C10B2379B020D60601D9C311BC
:1014F00002E0DD2103E0AF3D20FDF31AE62028FBEA
:10150000DD360003C50100041ACB6728FBE620B1D5
:10151000074FDD3600021ACB6720FBE620B1074FEC
:10152000DD36000310E271C10B2379B020D600E153
:10153000E93E08D3CE1102E0DD2103E0AF3D20FDFE
:10154000F31AE62028FBDD360003C50100041ACBA0
:101550006728FBE620B1074FDD3600021ACB672073
:10156000FBE620B1074FDD36000310E271C10B230B
:1015700079B020D6010001D9E1E93E08D3CECD3EB5
:1015800007360197575FCD0803CDBE02D3E21AD3C9
:10159000E01213CB6228F53E08D3E01102E0F37BA2
:1015A00013121B1AE62028FB137B121B0100041ADE
:1015B000CB6728FBE620B1074F7B13121B1ACB67C2
:1015C00020FBE620B1074F137B121B10E27123D9D9
:1015D0000B79B0D920D64F04D9C351442043414E92
:1015E00043454C004D5A462053484F5254004D5AE3
:1015F000462052454144004D5A46204649464F0038
:101600004D5A46204C454E475448004D5A5420539D
:10161000484F5254004D5A542052454144004D5AAF
:101620005420484541444552004D5A462053484FA6
:101630005254004D5A462052454144004D5A4620CE
:101640004C454E475448004D5A542053484F52542D
:10165000004D5A542052454144004D5A54204845AB
:1016600041444552000000000007DF0EF70F521DF5
:101670006A1EF82A00007C150000282814140200B5
:1016800000000001000000071A07B408A90E44106A
:10169000F82A00007C15000028281414020000001D
:1016A0000002000000077F05CA07FF0AF90DF82AAB
:1016B00000007C150000282814140200000000031C
:1016C00000010007000F8010001DE01EF82A000036
:1016D0007C150000282814140200000000040004F7
:1016E000000900050005000A000AF82A00007C1520
:1016F0000000282814140200000000050002000F5A
:10170000D0045507DA093A0BF82A00007C150000CE
:10171000282814140200000000060002000F7F05B4
:10172000CA07FF0AF90DF82A00007C1500002828D6
:1017300014140200000000070002000F1A07B4088A
:10174000A90E4410F82A00007C1500002828141463
:101750000200000000080003000F97068906200D14
:10176000200DF82A00007C1500002828141402001F
:10177000000000090003000FDD08CF08AC11AC1118
:10178000F82A00007C15000028281414020000002C
:10179000000A00000007D0045507DA093A0BF82ABE
:1017A00000007C1500002828141402000000000B23
:1017B0000002000FA90E7E10521DED1EF82A000037
:1017C0007C1500002828141402000000000C0003FF
:1017D000000FAF0FA00F4F1F4F1FF82A00007C15FE
:1017E0000000282814140200000000554C20534526
:1017F000454B00554C205345454B00554C2041521C
:10180000470054555242205345454B004D5A5420F1
:101810005345454B004D5A542052454F50454E00BC
:101820002054430020494300204D5A3730300020D7
:10183000554C204D5A3730300020554C204D5A38E9
:1018400030300020554C00204155544F00204E4F61
:10185000524D414C0020313A340020313A330020BF
:10186000313A320020313A310020323530302042D6
:101870006400203231303020426400203138303072
:10188000204264002031343030204264004D5A46FA
:10189000004C45502035307573004C3136203136C0
:1018A0007573005741562032326B487A00574156C3
:1018B0002034346B487A004D414E55414C0041551F
:1018C000544F004D4F544F520052454C45415345E3
:1018D00020414C4C0043414C204E4F4E450053415B
:1018E0005645440043414C4942524154494F4E00F1
:1018F0004E4F5420534156454400454550524F4D9C
:10190000204552524F52005553494E4720444546B8
:1019100041554C540043414C20494E56414C49449A
:1019200000504C4159005245434F52440053544FCC
:1019300050004646574400524557494E44004341E3
:101940004C4942524154494F4E004B455950414435
:10195000002F5245434F5244494E475300494E537E
:10196000455254204341524400494E53455254205D
:1019700043415244005041544820544F4F204C4F53
:101980004E470046494C452053454C454354454439
:10199000004E414D4520544F4F204C4F4E4700457F
:1019A0004D505459204449520052454320464F520D
:1019B0004D4154004D184718431839182F1828184E
:1019C00024182018202D2D0064185F185A18551857
:1019D00084187B18721869183E54415020535045A2
:1019E0004544003E5350454544003E4C4F4144451C
:1019F0005200204D4F544F5200204D414E55414C06
:101A0000003E504C4159204354524C00204F464612
:101A100000204F4E003E57415620494E56455254E5
:101A2000003F00AD18A3189A1891188D18C318BE5E
:101A300018B7183E524543204D4F4445004F464687
:101A4000004F4E003E4155544F4E414D45003E52D1
:101A50004543205459504500202533752525002540
:101A60003375252520454550524F4D204552520093
:101A70003E4241434B4C494748540052414D20257A
:101A800075204D494E25750041424F555420763200
:101A90002E300020494E5445524E414C00204558AE
:101AA0005445524E414C003E434D5420534F5552E5
:101AB00043450000002100240027002A002D0030AB
:101AC00000330001010000040107010A01000022A7
:101AD00000250028002B002E0031003400020100F8
:101AE00000050108010B01F0F0F0F3F0F5F0F0F063
:101AF000F0F0F0F0F0F0F0F0C1C2C3C4C5C6F0F0F1
:101B0000F0F0F0F0F0F0F000616263646566676821
:101B1000696B6A2F2A2E2D2021222324252627288F
:101B2000294F2C512B57495501020304050607087C
:101B3000090A0B0C0D0E0F1011121314151617189D
:101B4000191A5259545045C7C8C9CACBCCCDCECFAB
:101B5000DFE7E8E9EAECEDD0D1D2D3D4D5D6D7D8B7
:101B6000D9DADBDCDDDEC080BD9DB1B5B9B49EB293
:101B7000B6BABE9FB3B7BBBFA385A4A5A6948788FA
:101B80009C82988492908391819A97939589A1AF32
:101B90008B8696A2ABAA8A8EB0AD8DA7A8A98F8C92
:101BA000AEAC9BA099BCB8403B3A703C715A3D43E7
:101BB000563F1E4A1C5D3E5C1F5F5E377B7F367A58
:101BC0007E334B4C1D6C5B7841353474303875393D
:101BD0004D6F6E3277767273477C53314E6D484647
:101BE0007D441B587942604D5A46204552524F520F
:101BF0000053504545443D00545950453D00524521
:101C0000434F52443D004E4F20454E5452590044DC
:101C10004952204641494C004E4F542044495200FD
:101C2000000020002300260029002C002F00320095
:101C3000000100000301060109010505050507056E
:101C400008080808020202020A0A08080404040438
:101C50000101010101010101030303030303030364
:101C6000040707070C0C0C0C0C0C0C0C02020202F3
:101C700006060606060606060B0B0B0B0B0B0B0BDC
:101C8000010210202008081020401020408002018E
:101C90000201080402010102040810204080804073
:101CA0002010080402018004020180402010080472
:101CB0000201080402010102040810204080010210
:101CC00004081020408000000A0B02090C0D0E08C9
:101CD00007030401000000000000000000000000F5
:101CE00000000000000000000000000000000000F4
:101CF00000001211100000000000000000000000B1
:101D000000000000000000000000000058EE112458
:101D10001FBECFEFD1E2DEBFCDBF00E00CBF13E0AE
:101D2000A0E0B2E0E8E7F5E002E00BBF02C00790F8
:101D30000D92AA36B107D9F728E1AAE6B3E001C0AF
:101D40001D92A833B207E1F71EE0C7E8DEE000E02D
:101D500006C021970109802FFE010F94B200C638FA
:101D6000D10780E00807A9F70E94A8EE0D94BA02F7
:101D70000C94000080913C0491E0892780933C04FE
:101D800010923D04109212041092110410920D044E
:101D900010920E0410920F041092100410920C0472
:101DA00010920B0410920A04109209041092080475
:101DB00008958F929F92AF92BF92CF92DF92EF924F
:101DC000FF92CF93DF9390914204292F30E0F901E5
:101DD000E55BFB4F4081411165C0A901440F551FD0
:101DE000DA01A554B34FCD91DC911197809047044F
:101DF00090904804A0904904B0904A047501640191
:101E00006FEFC61AD60AE60AF60ABE016F5F7F4F69
:101E10002097F9F4220F331F220F331FF901EB5ED5
:101E2000FB4F80829182A282B38291113DC021E05A
:101E300030E03093BC0C2093BB0C80931912C092FD
:101E40004704D0924804E0924904F0924A0481E0A9
:101E50001EC029E132E1992311F026E030E145541A
:101E6000534FDA016D937C93C20FD31F8883C092C6
:101E70004704D0924804E0924904F0924A0481E079
:101E80006115724021F48083982790934204DF917A
:101E9000CF91FF90EF90DF90CF90BF90AF909F9049
:101EA0008F90089580E0F3CF21E030E02D933C93B4
:101EB00080930610C4CF20912A0230912B02821702
:101EC000930710F090E080E0109220011092210121
:101ED00020912A0230912B0221503109309329019F
:101EE00020932801909325018093240182E08ABBEE
:101EF00080917300826080937300809129028860D2
:101F000080932101089520910104309102044091B1
:101F10000104509102046091030470910404461B73
:101F2000570B4F3F574069F0F901F770EA56FB4FE6
:101F300080832F5F3F4F309302042093010481E0A0
:101F4000089580E0089580910004882349F08295E7
:101F5000807F0E94830F882321F01092000408954F
:101F600081E0089582E08ABB0E94A30F811102C024
:101F700080E0089582E00E94830F8823C9F391E0F6
:101F80009093050408959FB7F8948091BB039FBF79
:101F900090E00895009711F481E090E02091940082
:101FA00030919500820F931F90939B0080939A002D
:101FB00008954FB7F8942091B9033091BA038091F6
:101FC000B7039091B8034FBF821B930B0895CF9234
:101FD000DF92EF92FF920F931F93C090F203D09085
:101FE000F303E090F403F090F50397018601009568
:101FF000109520953095061717072807390790F494
:102000008FEF9FEFDC018093F2039093F303A09393
:10201000F403B093F5031F910F91FF90EF90DF90C1
:10202000CF900895DC01CB018C0D9D1DAE1DBF1D11
:10203000EACFE82F8BEF8E0F833048F4E550FF0B8B
:10204000EE0FFF1FEA51FA4F8591949108958CEE9F
:1020500095E008950F931F93282F8091EE03882316
:1020600009F44BC09091E003921346C00091EA033B
:102070001091EB032091EC033091ED034091B70EEA
:102080005091B80E6091B90E7091BA0E04171507F1
:102090002607370789F5913051F54091E6035091B5
:1020A000E7036091E8037091E9038091960E9091A7
:1020B000970EA091980EB091990E481759076A078C
:1020C0007B07D1F44091E2035091E3036091E40374
:1020D0007091E5038091920E9091930EA091940ED1
:1020E000B091950E481759076A077B0729F481E0DC
:1020F0009091EF03911101C080E01F910F9108951D
:102100008091FC0E9091FD0E0E9458AE882369F0DC
:102110008091D80E9091D90E0E9458AE882329F054
:102120008091D00E9091D10E089590E080E00895B6
:102130008091D80E9091D90E0E9458AE882329F034
:102140008091D20E9091D30E089590E080E0089592
:102150008091FC0E9091FD0E0E9463AE81110C9453
:10216000FCA780E008954F925F926F927F92AF92AA
:10217000BF92CF92DF92EF92FF920F931F93CF9374
:10218000DF93FA01C489D589C217D30789F0F12CEE
:102190008F2DDF91CF911F910F91FF90EF90DF90E6
:1021A000CF90BF90AF907F906F905F904F900895C9
:1021B000270138018A015B016C01C301B7010E944C
:1021C000A0BFF82E882319F3BE01C8010E94A49D68
:1021D000B092D10EA092D00ED092D30EC092D20E59
:1021E00010929A0ECE01B0E0A0E08093AF0E9093D3
:1021F000B00EA093B10EB093B20E4092A70E5092C3
:10220000A80E6092A90E7092AA0E840D951DA61DAF
:10221000B71D8093AB0E9093AC0EA093AD0EB09310
:10222000AE0E109294031092A30E1092A40E109270
:10223000A50E1092A60E1092850E0E9480A3A8CF24
:10224000AF92BF92CF92DF92EF92FF920F931F93C4
:10225000CF93DF935C01009709F462C06817790798
:1022600008F45EC0FA01C489D589C217D30709F002
:1022700057C067017801CA018B01BE010E94A49D6D
:102280001093D10E0093D00EB092D30EA092D20E26
:10229000CE01B0E0A0E08093AF0E9093B00EA0937B
:1022A000B10EB093B20E1092A70E1092A80E10921B
:1022B000A90E1092AA0E8093AB0E9093AC0EA09331
:1022C000AD0EB093AE0EC0928C0ED0928D0EE092F9
:1022D0008E0EF0928F0E1092880E1092890E109230
:1022E0008A0E10928B0E81E080939A0E10929403C6
:1022F0001092A30E1092A40E1092A50E1092A60E8C
:102300001092850E0E9480A381E0DF91CF911F91F2
:102310000F91FF90EF90DF90CF90BF90AF90089516
:1023200080E0F3CF0F931F93CF93DF931F92CDB72E
:10233000DEB700E001C0082F10E0409190035091FB
:10234000910360919203709193038091B70E9091E5
:10235000B80EA091B90EB091BA0E481759076A0786
:102360007B0740F000E0802F0F90DF91CF911F910D
:102370000F910895CE0101960E9430C1882391F3F8
:1023800099819923C1F20023B9F2963121F41F3FBC
:10239000A1F21F5FD2CF953A61F6123050F2E3CF2F
:1023A0007F928F929F92AF92BF92CF92DF92EF92E5
:1023B000FF920F931F93CF93DF9300D01F92CDB75F
:1023C000DEB7782E6B015A01490165EA90E080E0A2
:1023D0000E94C29D7C010E9492118823B9F0CE0117
:1023E00001960E9430C1882389F0CE0102960E9496
:1023F00030C1882359F0CE0103960E9430C1882352
:1024000029F06981711004C0662331F020E048C0D2
:10241000862F8B7F8130D1F70A811B81C801F5019E
:1024200091838083711003C08034910579F7C701CF
:102430000E94C29D602F0E94C29D612F0E94C29D7A
:102440007C018091900390919103A0919203B091AF
:102450009303F40180839183A283B38310E000E0AF
:10246000F501808191810817190768F1CE01049662
:102470000E9430C1882351F26C81C7010E94C29D25
:102480008C01CE0104960E9430C1882309F4BECF8E
:102490006C81C8010E94C29D21E0892B09F0B6CF52
:1024A000822F0F900F900F900F90DF91CF911F917F
:1024B0000F91FF90EF90DF90CF90BF90AF909F90E3
:1024C0008F907F900895CE0104960E9430C188239A
:1024D00009F49CCF6C81C114D10439F0003411058A
:1024E00020F4F601E00FF11F6083C7010E94C29D36
:1024F0007C010F5F1F4FB4CFCF92DF92EF92FF921C
:102500000F931F938091C103882389F10E9430DCCF
:102510000091BD031091BE032091BF033091C00311
:10252000DC01CB01801B910BA20BB30B0091C2030A
:102530001091C3032091C4033091C5036801790150
:10254000C094D094E094F094C816D906EA06FB062D
:10255000A8F0080F191F2A1F3B1F0093C2031093F6
:10256000C3032093C4033093C5031092C1031F918A
:102570000F91FF90EF90DF90CF9008950FEF1FEF36
:102580009801EBCFCF93DF93C091F00ED091F10E75
:102590002297AC0161E170E08AED9EE00E948C6FB1
:1025A0000E947C120E942BB584E090E09093F10E83
:1025B0008093F00E229720F40E94FCA7882329F034
:1025C00081E0DF91CF910C9446B2DF91CF910895D5
:1025D000CF93DF93C091F00ED091F10E2297009728
:1025E000F9F48AED9EE0009731F04BED55E061E1A2
:1025F00070E00E94786F0E947C120E942BB584E0EC
:1026000090E09093F10E8093F00E229720F40E94B8
:10261000FCA7882379F081E0DF91CF910C9446B23A
:1026200040E150E0BC018AED9EE00F9463021092FD
:10263000EA0EE1CFDF91CF9108950E947C12809144
:10264000EC0E9091ED0EA091EE0EB091EF0E009772
:10265000A105B10541F08093C2039093C303A093F9
:10266000C403B093C50308958091C10381110DC0C7
:102670000E9430DC6093BD037093BE038093BF0360
:102680009093C00381E08093C10308954F925F92BD
:102690006F927F928F929F92AF92BF92CF92DF9272
:1026A000EF92FF92CF93DF93EC019A01AB0160911F
:1026B0001102709112028130910541F060910F0278
:1026C00070911002039711F46CE775E12B01712CE6
:1026D000612C64E170E0C130D10511F468E270E072
:1026E0004B01B12CA12C880C991CAA1CBB1CA9E085
:1026F000B0E00F94C9006B017C0124E1C20ED11C33
:10270000E11CF11CC40CD51CE61CF71C0E94A9A4FA
:10271000882329F0229722E630E0229710F022E069
:1027200030E0C80CD91CEA1CFB1CC701B601620FC3
:10273000731F811D911DDF91CF91FF90EF90DF906E
:10274000CF90BF90AF909F908F907F906F905F9051
:102750004F9008952F923F924F925F926F927F9287
:102760008F929F92AF92BF92CF92DF92EF92FF92A1
:102770000F931F93CF93DF93CDB7DEB764970FB658
:10278000F894DEBF0FBECDBF2C011B013A01088BB0
:10279000198B2A8B3B8BAC8A8B828130910509F097
:1027A0004CC000911102109112021A83098308E2B1
:1027B00010E049815A819A0150E040E02C833D832A
:1027C0004E835F83C801B0E0A0E0280F391F4A1F85
:1027D0005B1F288739874A875B87280F391F4A1F65
:1027E0005B1F2C873D874E875F8749015A0152E066
:1027F000850E911CA11CB11CA9E0B0E09601A701B7
:102800000F94C900AB01BC01F1013197ED30F10526
:1028100008F035C18827E05FFB4E8F4F0D94B20062
:102820002B14501461146E14831483148314C31472
:10283000C314C314FD143F152215039749F00091EA
:102840000F02109110021A83098304E110E0B1CF46
:102850000CE715E1F8CF09811A81B80166197709EB
:102860006016710610F070E060E090E080E0649621
:102870000FB6F894DEBF0FBECDBFDF91CF911F9191
:102880000F91FF90EF90DF90CF90BF90AF909F900F
:102890008F907F906F905F904F903F902F90089512
:1028A0006016710658F4061917096C817D818E81B6
:1028B0009F81600F711F811D911DD9CF10E000E035
:1028C000F4CF6016710638F4061917096885798502
:1028D0008A859B85EECF10E000E0F8CF82E090E0A3
:1028E0008619970912E06116710410F090E080E0FB
:1028F0000C851D852E853F85080F191F211D311D53
:10290000C901B801B4CF26013701088919892A897C
:102910003B89041515052605370510F428013901F2
:10292000A9E0B0E0A30192010F94C90091012650E3
:1029300031092230310510F5452846284728F1F0A5
:10294000AB01BC01495051096109710988E090E06F
:10295000A0E0B0E016E02116310441F428E030E0B8
:102960000C89201B3109C901B0E0A0E08A019B015C
:10297000080F191F2A1F3B1FC901B801680D791DD7
:102980008A1D9B1D74CF840E951EA61EB71E4B81FB
:10299000433008F042E050E09A01A9E0B0E00F9423
:1029A000BA0091012950310922303105B8F41B8158
:1029B0001123A1F09A01215031090F94BA0029E0A6
:1029C00022163104A9F408E010E03C89031B110928
:1029D00030E020E0600F711F821F931F633171058B
:1029E0008105910558F262E170E080E090E0C6CF89
:1029F00008E010E020E030E0EDCF6A017B0182E1E9
:102A0000C80ED11CE11CF11C0E94A9A4882349F026
:102A100092E0491A510882E690E0A2E04A16510479
:102A200010F082E090E06816790648F4861997095C
:102A3000C80CD91CEA1CFB1C970186015DCF90E0F5
:102A400080E0F6CFA601B701C20164960FB6F894F4
:102A5000DEBF0FBECDBFDF91CF911F910F91FF90D1
:102A6000EF90DF90CF90BF90AF909F908F907F902E
:102A70006F905F904F903F902F900C94461360E0C2
:102A800070E0CB01F4CE8F929F92AF92BF92CF9223
:102A9000DF92EF92FF920F931F93CF93DF9300D0BB
:102AA00000D000D01F92CDB7DEB71D821E821F82DC
:102AB00018861092B30E1092B40E1092B50E1092AA
:102AC000B60E1092950310929603109297031092EF
:102AD000980336E0C32E30E1D32EF12CE12C812C6B
:102AE000912C540110E0F60181916F010E94AA9F80
:102AF000880E911CA11CB11CE80EF11C1F5F103840
:102B000091F7CE0105966C019501840140E850E0F3
:102B100060E070E081E00E94BA9F882389F16091B3
:102B20009F0E7091A00E8091A10E9091A20E0E9416
:102B3000F0BF882329F160919B0E70919C0E8091CB
:102B40009D0E90919E0E9E01275F3F4FAE014F5FFD
:102B50005F4F0E9452C6882399F0E984FA84098164
:102B60001A812B813C8140919B0E50919C0E60916B
:102B70009D0E70919E0E80E00E94BA9F811115C03B
:102B800010E0812F2A960FB6F894DEBF0FBECDBF9E
:102B9000DF91CF911F910F91FF90EF90DF90CF9039
:102BA000BF90AF909F908F9008958D819E81AF814F
:102BB000B8858F3FFFEF9F07AF07BF0739F001963A
:102BC000A11DB11DB695A795979587958093B30ED6
:102BD0009093B40EA093B50EB093B60E60919F0E75
:102BE0007091A00E8091A10E9091A20E0E94F0BF54
:102BF000182F8111C6CF66E070E084E994E00E944E
:102C00003FBDBFCF1F93CF93DF93809106128130DA
:102C100051F080910612833031F0C0E08C2FDF91AB
:102C2000CF911F91089510927B038091840E882389
:102C300009F45FC081E080936F0310926E03E0910E
:102C4000B40FF091B50F309711F08FEF19950E94E6
:102C50004315882379F160919F0E7091A00E8091A9
:102C6000A10E9091A20E0E94F0BF882319F110923C
:102C7000A30E1092A40E1092A50E1092A60E0E9402
:102C800080A30E949DC8C82F81112FC080917B0313
:102C9000882319F21092071281E080930612109295
:102CA000A30E1092A40E1092A50E1092A60E0E94D2
:102CB00080A3B4CFC0917B03CC2381F01092071284
:102CC00081E0809306121092A30E1092A40E10922F
:102CD000A50E1092A60E0E9480A39FCF66E070E022
:102CE00088EE94E00E943FBD99CF10926F0310923E
:102CF000840E82E0809306128091820E9091830E62
:102D0000049719F080E00E9446B2C091790ECC235E
:102D100009F43FC01092800E81E09091740E9111E1
:102D200001C080E00E948DB11FB7F8948091750EAC
:102D3000D0E3811101C0D0E082E08093181281E0DD
:102D40000E947BB285E088BBD360D09390008091D5
:102D500071008A7F809371008091750E882329F01D
:102D6000809171008460809371008091780E882337
:102D700021F08091770E882329F080917100816085
:102D80008093710089E1809391001092790E1FBFAA
:102D900045CF8091820E9091830E049729F4DF91A4
:102DA000CF911F910C9498B1DF91CF911F910C940A
:102DB0001DB32F923F924F925F926F927F928F92AC
:102DC0009F92AF92BF92CF92DF92EF92FF920F93BA
:102DD0001F93CF93DF93CDB7DEB7C657D1090FB698
:102DE000F894DEBF0FBECDBF8C01E090D80EF090FE
:102DF000D90E4090B70E5090B80E6090B90E7090FA
:102E0000BA0E1092840E019711F410E000E0C80190
:102E10000E94C39E80919A0E811145C10E94A6B066
:102E200060939F0E7093A00E8093A10E9093A20EBC
:102E30008091AF0E9091B00EA091B10EB091B20EF4
:102E400080939B0E90939C0EA0939D0EB0939E0E2C
:102E50001093CF0E0093CE0E8091D80E9091D90E84
:102E60000E9458AE811123C11092BB0E8091D80EE2
:102E70009091D90E0E9458AE8823C1F080919A0E8D
:102E8000882309F43AC14090AF0E5090B00E609084
:102E9000B10E7090B20E109295031092960310929C
:102EA000970310929803EE24E394F12C40919F0E27
:102EB0005091A00E6091A10E7091A20EE3964CAFBE
:102EC0005DAF6EAF7FAFE3970E94CEA301151105F2
:102ED00009F445C2C8010B97049708F440C2EA946C
:102EE000EF2809F03CC286E090E1892B09F437C253
:102EF00020910610213019F0263709F030C22093B6
:102F0000C90F81E1E7E0F0E1AAECBFE001900D928A
:102F10008A95E1F740911810509119105093C40F01
:102F20004093C30F20901A1030901B103092C60FA0
:102F30002092C50F60911C1070911D107093C80FE6
:102F40006093C70F3DE0E8E1F0E1ABEDBFE0019039
:102F50000D923A95E1F7E396CCACDDACEEACFFAC6C
:102F6000E397C092E80FD092E90FE092EA0FF09257
:102F7000EB0F4115510509F4F2C14101B12CA12C0F
:102F8000BA0190E080E0E7966CAF7DAF8EAF9FAF67
:102F9000E7976A017C01C80CD91CEA1CFB1C71E094
:102FA000C716D104E706F10408F0D9C1E7968CAD45
:102FB0009DADAEADBFADE797E3964CAD5DAD6EADEB
:102FC0007FADE397840F951FA61FB71F48165906BC
:102FD0006A067B0608F4C3C10F30110509F420C648
:102FE000A801465051094330510508F419C6003173
:102FF000110509F44EC698012950310922303105D6
:1030000008F46FC20330110509F427C2043011051A
:1030100009F0C5C111E5211450E1350608F413E5A6
:103020000E9483A4180F1F5F412E512C712C612C1C
:10303000D301C201885F9E4EAF4FBF4F69E0C616F5
:1030400061E1D606E104F10408F468C08816990627
:10305000AA06BB0608F062C08091C50F9091C60F0A
:10306000B0E0A0E02091C30F3091C40FAC01BD01CE
:10307000420F531F611D711D4130504C6105710598
:1030800008F063C1612F80E090EC0E941DA88823A6
:1030900009F465C185E090E09093BE0F8093BD0F69
:1030A00080E090EC4BC060E070E0CB01B9CE87E0EF
:1030B00090E1892B09F4E7C58BEB9EE0009709F4BA
:1030C000DDCEA7E0B0E1FC018D9181932EE0EC3CD8
:1030D000F207D1F71092CC0E41E061E18BEB9EE05C
:1030E0000E947DA98111C2CE4DE954E062E170E0F9
:1030F0008BEB9EE00E94786FB9CE4090AB0E509063
:10310000AC0E6090AD0E7090AE0E1092B30E109299
:10311000B40E1092B50E1092B60EBDCE612F88E09F
:1031200091E10E941DA8882309F496CF84E090E0E5
:103130009093BE0F8093BD0F88E091E19093C00FF4
:103140008093BF0F812F90E09093C20F8093C10FA7
:1031500081E08093B60F0E949EA3882309F40CC2DD
:103160008AEC9FE0892B09F4E9C0D090C70FE0906A
:10317000C80FB090C50FC090C60F9090C30FA0901D
:10318000C40FF090C10F0091BF0F1091C00F6F2DB1
:10319000C8010E941FD8882309F4D0C00E94AAD871
:1031A000811101C081E0075B1F4F6FEA60931E1021
:1031B00091E290931F101092201050ED5093211027
:1031C00077E77093221021E12093231041E0409390
:1031D0002410509325104093261037EE309327107B
:1031E00033E0309328103DEE30932910E0EBE0936C
:1031F0002A1090932B1000932C1010932D102093D5
:103200002E1010922F105093301040933110809355
:1032100032101092331030933410E093351086E161
:103220008093361084EE809337104EE1409338102F
:1032300040EE4093391090933A1010923B10109248
:103240003C104AE440933D1030933E1059E75093B0
:103250003F104EE7409340104BE4409341103093B1
:103260004210509343107093441033E23093451052
:103270003BEC3093461034E63093471038E23093FD
:10328000481033EF309349103EE330934A1035E154
:1032900030934B1032E330934C1040934D103AE092
:1032A00030934E1090934F1090925010A092511066
:1032B00032E23093521042E0409353102093541066
:1032C00090935510B0925610C092571030935810EA
:1032D00094E09093591020935A109DEC90935B10BA
:1032E0009AE290935C1010925D109AED90935E10AC
:1032F0009EEF90935F10109260106093611093EDB9
:10330000909362108093631083EC80936410D0924A
:103310006510E09266100E94AAD82AEC3FE0A7E66A
:10332000B0E190E081111BC1E7E0FBE1E491E093A3
:10333000671081E0875BF81609F445C167E070E02B
:103340008AEC94E00E943FBDAEC2F0EC5F0E611CBF
:10335000711C84159505A605B70508F093CE8091DC
:103360009A0E882309F44CC4109295031092960388
:1033700010929703109298031092A30E1092A40E2D
:103380001092A50E1092A60E0E9480A381E0809359
:10339000840E81E090E00E940E9E11E034C1053061
:1033A000110509F088C08AEC9FE010E0892B39F004
:1033B0000E94AAD8811101C081E019E4180F8FEF93
:1033C000810F883660F6412E512C712C612CD3016F
:1033D000C201885F9E4EAF4FBF4F29E0C21621E168
:1033E000D206E104F10428F188169906AA06BB0664
:1033F00000F58091C50F9091C60FB0E0A0E020913C
:10340000C30F3091C40FAC01BD01420F531F611DAA
:10341000711D4130504C61057105A8F4612F80E0A9
:1034200090EC0E941DA8882309F499CF87E090E0D2
:1034300033CE612F88E091E10E941DA88823C9F254
:1034400086E090E075CE40EC540E611C711C841532
:103450009505A605B70510F782CF51E1C516D5062B
:10346000E104F10428F060E7261661E1360688F0F1
:1034700083E090E09093BE0F8093BD0F1092BA0F3F
:1034800080E191E19093C00F8093BF0F80E690E0C0
:103490005BCE71E0C71670ECD706E104F10408F0CA
:1034A0005ECF83E090E09093BE0F8093BD0F81E0EC
:1034B0008093BA0FE5CFB1E0CB16B1E1DB06E104B2
:1034C000F104A8F581E090E09093BE0F8093BD0FCA
:1034D00080E091E19093C00F8093BF0F85E590E06D
:1034E000C8C3E1E0CE16E4EDDE06E104F10440F0ED
:1034F000FAE58F16F4ED9F06A104B10408F42FCF6E
:1035000090E080E04B30510528F44D515D4FDA01D9
:103510008C9190E09093BE0F8093BD0F80E094ED6E
:103520009093C00F8093BF0F8AE590E0A2C3B5E5EA
:103530008B16B1E19B06A104B10420F6E1E0CE16A2
:10354000E0ECDE06E104F10408F009CF82E090E04F
:103550009093BE0F8093BD0F80E090ECBBCF9F5F38
:10356000F90141919F01E42FF0E0E951F54EE4911A
:10357000ED938913F4CFDECE0E94AEA3882309F425
:103580005DC068E670E0CE0101960E94D3A48C0174
:103590008091C10F9091C20F0817190709F0CECE84
:1035A000602F8091BF0F9091C00F0E941FD8882379
:1035B00009F4C4CEA8015527BE016F5F7F4F8EE18D
:1035C00090E10F943C020E94BEA38111EBC00E94C7
:1035D000F0A78111E7C00E949EA3182F8111E2C0BD
:1035E00060E072E089E192E10E94D3A49C01215045
:1035F00031092F3F374008F49DC067E070E08CEA46
:1036000094E00E943FBD812FCA58DF4F0FB6F89457
:10361000DEBF0FBECDBFDF91CF911F910F91FF9005
:10362000EF90DF90CF90BF90AF909F908F907F9062
:103630006F905F904F903F902F9008950091BD0F35
:103640001091BE0FC8010E94C5A4E090BF0FF0907A
:10365000C00F0330110511F08823C9F09BEB909344
:103660000610109218101092191010921A1092E170
:1036700090931B10E0921C10F0921D1081112EC02F
:103680008091C90F80931E108091C40F34C0C8016F
:103690000E949BA42091C10F9091C20F882309F42E
:1036A0003CC02093181090931910E0921A10F092D9
:1036B0001B10E0921C10F0921D108EE190E100971B
:1036C00009F481CFE4EAF4E0DC0186E290E12491A0
:1036D0002D9331968A179B07D1F775CF81E08093A0
:1036E0001E100950110981E10530110520F4025125
:1036F0001D4FD8018C9180931F1086E0EBEDFFE009
:10370000A0E2B0E101900D928A95E1F760E670E0E9
:1037100086E290E10E94D3A456CF20931810909394
:103720001910E0921A10F0921B10E0921C10F09207
:103730001D1049CFE9E1F2E130E020E04191D901EB
:10374000AA56BB4F4C932F5F3F4F82179307B1F799
:103750002FB7F8941092800310927F039093710317
:103760008093700331E0309301022FBFB0E0A0E0FE
:103770008093AF0E9093B00EA093B10EB093B20EA3
:103780008093A30E9093A40EA093A50EB093A60EC3
:103790001092AB0E1092AC0E1092AD0E1092AE0EB7
:1037A0001092850E0E94D5A7882309F40FC23E010E
:1037B000E9E66E0E711CD3011D921D921D921C92A2
:1037C0001397A6E0EA2EA0E1FA2EB6E8CB2EB0E1E0
:1037D000DB2E10E000E0212C312C2101F70181913A
:1037E0007F010E94AA9F280E311C411C511C080F0A
:1037F000111DCE14DF0491F729823A824B825C823C
:10380000AF961FAF0EAFAF9780900C02912CA09097
:103810000E02B12CC0901102D0901202F12CE12CBA
:103820007F926F92209108023091090280910602E6
:1038300090910702B0E0A0E0820F931FA11DB11D7F
:10384000BF93AF939F938F93209104023091050211
:103850008091020290910302B0E0A0E0820F931FDA
:10386000A11DB11DBF93AF939F938F931F9282E0D1
:103870008F931F921F9280910A021F928F93A20131
:10388000910160E870E080E090E00E94F1A10FB645
:10389000F894DEBF0FBECDBF811107C08091061224
:1038A000863009F083C110E0AECE0E94A9A488231F
:1038B00009F483C060E072E089E192E10E94D3A440
:1038C0005C01892B59F38091B60F882339F38091DD
:1038D000C10F9091C20FA816B90601F7F9E1CF2EDA
:1038E000F2E1DF2E10E000E0212C312C2101C60195
:1038F000895192418A159B0560F4D6018D916D0125
:103900000E94AA9F280E311C411C511C080F111D3A
:10391000EECF29823A824B825C82AF961FAF0EAF08
:10392000AF9780900B02912C80910D02A82FB0E0F0
:10393000C0900F02D0901002F12CE12CB50190E064
:1039400080E07F926F92E0910802F091090220914D
:1039500006023091070250E040E02E0F3F1F411D4C
:10396000511D5F934F933F932F93E0910402F09189
:103970000502209102023091030250E040E02E0F38
:103980003F1F411D511D5F934F933F932F931F92F4
:103990001F921F9222E62F9320910A021F922F93CB
:1039A0005D01A20191010E94F1A10FB6F894DEBF62
:1039B0000FBECDBF882309F471CF60919F0E709127
:1039C000A00E8091A10E9091A20E0E94F0BF8823BC
:1039D00009F464CF60919B0E70919C0E80919D0EB6
:1039E00090919E0E9E0123593F4FAE014F5F5F4F56
:1039F0000E9452C6182F882309F463C0AF960EADFB
:103A00001FADAF9729813A814B815C8120909B0E3D
:103A100030909C0E40909D0E50909E0EE091BD0FF8
:103A2000F091BE0F3697E930F10508F0BDC0882748
:103A3000E35EF24E8F4F0D94B200B31DB31D341DE3
:103A40002D1DCD1DC71DC01D261DBA1D92E080E095
:103A5000EFE3FCE367E27FE10DC092E080E0E8EF96
:103A6000F8E169E47DE006C092E080E0E4E1F5E1A0
:103A700065E27CE07F926F921F921F92FF93EF931B
:103A80001F921F927F936F931F929F931F928F930A
:103A90001F9282E08F9364E1862E912C74E1A72E11
:103AA000B12CECE7CE2EE5E1DE2EE12CF12CC201AB
:103AB000B1010E94F1A1182F0FB6F894DEBF0FBE1E
:103AC000CDBF60919F0E7091A00E8091A10E90913C
:103AD000A20E0E94F0BF882309F4E0CE112309F45E
:103AE000DDCE0E949EA38823B1F0F30180819181F5
:103AF000A281B381803EFCEF9F07FFEFAF07BF07B6
:103B000008F0CCCE805E9C4FAF4FBF4FF301808357
:103B10009183A283B383F30180819181A281B381D8
:103B20008F3FFFEF9F07AF07BF0739F00196A11D39
:103B3000B11DB695A795979587958093B30E9093F1
:103B4000B40EA093B50EB093B60E0E94F0A78111EB
:103B500005C00E949EA3882309F41BCC0E94D8C8EC
:103B6000811117CCA0CE92E080E0E0E0F4E160E0CB
:103B70007AE080CF90E082E6EEE9FEE36FE46BCF7F
:103B800090E082E6E8E5F3E26CEA71E173CF90E061
:103B900082E6E0E4FAE160E265CF92E080E0EDEEFB
:103BA000FEE16EEC7FE066CF10E08BCF8091D80E07
:103BB0009091D90E0E9458AE882329F08FEB94E0A3
:103BC00067E070E0BFCB86EB94E0FACF8091D80E2F
:103BD0009091D90E0E9458AE1092B30E1092B40E6E
:103BE0001092B50E1092B60E882309F4AECF109243
:103BF0009503109296031092970310929803A5CF05
:103C00008091D80E9091D90E0E9458AE811103C0B8
:103C10000E949DC8A5CF0E9443158111F9CF43CEC4
:103C2000213009F09CCB81E1C816D806E104F104EB
:103C300040F090E7891691E19906A104B10408F4D7
:103C40008ECB0650110990E080E00B30110528F46E
:103C50000D511D4FD8018C9190E09093BE0F809331
:103C6000BD0F80E191E19093C00F8093BF0F80E67C
:103C700090E02091BD0F3091BE0F2230310509F048
:103C800063CA0F9661CA8BEB9EE0892B09F02CCAA0
:103C9000F5C821E0C21624EDD206E104F10408F4CF
:103CA00034CC3AE5831634ED9306A104B10408F44C
:103CB00056CB2BCCCF92DF92EF92FF920F931F93B4
:103CC000CF93DF931F921F92CDB7DEB7E090820EA5
:103CD000F090830E81E0E816F10409F04AC00E94DA
:103CE0009EA3882381F08091850E811106C00E94D9
:103CF000D8C8811102C010E025C083E090E00E9486
:103D00000E9E11E01FC00E94BEA3182F882351F100
:103D10000E94AEA3882311F180E00E942EB581E0BD
:103D20000E948DB184E090E09093830E8093820E88
:103D30001092810E1092800E10927F0E10927E0EC5
:103D400010927D0E812F0F900F90DF91CF911F91D8
:103D50000F91FF90EF90DF90CF90089581E00E9447
:103D60002EB5E0CF0E94F0A78111BDCF82E090E098
:103D7000C6CF82E0E816F10421F40E94D5A7811194
:103D8000B6CFC7010297029738F067E070E08EED7A
:103D900094E00E943FBDAFCF82E0E816F10429F421
:103DA0000E94FCA7182F8111D9CF8091D80E909135
:103DB000D90E8230910509F060C00E94A6B0009132
:103DC000B70E1091B80E2091B90E3091BA0E60174F
:103DD00071078207930768F48091D20E9091D30EF9
:103DE000009739F02091D00E3091D10E82179307B1
:103DF00020F084E08093061284CF60919F0E709132
:103E0000A00E8091A10E9091A20E00919B0E109198
:103E10009C0E20919D0E30919E0E600F711F821F8F
:103E2000931F0E94A0BF182F811107C066E070E0A9
:103E300085ED94E00E943FBD85CF8091D20E909198
:103E4000D30E01969093D30E8093D20E0E94C5C2DA
:103E5000882309F450CFBE016F5F7F4F8091D20E4F
:103E60009091D30E0E94DBD1882309F444CF89813D
:103E70009A810E94D916182F65CF089709F4B9CFF7
:103E800082E0E816F10409F0B4CF0E94A6B00091D8
:103E9000B70E1091B80E2091B90E3091BA0E60177E
:103EA00071078207930708F0A4CF68017901C61A49
:103EB000D70AE80AF90AB701A6014093AF0E50935A
:103EC000B00E6093B10E7093B20E0093AB0E1093D0
:103ED000AC0E2093AD0E3093AE0E1092A30E109246
:103EE000A40E1092A50E1092A60E0E9480A30E940E
:103EF0009DC8882309F4FFCE39CF2F923F924F926D
:103F00005F926F927F928F929F92AF92BF92CF9269
:103F1000DF92EF92FF920F931F93CF93DF93CDB772
:103F2000DEB7CA5AD1090FB6F894DEBF0FBECDBFB7
:103F30001C0181E00E942A10C956DF4F8883C759AF
:103F4000D040882309F427C18091EF03282F30E067
:103F50003093D10E2093D00E2114310421F5C9568F
:103F6000DF4F1882C759D040C956DF4F8881C759E3
:103F7000D040C655DF4F0FB6F894DEBF0FBECDBFA1
:103F8000DF91CF911F910F91FF90EF90DF90CF9035
:103F9000BF90AF909F908F907F906F905F904F9069
:103FA0003F902F90089522153305C8F20FEF020DB0
:103FB0000817A8F68091E1038093910E26E0029FF6
:103FC00020011124820108571F4EF201E957FF4ECC
:103FD000808190E0B0E0A0E0BA2FA92F982F882729
:103FE000F201EA57FF4E2081822BF801408150E018
:103FF00070E060E0BA0155274427442755276770D1
:104000007727842B952BA62BB72B80936A0390934D
:104010006B03A0936C03B0936D031092870E109204
:10402000860E65EA90E080E00E94C29D60E00E94FA
:10403000C29D60E40E94C29D60E00E94C29D6C012E
:104040007E01F1E4EF0EF11C5E0121E8A20EB11C2D
:1040500037014701C7010E94A6C4882309F47FCF16
:104060003FEFE31AF30AD4016C91C6010E94C29D8E
:104070006C01EA14FB0469F7CE0101960E94A6C404
:10408000882309F46CCF6981C6010E94C29D7C011E
:10409000CE0101960E94A6C4882309F460CF6981ED
:1040A000C7010E94C29D892B09F059CFF3014489B1
:1040B0005589CB56DF4F59834883C559D040F2010B
:1040C000E657FF4E8081F201E757FF4EC080D12CAA
:1040D000F12CE12CB5E0CC0CDD1CEE1CFF1CBA95DC
:1040E000D1F7D8018C90912CB12CA12C13E0B6946F
:1040F000A794979487941A95D1F7C828D928EA28C5
:10410000FB28882E912CB12CA12C0DE0880C991C39
:10411000AA1CBB1C0A95D1F78824B0EE9B22B7E0FD
:10412000AB22BB2487017601E828F9280A291B293C
:10413000C357DF4FE882F9820A831B83CD58D040F2
:10414000F201E557FF4E2081E4E02E9F90011124FB
:1041500090E066E0959587956A95E1F7282B392BD5
:10416000A8EEB3E00F94BA006093B30E7093B40E50
:104170008093B50E9093B60E6091D00E7091D10ED3
:104180009A01A301C1010E942011C956DF4F888303
:10419000C759D040E9CE1092EE030E946FA300E011
:1041A000FF24FA948091900E002331F091E0801763
:1041B00008F490E0802F891B8093910E10926A037F
:1041C00010926B0310926C0310926D03F092000238
:1041D0001092870E1092860E0E94C8C4882309F49C
:1041E00011C265EA90E080E00E94C29D6C01CE01A0
:1041F0008F579F4F0E94A6C4882309F403C2CE01A3
:104200008F5B9F4F0E94A6C4882309F4FBC1CE0197
:1042100001960E94A6C4882309F4F4C1CF57DF4F4A
:104220001881C158D040612FC6010E94C29D2296BC
:104230006FAD22970E94C29D69810E94C29D892B09
:1042400059F610FDC9CF153638F6112309F4DEC131
:104250001695612F70E07093D10E6093D00E2114EB
:10426000310409F4D3C16215730508F4CFC1F6E82F
:104270006F2EF0E17F2EC456DF4F1882CC59D0400C
:10428000C656DF4F19821882CA59D040442443943D
:10429000512CC356DF4F1882CD59D040C256DF4F44
:1042A0001882CE59D040C156DF4F1882CF59D04026
:1042B000C056DF4F1882C05AD0408091D00E9091E6
:1042C000D10E8415950508F4B1C1F12CE12C10E054
:1042D00000E09E0127573F4FAE014D565F4FBE0194
:1042E0006F5F7F4F80E00E94F7C4882309F48EC17E
:1042F0009E012F563F4F79018E010B571F4F2450BF
:104300003109AE014B565F4F70E060E085E00E94DE
:10431000F7C4882309F47AC18D899E89C856DF4F76
:1043200099838883C859D040CB56DF4F88819981C3
:10433000C559D040C856DF4FA881B981C859D0406F
:10434000A817B90709F062C1CF56DF4FE881F9819C
:10435000C159D040CF55DF4FF983E883C15AD040CF
:10436000CB57DF4F88819981AA81BB81C558D04046
:10437000CD55DF4F88839983AA83BB83C35AD0402E
:10438000CF57DF4F188219821A821B82C158D04042
:104390008091950390919603A0919703B091980313
:1043A000C955DF4F88839983AA83BB83C75AD040FE
:1043B000C856DF4F68817981C859D040CE01019637
:1043C0000E94A49D06E010E1F12CE12C812C912C9F
:1043D0005401D12CD8018D918D010E94AA9F880E85
:1043E000911CA11CB11CE80EF11CD394B0E8DB12A7
:1043F000F1CFFE01EF57FF4F6F019501840140E8B7
:1044000050E060E070E081E00E94BA9F182F88239E
:10441000D9F0C856DF4F28813981C859D040A90149
:1044200070E060E0CF55DF4FE880F980C15AD0409E
:10443000CD55DF4F088119812A813B81C35AD04075
:1044400080E00E94BA9F182FC955DF4F888199815B
:10445000AA81BB81C75AD04080939503909396035D
:10446000A0939703B0939803112309F4CFC0CF57BB
:10447000DF4F688179818A819B81C158D040685122
:104480007C4F8F4F9F4F20ED37E040E050E00F947E
:104490009000211594E039074105510508F0B9C095
:1044A000CF57DF4F288339834A835B83C158D0407D
:1044B000CF57DF4F288139814A815B81C158D04075
:1044C00093E34916510409F4A1C0C757DF4F888010
:1044D0009980AA80BB80C958D04081149104A8E07B
:1044E000AA06B10408F092C0C357DF4FC880D98034
:1044F000EA80FB80CD58D040C114D104B8E0EB066F
:10450000F10408F083C0C9012115E4E03E0710F072
:104510008FEF93E0D3018C9211969C9211976C2DA2
:10452000660F660F660F6A2912966C931297460102
:10453000570165E0B694A794979487946A95D1F74C
:1045400013968C921397682F6295660F660F607CA6
:10455000460157017DE0B694A794979487947A9585
:10456000D1F7682914966C9314979695879596952C
:10457000879515968C9342145304E9F580E4FE0167
:104580003196DE01AF5BBF4F01900D928A95E1F746
:10459000CB56DF4FE881F981C559D040C656DF4F71
:1045A000F983E883CA59D04044275527A8EEB3E0E1
:1045B0000F94C9006093B30E7093B40E8093B50E40
:1045C0009093B60EC456DF4F1883CC59D040C356D3
:1045D000DF4FC882CD59D040C256DF4FD882CE5966
:1045E000D040C156DF4FE882CF59D040C056DF4F90
:1045F000F882C05AD040FFEF4F1A5F0A26E0620EE1
:10460000711C5BCE0F5F003109F0CCCD1092B30F5F
:10461000ABCC8FEF93E0A0E0B0E0CF57DF4F8883C3
:104620009983AA83BB83C158D04042CFC456DF4F81
:104630003881CC59D040332349F34091B70E509183
:10464000B80E6091B90E7091BA0E4093EA03509380
:10465000EB036093EC037093ED034091960E509141
:10466000970E6091980E7091990E4093E6035093C7
:10467000E7036093E8037093E9034091920E509131
:10468000930E6091940E7091950E4093E2035093B7
:10469000E3036093E4037093E5039091910E90938C
:1046A000E1038093EF0381E08093E0038093EE03C6
:1046B0000E94C2D86091D00E7091D10EC356DF4FC8
:1046C000E880CD59D040C256DF4FF880CE59D04057
:1046D000C156DF4F0881CF59D040C056DF4F1881F7
:1046E000C05AD040C656DF4F28813981CA59D040C0
:1046F000AE014F5B5F4F46CD10926504109264048B
:104700001092A10FE7EBFCE013821282118210825B
:10471000EFE5F4E01182108210925E0410925D04C5
:104720001092590410925A0410925B0410925C0487
:104730001092AE0C1092AF0C1092B00C1092B10C03
:104740001092B20C1092B30C1092B40C1092B50CE3
:10475000109250041092510410925204109253047B
:1047600010926304109257041092B60C10926104D8
:10477000109258041092200410921F0410921E04EC
:104780001092AD0C1092AC0C10925604109255047D
:104790001092540410924F04089580915D04E82F04
:1047A000F0E0DF01AA0FBB1FA954B34F2D913C913C
:1047B000232B51F0E15AFB4F9081911105C091E0FC
:1047C0009083892780935D040895BF92CF92DF92F2
:1047D000EF92FF920F931F93CF93DF93B0905E04FD
:1047E000CB2DD0E0CE01815A9B4F6C01FC010081A2
:1047F00001110CC011E0812FDF91CF911F910F911A
:10480000FF90EF90DF90CF90BF9008950E9424B169
:10481000182F8111EFCFCC0FDD1FFE01E954F34FAC
:10482000E080F180C70101978115924070F589E120
:1048300092E1BB2011F086E090E1B7010E9460C0D8
:104840008E159F0511F58091590490915A04A091FD
:104850005B04B0915C048E0D9F1DA11DB11D809362
:10486000590490935A04A0935B04B0935C04C95418
:10487000D34F19821882F601108280915E0491E074
:10488000892780935E04102FB6CF8DE199E00E94B6
:10489000787AB1CFCF93DF9390915D04E92FF0E068
:1048A000DF01A15ABB4F2C91211133C029E132E124
:1048B000992311F026E030E1EE0FFF1FE954F34F8A
:1048C00040815181EA012196D183C083240F351F95
:1048D000F90180834091AE0C5091AF0C6091B00C07
:1048E0007091B10C4F5F5F4F6F4F7F4F4093AE0C95
:1048F0005093AF0C6093B00C7093B10C81E0C11574
:10490000D24021F48C93982790935D04DF91CF914E
:10491000089580E0FBCFFF920F931F93CF93DF9317
:104920001F921F92CDB7DEB7082FF92EBE016F5F21
:104930007F4F0E94EECE182F811113C040E150E04E
:104940006AE97CE081EA9FE00F9463021092B10F64
:10495000812F0F900F90DF91CF911F910F91FF90BA
:1049600008958A818F9389818F93FF920F938EE0B0
:1049700099E09F938F931F9280EA8F9389E194E14E
:104980009F938F930E94A16D01970FB6F894DEBF9D
:104990000FBECDBF8F399105D8F280E099E00E941B
:1049A000787A10E0D5CF80910C04811106C08091F7
:1049B0000B04811102C080910A040895AC0161E1E9
:1049C00070E081EA9FE00C948C6F181634F081EC53
:1049D00098E00E94DE2480E00895809314046091A2
:1049E0003C046093130490E00E94B58380913C04E2
:1049F00091E0892780933C0490933E0481E00895E0
:104A0000BF92CF92DF92EF92FF920F931F93CF93BB
:104A1000DF93B0901D04CB2DD0E0CE01855B9B4F82
:104A20006C01FC01008101110CC011E0812FDF91AC
:104A3000CF911F910F91FF90EF90DF90CF90BF909B
:104A400008950E9424B1182F8111EFCFCC0FDD1FE4
:104A5000FE01E554F34FE080F180C7010197811515
:104A6000924028F085EB98E00E94DE24DFCF89E1B8
:104A700092E1BB2011F086E090E1B7010E9460C096
:104A80008E159F0519F08AEA98E0EECF80914304D5
:104A900090914404A0914504B09146048E0D9F1D51
:104AA000A11DB11D8093430490934404A093450439
:104AB000B0934604C554D34F19821882F601108270
:104AC00080911D0491E0892780931D04102FAECFA3
:104AD000FF920F931F93CF93DF931F921F92CDB737
:104AE000DEB7082FF92EBE016F5F7F4F0E94EECE1A
:104AF000182F811122C08AE99CE0892B99F481EA60
:104B00009FE0009731F043E758E061E170E00E94D8
:104B1000786F812F0F900F90DF91CF911F910F91A0
:104B2000FF90089540E150E06AE97CE081EA9FE06F
:104B30000F9463021092B10FECCF89819A8120917A
:104B4000750F3091760F2530310501F59F938F93C6
:104B5000FF920F938BE998E09F938F931F9280EAC7
:104B60008F9389E194E19F938F930E94A16D0FB67B
:104B7000F894DEBF0FBECDBF01978F39910548F283
:104B80008EE798E00E94DE2410E0C3CF9F938F93BE
:104B9000FF920F938CE898E0DFCFDC019FB7F89489
:104BA00020910304309104044091010450910204C7
:104BB00080E04217530769F0F901F770EA56FB4F9E
:104BC00080818C932F5F3F4F309304042093030424
:104BD00081E09FBF08952F923F924F925F927F9204
:104BE0008F929F92AF92BF92CF92DF92EF92FF92FD
:104BF0000F931F93CF93DF931F921F92CDB7DEB712
:104C000022E0E22EF12C77247394CC24C394D12C8F
:104C1000E0914204F0E0E55BFB4F00810111CBC065
:104C200080913E04882391F08091140490911304A4
:104C3000911101C081950E94D90E811110923E04FC
:104C400080913E04882321F301E0B5C00E94D32463
:104C5000082F882309F400C180913D048823A1F323
:104C600080910C04882321F180904704909048049F
:104C7000A0904904B0904A04809112048823B1F0B6
:104C800081E00E94D90E882371F080920D049092E9
:104C90000E04A0920F04B0921004709211041092AE
:104CA0000C0470920B040E94D324CCCF8FEFE9CF79
:104CB00000910B04002371F080E00E94D90E88233C
:104CC00091F310920B0480910804882361F30E94F1
:104CD000BA0EE9CF80910A04882309F4B5CF109168
:104CE0000904812F111614F08FE7810F909112049F
:104CF000911101C0819590911104992309F4A7C0E5
:104D000080900D0490900E04A0900F04B0901004B9
:104D10008983409115045091160460911704709195
:104D200018042091BB0C3091BC0C2115310589F081
:104D300084169506A606B70660F01A012B01220E0E
:104D4000331E411C511C82149304A404B50408F4BE
:104D500047C04091190450911A0460911B0470914E
:104D60001C042091BD0C3091BE0C2115310591F031
:104D700084169506A606B70668F01A012B01220EC6
:104D8000331E411C511C26E030E182149304A4041C
:104D9000B50440F18091430490914404A0914504EE
:104DA000B091460488169906AA06BB0668F187EDFD
:104DB00098E00E94DE24802F0F900F90DF91CF911A
:104DC0001F910F91FF90EF90DF90CF90BF90AF9029
:104DD0009F908F907F905F904F903F902F9008957D
:104DE00029E132E1841A950AA60AB70A820E931EB7
:104DF000F401808310920A0411160CF068CF7092AF
:104E00000B04709208044FCF0E9424B1082F811127
:104E10004ACFC501B4010E94A0BF811103C08BEC31
:104E200098E0C7CF61E070E0CE0101960E9460C0BB
:104E30000197A9F76091430470914404809145045F
:104E4000909146040E94A0BF8111D4CFE8CF0E9468
:104E5000D90E8111CFCF27CF80913F04882341F015
:104E600010923F040E94E524882309F4A4CFD0CEF9
:104E7000CE0102960E94CD25882309F4E5CE20912B
:104E80004004309141048A812130310581F410922F
:104E900041041092400490EF980F903718F086EF7D
:104EA00098E087CF0E94E5248823C9F3B1CE223051
:104EB000310591F4109241041092400490913D0408
:104EC000992311F08F3F1CF482EE98E072CF80930B
:104ED000090470920A049CCE813029F4D0924104D6
:104EE000C092400495CE8230D9F580913D04811165
:104EF0002DC08091980F8823C1F010923904109230
:104F00003804109237040E94FBA98091280487304E
:104F100061F00E947682109227041092260410926B
:104F20002504109224041092230470923D04809171
:104F30003C04809312041092110410920C041092FD
:104F40000B0410920A041092080462CE809111049E
:104F5000811103C070920C045BCE70920B0458CE8A
:104F6000833029F4F0924104E092400451CE282F7E
:104F700030E094E0359527959A95E1F7182F1F704A
:104F80002115310519F48CEE98E013CF822F0E9481
:104F9000E524882309F40FCF112309F439CE1093A7
:104FA0003F0436CE4FB7F8942091030430910404A7
:104FB00080910104909102044FBF821B930B0895CE
:104FC000CF9380916204813069F5CFB7F8948091D6
:104FD00004018E7F80930401809105018E7F809370
:104FE00005018091030181708093BC038091BC0313
:104FF00080933B041092070410920604109205045B
:105000001092000490E080E00E945B0F82E08093A9
:1050100062040E94FFAE81E00E947BB2CFBF81E0BC
:10502000CF91089580E0FCCF0E94D9AEE3E7F0E095
:1050300080818D7F8083109221011092200182E077
:105040008ABB80E00C947BB2CF93DF93DFB7F894F8
:105050000E94D9AED19B0FC00E94B20FC82F811100
:105060000AC00E94142884E080936204DFBF8C2F62
:10507000DF91CF91089580912401909125011092A4
:105080002101909307048093060483E080936204D7
:1050900080E00E947BB2C1E0E9CF1F920F920FB671
:1050A0000F9211240BB60F922F933F934F935F9360
:1050B0006F937F938F939F93AF93BF93EF93FF93E0
:1050C00080916204823061F40E94A30F8823D9F09A
:1050D00082E00E94830F8823B1F081E08093050471
:1050E000FF91EF91BF91AF919F918F917F916F91C0
:1050F0005F914F913F912F910F900BBE0F900FBE7C
:105100000F901F9018950E94142884E080936204E9
:10511000E7CFCF93CFB7F8940E94142810920504DC
:105120001092000410926204CFBFCF910895CF93E4
:10513000CFB7F8940E94142810920404109203042C
:1051400010920204109201041092070410920604B7
:105150008CE991E390932B0280932A0282E0809362
:10516000290210923A041092BC0310923B04109250
:1051700005041092000410926204CFBFCF910895ED
:105180000E9497281092A00F10929F0F1092760FF6
:105190001092750F109219141092A10FEBEBFCE016
:1051A0001182108213821282EBE4F4E010821182E9
:1051B0001092420410921D04E5E1F4E01082118285
:1051C000128213821482158216821782109243046F
:1051D0001092440410924504109246041092470421
:1051E000109248041092490410924A04109241040B
:1051F0001092400410923F0410923C0410923E041E
:10520000109214041092130410923D041092120490
:105210001092110410920D0410920E0410920F04BB
:105220001092100410920C0410920B0410920A04B5
:1052300010920904109208040895CF93DF93EC01B3
:10524000D19910C080912401909125019983888380
:10525000109225011092240182E08ABB81E0DF9147
:10526000CF9108950E94B20F8823C9F3EBCFCF935B
:1052700020910504C0913A04222309F441C0CC23B3
:1052800059F0029696958795969587958038910561
:1052900070F080E0CF910895C2968436910530F089
:1052A00084569109CF5FC038C1F7F3CF8C2F40915E
:1052B0000104509102042091030430910404241B42
:1052C000350B2150384F2230310518F3209101045D
:1052D00030910204F901F770EA56FB4F93E0908396
:1052E000F9013196F770EA56FB4F80832E5F3F4FEE
:1052F00030930204209301041092050481E0CACF88
:10530000CC23F1F10296969587959695879500970F
:10531000A1F18038910508F0BCCFC82FC03108F446
:1053200050C00E94A30F882309F4B3CF4091010419
:10533000509102042091030430910404241B350B86
:105340002150384F2230310508F4A3CF20910104B9
:1053500030910204F901F770EA56FB4F91E0908317
:10536000F9013196F770EA56FB4FC0832E5F3F4F2D
:1053700030930204209301048DCF81E090E0CDCFE3
:10538000C2968436910530F084569109CF5FC038BB
:10539000C1F77FCFC111C2CF80910004C1E081115C
:1053A00003C0C0930004AACF20E1829FC001112452
:1053B0008C2B0E94830F882309F46BCF109200047A
:1053C00069CF80910004EBCF1F93CF93DF931FB77A
:1053D000F894C0910301C1708091BC038C1731F126
:1053E00080910604909107040E943729D82F8111DB
:1053F0000BC00E94142884E0809362041FBF8D2F8D
:10540000DF91CF911F910895C093BC0310920504C2
:1054100090E080E00E945B0F82E0809362040E9433
:10542000FFAE81E00E947BB2D1E0E8CF809106041C
:1054300090910704EFCF1F93CF93DF931F921F929A
:10544000CDB7DEB71A8219821FB7F8948091620433
:10545000823021F080916204833021F50E94D9AE20
:1054600080916204823029F5CE0101960E941D29A7
:1054700010922101909173009D7F9093730092E0B0
:105480009ABB8823F1F089819A810E943729882369
:10549000C1F00E94A30F8823A1F01092620480E063
:1054A0000E947BB21FBF0F900F90DF91CF911F9191
:1054B000089580910604909107049A83898381E07E
:1054C000D7CF84E080936204EACF2F923F924F922D
:1054D0005F926F927F928F929F92AF92BF92CF9284
:1054E000DF92EF92FF920F931F93CF93DF931F9260
:1054F0001F92CDB7DEB718160CF05CC060914F0458
:1055000090E00E941BAA382E80914F0491E08927D9
:1055100080934F04311018C033243394832D0F909F
:105520000F90DF91CF911F910F91FF90EF90DF903F
:10553000CF90BF90AF909F908F907F906F905F9033
:105540004F903F902F90089597E2492E512C2CE2D6
:10555000622E712C39E3832E912C0091B914109195
:10556000BA1401151105D1F28091BB144091BC14FD
:105570005091BD146091BE147091BF14A090C414DA
:10558000B090C5141092BA141092B91401301105DC
:1055900009F07FC1C0904D04D0904E0400912104C9
:1055A00010912204E090DE14F090DF148091B60C8C
:1055B000882311F0312CB2CF809120048111FACFD1
:1055C00069E172E1672B09F476C0C114D10409F4D2
:1055D00072C0D60158962C90B1E02B126CC0BE015F
:1055E0006F5F7F4FC6010E9498AD882309F463C0A6
:1055F00080E8F601A9E1B2E101900D928A95E1F708
:1056000020921912F6017A9686E0ABE2B2E101909F
:105610000D928A95E1F7E1E3F2E188E6DF011D9260
:105620008A95E9F789819A8190931F0480931E04DB
:10563000019787309105C8F190E080E09093AD0C20
:105640008093AC0C89E1C82E82E1D82EC6010E945D
:10565000DD88882309F4AECFD60152968D919C91B6
:10566000B0E0A0E08093B20C9093B30CA093B40C84
:10567000B093B50C80589F4FAF4FBF4F80935004ED
:1056800090935104A0935204B093530481E080930B
:10569000B60CC6010E944E806091B20C7091B30CA2
:1056A0008091B40C9091B50C15C08D5F9C4FFC019E
:1056B000808190E0C3CFC6010E94C1AD882369F00C
:1056C00081E080932004C6010E944E806AE570E06C
:1056D00080E090E00E941BAD40CF0115110509F458
:1056E000D4C0E114F10409F04DC0C80188579109F4
:1056F0000837110538F488E790E0801B910B0933D7
:10570000110528F1A8014953510998012C5231097A
:105710000752110970E4A71A7FE1B70AA9E8AA168F
:10572000A3E1BA0650F40217130738F4041715075B
:1057300020F40817190708F4AAC048175907C0F43D
:105740002417350708F4B7C191E080E080C0A401B8
:10575000401B510B0C321105C0F69301201B310B7D
:1057600007321105A8F6B201601B710B8B01D2CF75
:105770002817390708F089C02417350708F085C0B5
:1057800092E0E3CFA801485751090837110520F4EA
:1057900048E750E0401B510BC7018B5E9109BBEEFF
:1057A000EB16F10420F48BEE90E08E199F09480F60
:1057B000591FC801C9970933110518F4C401801B8A
:1057C000910B970125573109E5E7EE16F10420F416
:1057D00025E730E02E193F09280F391FC8018C97A3
:1057E0000C32110518F4C301801B910BB7016855E9
:1057F0007109F8E5EF16F10420F468E570E06E1920
:105800007F09860F971F0732110550F107521109C2
:105810007FE4E716F10448F1AFE4EA1AF1080E0D4F
:105820001F1D0817190730F40217130718F404177F
:10583000150768F124173507F0F48217930708F469
:105840003FC191E080E00217130708F490E09093C5
:10585000AC0C8093AD0CC114D10409F4ABCEF6CEE0
:10586000B201601B710B8B01D3CFEFE4F0E0EE19B6
:10587000FF097F01D4CF8417950738F48217930767
:1058800020F40817190708F07BCF90E05ECF98E06E
:105890005CCF0230110539F590912004992359F01D
:1058A0004A3551056105710508F084CE475E5D4EAD
:1058B000FA01808352CE9091B60C992309F47ACEE6
:1058C0000091B20C1091B30C2091B40C3091B50C36
:1058D000401751076207730708F06CCE0E944A24F4
:1058E00081113BCE67CE0330110509F0C5C0809110
:1058F0002004882309F498C066E070E1672B09F45E
:1059000088C000914D0410914E04C8010E94C1ADA1
:10591000882309F47EC089E192E1009709F479C0F7
:10592000BE016F5F7F4F0E9468AD882309F471C08C
:1059300080E8F801A6E0B0E101900D928A95E1F7C8
:1059400080916512809306108DE0E6E6F2E1A8E111
:10595000B0E101900D928A95E1F7109225108981AE
:105960009A8190931F0480931E04019787309105BC
:1059700008F454C090E080E09093AD0C8093AC0CA0
:105980001092BA0C1092B90C1092B80C1092B70C7D
:105990001092600410925F0410925E0410925D04F5
:1059A0001092590410925A0410925B0410925C04F5
:1059B0001092AE0C1092AF0C1092B00C1092B10C71
:1059C00086E090E10E94DD88882309F4F3CD809180
:1059D000181090911910B0E0A0E08093B20C909351
:1059E000B30CA093B40CB093B50C80589F4FAF4F3D
:1059F000BF4F8093500490935104A0935204B093EE
:105A0000530481E08093B60C1092200486E090E16C
:105A100041CE8DE499E00E94787ACCCD8D5F9C4F89
:105A2000DC018C9190E0A8CF8091B60C8823A9F07E
:105A30004091AE0C5091AF0C6091B00C7091B10CD4
:105A40008091500490915104A0915204B09153045C
:105A5000481759076A077B0719F010925704AACD17
:105A600081E0809357040E941B2A0E94CD2310934B
:105A700065040093640471CD0430110509F06DCD07
:105A800080912004882319F081E499E0C4CF8091AB
:105A90005804882319F084E399E0BDCF80911E0457
:105AA00090911F04892B21F481E08093610455CDEE
:105AB00087E299E0B0CF2817390708F0E6CE60CE2C
:105AC0008417950708F4DDCEE0CE9093AD03809364
:105AD000AC031092AB031092AA036093A50340930A
:105AE0001F026093A90380E88093270281E090E081
:105AF00090931E0280931D028AE496E0611102C019
:105B000080EC9FE09093A4038093A3030895809179
:105B1000A90390912702892329F080919F039091F6
:105B2000A00308958091A1039091A2030895009786
:105B300011F481E090E020919A0030919B00820F57
:105B4000931F90939B0080939A0008958091B203D5
:105B50009091B303892BB9F08091B2039091B30374
:105B600001979093B3038093B203809121029091A7
:105B700022029093AF038093AE0380E69AEE0E94D8
:105B8000972D81E008958091B0039091B103892B06
:105B9000D1F08091B0039091B1031092B1031092B3
:105BA000B00380322EE4920749F42091250230910F
:105BB00026023093AF032093AE03E1CF209123025E
:105BC00030912402F6CF1092AF031092AE0380E022
:105BD0000895809171008A7F8093710010929000E7
:105BE0001092910085E088BB80911812833011F4E7
:105BF0001092181280E00C947BB2CF93C82F0E94B1
:105C0000E92D80E00E948DB11092B603C093BB03D2
:105C1000CF9108950F931F934091FC035091FD0382
:105C20006091FE037091FF03B0E0A0E08A019B0148
:105C30000095109520953095081719072A073B07FE
:105C400070F48FEF9FEFDC018093FC039093FD03D2
:105C5000A093FE03B093FF031F910F910895840F4B
:105C6000951FA61FB71FF0CF8091FC0E9091FD0EDF
:105C70000E9458AE81110C94981090E080E0089535
:105C80001092C2031092C3031092C4031092C50372
:105C90001092BD031092BE031092BF031092C00376
:105CA0001092C10308951F93CF93DF93182F809113
:105CB000FC0E9091FD0E0E9458AE882309F447C057
:105CC0000E949810EC01892B09F441C08091F20EDA
:105CD0009091F30E8C179D0751F10E947C120E9447
:105CE000402ED093F30EC093F20ED0934F02C09388
:105CF0004E028091B30E9091B40EA091B50EB0916A
:105D0000B60E8093EC0E9093ED0EA093EE0EB09332
:105D1000EF0E1123E1F09FB7F894809106129FBF18
:105D20008230A9F4DF91CF911F910C9434138091AC
:105D3000B30E9091B40EA091B50EB091B60E8093B3
:105D4000EC0E9093ED0EA093EE0EB093EF0EDF915C
:105D5000CF911F910895CF93DF93C091FC0ED09106
:105D6000FD0EC630D105B1F40E9467AF049721F053
:105D700080E0DF91CF9108950E9471B50E941D13BC
:105D800081E08093EB0E81E090E09093F10E8093A0
:105D9000F00EEFCFCE010E9463AE882399F09FB73B
:105DA000F894809106129FBF843011F78091FC0E09
:105DB0009091FD0E0E9458AE882301F380E00E946E
:105DC000532EDCCF279729F40E94C30F049781F646
:105DD000D5CF9FB7F89480916B0E9FBF843041F66A
:105DE000CDCF2F923F924F925F926F927F928F9280
:105DF000AF92BF92CF92DF92EF92FF920F931F93D9
:105E0000CF93DF9300D000D000D01F92CDB7DEB784
:105E10009A8789870E94C37CA985BA8511969C932D
:105E20008E9389E194E113969C938E9312978091BF
:105E3000720F9091730F15969C938E931497809187
:105E4000690F16968C9316978091670F9091680F43
:105E500018969C938E9317978091650F9091660F7B
:105E60001A969C938E93199780916F0F1B968C9323
:105E70001B978091FE0E1C968C931C978091FF0EB1
:105E80001D968C931D978091700F9091710F1F96A6
:105E90009C938E931E978AED9EE051969C938E93D1
:105EA00050978091C103811143C00091C2031091AA
:105EB000C3032091C4033091C503E985FA85028BA1
:105EC000138B248B358B8091EC0E9091ED0EA0916D
:105ED000EE0EB091EF0E868B978BA08FB18F009155
:105EE000FC0E1091FD0EC8010E9463AEF82E8823AF
:105EF00009F49BC08091B60F882309F496C0809165
:105F0000820E9091830E8430910509F491C003971D
:105F100009F05FC00E949EA38823B1F18091BD0F5C
:105F20009091BE0F079709F086C08BE090E033C0D8
:105F30000E9430DC0091BD031091BE032091BF038D
:105F40003091C003DC01CB01801B910BA20BB30B82
:105F50000091C2031091C3032091C4033091C50383
:105F600068017901C094D094E094F094C816D906E1
:105F7000EA06FB0628F0080F191F2A1F3B1F9DCFBA
:105F80000FEF1FEF980199CF0E94A9A4882309F46D
:105F900055C089E090E0A985BA855C969C938E9364
:105FA0005B972091720F3091730FA90144505109F2
:105FB0004230510508F448C02730310509F444C087
:105FC000009729F0069721E0069708F03EC020E0F0
:105FD0003CC00E94F0A7811131C00E94A9A4811188
:105FE00030C0E091BD0FF091BE0F3197E730F10561
:105FF000E0F48827E150F04D8F4F0D94B200093046
:1060000006300C300F3012301B30952F82E090E0BC
:10601000C2CF81E090E0BFCF83E090E0BCCF84E0CE
:1060200090E0B9CF85E090E0B6CF90E080E0B3CFCC
:106030008CE090E0B0CF8AE090E0ADCF87E090E0D8
:10604000AACF88E090E0A7CF21E0E985FA85228FEA
:10605000C8010497029708F0D4C0C0905F0ED0909A
:10606000600EE090610EF090620E0E94AFA8409129
:106070005B0E50915C0E60915D0E70915E0EB0E013
:10608000A0E0481759076A077B0708F496C09A01F1
:10609000AB01281B390B4A0B5B0BC114D104E10483
:1060A000F10409F08EC020E0A985BA855D962C9395
:1060B0000091FC0E1091FD0EC8010497029708F0A4
:1060C00058C20E94AFA88115B8E09B0708F412C21D
:1060D00020E0A985BA855E962C935E9780916B0F20
:1060E0005F968C938091FC0E9091FD0E0E9458AEAD
:1060F000182F8091F40E112349F08091D80E9091C1
:10610000D90E029709F0DDC28091CD0EE985FA859E
:1061100080A380916C0F81A30E94342EA985BA853B
:1061200093969C938E9392970E948010E985FA85AE
:1061300095A384A3112309F4C6C28091D80E90912F
:10614000D90E0E9458AE882309F4BDC28BEB9EE0A5
:10615000A985BA8597969C938E9396978091F50E14
:106160009091F60E112369F08091D80E9091D90E7E
:106170000E9458AE882309F4A9C28091CE0E909156
:10618000CF0EE985FA8591A780A72A960FB6F894D5
:10619000DEBF0FBECDBFDF91CF911F910F91FF905A
:1061A000EF90DF90CF90BF90AF908F907F906F90E7
:1061B0005F904F903F902F90089520E030E0A9012C
:1061C0006CCF2C153D054E055F0510F024E66CCF15
:1061D000A4E6B0E00F94C900970186013695279593
:1061E00017950795600F711F821F931FA7019601D6
:1061F0000F949000253631054105510508F454CF20
:10620000E5CFFF2009F41BC18091B60F882309F464
:106210004ACF8091820E9091830E0497B9F4E09159
:10622000C30FF091C40F309709F43DCF2091EC0FCC
:106230003091ED0F4091EE0F5091EF0FA4E6B0E0DA
:106240000F94C9009F0150E040E0D2CF8FB7F8947F
:106250000091820E1091830E20918303309184036C
:106260003E832D832090810330908203B09094036D
:1062700040917F035091800358874F83A0907E0305
:1062800080907D038FBF40E850E060E070E081E0E7
:1062900090E00E94461369837A838B839C830E94DB
:1062A000F0A7811104C00E949EA38823C1F04091F1
:1062B0009B0E50919C0E60919D0E70919E0E83E0FE
:1062C00090E00E94461349805A806B807C80460E85
:1062D000571E681E791EC12CD12C760132C00E9437
:1062E000BEA3811157C08091B60F4091C10F50914C
:1062F000C20F811102C050E040E070E060E082E037
:1063000090E00E9446136B017C0149805A806B80AB
:106310007C804C0C5D1C6E1C7F1C0E94A9A48823F1
:1063200081F040919B0E50919C0E60919D0E70915A
:106330009E0E83E090E00E944613460E571E681E94
:10634000791E411451046104710409F4ACCE01308A
:10635000110529F50B2D10E030E020E070E8C72E84
:10636000D12CE12CF12CA1016D817E8181E090E0A6
:106370000E94AA139201A30164157505860597056D
:1063800010F49B01AC01A4E6B0E00F94C900A30196
:1063900092012ECF49805A806B807C809CCF023046
:1063A000110509F58F8198858C0130E020E08091FE
:1063B000B60FC090C10FD090C20F811102C0D12C76
:1063C000C12CF12CE12CA1016D817E8182E090E055
:1063D0000E94AA1329813A814B815C81620F731F4D
:1063E000841F951FC7CF03301105F9F489819A8165
:1063F000AB81BC818C0D9D1DAE1DBF1D89839A8311
:10640000AB83BC83C0909B0ED0909C0EE0909D0E01
:10641000F0909E0EAF81B8858D0130E020E0A101A3
:106420006D817E8183E090E0D3CF9201A301012BA7
:1064300009F0A9CF20E030E040E050E0A4CF0730E1
:10644000110509F030CE0E94C30F049709F4BECEA7
:106450008091F2039091F303A091F403B091F503BE
:10646000892B8A2B8B2B09F41ECE8FB7F8942091A1
:10647000FC033091FD034091FE035091FF038FBF59
:10648000C090F203D090F303E090F403F090F50392
:106490002C153D054E055F0558F569E2C6166CE5FD
:1064A000D6066FE8E60662E0F606A0F05695479538
:1064B00037952795D701C601B695A79597958795E6
:1064C000E1E0CE22DD24EE24FF24C80ED91EEA1E10
:1064D000FB1EE3CFA4E6B0E00F94C900A70196012C
:1064E0000F949000243631054105510508F4DCCDA8
:1064F00023E6DACDAC0170E060E040905B0E509096
:106500005C0E60905D0E70905E0E44165506660639
:10651000770608F4DDCD441A550A660A770AC0905A
:106520005F0ED090600EE090610EF090620E4C1401
:106530005D046E047F0410F024E6CBCD9C01A4E63C
:10654000B0E00F94BA00A701960124193509460955
:1065500057092115E8E03E074105510508F067C0DD
:106560000F949000253631054105510508F4B1CD51
:10657000E3CFC8010E9463AE882309F45DC0809117
:10658000820E9091830E9C012150310923303105F8
:1065900098F6019721F40E94BEA38111CDCF80917E
:1065A000AF0E9091B00EA091B10EB091B20E892BAA
:1065B0008A2B8B2B09F20E948EA38115F8E09F078E
:1065C00008F086CDAC0170E060E04090A30E5090E2
:1065D000A40E6090A50E7090A60E44165506660691
:1065E000770608F475CD441A550A660A770AC090F2
:1065F000AF0ED090B00EE090B10EF090B20E4C14F1
:106600005D046E047F0408F097CF9C01A4E6B0E01F
:106610000F94BA00A70196012419350946095709B4
:106620002115A8E03A074105510508F499CF2FEF4D
:1066300037E040E050E094CF0730110571F50E943B
:10664000D90F4FB7F8943091B5032091B4034FBFE1
:10665000332329F0211103C0009709F439CD8115A6
:10666000B8E09B0708F034CD6091FA037091FB030A
:106670006C01F12CE12CC60ED71EE11CF11CC114DB
:10668000D104E104F10409F457CF9C01A4E6B0E081
:106690000F94BA00A70196015CCF0630110509F0EE
:1066A00017CD80913402811147CF0E9436799C0129
:1066B000A4E6B0E00F94BA0028EF3FE340E050E0DA
:1066C0004FCF80E023CD83E693E042CD8091D40E7E
:1066D0009091D50E56CD1092FE0E1092FF0E089599
:1066E000CF93DF938091F00E9091F10E039791F488
:1066F000C091FC0ED091FD0EC630D10509F05FC0EF
:106700000E9467AF039781F00E9467AF0E94191043
:106710000E94C21283E090E09093710F8093700FFB
:1067200080E0DF91CF91089520918B0330918C030D
:1067300080918703909188034091890350918A0347
:10674000840F951F40918D0350918E0384179507F8
:1067500020F0841B950B2F5F3F4F9093880380930D
:1067600087032150310930939900209398000E94AB
:1067700010B58091FC0E9091FD0E0E9458AE8823BA
:1067800019F080E00E94532E0E94341382E090E0C2
:106790009093F10E8093F00E81E090E09093710F52
:1067A0008093700F0E946B3310926E0F8091650F73
:1067B0009091660F892B09F47FC081E0B2CFCE01A2
:1067C0000E9463AE882349F00E9402168111D1CF46
:1067D00087E092E10E94E8129DCF2797B1F5909152
:1067E000BB039330A9F7CFB7F894809171008A7FEB
:1067F0008093710010929000109291001092950079
:106800001092940085E088BB82E08093BB03909354
:1068100018129091B60381E0983009F480E00E944C
:106820007BB281E0809391008091F0039091F1031D
:106830000E94CA0F1092F1031092F0038091710030
:10684000846080937100CFBF94CF80916B0E8330B2
:1068500009F0BECFDFB7F894109295001092940023
:1068600010929000C1E0C093910084E088BB82E068
:1068700080936B0E81E00E947BB28091630E9091B9
:10688000640E9093680E8093670E1092640E1092BF
:10689000630EC09318128091650E9091660E0E944F
:1068A000CA0F1092660E1092650E8091710084607E
:1068B00080937100DFBFC8CF0E94A810882309F41D
:1068C0007CCF91E090936E0F2CCFCF93DF9380918C
:1068D000F00E9091F10E0297A9F40E94AB2E811157
:1068E0005FC0C091FC0ED091FD0EC630D105F1F411
:1068F0000E9467AF029781F00E9467AF0E94191053
:106900000E94C21283E090E09093710F8093700F09
:1069100080E0DF91CF91089580E00E945DB58FB750
:10692000F89493E090938F038FBF20C0CE010E9414
:1069300063AE882309F489C080910612823009F081
:106940007FC080917C0E882321F083E08093061223
:106950000DC08091810E8823B1F10E945A1E8823B8
:1069600009F46EC080910612843079F78091FC0E94
:106970009091FD0E0E9458AE882319F080E00E948D
:10698000532E8091F00E9091F10E029709F4AAC057
:106990000E947C1283E090E09093F10E8093F00EC1
:1069A0008091F00E9091F10E019709F0A0C0109225
:1069B000710F1092700F10926F0F10926D0F0E9456
:1069C0006B3381E0A6CF8091820E9091830E049765
:1069D00009F4BBCF9FB7F894409194005091950073
:1069E00081E020914A0230914B024217530708F48C
:1069F00080E08093740E8091900085FB882780F959
:106A00008093750E809171008A7F809371008091D0
:106A10009100887F80939100809190008F7C80937B
:106A2000900085E088BB81E08093790E83E08093BD
:106A300006129FBF80E00E948DB10E942BB596CFB9
:106A400087E092E10E94E8125DCF279701F58091DF
:106A5000BB038230A9F7CFB7F89480919A00909148
:106A60009B002091940030919500C29903C0821B35
:106A7000930B11F481E090E09093F1038093F00385
:106A80000E94E92D83E08093BB03CFBF4ECF80915E
:106A90006B0E8230A9F6CFB7F89480919A0090914E
:106AA0009B002091940030919500C29903C0821BF5
:106AB000930B11F481E090E09093660E8093650E45
:106AC0008091670E9091680E9093640E8093630E90
:106AD0001092680E1092670E0E9444B383E0809378
:106AE0006B0ED3CF0E94AB2E81115ACF51CF82E0D3
:106AF00090E09093710F8093700F63CF10926B0FA3
:106B00008091720F9091730F8130910529F40E944A
:106B1000C7ED80936B0F08950297E9F70E94D7EDB8
:106B2000F8CF2F923F924F925F926F927F928F9207
:106B30009F92AF92BF92CF92DF92EF92FF920F930C
:106B40001F93CF93DF93CDB7DEB763970FB6F8945B
:106B5000DEBF0FBECDBF7C018B012091820E309134
:106B6000830E3B8B2A8B690132E0C31AD108B090A7
:106B7000AF0EA090B00E7090B10E6090B20E8091EA
:106B80007C038B8720907203309073032A893B89A2
:106B9000215031093D872C878A899B89039709F405
:106BA00049C080910A02282F30E03A8729878091D6
:106BB0000B02282F30E038872F8380910C02282F7A
:106BC00030E03E832D8380910D02282F30E03C83FE
:106BD0002B8380910E02282F30E03A832983309155
:106BE0000F02388B80911002898B909111029E8741
:106BF000209112022F8795E0492E512CE0918303BA
:106C0000F0918403EE30F10508F0B8C28827E45F04
:106C1000F94C8F4F0D94B2001F36393666368836E0
:106C20009C36C53620377037B437DA37F3370F382C
:106C30005738913882E090E09A878987B8CF8A895F
:106C40009B898130910579F0039781F49CE785E178
:106C5000909381038093820321E030E0309384039A
:106C600020938303CBCF9E858F85F2CF9889898926
:106C7000EFCF8091810390918203892BB1F48A89AF
:106C80009B898130910559F0039761F494E180E08C
:106C9000909381038093820322E030E0DFCF9981DB
:106CA0008A81F6CF9B818C81F3CF970140E070E021
:106CB00060E080E00E94519E809181039091820368
:106CC00001979093820380938103EEC080918103AA
:106CD00090918203892BB1F48A899B898130910537
:106CE00059F0039761F494E180E0909381038093DD
:106CF000820323E030E0B2CF9D818E81F6CF9F8169
:106D00008885F3CF970140E061E070E081E0D2CF69
:106D10008091810390918203892B49F489859A851A
:106D2000909382038093810324E030E097CF970112
:106D300040E061E070E0BDCF8091810390918203DB
:106D4000892B01F78A899B89019741F030E092E015
:106D5000C916D10420F49501C30104C030E820E035
:106D600090E080E030937703209378039093790349
:106D700080937A03109276031092750310927D032C
:106D8000509284034092830339CF4091770350910E
:106D900078036091790370917A034115510561057B
:106DA000710529F410927D0328E030E057CF8A89DD
:106DB0009B89019711F58091940387FD3AC0E0917A
:106DC000940381E08E0F80939403F0E0EA5FFF4E1E
:106DD0008081809374034150510961097109409386
:106DE0007703509378036093790370937A0388E074
:106DF00080937E0326E030E031CF92E0C916D104C3
:106E0000C0F480917F0390918003209170033091B2
:106E100071038217930769F0FC01F770EA56FB4F84
:106E200020812093740301969093800380937F03C5
:106E3000D2CF65E070E08EE095E00E9430BDC4C125
:106E400080917E03811107C087E090E090938403D6
:106E500080938303D3CE40917403942F991F992775
:106E6000991F998346FB442740F9823008F441E09A
:106E7000970162E070E089810E94519E298122235E
:106E800049F0809175039091760301969093760373
:106E90008093750380917403880F809374038091AD
:106EA0007E03815080937E0399249394892D639669
:106EB0000FB6F894DEBF0FBECDBFDF91CF911F910B
:106EC0000F91FF90EF90DF90CF90BF90AF909F9089
:106ED0008F907F906F905F904F903F902F9008958C
:106EE0008091770390917803A0917903B0917A0310
:106EF00040917603892B8A2B8B2B89F08091820E0F
:106F00009091830E81309105D1F48091940387FD97
:106F100029C0E0919403F0E0EA5FFF4E4081441FF6
:106F20004427441F970162E070E081E00E94519E77
:106F300085E090E09093840380938303B5CF02971C
:106F4000029780F480917F039091800320917003D9
:106F5000309171038217930729F09770FC01EA566C
:106F6000FB4FDCCF40E0DECF80917D03823080F0AC
:106F70000E94B5A4882349F082E690E090938203B2
:106F8000809381038BE090E061CF82E090E0F6CFC8
:106F90009091750320917603811101C0922F9093F7
:106FA00074038F5F80937D0388E080937E0329E0E4
:106FB00030E054CE90917E03911103C08AE090E0BE
:106FC00045CF40917403842F881F8827881F46FB74
:106FD000442740F9923008F441E0970162E070E004
:106FE0000E94519E57CF80917D03823098F440914A
:106FF000750350917603440F452F441F550B51954F
:107000004170970162E070E081E00E94519E88E04B
:1070100090E090CF0E94B5A441E04827F2CF809045
:107020008103909082038114910471F59B859923CB
:1070300019F12114310401F18091720E81111CC0EB
:107040002C853D8522303105B8F481E08093720EA5
:1070500030928203209281032CE030E0309384034D
:10706000209383032A893B892130310541F4109212
:1070700094038093700EC2CD8DE090E0E7CE109225
:10708000700E8093710EBACD0E94B5A4882329F0AA
:10709000970140E062E070E00CCE41E092E089169A
:1070A000910408F440E0970162E070E02FCE8091F7
:1070B000810390918203892B09F0F7CD2A893B89BE
:1070C0002230310559F49090700E911010C065E097
:1070D00070E083E095E00E9430BDE8CE8A899B890C
:1070E000019741F030E091E0C916D10421F49501F7
:1070F000C30104C030E820E090E080E030937703E3
:10710000209378039093790380937A031092760307
:107110001092750310927D031092740310927E03F7
:107120002FCE8091820E9091830E8230910559F579
:107130000E94FCA7982E882311F081E043C0809123
:10714000D80E9091D90E0897A9F04091AB0E5091AE
:10715000AC0E6091AD0E7091AE0E8091B70E909115
:10716000B80EA091B90EB091BA0E481759076A0728
:107170007B0718F382E08093730E98CE67E070E08F
:1071800089EF94E05ACE0397C1F68091D80E909182
:10719000D90E0297B1F44091AB0E5091AC0E6091B4
:1071A000AD0E7091AE0E8091B70E9091B80EA09179
:1071B000B90EB091BA0E481759076A077B0708F451
:1071C000BCCF82E08093730E912C70CE8091000131
:1071D00081FD03C081E08093800E08951F920F927D
:1071E0000FB60F9211240BB60F922F933F934F932C
:1071F0005F936F937F938F939F93AF93BF93CF933F
:10720000EF93FF9380911812823009F06AC0809149
:107210000612823021F080E00E9485B21DC00E94DB
:10722000E6388091770E8823A9F1C091730EC130A2
:1072300039F58091820E9091830E019709F50E9495
:10724000AEA38823E9F01092730E81E00E9485B20C
:10725000C130D1F4C093810EFF91EF91CF91BF91D6
:10726000AF919F918F917F916F915F914F913F91DE
:107270002F910F900BBE0F900FBE0F901F9018957F
:107280001092730E80E0E2CFC23031F784E0809339
:107290000612E2CF8091760E811107C067E070E0A0
:1072A00080EF94E00E9430BDB6CF8091480290916B
:1072B000490290934B0280934A021092760E0E94EC
:1072C000D79D8111C9CF8091730E882309F4A3CF74
:1072D00081E08093770E80917100856080937100CA
:1072E000BBCF809171008E7F8093710081E088BB5D
:1072F000B3CF1092EE031092E0031092EF031092BE
:10730000B30F10926E0310926F0310927B030895D7
:10731000009711F00E94787A0E9489281092E11457
:107320001092E0141092BA141092B9140E9493B003
:1073300080911914882321F089E194E10E9408CCFE
:1073400085E090E0909365048093640408950E9422
:10735000DE240E9489280E9493B08091191488230A
:1073600021F089E194E10E9408CC85E090E09093BF
:10737000A00F80939F0F0895CF93CFB7F8940E94EA
:10738000E92DCFBF0E94C9D90E942BB50E9493B0AE
:107390008FB7F8941092BA031092B9031092B80301
:1073A0001092B70391E0909328021092BB031092C1
:1073B000B6031092B5031092B4031092FC0310921E
:1073C000FD031092FE031092FF031092B30310927C
:1073D000B2031092B1031092B0031092AF03109257
:1073E000AE038FBF1092FB031092FA031092F603C4
:1073F0001092F7031092F8031092F9031092F2031F
:107400001092F3031092F4031092F5031092AD035F
:107410001092AC031092AB031092AA031092A9032E
:1074200080E8809327021092F1031092F0031092EB
:10743000071281E0CF910C9446B20F931F93CF9324
:10744000DF938C01C62FDFB7F8940E94E92DDFBFD0
:107450000E94C9D90E942BB50E9493B0A80161E196
:1074600070E087E092E10E948C6F8FB7F8941092E1
:10747000B603C093BB038FBFDF91CF911F910F91D4
:107480000895CF93DF93EB010E9499C097FF0AC044
:1074900066E070E08CE198E00E941D3A80E0DF91A8
:1074A000CF9108958C179D0729F067E070E085E281
:1074B00098E0F2CF81E0F3CFCF93DF93C091FA034E
:1074C000D091FB03209741F48FB7F89491E090930B
:1074D00028028FBF81E00DC00E94D90F811528E0DE
:1074E000920750F066E070E083E198E00E941D3A58
:1074F00080E0DF91CF9108952FEF37E0281B390B03
:1075000049F3C13082E0D80710F0C0E0D2E02C1778
:107510003D0708F4E901BE0189E192E10E9499C0AA
:1075200097FF05C066E070E08AE098E0DFCF8C1737
:107530009D0729F067E070E080E098E0D7CF809168
:10754000B7039091B803E9E1F2E1DC01B770219152
:10755000AA56BB4F2C9301969F01295132412C17FB
:107560003D0798F32091FA033091FB032C1B3D0B50
:107570003093FB032093FA032FB7F8949093B8034A
:107580008093B7038091FA039091FB03892B19F440
:1075900081E0809328022FBF9DCF4F925F926F9220
:1075A0007F928F929F92AF92BF92CF92DF92EF9293
:1075B000FF920F931F93CF93DF9300D0CDB7DEB729
:1075C000082F0E94D90F892B39F066E070E08AE617
:1075D00098E00E941D3A2DC00E94A6B0C090F6030C
:1075E000D090F703E090F803F090F903C616D706A1
:1075F000E806F90628F466E070E081E698E0E9CF55
:10760000A7019601261B370B480B590BDA01C9015C
:107610000297A105B10528F467E070E086E598E0DF
:10762000D8CF62E070E0CE0101960E94413A81110C
:1076300016C010E0812F0F900F900F90DF91CF9127
:107640001F910F91FF90EF90DF90CF90BF90AF9080
:107650009F908F907F906F905F904F900895E980FA
:10766000FA8067E070E08BE498E032E0E316F10422
:1076700008F4AFCF0E94A6B08090F6039090F70375
:10768000A090F803B090F903861A970AA80AB90ADD
:107690002701712C612C67E070E081E498E084148C
:1076A0009504A604B70408F494CF61E070E0CE011D
:1076B00003960E94413A182F882309F4BACF8B8190
:1076C00081508E3F28F467E070E088E398E081CF36
:1076D000C70101979093FB038093FA038FB7F89447
:1076E000109228028FBF8091FA039091FB03892B9F
:1076F000D9F00E94D90F6C010E945C3A81110FC031
:107700008091BB03863009F494CF8091BB0387300E
:1077100009F48FCF66E070E08FE298E05ACF0E94C4
:10772000D90FC816D906F9F60E94D90F892B41F353
:1077300041E084149504A604B70409F040E06B818D
:10774000002329F0C7010E94652D102F73CFF092FE
:10775000A803E092A7036093A603409320028FB78B
:10776000F89491E09093B4038FBF64CF81E00E94BE
:107770002EB50E9493B00E9480A310920612109220
:10778000830E1092820E1092810E1092800E109233
:107790007F0E10927E0E10927D0E10927C0E109233
:1077A0007B0E10927A0E1092790E1092780E109233
:1077B000770E1092760E1092750E1092740E81E074
:1077C00090E090934B0280934A02909349028093F9
:1077D00048021092730E1092D70E1092D60E10928D
:1077E000D50E1092D40E80934C021092D30E1092AC
:1077F000D20E1092D10E1092D00E1092CF0E109287
:10780000CE0E1092CD0E1092BB0E1092B70E1092AB
:10781000B80E1092B90E1092BA0E1092B30E1092CA
:10782000B40E1092B50E1092B60E90E080E00E9459
:10783000C39E1092AF0E1092B00E1092B10E109225
:10784000B20E1092AB0E1092AC0E1092AD0E1092C2
:10785000AE0E1092A70E1092A80E1092A90E1092C2
:10786000AA0E1092A30E1092A40E1092A50E1092C2
:10787000A60E10929F0E1092A00E1092A10E1092C2
:10788000A20E10929B0E10929C0E10929D0E1092C2
:107890009E0E1092850E1092840E10926F0310921D
:1078A0007B031092720E1092710E1092700E0E9455
:1078B000CEA381E00C9446B20E942BB50E9471B514
:1078C0000E94DD8C0E944CB20E94B63B0E94BC39E3
:1078D00081E00E9446B21092EC0E1092ED0E1092D2
:1078E000EE0E1092EF0E1092F30E1092F20E0E9416
:1078F000402E1092EB0E1092F10E1092F00E0895A1
:107900000E945C3C81E00E9446B21092710F10927E
:10791000700F10926F0F10926E0F10926D0F1092E9
:107920006C0F10926A0F0C946B332F923F924F9210
:107930005F926F927F928F929F92AF92BF92CF92FF
:10794000DF92EF92FF920F931F93CF93DF93CDB708
:10795000DEB7CD5CD1090FB6F894DEBF0FBECDBF48
:107960000E945C3C1092DA0EE090FC0EF090FD0E4E
:1079700026E0E216F10409F0E2C30E940CAF009188
:10798000F80E1091F90E0115110599F581E090E0BE
:107990009093330280933202E0913202F0913302ED
:1079A0008CE196E0EE3038F4FF27EE0FFF1FE05039
:1079B000FA4F859194910E94C21210E0812FC35317
:1079C000DF4F0FB6F894DEBF0FBECDBFDF91CF9172
:1079D0001F910F91FF90EF90DF90CF90BF90AF90ED
:1079E0009F908F907F906F905F904F903F902F90DF
:1079F0000895F090F70E0E94DD8C84E680932C02AF
:107A00008BE980932D02F0922E0210927A0410924C
:107A1000960C1092990C8FB7F894109279041092EA
:107A200078041092980C1092970C98E090932F0283
:107A3000109234028FBFEBE7F4E08AE1DF011D9280
:107A40008A95E9F71092950481E090E090933102D5
:107A500080933002C8010E94A8D1811115C082E034
:107A600090E09093310280933002809130029091A7
:107A7000310290933302809332028FB7F89491E0F1
:107A8000909334028FBF88CF0E94E5B0C054DF4F7F
:107A9000688379838A839B83C05CD0406C30710596
:107AA0008105910528F486E090E00E949EB0DDCF2C
:107AB0006CE070E0CE018F579F4F0E9499C00C97E9
:107AC00019F083E090E0F1CFCF57DF4F8881C158A4
:107AD000D0408235A1F5CE57DF4F8881C258D040C3
:107AE000893469F5CD57DF4F8881C358D04086343B
:107AF00031F5CC57DF4F8881C458D0408634F9F433
:107B0000C757DF4F8881C958D0408735A9F4C65779
:107B1000DF4F8881CA58D040813471F4C557DF4F98
:107B20008881CB58D040863539F4C457DF4F8881DF
:107B3000CC58D040853431F085E090E0B6CF84E079
:107B400090E0B3CF81E890E08C0F9D1F04960E94D7
:107B5000CAA8683FBFEF7B078B079B0708F098C058
:107B6000DC01CB010896A11DB11DC054DF4F488038
:107B700059806A807B80C05CD0408C309105A10523
:107B8000B10538F084159505A605B70510F42C014C
:107B90003D01C12CD12C312C212CE9EAF0E0EC0F75
:107BA000FD1F3496C853DF4FF983E883C85CD0408B
:107BB00021E430E02C0F3D1F2C5F3F4FC653DF4FB9
:107BC00039832883CA5CD04041E450E04C0F5D1FEC
:107BD000485F5F4FC453DF4F59834883CC5CD0402C
:107BE0000E94A6B0641575058605970508F05FC16B
:107BF000A3019201261B370B480B590BDA01C9016F
:107C00000897A105B10508F452C168E070E0CE0103
:107C100087559F4F0E9499C0089709F052CFC853CB
:107C2000DF4F88819981C85CD0400E94CAA84B016F
:107C30005C010E94A6B0CC53DF4F688379838A83AE
:107C40009B83C45CD040C755DF4F8881C95AD04060
:107C5000863639F5C655DF4F8881CA5AD0408D36F1
:107C600019F5C555DF4F8881CB5AD0408437E1F4F0
:107C7000C455DF4F8881CC5AD0408032A9F430E11E
:107C800083169104A104B10400F58DE090E00DCFBE
:107C9000C054DF4F488059806A807B80C05CD040F0
:107CA00078CF843609F495C083017201A50194014F
:107CB000CC53DF4F688179818A819B81C45CD0403D
:107CC0000E9419C081118CCFE0CF60E170E0CE013D
:107CD0008F5B9F4F0E9499C0409709F0F2CE239688
:107CE0002EAC3FAC239725968EAD9FAD25979093F4
:107CF000900480938F04C653DF4F88819981CA5CBA
:107D0000D0400E94CAA860937B0470937C04809347
:107D10007D0490937E04C453DF4F88819981CC5CAD
:107D2000D0400E94CAA860937F047093800480931F
:107D30008104909382042F968EAD9FAD2F979093E0
:107D400092048093910461968EAD9FAD619790935C
:107D50009404809393044EEF24164FEF340639F5C4
:107D600058E285169104A104B10408F48ECF68E1AD
:107D700070E0CE0101960E9499C0489709F085CF26
:107D800089819A81469718F489E090E08ECE298403
:107D90003A8481E028163104B9F74EE050E062EFF2
:107DA00075E0CE010B960E9436FD892B69F78301A1
:107DB0007201A5019401CC53DF4F688179818A81DA
:107DC0009B81C45CD0400E9419C0D82E811108CF7D
:107DD0005CCFC655DF4F8881CA5AD040813609F042
:107DE00063CFC555DF4F8881CB5AD040843709F027
:107DF0005BCFC455DF4F8881CC5AD040813609F023
:107E000053CFD501C40180959095A095B095CC53E2
:107E1000DF4F288139814A815B81C45CD040821761
:107E20009307A407B50708F430CFDA01C901880D1C
:107E3000991DAA1DBB1DC054DF4F288139814A817D
:107E40005B81C05CD040281739074A075B0708F4FC
:107E50001CCFC11018C0CC53DF4F88819981AA81F3
:107E6000BB81C45CD0408093830490938404A0932E
:107E70008504B09386048092870490928804A0922F
:107E80008904B0928A04D1101CC083017201A5013B
:107E90009401CC53DF4F688179818A819B81C45CD6
:107EA000D0400E9419C0C82E81119ACEEECE87E034
:107EB00090E0DD2009F4F9CD88E090E0CC2009F4D1
:107EC000F4CD2A94232809F05FCF80918F049091FC
:107ED0009004019719F08AE090E0E7CD8091930437
:107EE00090919404089719F08BE090E0DECD80919A
:107EF0007B0490917C04A0917D04B0917E04823239
:107F0000E6E59E07A105B10579F08434FCEA9F07F8
:107F1000A105B10549F080382BEB9207A105B10509
:107F200019F08CE090E0C1CD209191043091920441
:107F30002130310509F0A9CE40917F045091800491
:107F4000609181047091820484179507A607B70792
:107F500009F09BCE60918304709184048091850424
:107F6000909186040E94A0BF882309F4AACD809135
:107F7000870490918804A0918904B0918A04809329
:107F80008B0490938C04A0938D04B0938E0481E0B5
:107F90008093950410923102109230028AE1EBE74F
:107FA000F4E0A6ECB3E001900D928A95E1F710920F
:107FB0003302109232020E94627A882309F4ECCCD8
:107FC0000E94627A811105C00E94DD8C82E396E0F6
:107FD000F2CC0E943679892BB9F3109195041111D6
:107FE00007C00E94DD8C86E296E00E94C212E6CCB9
:107FF000C090C603D090C703E090C803F090C903B7
:108000006091D2037091D3038091D4039091D503F2
:10801000812C912C5401C114D104E104F10491F19B
:10802000A70196010F94900029013A019B01AC0130
:1080300088248A94982C540188E3481689E85806C5
:1080400081E468067104F0F4A8EEB3E00F94C9006F
:10805000970186013695279517950795600F711F33
:10806000821F931FA70196010F94900049015A01A6
:10807000A8EEB3E0A30192010F94C900860E971EEB
:10808000A81EB91E8092EC0E9092ED0EA092EE0EFC
:10809000B092EF0ED701C6010197A109B1098F3F38
:1080A0009F4FA105B10550F087E080938F030E9498
:1080B000DD8C0E9467AF0E9419107DCC60E074E2F5
:1080C00084EF90E0A70196010F94900049012B01E5
:1080D000DA01C9010197A109B1098F3F9F4FA1059D
:1080E000B10510F086E0E1CF81E00E945DB58FB769
:1080F000F8941092950010929400D0928E03C09242
:108100008D0390928C0380928B0350928A0340924D
:1081100089031092880310928703109286031092AD
:10812000850391E090938F038FBF1092EB0E81E057
:1081300090E09093F10E8093F00E11E03FCCC701D8
:108140000497029708F08CC010E125E0E216F104D4
:1081500009F012E3E090F80EF090F90E0E944CB294
:10816000E114F10421F0103169F0123359F067E0A5
:1081700070E081E596E00E94BDA887E092E10E9450
:10818000E8121BCC81E0103109F080E080936A0E88
:108190001092690E109207128FB7F89410926F0E1A
:1081A00010926E0E10926D0E10926C0E1092430291
:1081B0008FBF1092680E1092670E1092660E10928A
:1081C000650E1092640E1092630E10925B0E109268
:1081D0005C0E10925D0E10925E0EC7010E94A8D137
:1081E000811105C066E070E087E496E0C4CF0E948C
:1081F000E5B060935F0E7093600E8093610E909374
:10820000620E672B682B692B21F18091430281114B
:108210000CC00E94AFA88C01809143028823A9F072
:108220000E94AFA80817190781F70E94AFA8892BF1
:1082300081F081E080936B0E1092EC0E1092ED0EA7
:108240001092EE0E1092EF0E70CF0E9428C981118D
:10825000E7CF0E9493B067E070E08CE396E08BCFAD
:10826000C7010E9463AE182F882309F4D3C68091FA
:10827000F50E9091F60EC554DF4F99838883CB5B42
:10828000D0401092F40E019709F07BC031E0E31664
:10829000F10409F0A3C06091F80E7091F90EC55475
:1082A000DF4F19821882CB5BD04089E192E10E94B6
:1082B000BCED811102C080E062C089E192E10E94C0
:1082C0007BAF8823C1F389E192E10E94A8D1882382
:1082D00091F30E94E5B06B01DC01CB010197A1098C
:1082E000B1098F379105A105B10518F00E9493B02F
:1082F000E2CFB60189EB92E10E9499C08C010E9405
:1083000093B00C151D05B9F6F601E754FD4E108229
:1083100089EB92E1892B79F22CE030E0AE014F5FDE
:108320005F4F60E676E089EB92E10E940AA988231C
:1083300011F222961FAE229725E030E0AE014F5B8E
:108340005F4F6AE576E089EB92E10E940AA9AE01EF
:1083500045545F4FBE016F5B7F4FCE0101960E9477
:10836000BBBB882309F4A7CF81E0C554DF4F288128
:108370003981CB5BD0402130310509F49CCF80930B
:10838000F40EB0904D0240904E0250904F02C554F2
:10839000DF4FC880D980CB5BD0400091FC0E10919C
:1083A000FD0EE090F80EF090F90EC754DF4FD98221
:1083B000C882C95BD0400E94B63B10920712E114FC
:1083C000F10429F0C8010E9463AE811113C067E077
:1083D00070E087E997E00E943FBDCFCEC7010E94C1
:1083E00058AE8111CECFC554DF4F19821882CB5BB6
:1083F000D040C7CF1093D90E0093D80EF092D70E6D
:10840000E092D60ED092D50EC092D40EB0924C020D
:108410001092D30E1092D20E1092D10E1092D00E56
:108420001092CF0E1092CE0E1092CD0E1092BB0E67
:1084300010929A0EC8010E9458AE882331F0411460
:10844000510419F444244394512C0230110571F065
:10845000C754DF4F88819981C95BD040019731F4BF
:10846000C754DF4F19821882C95BD040C754DF4F11
:1084700088819981C95BD0408130910511F490E0E9
:1084800080E00E94C39EC7010E94A8D1811105C04F
:1084900066E070E08EE897E09ECF0E94E5B06093C2
:1084A000B70E7093B80E8093B90E9093BA0E6038E1
:1084B00071058105910538F40E9493B067E070E082
:1084C00084E897E088CF0230110509F0C3C0411459
:1084D000510419F444244394512C1092D10E10925B
:1084E000D00E60E070E0CB010E94A0BF811109C0F6
:1084F00066E070E082EA96E00E943FBD0E9493B081
:108500003CCE712C812C912CA12CB12C10E000E0E0
:108510000E94A6B06B017C018091B70E9091B80EBD
:10852000A091B90EB091BA0EC816D906EA06FB069C
:1085300098F58C199D09AE09BF0980389105A105F0
:10854000B10528F467E070E087E996E0D5CF0E9496
:10855000C5C2882399F20F3F100729F467E070E045
:108560008DE896E0C9CF0F5F1F4F0415150519F46C
:10857000782E460157016091AB0E7091AC0E809140
:10858000AD0E9091AE0E0E94A0BF8111C1CF66E0EA
:1085900070E084E896E0B0CFC816D906EA06FB067C
:1085A00071F40115110559F01093D10E0093D00EFE
:1085B00071100AC067E070E08EE696E09DCF67E03C
:1085C00070E089E796E098CFB401C5010E94A0BF92
:1085D0008823B1F10E94C5C2882391F15092D30E35
:1085E0004092D20EBE0167547F4FC2010E94DBD180
:1085F000882309F483CFC754DF4F88819981C95BF1
:10860000D0400E94D916882309F478CF81E0809366
:1086100006128091B30E9091B40EA091B50EB09158
:10862000B60E8093EC0E9093ED0EA093EE0EB093E9
:10863000EF0E0E9498109093F30E8093F20E75CD7A
:1086400080910612873009F459CF66E070E085E624
:1086500096E052CF0830110509F005C410929A0E29
:1086600060E070E0CB010E94A0BF811105C066E010
:1086700070E08AE697E040CF7E0151E8E50EF11CFC
:1086800068E270E0C7010E9499C0883091052CF41F
:1086900067E070E081E697E02FCF88329105DCF04B
:1086A00048E050E063E573E0C7010F942F02892B87
:1086B000A9F461E0C7010E94DCC1882329F0C2014E
:1086C0000E947D1F811197CF67E070E08AE597E0F7
:1086D0000E944CBD13CF40970CF4E9C140E150E03B
:1086E00063EF72E0C7010F942F02892B09F0DFC1FD
:1086F00082E00E942A10682E882309F4A4C0809189
:10870000EF03682E712C4114510409F4F7CE641460
:10871000750408F4F3CE0FEF040D081708F0EECE41
:1087200086E0089F80011124F801E957FF4E20815F
:10873000F801E857FF4E808190E0B0E0A0E0DC0156
:1087400099278827922BF801EA57FF4E2081822B28
:108750008093900390939103A0939203B09393031B
:108760001092870E1092860E65EA90E080E00E94DB
:10877000C29D60E00E94C29D60E40E94C29D60E0D4
:108780000E94C29D5C016E0191E4C90ED11C1601CC
:108790004601C6010E9430C1882309F4AFCEAFEF75
:1087A000CA1ADA0AF4016081C5010E94C29D5C0107
:1087B000CE14DF0469F7CE0101960E9430C18823F0
:1087C00009F49CCE6981C5010E94C29D7C01CE0145
:1087D00001960E9430C1882309F490CE6981C701B7
:1087E0000E94C29D892B09F089CED10154962D910A
:1087F0003C91CB54DF4F39832883C55BD040F801CF
:10880000E657FF4E4081F801E557FF4E808190E02A
:10881000B0E0A0E0DC0199278827942BF801E75706
:10882000FF4E40817C018D01E42AC755DF4FE8826D
:10883000F9820A831B83C95AD040A101B301C20146
:108840000E94B310D5CE1092EE0380E190E0A0E03C
:10885000B0E08093900390939103A0939203B09320
:1088600093031092870E1092860E0E946FA30E94AF
:108870009211811107C01092B30F67E070E08CED88
:1088800096E026CFCE0181549F4F0E9430C18823AD
:1088900091F3CE0182549F4F0E9430C1882359F337
:1088A000CE0183549F4F0E9430C1882321F365EA93
:1088B00090E080E00E94C29DC154DF4F7880CF5B82
:1088C000D040672D0E94C29DC254DF4F6881CE5BAD
:1088D000D0400E94C29DC354DF4F6881CD5BD04021
:1088E0000E94C29D4C01892B31F48FEF870D843695
:1088F00010F470FE07C01092B30F67E070E082EDD5
:1089000096E0E6CE7694A72CB12C4114510419F0D0
:10891000A414B50438F41092B30F67E070E087EC4C
:1089200096E0D6CE76E8C72E70E1D72EE12CF12C5A
:1089300000E010E022242394312C9E012F543F4F5D
:10894000AE0149545F4FBE016F5B7F4F80E00E94D4
:10895000D0118823E9F19E0127553F4FAE014B54BA
:108960005F4F70E060E085E00E94D011882381F1C4
:1089700067962EAD3FAD6797CB54DF4F4881598145
:10898000C55BD0402417350719F5CF54DF4F488118
:1089900059816A817B81C15BD040411551056105D8
:1089A000B1E07B0790F4F601408351836283C755A1
:1089B000DF4F488159816A817B81C95AD040411576
:1089C00051056105F1E07F0750F01092B30F96CD8D
:1089D0001092B30F67E070E08DEB96E079CED60190
:1089E00013964C93139714965C93149715966C9367
:1089F0004214530471F490E4FE01EF5BFF4FDE017B
:108A0000119601900D929A95E1F7682E7A018B01EB
:108A10004901BFEF2B1A3B0AE6E0CE0ED11CA2148F
:108A2000B30408F08ACF611007C01092B30F66E05C
:108A300070E084EB96E04CCE8091B70E9091B80E2A
:108A4000A091B90EB091BA0E8093EA039093EB0314
:108A5000A093EC03B093ED031092E6031092E703AA
:108A60001092E8031092E9031092E2031092E303DC
:108A70001092E4031092E5031092E1037092EF0369
:108A800082E08093E00381E08093EE030E94C2D8ED
:108A90009401AE014F5F5F4FB501C2010E94B31058
:108AA0008111A9CD66E070E08BEA96E025CDD70173
:108AB00013968C9113978135A1F414968C9184347C
:108AC00081F460E0C7010E94DCC1882329F0C20163
:108AD0000E947D1F81118FCD67E070E081E597E0F6
:108AE000F7CD4114510419F444244394512C60E00F
:108AF00070E0CB010E94A0BF811105C067E070E06B
:108B000086E497E0F9CC68E070E0CE018F5B9F4F80
:108B10000E9499C0089791F722968FAD22978111F4
:108B2000EDCF23968FAD2397863141F724968FADF5
:108B30002497863119F725968FAD2597853AF1F65A
:108B400027968FAD27978334C9F628968FAD28973F
:108B50008235A1F629968FAD2997833479F626962A
:108B60008FAD2697882311F080FF05C067E070E085
:108B70008CE397E0C1CC853628F067E070E082E3B3
:108B800097E0BACC8695E82FF0E0CC53DF4FF9831D
:108B9000E883C45CD04022242394312C00E0C853E5
:108BA000DF4F19821882C85CD040812C912C54016F
:108BB000CC53DF4F28813981C45CD0402215330566
:108BC00008F4FBC00E9416EE882309F450C063E04D
:108BD00070E0CE018F549F4F0E9499C0039709F017
:108BE00046C0CF54DF4F8881C15BD04081113FC068
:108BF000CE54DF4F8881C25BD0408034C1F5CD5464
:108C0000DF4F8881C35BD040811131C060E470E0E8
:108C1000CE0101960E9499C08034910541F563E030
:108C200070E0CE0187559F4F0E9499C00397F9F4D9
:108C3000C755DF4F8881C95AD0408334C1F4C65527
:108C4000DF4F8881CA5AD040823589F4C555DF4F3D
:108C50008881CB5AD040833451F40E9416EE182FED
:108C600081110AC067E070E088E197E045CC67E0D9
:108C700070E085E297E040CC63E070E0CE018F5475
:108C80009F4F0E9499C0039769F7CF54DF4F8881A7
:108C9000C15BD0408B7F813029F7CE54DF4F688095
:108CA0007980C25BD0400E94A6B06B017C018D89A7
:108CB0009E896816790629F067E070E08FE097E0FA
:108CC0001BCCC301B0E0A0E0C054DF4F8883998380
:108CD000AA83BB83C05CD0408091B70E9091B80E40
:108CE000A091B90EB091BA0E8C199D09AE09BF09B9
:108CF000C054DF4F288139814A815B81C05CD040FC
:108D000082179307A407B50758F0BA01A9014D5F70
:108D10005F4F6F4F7F4F84179507A607B70728F45B
:108D200067E070E084E097E0E7CB2414350471F449
:108D3000B301CE0101960E94A49D012FC853DF4FBD
:108D400079826882C85CD04046015701C054DF4F29
:108D5000688179818A819B81C05CD0406C0D7D1DCA
:108D60008E1D9F1D0E94A0BF882311F163E070E05B
:108D7000CE0187559F4F0E9499C00397C9F4C755EC
:108D8000DF4F8881C95AD040833491F4C655DF4FF4
:108D90008881CA5AD040823559F4C555DF4F888141
:108DA000CB5AD040833421F43FEF231A330A00CF4B
:108DB00066E070E08BEF96E09FCBCC53DF4F4881AD
:108DC0005981C45CD0405093D10E4093D00E67E0DF
:108DD00070E080EF96E0002309F48ECBC501B4016A
:108DE0000E94A0BF811105C066E070E087EE96E0AA
:108DF00083CB5092D30E4092D20E10929A0EC8534B
:108E0000DF4FE881F981C85CD040CF01B0E0A0E03D
:108E10008093AF0E9093B00EA093B10EB093B20EAC
:108E20008092A70E9092A80EA092A90EB092AA0EC0
:108E3000880D991DAA1DBB1D8093AB0E9093AC0E9F
:108E4000A093AD0EB093AE0E109294031092A30EA9
:108E50001092A40E1092A50E1092A60E1092850EDE
:108E60000E9480A3C8CB1092950310929603109293
:108E700097031092980325961CAE1DAE1EAE1FAE32
:108E800025971092B30E1092B40E1092B50E109258
:108E9000B60E60E070E0CB010E94A0BF811105C05A
:108EA00066E070E08BE797E027CB8091D80E909139
:108EB000D90E0297C1F5CE018F5B9F4F0E94FFC66E
:108EC000882309F41BCB0E94A6B00091B70E109125
:108ED000B80E2091B90E3091BA0E60177107820753
:108EE000930748F325966CAD7DAD8EAD9FAD25976C
:108EF0006F3F5FEF75078507950709F04EC06093D8
:108F0000B30E7093B40E8093B50E9093B60E60E0DE
:108F100070E0CB010E94A0BF811159C066E070E0F3
:108F200082E797E0E9CACE018F5B9F4F0E94FFC6A0
:108F3000882309F4E3CA8090B70E9090B80EA090F1
:108F4000B90EB090BA0E0E94A6B0861A970AA80A67
:108F5000B90A41F29E012F573F4FAE014F5F5F4F5D
:108F6000C501B4010E9452C6882309F4C7CACF576D
:108F7000DF4FE880F980C158D04009811A812B81E8
:108F80003C81AE014F5B5F4F6A01B501A40180E0F7
:108F90000E94BA9F8111A6CFB1CA20911402220F5C
:108FA00030E050E040E00F949000672B682B692B75
:108FB00049F42093B30E3093B40E4093B50E509302
:108FC000B60EA5CF2F5F3F4F4F4F5F4FF2CF0E949E
:108FD000C5C2882309F492CA8091950390919603A3
:108FE000A0919703B09198038F3FEFEF9E07AE07D4
:108FF000BE0739F00196A11DB11DB695A7959795AD
:1090000087958093B30E9093B40EA093B50EB09352
:10901000B60EF1CA85EF97E0F7E0EF16F10411F014
:109020000C94F53FE090890FF0908A0F0091F80EB4
:109030001091F90E0E94BC390115110581F021E053
:10904000E216F10409F4E2C088F042E0E416F1040B
:1090500009F4E0C053E0E516F10409F4DFC067E06D
:1090600070E08DEE97E00E941D3A87C88AE0EBEB36
:10907000F2E0A9E9B3E001900D928A95E1F7109230
:1090800007121092F6031092F7031092F803109251
:10909000F9031092F2031092F3031092F40310926A
:1090A000F5031092FB031092FA034091990350913B
:1090B0009A0370E060E0DB01CA01880F991FAA1FC4
:1090C000BB1F81509F4FAF4FBF4F892F9A2FAB2FA0
:1090D000BB270097A105B10521F481E090E0A0E055
:1090E000B0E090931C0280931B0220919B0330916F
:1090F0009C0380919D0390919E03B0E0A0E0820FBD
:10910000931FA11DB11D81509F4FAF4FBF4F892F9E
:109110009A2FAB2FBB270097A105B10521F481E061
:1091200090E0A0E0B0E090931A02809319022091A1
:109130009F033091A0038091A1039091A203B0E01E
:10914000A0E0820F931FA11DB11D81509F4FAF4F13
:10915000BF4F892F9A2FAB2FBB270097A105B105D1
:1091600021F481E090E0A0E0B0E0909318028093B9
:10917000170241505F4F6F4F7F4F452F562F672F7C
:109180007727411551056105710521F441E050E053
:1091900060E070E050931602409315028BEE90E071
:1091A00090932202809321028FE490E09093260214
:1091B000809325028DE990E090932402809323020E
:1091C0008FB7F8941092BA031092B9031092B803B3
:1091D0001092B70391E0909328021092B503109279
:1091E000B4031092B6031092FC031092FD03109288
:1091F000FE031092FF038FBFC8010E94A8D1811106
:1092000011C066E070E084EE97E02DCF8AE0E5ECD7
:10921000F2E02FCF8AE0EFECF2E02BCF8AE0E9ED2D
:10922000F2E027CF0E94E5B06093F6037093F70356
:109230008093F8039093F903672B682B692B29F42B
:1092400067E070E08AED97E00ECF1092F203109283
:10925000F3031092F4031092F503C12CD12C760184
:109260008091F6039091F703A091F803B091F90370
:10927000C816D906EA06FB0608F0CBC08C199D0972
:10928000AE09BF090297A105B10528F467E070E0B7
:109290008FEC97E0E8CEC701B6010E94A0BF811114
:1092A00005C066E070E086EC97E0DDCE62E070E03D
:1092B000CE0101960E94413A882311F40C94BD40DE
:1092C00009811A810230110528F467E070E08BEB08
:1092D00097E0C9CE4801B12CA12C82E0880E911CE8
:1092E000A11CB11C8C0C9D1CAE1CBF1C8C149D04BD
:1092F000AE04BF0468F08091F6039091F703A0914B
:10930000F803B091F90388159905AA05BB0528F45F
:1093100067E070E081EB97E0A6CE61E070E0CE01FF
:109320008F5B9F4F0E94413A882311F40C94BD40FB
:1093300022968FAD22979FEF980F9E3F28F467E00B
:1093400070E088EA97E08FCEC090F603D090F703E4
:10935000E090F803F090F90320EC3FE040E050E0AB
:10936000882321F02AE436E040E050E0A0911B027F
:10937000B0911C020F94C9000E94E70F609119027E
:1093800070911A0290E080E00E94E70FA09117020E
:10939000B091180298010F94BA0023E0660F771F6E
:1093A000881F991F2A95D1F70E94E70F6091150237
:1093B0007091160290E080E00E94E70F8C149D04EB
:1093C000AE04BF0409F44CCF209121023091220257
:1093D00022968FAD2297811111C0ADE5B0E00F94B8
:1093E000BA000E94E70F609125027091260290E07A
:1093F00080E00E94E70F7501640132CFAAE0B1E07E
:109400000F94BA000E94E70F60912302709124022A
:10941000EECF60E070E0CB010E94A0BF811105C0DB
:1094200066E070E08FE997E01ECE8091F2039091A4
:10943000F303A091F403B091F503892B8A2B8B2BB6
:1094400011F40C94BD4081E00E94CD3A882311F4C0
:109450000C94BD4081E08093BB030C941C410F939E
:109460001F93CF93DF938091F00E9091F10E0197AF
:1094700009F071C08091EB0E811169C0C091FC0EA2
:10948000D091FD0EC630D10509F0A9C00E9467AF8A
:10949000019709F09BC08091850381111FC08091C5
:1094A0007804909179042091970C3091980C821750
:1094B000930709F479C0FC01F770EA56FB4F40812D
:1094C00040938603409134020196411161C090930C
:1094D00079048093780428E02093850380918603A3
:1094E000282F30E0359527952093860390918503AA
:1094F00091509093850381700E948DB120918B03D0
:1095000030918C0380918703909188034091890367
:1095100050918A03840F951F40918D0350918E03C3
:109520008417950720F0841B950B2F5F3F4F909376
:109530008803809387032150310930939900209349
:1095400098000E9410B580E00E9446B26AC00E9456
:10955000953C811193CF80917B03882309F414C13A
:109560001092710F1092700F81E080936C0F109227
:109570006F0F10926E0F10926D0F0E946B3381E08F
:109580000E9446B280E0DF91CF911F910F91089524
:109590008217930709F09BCF20912F0290937904B3
:1095A00080937804211198CF809134028823A9F008
:1095B00020917804309179048091970C9091980CC7
:1095C0002817390751F484E080938F030E9467AF16
:1095D0000E9419100E94C212BECF85E0F5CFCE01C5
:1095E0000E9463AE8823D1F10E940216811109C046
:1095F00080917B038111B4CF87E092E10E94E81251
:10960000AACF8091B30E9091B40EA091B50EB091F7
:10961000B60E8093EC0E9093ED0EA093EE0EB093E9
:10962000EF0E0E94341382E090E09093F10E80934D
:10963000F00E81E090E09093710F8093700F109284
:109640006D0F0E946B3310926E0F8091650F909199
:10965000660F892B09F49FC081E095CF279709F009
:1096600048C0C091BB03C13039F640911F026091E0
:10967000A5038091AC039091AD030E94652D80E01D
:109680000E948DB1DFB7F894809171008A7F80933A
:10969000710010929000109291001092950010921B
:1096A000940085E088BBC093B6031092FC0310922F
:1096B000FD031092FE031092FF031092AF0310926D
:1096C000AE0382E08093BB0383E08093181281E0B5
:1096D0000E947BB2C09391008091990390919A036C
:1096E0000E94CA0F80917100846080937100DFBF77
:1096F0002ACFD0916B0ED13009F07ECF20916E0E23
:1097000030916F0E80916C0E90916D0E2817390775
:10971000A1F1F901F770EA56FB4FC0818C2F2F5F42
:109720003F4F30936F0E20936E0ECC2331F1C7FD67
:10973000C1950E9432B28C2F0E9480A88C01CFB7B5
:10974000F894109295001092940010929000D0938B
:10975000910084E088BB82E080936B0E81E00E94E0
:109760007BB2D0931812C8010E94CA0F8091710079
:10977000846080937100CFBFBBCF67E070E084E26C
:1097800095E00E94BDA838CF23E030E03093710F00
:109790002093700FF8CE0E94A810882309F45CCFA4
:1097A00091E090936E0FEFCEBF92CF92DF92EF9247
:1097B000FF920F931F93CF93DF93EC010091720FF1
:1097C0001091730FB090690FC090670FD090680F21
:1097D000E090650FF090660F0E945C3C1092DA0EEC
:1097E00089E194E1009719F00115110561F488E110
:1097F00095E00E94C21283E090E09093710F8093F5
:10980000700F80E026C09093F90E8093F80E1093AD
:10981000FD0E0093FC0EB092F70ED092F60EC092A1
:10982000F50E81E0EF2809F080E080934D02109260
:10983000F40E209711F4C1E0D0E0D0934F02C09312
:109840004E021092F30E1092F20E0E94953C882365
:1098500091F2DF91CF911F910F91FF90EF90DF90E8
:10986000CF90BF9008958F929F92AF92BF92CF9268
:10987000DF92EF92FF920F931F93CF93DF931F928C
:109880001F92CDB7DEB780916A0F882309F470C0AC
:109890000E9411B0882309F44FC081E00E9429D3AF
:1098A00081110DC00E945C3C8FE295E00E94C212C3
:1098B00083E090E09093710F8093700F3DC0109201
:1098C0006A0F10926F0F10926E0F10926D0F109220
:1098D0006C0F0E946B330E947E350E947939809113
:1098E000720F9091730F0E9458AE882371F080918F
:1098F000FC0E9091FD0E0E9458AE882331F08091AD
:109900004E0290914F02009711F481E090E00E9486
:10991000D44B882389F01092710F1092700F8091B0
:10992000720F9091730F0E9458AE8823A1F081E0CE
:1099300080936C0F0E9446B20F900F90DF91CF91F1
:109940001F910F91FF90EF90DF90CF90BF90AF905D
:109950009F908F9008958091650F9091660F892B4D
:1099600029F481E080936F0F80E0E4CF81E0E2CFC3
:109970000E940AB0882371F081E080936A0F1092F0
:109980006F0F10926E0F10926D0F10926C0F0E945D
:109990006B3388CF8091F00E9091F10E029749F5CC
:1099A0000091FC0E1091FD0E0630110509F0AEC0BD
:1099B0008091340281118DC00E943679893F9D4388
:1099C00008F087C00E944C79811183C00E9471B554
:1099D000E0913202F09133028CE196E0EE3038F4FF
:1099E000FF27EE0FFF1FE050FA4F859194910E94E0
:1099F000C2128091F00E9091F10E8330910509F41E
:109A0000A4C58430910509F4A7C5029709F0B3C530
:109A100081E090E09093710F8093700F0E946B3300
:109A20008091650F9091660F892BF9F48091720FE8
:109A30009091730F029781F40E94A81080936E0F8B
:109A4000882351F010926F0F10926D0F8091650F67
:109A50009091660F892B49F480916D0F882329F02E
:109A60000E9441B2811110926D0F80916C0F811193
:109A700063CF8091650F9091660F892B09F05CCFC1
:109A80008091700F9091710F8330910509F454CF3C
:109A900020916E0F211150CF20916D0F21114CCFCD
:109AA00020916F0F222309F489C50E9441B28823B7
:109AB00009F442CF8091F00E9091F10E019709F0D8
:109AC0003BCF0E942F4A882309F436CF10926F0FA4
:109AD00033CF0E9467AF8430910571F40E9471B555
:109AE0000E941D1381E08093EB0E81E090E0909343
:109AF000F10E8093F00E7DCF9C012550310923306B
:109B0000310508F076CF0E94191071CFC8010E946C
:109B100063AE882309F47DC480910612823009F077
:109B20004CC080917C0E8823E1F00E9430DC2091B3
:109B30007A0E30917B0E621B730B60397140E8F135
:109B400010927C0E0E94A1B2811137C08091061242
:109B5000823099F567E070E081ED95E00E943FBDAD
:109B60002CC08091810E882309F4C6C08091810E9B
:109B7000882319F1809106128230F9F40E94FCA723
:109B8000182F8091820E9091830E1123B9F18230AB
:109B9000910561F50E94BEA311E018270E94A9A4B7
:109BA000912F182F80914C02882309F444C09923E7
:109BB00049F10E945A1E811175C08091FC0E90914E
:109BC000FD0E0E9458AE882319F081E00E94532EAA
:109BD0009FB7F894809106129FBF843009F480CF1C
:109BE00008F407CF883008F46BC403CF019709F05D
:109BF0001BC50E94BEA3982F10E0D4CF029771F22C
:109C000090E0D0CF0E9441B28823B9F20E9430DCAC
:109C100020917F0E211112C070937E0E60937D0EF5
:109C200081E080937F0E8091800E882331F2112392
:109C300009F4BFCFC2CF992349F3BBCF2091800E47
:109C4000222319F0112309F4B4CF20917D0E309115
:109C50007E0E8B01021B130B8091820E9091830E5E
:109C60008130910559F40E94F0A7811104C00E942F
:109C70009EA38823A1F089E591E00CC0029779F4B6
:109C80000E94D5A7882359F00E94A9A4882399F39C
:109C90008EE690E00817190708F08BCF8ECF88E783
:109CA00090E0F8CF80910612843009F486CF80913D
:109CB000820E9091830E049771F40E9498B18111E5
:109CC0007CCF80910612823009F077CF67E070E098
:109CD00080E695E043CF80E00E9446B20E941DB32B
:109CE00081116BCF80910612823009F066CF67E058
:109CF00070E086E595E032CF8091820E9091830EE0
:109D00008430910509F006C38091B60F882321F0B5
:109D10008091B70F811109C085EB95E00E9427A4BF
:109D200085EF9FE00E9407D848CF8091B80F81113E
:109D300023C28091BB0F9091BC0F8230910509F432
:109D40009EC08330910509F4D2C00197F1F580914E
:109D5000BD0F9091BE0F2CEBC22E22E0D22EE12C33
:109D6000F12C039729F094E6C92ED12CE12CF12C8B
:109D70000E9430DC0091F00F1091F10F2091F20F52
:109D80003091F30F601B710B820B930B6C157D05EB
:109D90008E059F05D0F08091BD0F9091BE0F039767
:109DA00009F06AC081E00E948DB10E94B3DB60932C
:109DB000F00F7093F10F8093F20F9093F30F82E006
:109DC00090E09093BC0F8093BB0F8091BB0F90915C
:109DD000BC0F049709F0CBC18091B90F20E4882310
:109DE000E9F08091F40F0E9455A4882309F498CFDC
:109DF0001092B90F8091EC0F9091ED0FA091EE0FA2
:109E0000B091EF0F0196A11DB11D8093EC0F9093BF
:109E1000ED0FA093EE0FB093EF0F2FE34091EC0FF7
:109E20005091ED0F6091EE0F7091EF0F8091C30F85
:109E30009091C40F6C01F12CE12C4C155D056E0561
:109E40007F0508F069C1841B950BE22EF12C8E155D
:109E50009F0508F47C01E0914402F0914502B701AE
:109E600089E192E119958E159F0509F45EC097FF6F
:109E700059C084E995E052CF84E090E0A2CF0E94DF
:109E8000B3DB0091F00F1091F10F2091F20F3091A0
:109E9000F30F601B710B820B930B683E73408105BF
:109EA000910508F492CFE0914402F091450261E0FF
:109EB00070E084EF9FE019958130910541F097FFA4
:109EC00003C08DEA95E02ACF84EA95E027CF81E0B0
:109ED0008093B90F0E94B3DB6093F00F7093F10F82
:109EE0008093F20F9093F30F83E090E06ACF80911C
:109EF000030180FFC1CF0E94B3DB0091F00F1091EE
:109F0000F10F2091F20F3091F30F601B710B820B58
:109F1000930B61347B448C44910508F456CF8CE953
:109F200095E0FCCE8BE895E0F9CE8091BD0F909145
:109F3000BE0F049709E112E1029708F0CBC089E156
:109F4000C82E82E1D82E8091EC0F9091ED0FA09158
:109F5000EE0FB091EF0F9601295132412E153F05BA
:109F600008F0DAC0F60111916F011095110F111D63
:109F7000110F111D892B8A2B8B2B09F086C00E9493
:109F8000B3DB4B015C010E949CA3749A8091030196
:109F900080FD0EC00E94B3DB681979098A099B090C
:109FA00061347B448C44910588F383E895E0B6CE18
:109FB00080E00E9421A48091030180FF0EC00E94D6
:109FC000B3DB681979098A099B0961347B448C44A5
:109FD000910588F38BE795E0A1CE812F881F882714
:109FE000881F0E9421A45B9840E068E481E00E9401
:109FF000D6A3882309F494CE16FB882780F90E9403
:10A0000021A40E949CA340E06CE480E00E94D6A3BF
:10A01000882309F485CE110F110F01E0402F6CE465
:10A0200080E00E94D6A3882309F47ACE812F881F6E
:10A030008827881F0E9421A45B98402F68E481E054
:10A040000E94D6A3882309F46BCE16FB882780F9DB
:10A050000E9421A40E949CA3110F110F0F5F0430D6
:10A06000E9F68091EC0F9091ED0FA091EE0FB09179
:10A07000EF0F0196A11DB11D8093EC0F9093ED0F92
:10A08000A093EE0FB093EF0F5ECF00E0402F6CE493
:10A0900080E00E94D6A3882309F442CE812F881F36
:10A0A0008827881F0E9421A45B98402F68E481E0E4
:10A0B0000E94D6A3882309F433CE16FB882780F9A3
:10A0C0000E9421A40E949CA3110F110F0F5F043066
:10A0D000E9F6C7CFC801895192418E159F05E0F47A
:10A0E000F80181918F010E9455A4882309F418CEAC
:10A0F0008091EC0F9091ED0FA091EE0FB091EF0FCA
:10A100000196A11DB11D8093EC0F9093ED0FA093CC
:10A11000EE0FB093EF0FDECF8091C30F9091C40F7D
:10A12000B0E0A0E04091EC0F5091ED0F6091EE0F88
:10A130007091EF0F481759076A077B07C0F08091AD
:10A14000BD0F9091BE0F0497029708F072C00E9455
:10A15000B3DB6B017C018091030180FD38C081E09D
:10A160008093B80F80E00E948DB10E9488B18091E9
:10A17000B80F882309F421CD1092810E10927F0E22
:10A1800010927E0E10927D0E8091D80E9091D90E75
:10A19000029709F0B8C08091D20E9091D30E209111
:10A1A000D00E3091D10E8217930708F0ACC0009703
:10A1B00009F403CD1091CD0EBE016F5F7F4F019664
:10A1C0000E94DBD181113BC01093CD0EF6CC0E94D2
:10A1D000B3DB6C197D098E099F09613472448F408D
:10A1E000910508F4B8CF85E58093F50F8CE4809352
:10A1F000F60F87E38093F70F8091BD0F9091BE0F0C
:10A200000597A9F488E48093F80F80E28093F90F12
:10A2100095E49093FA0F9EE49093FB0F94E490934F
:10A22000FC0F8093FD0F89E00E945FD979CD8CE40B
:10A23000EACF80E00E942EA4811191CF71CDF090E1
:10A24000CD0E1093CD0E09811A81C8010297039794
:10A2500008F459C08091D20E9091D30E009739F036
:10A260002091D00E3091D10E82179307C8F084E070
:10A270008093061280910612843009F49ECC80E00F
:10A280000E9446B20E941DB3811197CC80910612A4
:10A29000823009F092CC67E070E087EC95E05ECC0C
:10A2A00060919F0E7091A00E8091A10E9091A20ED0
:10A2B00080909B0E90909C0EA0909D0EB0909E0E54
:10A2C000680D791D8A1D9B1D0E94A0BF811105C0CC
:10A2D00066E070E082E795E041CC8091D20E9091EB
:10A2E000D30E01969093D30E8093D20E0E94C5C2D6
:10A2F000882309F462CCF092CD0EC8010E94D916D1
:10A300008111B8CF5ACC84E08093061281E00E947C
:10A3100046B253CC20917C03222309F44AC0029711
:10A3200009F047C08091710E882309F44AC09FB795
:10A33000F8948091710E81111092710E9FBF882345
:10A34000C1F16091A70E7091A80E8091A90E909115
:10A35000AA0E0E94F0BF811110C066E070E089E68D
:10A3600095E00E943FBD80910612823009F025CC15
:10A3700066E070E08CEB95E0F1CB1092A30E1092AA
:10A38000A40E1092A50E1092A60E0E9480A380919A
:10A39000AF0E9091B00EA091B10EB091B20E892B7C
:10A3A0008A2B8B2B89F58FB7F89491E09093700EE0
:10A3B0008FBF8091820E9091830E0297029708F0D2
:10A3C000FCCB8091810E8111F8CB0E948EA3811568
:10A3D000964008F0F2CB4091A30E5091A40E6091EC
:10A3E000A50E7091A60E8091AF0E9091B00EA09127
:10A3F000B10EB091B20E481759076A077B0708F0F3
:10A40000DCCB0E94D6C7D9CB0E94D6C78111CBCF57
:10A41000AACF0730110509F06EC00E94C30F823029
:10A42000910559F52FB7F8949091B5038091B40335
:10A430002FBF992379F081110DC08091FA0390917B
:10A44000FB03892B09F441C066E070E08DE495E0E0
:10A450000E941D3A0E94C30F029769F48091FA038B
:10A460009091FB03892B39F00E94D90F81159640FA
:10A4700010F40E945C3A0E94C30F9C0124503109E1
:10A480002430310590F427E032E140910712411168
:10A490000AC08530910511F544E455E061E170E0B2
:10A4A000C901232B29F50E9493B00E94C30F843069
:10A4B000910509F415CB08F49CCA089708F099CACD
:10A4C00087E092E10E94E81294CA0E94D90F892B7A
:10A4D00009F0BACF80E00E94CD3ABCCF079719F7B8
:10A4E000232B09F34BE355E061E170E087E092E153
:10A4F0000E94786FD8CF80916B0E823079F4809172
:10A50000430281110BC00E94AFA88115964030F420
:10A5100080914302811102C00E9428C980916B0E74
:10A52000843061F080916B0E853041F080916B0E2C
:10A53000863021F080916B0E873011F40E9493B029
:10A540009FB7F89480916B0E47CB82E090E0909398
:10A55000710F8093700F7ACA83E090E09093710F2F
:10A560008093700F10926F0F10926E0F10926D0FFC
:10A570000E946B336BCA8091700F9091710F01979D
:10A58000029708F063CA1092710F1092700F109228
:10A590006F0F10926E0F10926D0F0E946B338091AF
:10A5A000720F9091730F0E9458AE882309F44ECA1F
:10A5B00081E080936C0F0E9446B248CA019789F0EF
:10A5C0008091700F9091710F029709F0B5C9809139
:10A5D000FF0E8111B1C90E9441B281111BC081E0FF
:10A5E00016C00E9441B28111EBCF10926D0F0E94F4
:10A5F0006534882309F4A0C91092FF0E81E02091F0
:10A60000700F3091710F2230310509F080E0809396
:10A61000FE0E92C98091FE0E882309F48DC9109216
:10A62000FE0E0E94703388C990E0E6CA1F93CF9354
:10A63000DF93182F8091720F9091730F0E9458AE84
:10A64000811106C0C0E08C2FDF91CF911F9108953A
:10A6500080916C0F8823B1F38091700F9091710FEE
:10A66000892B81F7112371F30E94342EEC010E9493
:10A670008010209739F3009729F31F3FD1F4C2309F
:10A68000D10510F0CE0101970E94D44BC82F88232A
:10A69000C9F210926F0F10926E0F10926D0F0E9400
:10A6A0006B331092710F1092700F81E00E9446B2CE
:10A6B000CACFC817D90718F4CE010196E5CF81E0BB
:10A6C00090E0E2CFFC01662399F0DC0190E08D91EF
:10A6D000811109C0DF01A90FB11D80E29F5F8D9339
:10A6E0009031E1F703C09F5F903189F76787108A47
:10A6F0000895DC011E96ED91FC911F97E130F10564
:10A7000021F490968C9181110BC0E43008F0E0E0C8
:10A71000F0E0EE0FFF1FEE58F14F859194910895F0
:10A720008AE79EE00895CF92DF92EF92FF920F9317
:10A730001F93CF93DF9300D01F921F92CDB7DEB748
:10A740008C01362FCA01AE014F5F5F4F7A01FA01CB
:10A7500020E04AE0C42ED12C2F5FB6010F947C007C
:10A76000805D8193CB01009711F02530A9F7EFEFC1
:10A77000E20FF0E03196EE0DFF1D832FD801A80FF8
:10A78000B11D92919C938F5FEE15FF05B9F7832F52
:10A79000820F0F900F900F900F900F90DF91CF913D
:10A7A0001F910F91FF90EF90DF90CF90089510923E
:10A7B000650D1092640D1092630D08954FB7F894D3
:10A7C00020917804309179048091970C9091980CA5
:10A7D0004FBF821B930B08954FB7F89420917604D6
:10A7E0003091770480917404909175044FBF821B5F
:10A7F000930B089510929B0F1092500D10929C0F86
:10A8000010929A0F8FEF80935A021092990F089529
:10A810001092000F1092010F08956817790760F0E9
:10A82000681B790B6C5F7F4F53E0769567955A955F
:10A83000E1F7860F971F08959C012D5F3F4F261B60
:10A84000370B43E0369527954A95E1F7821B930B2A
:10A85000089561157105B9F034E1389FF001399F11
:10A86000F00D1124469FC001479F900D1124E81759
:10A87000F90748F0269FA001279F500D112481E081
:10A880004E175F0708F480E008959C016091450D24
:10A890007091460D66307105F1F4E091430DF09131
:10A8A000440D3097B1F0A4E2B4EF0F94BA009F01C9
:10A8B00036952795620F731F811D911D9F0150E0F2
:10A8C00040E00F9490002115310581E048075105C3
:10A8D000B8F4C901089564307105D9F7A2E3B0E076
:10A8E0000F94BA009B01AC01285F3F4F4F4F5F4F61
:10A8F00084E056954795379527958A95D1F7E3CF0C
:10A900008FEF9FEF089580917B0D882351F0809108
:10A910007A0D882331F081E09091710D911101C081
:10A9200080E008956091290420912E0430912F0435
:10A930006623F9F0862F8695820F932F911D70E084
:10A940000F947C00EBE2F4E08CE0DF011D928A952D
:10A95000E9F785E080932804660F771FCB01019605
:10A9600063E070E00F947C0070932A0460932904E4
:10A97000089570E060E0E6CF8091290440912E04B4
:10A9800050912F04282F30E070E060E0882339F0E8
:10A990008695840F952F911DB9010F947C00EDE2EF
:10A9A000F4E08AE0DF011D928A95E9F782E0809366
:10A9B000280470932A046093290430932C04209374
:10A9C0002B048FEF80932D0408958F929F92AF9266
:10A9D000BF92CF92DF92EF92FF920F931F9342307C
:10A9E00051056105710560F480E01F910F91FF90A2
:10A9F000EF90DF90CF90BF90AF909F908F90089591
:10AA0000FC01E45EFD4FC080D180E280F380EFEF77
:10AA1000CE1ADE0AEE0AFE0AC416D506E606F706C8
:10AA200018F3480159016A01FC01E05FFD4F37E06E
:10AA300076956795579547953A95D1F7008111819D
:10AA400022813381400F511F621F731F21E00E943A
:10AA500050E0009749F2CC0CDD1CCC0CDD1CF1E081
:10AA6000DF22C80ED91EF60180829182A282B382B3
:10AA700081E0BBCF0F931F93CF93DF93EB01E42FC4
:10AA8000DC01AC5DBD4F4D915D916D917C91139753
:10AA90000C811D812E813F8140235123622373232A
:10AAA00029E076956795579547952A95D1F70881BE
:10AAB00019812A813B8102501109210931091B9614
:10AAC000FC9104C0000F111F221F331FFA95D2F70B
:10AAD000400F511F621F731F57970D911D912D91AC
:10AAE0003C91400F511F621F731F2E2F0E9450E098
:10AAF000009729F02C813D813170820F931FDF91E7
:10AB0000CF911F910F910895CF93DF93EC010E9495
:10AB10001ADF882341F0C45DDD4F88819981DF9180
:10AB2000CF910C9472DF80E0DF91CF9108954F9226
:10AB30005F926F927F928F929F92AF92BF92CF92CD
:10AB4000DF92EF92FF920F931F93CF93DF936C01ED
:10AB50004B01D42F5901F8012115310521F0D901FC
:10AB60008C9181113AC0F4019C2DD60184918D9372
:10AB700031968A2F891B8D17C8F3F601ED0FF11D51
:10AB800082E58083E1E0ED0FEC0DFD2DF11D85E404
:10AB9000808383E08D0FE2E0ED0FEC0DFD2DF11DC4
:10ABA00093E49083F601E80FF11D90E291938F5F9B
:10ABB0008031E1F7F601108ADF91CF911F910F915B
:10ABC000FF90EF90DF90CF90BF90AF909F908F90CD
:10ABD0007F906F905F904F90089510E1141B00E0FC
:10ABE0008D91882309F460C00F5F0F33C9F780810E
:10ABF00081110AC081E080830E9430DCD7016D930F
:10AC00007D938D939C931397C02FC11B2C2F30E005
:10AC1000ACE2B1E00F94BA002B013C010E9430DCA1
:10AC2000F7012081318142815381621B730B840BB8
:10AC3000950BA30192012053384F4F4F5F4F0F9454
:10AC40009000603BF4E07F078105910580F1605B37
:10AC5000744081099109641575058605970550F4BE
:10AC60002CE231E040E050E00F9490002F5F2C1771
:10AC700008F4C22FF4019C2DD60184918D93319656
:10AC80008A2F891B8D17C8F3F601ED0FF11D1C0FDC
:10AC900080E2C01720F4D501AC0FB11D8C918193D7
:10ACA000CF5F1C13F5CF86CF101708F4A0CFC0E0FC
:10ACB000E1CF4F925F926F927F928F929F92AF926D
:10ACC000BF92CF92DF92EF92FF921F93CF93DF93C9
:10ACD000FC016115710521F0DB018C9181111BC014
:10ACE00080E580838CE4818381E4828389E58383AA
:10ACF000148210926F0DDF91CF911F91FF90EF9012
:10AD0000DF90CF90BF90AF909F908F907F906F908B
:10AD10005F904F900895D42F413108F0D0E1DB01CE
:10AD200085E095E110E031E22D91222351F0389F2A
:10AD3000A001399F500D1124CA0182271F5F1F39BE
:10AD400099F76B017F0120916D0D30916E0D2817E1
:10AD5000390721F420916C0D2117E1F090936E0DCD
:10AD600080936D0D10936C0D10926F0DD11708F438
:10AD70006AC0C0E0F7019C2F9D0FC91709F45EC09F
:10AD800080E2C11720F4D601AC0FB11D8C918193E4
:10AD9000CF5FF3CFD11768F7C12FCD1B2C2F30E039
:10ADA000ACE2B1E00F94BA002B013C015C014B0115
:10ADB000B0ED8B0EB7E09B1EA11CB11C80916F0DF6
:10ADC00081110DC081E080936F0D0E9430DC609393
:10ADD000680D7093690D80936A0D90936B0D0E94BE
:10ADE00030DC2091680D3091690D40916A0D5091D1
:10ADF0006B0D621B730B840B950BA50194010F94D3
:10AE00009000603B24E072078105910508F4B1CF02
:10AE1000605B744081099109641575058605970585
:10AE200008F0A8CF2CE231E040E050E00F94900011
:10AE30002F5F2C1708F09ECFC22F9CCFF701ED0F8C
:10AE4000F11D108258CFC12FCD1B2C2F30E0ACE26A
:10AE5000B1E00F94BA002B013C015C014B0180ED85
:10AE6000880E87E0981EA11CB11CACCFCF93C82FD1
:10AE70000E9430DC2091650D2C1751F0C093650DB8
:10AE800066577D4F7093640D6093630D80E00BC037
:10AE90002091630D3091640D621B730B77FDF6CF2B
:10AEA0000E94D75381E0CF91089510924A0F0E94DB
:10AEB00030DC6C577C4F7093490F6093480F1092B1
:10AEC000670D1092660D0895CF93DF931F921F9226
:10AED000CDB7DEB7809158028823B9F08091500237
:10AEE00090915102019739F58091B60C882369F051
:10AEF0008091AC0C9091AD0C8B3038F4BE016F5F3B
:10AF00007F4F0E94D0A8811120C0809158028823D1
:10AF100001F180915002909151020197D1F0E0919E
:10AF2000710D8FEF8E0F8830A0F4F0E0EE0FFF1F51
:10AF3000EE54F04F1AC08091700D882331F3809148
:10AF40009D0F90919E0F9A838983E981FA81E13167
:10AF500038F080E090E00F900F90DF91CF9108954E
:10AF6000FF27EE0FFF1FE057F04F85919491F3CF2D
:10AF70009F92AF92BF92CF92DF92EF92FF920F9388
:10AF80001F93CF93DF93EC01A62E942E0E9464575B
:10AF90008C01892B09F4CBC0B0905802BB2009F476
:10AFA0008BC08091500290915102019709F091C09D
:10AFB0008091B60C882309F4BAC0C090B20CD0902E
:10AFC000B30CE090B40CF090B50CC114D104E104C2
:10AFD000F10409F48FC08091AE0C9091AF0CA09158
:10AFE000B00CB091B10C80389105A105B10520F4E9
:10AFF00080E890E0A0E0B0E080589109A109B10993
:10B000009601A7018C159D05AE05BF0510F49C01A6
:10B01000AD01A4E6B0E00F94C900A70196010F941A
:10B020009000FE01CE01409630E231938E179F07CB
:10B03000E1F782E5A11080E5888385E4A11081E431
:10B04000898383E4A11085E58A83DE01149690E06C
:10B0500080E0F801E80FF91FE491EE2329F0ED9369
:10B06000019687309105A9F780E2243608F081E344
:10B070008B8790E22A3040F03AE0822F632F0F94C2
:10B0800070000F947000905D9C87822F6AE00F948F
:10B090007000905D9D8785E28E87A1104AC024369E
:10B0A00050F00E9430DC66277270672B21F080E23E
:10B0B000888389838A83188A8B2DDF91CF911F9192
:10B0C0000F91FF90EF90DF90CF90BF90AF909F9047
:10B0D000089580917A0D882351F1C090760DD0901B
:10B0E000770DE090780DF090790DC114D104E10452
:10B0F000F10411F424E695CF2091720D3091730D77
:10B100004091740D5091750DA4E6B0E00F94C90004
:10B11000A70196010F949000253631054105510590
:10B1200008F47FCF24E630E040E050E07ACFB12C45
:10B13000C3CF911002C08FE3982E9F86BCCF0E9490
:10B140004DB5E4E0F1E080818E7F8083E5E0F1E0C1
:10B1500080818E7F8083109273041092720410920B
:10B1600071041092700410926F0410926E04109289
:10B170006D0410926C0410926B0410926A04109289
:10B180006904109268041092670410926604109289
:10B19000620D1092610D109219141092A10F10926D
:10B1A0005D0D10925E0D10925F0D1092600D109269
:10B1B000590D10925A0D10925B0D10925C0D109269
:10B1C000580D1092570D1092560D0E94FA5310927E
:10B1D000550D1092540D1092530D1092520D109265
:10B1E000510D08956093760D7093770D8093780DCF
:10B1F0009093790D1092720D1092730D1092740D40
:10B200001092750D21E020937A0D0C941BADCF9216
:10B21000DF92EF92FF920F93CF93DF93EC0180E2E6
:10B22000DE011D928A95E9F7FB01868197819F8354
:10B230008E835D834C83C48CD58CE68CF78CC8865A
:10B24000D986EA86FB86FC01F0964F70552765E0AB
:10B25000440F551F6A95E1F7E40FF51F338533FD61
:10B2600011C0377338834385487111F438603883CF
:10B270000B83322F3370313009F444C038F0323050
:10B2800009F43EC018821A8280E032C031E025FD08
:10B29000F9CF3A833A8131FF06C03881432F41719B
:10B2A00089F730623883DC0197964D915D916D91FD
:10B2B0007C919A974C8B5D8B6E8B7F8B44895589E3
:10B2C00070E060E0BA0155274427C28CD38CF12C82
:10B2D000E12C4C295D296E297F2925FF1AC04115D3
:10B2E00051056105710581F48A8180688A8381E056
:10B2F000DF91CF910F91FF90EF90DF90CF90089565
:10B3000033E0C7CF32E0C5CF0E9490E18111ECCF8E
:10B31000B9CF4C8F5D8F6E8F7F8F848D958DA68D6D
:10B32000B78D888F998FAA8FBB8FE1CFDF92EF9275
:10B33000FF920F931F93CF93DF93CDB7DEB7E797BD
:10B340000FB6F894DEBF0FBECDBF7C018B015FABA3
:10B350004EABD22E19821A821B82FC018081882377
:10B3600079F080E0E7960FB6F894DEBF0FBECDBF50
:10B37000DF91CF911F910F91FF90EF90DF90089593
:10B38000FB018081807D69F3EEA9FFA980818F3266
:10B39000D9F4EEA9FFA980818F3221F43196FFAB59
:10B3A000EEABF7CFF80166817781811104C0C70148
:10B3B0000E94B6E7D7CFCE0101960E94B6E7882358
:10B3C00081F28E010F5F1F4FAE014A5C5F4FBE01DD
:10B3D0006F5D7F4F8EA99FA90E949BD5882309F49A
:10B3E000C0CFEEA9FFA980818823D1F020E0AE0173
:10B3F0004F5D5F4FB801C7010E9453E5882309F4F0
:10B40000B0CF80E2F701DE01119601900D928A958E
:10B41000E1F7C7010E94E3E1F70110821282D1CF68
:10B420002D2DAE014F5D5F4FB801C7010E9453E55E
:10B4300099CF6115710521F0605D7D4F0C9496598F
:10B4400080E00895CF93DF93EC01262F4C895D892E
:10B450006E897F898E819F8184960E9450E000973B
:10B4600059F02C813D812F70332745E0220F331F87
:10B470004A95E1F7820F931FDF91CF9108953F9294
:10B480004F925F926F927F928F929F92AF92BF92F4
:10B49000CF92DF92EF92FF920F931F93CF93DF93A0
:10B4A00000D01F92CDB7DEB75C01FC014484558407
:10B4B0006684778486809780F401C184D284E38493
:10B4C000F484C414D504E604F704C0F473016201E3
:10B4D00010E0FFEFCF1ADF0AEF0AFF0AF401818DB7
:10B4E000928DA38DB48D8C159D05AE05BF0540F4DE
:10B4F000111132C0C184D284E384F48411E0E9CF15
:10B500004C145D046E047F0439F19E012F5F3F4FA0
:10B51000B701A601C4010E940FE187FD1DC0882369
:10B52000C1F289819A81AB81BC81892B8A2B8B2BBB
:10B5300081F6112329F0F401C186D286E386F486D0
:10B540000FEF1FEF2FEF3FE0B701A601C4010E94EC
:10B550009AE0382E811118C0312C832D0F900F9056
:10B560000F900F90DF91CF911F910F91FF90EF906F
:10B57000DF90CF90BF90AF909F908F907F906F9013
:10B580005F904F903F9008954114510461047104FD
:10B59000B9F4F501C486D586E686F7868281411422
:10B5A000510461047104B1F0FFEF4F1A5F0A6F0A92
:10B5B0007F0A4C145D046E047F0479F08F7B0BC00E
:10B5C00097018601B301A201C4010E949AE0811192
:10B5D000E0CFC2CF8064F5018283F501828180686B
:10B5E0008283BBCFAF92BF92CF92DF92EF92FF9256
:10B5F0000F931F93CF93DF93EC01888186FF0DC0DB
:10B6000010E0812FDF91CF911F910F91FF90EF906C
:10B61000DF90CF90BF90AF90089588899989AA89CB
:10B62000BB8981159E4FAF41B10550F7CE010E94F5
:10B630003F5A182F882321F3EE81FF81CC84DD84CB
:10B64000EE84FF8432E0C31AD108E108F108848156
:10B6500004C0CC0CDD1CEE1CFF1C8A95D2F781893E
:10B660009289A389B489C80ED91EEA1EFB1E00E088
:10B67000A12C82E0B82EEE81FF8182810817B0F400
:10B6800025E0B701A601400F511D611D711DCF01BD
:10B6900084960E9450E0009709F4B2CFFC01950116
:10B6A000119221503040E1F70F5FE5CF848120E017
:10B6B00032E002C0220F331F8A95E2F78889998908
:10B6C000AA89BB89820F931FA11DB11D888B998BFD
:10B6D000AA8BBB8B96CFCF93DF93EC01AB0170E0CD
:10B6E00060E085E0440F551F661F771F8A95D1F7EC
:10B6F000CE010E9477E2882329F0CE01DF91CF911D
:10B700000C9495E490E080E0DF91CF910895CF9381
:10B71000DF93EC0184960E941ADF882331F0888140
:10B720009981DF91CF910C9472DF80E0DF91CF910E
:10B730000895DF92EF92FF920F931F93CF93DF93C1
:10B74000CDB7DEB7A0970FB6F894DEBF0FBECDBF62
:10B750008C01DB019C91907D09F499C07B0122E56D
:10B76000C8010E9453E5882309F491C081E0F801E3
:10B77000828380E1D82ED082C8010E94F25A8823A9
:10B7800009F485C0F80184859585A685B785848FE1
:10B79000958FA68FB78F40E050E0BA01C8010E9494
:10B7A00077E2C8010E94E3E1882309F470C061E0F8
:10B7B000C8010E94225AFC01892B09F468C0D38673
:10B7C00080E2DE01119601900D928A95E1F78EE2FA
:10B7D0008983FE013296CE010C9620E22193E81770
:10B7E000F907E1F7D8011696ED91FC9117975C9651
:10B7F0004D915D916D917C915F9742505109610926
:10B800007109848104C0440F551F661F771F8A95F4
:10B81000D2F781899289A389B489480F591F6A1F79
:10B820007B1F21E0CF0184960E9450E0009779F1C0
:10B8300020E2FE013196DC0101900D922A95E1F79C
:10B840002EE22A83F701448D558D668D778D7E8B90
:10B850006D8B5C8F4B8F20E2FE013196DC01909660
:10B8600001900D922A95E1F7D80116968D919C9141
:10B87000A0960FB6F894DEBF0FBECDBFDF91CF917B
:10B880001F910F91FF90EF90DF900C94875B80E009
:10B89000A0960FB6F894DEBF0FBECDBFDF91CF915B
:10B8A0001F910F91FF90EF90DF900895DF92EF923C
:10B8B000FF920F931F93CF93DF93CDB7DEB7E79738
:10B8C0000FB6F894DEBF0FBECDBF7C018B015FAB1E
:10B8D0004EABD22E19821A821B82FC0180818823F2
:10B8E00079F080E0E7960FB6F894DEBF0FBECDBFCB
:10B8F000DF91CF911F910F91FF90EF90DF9008950E
:10B90000FB018081807D69F3EEA9FFA980818F32E0
:10B91000A9F4EEA9FFA980818F3221F43196FFAB03
:10B92000EEABF7CFF80166817781CE0101960E94D8
:10B93000B6E78823B1F28E010F5F1F4FAE014A5C5C
:10B940005F4FBE016F5D7F4F8EA99FA90E949BD55F
:10B95000882339F2EEA9FFA98081882331F120E004
:10B96000AE014F5D5F4FB801C7010E9453E58823C8
:10B9700079F080E2F701DE01119601900D928A952F
:10B98000E1F7C7010E94E3E1F70110821282D3CFF1
:10B99000DD2009F4A6CFAE014F5D5F4FB801C701AE
:10B9A0000E94995B8111E5CF9CCFAE014F5D5F4F47
:10B9B000B801C7010E94995B95CFCF92DF92EF92B9
:10B9C000FF920F931F93CF93DF93E901FC01E45E95
:10B9D000FD4F00811181228133810F5F1F4F2F4F57
:10B9E0003F4F041715072607370750F48FEFDF91F5
:10B9F000CF911F910F91FF90EF90DF90CF9008951E
:10BA00006A01FC01E05FFD4F37E076956795579539
:10BA100047953A95D1F70081118122813381400FFA
:10BA2000511F621F731F20E00E9450E00097F1F247
:10BA3000CC0CDD1CCC0CDD1C21E0D222C80ED91EA2
:10BA4000F60180819181A281B3818F3FFFEF9F0733
:10BA5000AF07BF0731F088839983AA83BB8381E056
:10BA6000C6CF80E0C4CF4F925F926F927F928F9249
:10BA70009F92AF92BF92CF92DF92EF920F931F935C
:10BA8000CF93DF936C0148015901DB01CA01029792
:10BA9000A109B109AC01BD01480D591D6A1D7B1DED
:10BAA000F601E45EFD4F008111812281338104178C
:10BAB00015072607370708F47FC07097408051802C
:10BAC00062807380EE2009F46CC0481659066A063D
:10BAD0007B0688F0441655066606770660F4401724
:10BAE00051076207730718F040E050E0BA01408345
:10BAF0005183628373839C012770332711E001C057
:10BB0000110F2A95EAF72C013D012CE076946794F9
:10BB1000579447942A95D1F7F601E85EFD4F40818E
:10BB2000518162817381440D551D661D771D33E07F
:10BB3000B695A795979587953A95D1F7EC01D17071
:10BB40002A013B012FEF421A520A620A720A21E0CF
:10BB5000C6010E9450E0009779F1FC01EC0FFD1F37
:10BB6000A12F2081422F4A2331E009F430E03E1515
:10BB700019F12A272083B1E08B1A9108A108B10896
:10BB800061F1AA0F71F73196B301A201D0E0C0E0D4
:10BB900011E0A1E09F01281B390B2115324009F764
:10BBA000CFCF84159505A605B70508F0A4CF8083EF
:10BBB0009183A283B3839FCF80E0DF91CF911F91C8
:10BBC0000F91EF90DF90CF90BF90AF909F908F90AC
:10BBD0007F906F905F904F90089581E0EECF4F92ED
:10BBE0005F926F927F928F929F92AF92BF92CF920D
:10BBF000DF92EF92FF920F931F93CF93DF9300D0CA
:10BC00001F92CDB7DEB74C016A017B012A013B01CF
:10BC10009E012F5F3F4FB701A601C4010E94DD5C6A
:10BC2000A82E87FD49C000E010E09801B701A601E9
:10BC3000C4010E94E554B82E8823F1F18FEFC81A91
:10BC4000D80AE80AF80AAA2049F089819A81AB81CA
:10BC5000BC818C159D05AE05BF0591F0970186014D
:10BC60000419150926093709E12CB301A201C40101
:10BC70000E94335D882301F149805A806B807C806B
:10BC8000C980DA80EB80FC80A110C2CF8B2D0F9091
:10BC90000F900F900F90DF91CF911F910F91FF9018
:10BCA000EF90DF90CF90BF90AF909F908F907F905C
:10BCB0006F905F904F900895B12CE8CF2F923F92F4
:10BCC0004F925F926F927F928F929F92AF92BF92AC
:10BCD000CF92DF92EF92FF920F931F93CF93DF9358
:10BCE000CDB7DEB72E970FB6F894DEBF0FBECDBF2F
:10BCF0009E878D8749835A836B837C830F83188744
:10BD000029873A872A013B0122E0421A510861083B
:10BD10007108452B462B472B41F4ED85FE85E45FEA
:10BD2000FD4F4080518062807380ED85FE85E45E2A
:10BD3000FD4F80819181A281B381481659066A0620
:10BD40007B0618F0412C512C3201D301C20133E0A3
:10BD5000B695A795979587953A95D1F71C0141E03F
:10BD6000342211E0C2018770992701C0110F8A9512
:10BD7000EAF753014201730162018D859E85885E59
:10BD80009D4F9E838D83AD85BE85A45EBD4FBC87D0
:10BD9000AB87ED81FE8180819181A281B381B70162
:10BDA000A6012CE076956795579547952A95D1F78A
:10BDB000480F591F6A1F7B1F20E08D859E850E94BA
:10BDC00050E09C01892B09F47FC0F901E20DF31DBD
:10BDD0000081FFEFCF1ADF0AEF0AFF0A902F9123AD
:10BDE00009F047C0B701A601481959096A097B093A
:10BDF0008F819885A985BA85481759076A077B07F7
:10BE0000D1F589819A81AB81BC81892B8A2B8B2BBF
:10BE100089F48F819885A985BA850197A105B10517
:10BE200049F4AD85BE85A45FBD4FFD01808291823E
:10BE3000A282B382C501B4016E5F7F4F8F4F9F4FC7
:10BE40002E960FB6F894DEBF0FBECDBFDF91CF9117
:10BE50001F910F91FF90EF90DF90CF90BF90AF9028
:10BE60009F908F907F906F905F904F903F902F901A
:10BE70000895460157014C145D046E047F0441F19E
:10BE8000AB85BC854D915D916D917C91C416D506B5
:10BE9000E606F70678F4110F09F09BCFC101019671
:10BEA000312C212C11E08115B2E09B0708F071CFF5
:10BEB0001C018BCF212C82E0382E812C912C540137
:10BEC000C12CD12C7601EACF60E070E0CB01B8CF75
:10BED00061E070E080E090E0B3CF9FE9980F9A3185
:10BEE00008F4805208954F925F926F927F928F92E2
:10BEF0009F92AF92BF92EF92FF920F931F93CF93B7
:10BF0000DF93EC0188A199A1488D598D6A8D7B8DB5
:10BF1000411551056105710519F14F5F5F4F6F4F75
:10BF20007F4F01E010E020E030E00E945E5E4B01B8
:10BF30005C0122E082169104A104B104A8F4F12C62
:10BF40008F2DDF91CF911F910F91FF90EF90BF90B8
:10BF5000AF909F908F907F906F905F904F900895DB
:10BF600040E050E0BA01DDCFEE24E39401E010E0C0
:10BF700020E030E0BC01A40188A199A10E94335DBA
:10BF8000F82E8823E1F2488D598D6A8D7B8D8EA520
:10BF9000411551056105710539F480648EA7888EBD
:10BFA000998EAA8EBB8ECCCF86FF2AC04F5F5F4F83
:10BFB0006F4F7F4F481559056A057B0581F38F7BCD
:10BFC0008EA74C8D5D8D6E8D7F8D88A199A1488C3B
:10BFD000598C6A8C7B8C441555056605770580F471
:10BFE0002A013B012FEF421A520A620A720A930198
:10BFF00082010E94E554B301A2018111E6CF9FCFD7
:10C000000FEF1FEF9801B501A40188A199A10E942B
:10C01000E554882309F493CF488D598D6A8D7B8D23
:10C02000411551056105710509F4B9CF95018401E8
:10C0300088A199A10E94E5548111B1CF80CF2F92A0
:10C040003F924F925F926F927F928F929F92AF92A8
:10C05000BF92CF92DF92EF92FF920F931F93CF93F5
:10C06000DF93CDB7DEB762970FB6F894DEBF0FBE91
:10C07000CDBF988B8F874801222E3D834E83352E6E
:10C080002B01DC0158962D913D914D915C915B9770
:10C090002B873C874D875E879C96BC91BF83BB23D3
:10C0A00009F4E3C0FC01F081F887DC011196BC9132
:10C0B000B987FC01F281FA87DC0113966C90139723
:10C0C00014967C9014971596BC91FC01F681F98B1F
:10C0D000FC01F781FA8B288539854A85562D672D15
:10C0E0007B2F89899F2F5801C22CDD80EE80F32C95
:10C0F00082010F941202F1F09401422D5D2D6E2DFC
:10C10000732DC201A0E00F941B02B1F4AF85B88972
:10C1100058961D921D921D921C925B97EF85F8898F
:10C120008082918222822D8123833E8134833582D5
:10C130004682578281E0A4C0EF81E3FF10C0EF8503
:10C14000F889208531854285538564857585868586
:10C150009785DD80EE800F94120208F486C0EF858B
:10C16000F889A0A0B1A0C501815D9D4FFC0110819F
:10C17000175F9401422D5D816E81732DC201AFEF77
:10C180000F94FD01012F0F94D901942F852FA90140
:10C19000692F782F69017B01EF85F88986A586FFD5
:10C1A0000DC0848D958DA68DB78D840F951FA61F0C
:10C1B000B71F808F918FA28FB38FB0CF288539851D
:10C1C0004A85562D672D7B2F89899A89AFEF0F9469
:10C1D000FD010F94D90129833A834B835C83298124
:10C1E0003A814B815C81C216D306E406F50668F0FD
:10C1F000288539854A85562D672D7B2F89899A890F
:10C20000A0E00F941B0209F05BC0BF81B6FF51C0D4
:10C21000F501E05EFD4F80819181A281B381EF85C0
:10C22000F889808F918FA28FB38F6F84788838E1DF
:10C23000630E711CC114D104E104F10409F46ECF42
:10C24000AF85B88958964D915D916D917C915B97C2
:10C25000930190968D919C910E94DD5CB1E0CB1A88
:10C26000D108E108F10818162CF38B859C85AD8563
:10C27000BE85EF85F889808F918FA28FB38F80E084
:10C2800062960FB6F894DEBF0FBECDBFDF91CF919F
:10C290001F910F91FF90EF90DF90CF90BF90AF90E4
:10C2A0009F908F907F906F905F904F903F902F90D6
:10C2B0000895EF85F889848D958DA68DB78DAFCFC4
:10C2C00029813A814B815C81C21AD30AE40AF50ABA
:10C2D000ACCFFC0184A581110CC08FE2DF011D925F
:10C2E0008A95E9F780E484A771A360A381E086A71B
:10C2F000089580E008959F92AF92BF92CF92DF920F
:10C30000EF92FF920F931F93CF93DF9300D000D053
:10C3100000D0CDB7DEB78C01942E89E0F801B2963B
:10C32000DE01119601900D928A95E1F7F801A0A027
:10C33000B1A0F0E26F9FC0011124B0E0A0E04D81F8
:10C340005E816F817885F501EC5DFD4FC080D18005
:10C35000E280F380C422D522E622F722C80ED91E3D
:10C36000EA1EFB1E840F951FA61FB71F8D839E8399
:10C37000AF83B8873B968081875F04C0F694E794CB
:10C38000D794C7948A95D2F7C114D104E104F1047B
:10C3900089F149815A816B817C818985882371F07B
:10C3A0004F5F5F4F6F4F7F4F49835A836B837C830F
:10C3B00021E0C21AD108E108F108E6CF9E012F5F03
:10C3C0003F4FC5010E94DD5C813091F390E080E039
:10C3D00029960FB6F894DEBF0FBECDBFDF91CF9187
:10C3E0001F910F91FF90EF90DF90CF90BF90AF9093
:10C3F0009F900895492DBE016F5F7F4FF80180A186
:10C4000091A10E943A55E4CFFF920F931F93CF93CF
:10C41000DF93FC0124A5211107C081E0DF91CF91BA
:10C420001F910F91FF900895EC0186A587FF8AC0A8
:10C430008F7786A7F12C10E000E08BA58F1508F40C
:10C4400069C040E06F2DCE010E947B61FC01892B09
:10C4500009F473C08081803C61F1813C69F08538CA
:10C4600009F06BC08CA5877390E095838483A8A1A5
:10C47000B9A18C9181608C93408190E080E000FBB9
:10C480001795079517F9DF01A80FB91F2C91020F17
:10C49000111D8130910521F423E030E0453811F081
:10C4A00021E030E0820F931F8032910540F3F39436
:10C4B000C4CF81819EA596FF2BC08260818378893D
:10C4C00069895A894B893C892D899E898F89708712
:10C4D00061875287438734872587968787878C8D26
:10C4E0009D8DAE8DBF8D848B958BA68BB78B7885FC
:10C4F00069855A854B853C852D859E858F85708FF6
:10C50000618F528F438F348F258F968F878FAFCF58
:10C510008D7FD4CF41E0BE016E5D7F4F88A199A190
:10C520000E943A55009749F0FC011383028388A1C9
:10C5300099A10E948455811170CF8DA581608DA72E
:10C5400080E06CCF80A191A10E948455811165CFBC
:10C550009DA591609DA762CF2F923F924F925F92CF
:10C560006F927F928F929F92AF92BF92CF92DF9203
:10C57000EF92FF920F931F93CF93DF93CDB7DEB768
:10C5800063970FB6F894DEBF0FBECDBFDC019E9659
:10C590002C9121FD1AC080E063960FB6F894DEBF9F
:10C5A0000FBECDBFDF91CF911F910F91FF90EF9004
:10C5B000DF90CF90BF90AF909F908F907F906F90C3
:10C5C0005F904F903F902F900895FC01448C558CC4
:10C5D000668C778C411451046104710409F433C1F1
:10C5E0004C01C08CD18CE28CF38C26FFEEC02085F0
:10C5F0003185428553856485758586859785AFEF3E
:10C600000F94FD0100A0F1A1E02DDF01A15DBD4F60
:10C610000C91075F0F94D9012D833E834F83588778
:10C6200069877A878B879C870D811E812F8138854A
:10C630000F5F1F4F2F4F3F4FC114D104E104F1048E
:10C6400009F4ACC0D701C6010196A11DB11D8983B3
:10C650009A83AB83BC83B1E04B1A5108610871081F
:10C660004C185D086E087F08040D151D261D371D2A
:10C67000011511052105310509F09CC0D401FC917B
:10C680001196EC9111971296BC91BD83D40113962B
:10C69000BC91BD87D4011496BC91BE87D401159678
:10C6A000BC91BF87D4011696BC91B88BD401179664
:10C6B000BC91B98BD40150962C90509751963C90D8
:10C6C000519752964C90529753965C90539754962C
:10C6D0006C90549755967C9055975696BC91BA8B12
:10C6E000D4015796BC91BB8B9101A201B3018A89F9
:10C6F0009B2FAF2EBE2ECD80DD84EE84FF84088973
:10C7000019890F94120239F030F02F2E3E2E260197
:10C7100037010A8B1B8BD40150962C92509751965F
:10C720003C92519752964C92529753965C925397E3
:10C7300054966C92549755967C9255978A89569642
:10C740008C9356978B8957968C9357971896FC9392
:10C7500018971996EC931997ED811A96EC931A97FE
:10C76000FD851B96FC931B97EE851C96EC931C97FE
:10C77000FF851D96FC931D97E8891E96EC931E97E6
:10C78000F9891F96FC931F979E968C919E978068BF
:10C790009E968C93C4010E940462FECE49825A8206
:10C7A0006B827C82D4015C961D921D921D921C921C
:10C7B0005F975ECF49815A816B817C81E12CCF01EB
:10C7C0000E94335D81115ACFE6CEC114D104E10439
:10C7D000F10481F119821A821B821C829E012F5F53
:10C7E0003F4FB701A60180A191A10E94DD5C87FDAA
:10C7F000D2CE882379F0F401408D518D628D738DF6
:10C800000FEF1FEF980180A191A10E94E5548823AA
:10C8100009F4C1CE49815A816B817C814115510552
:10C820006105710509F42ACFF40180A191A10E944C
:10C83000EF5DC8CF49825A826B827C82148E158E3E
:10C84000168E178EE7CF81E0A7CE4F925F926F9240
:10C850007F928F929F92AF92BF92CF92DF92EF9290
:10C86000FF920F931F93CF93DF9300D01F92CDB70A
:10C87000DEB74C01DC019C968C919C9786FF5CC0D6
:10C8800090960D911C91F801E05EFD4F80819181A1
:10C89000A281B38189839A83AB83BC83C12CD12CC1
:10C8A000760149815A816B817C819E012F5F3F4FC8
:10C8B000C8010E94DD5C87FD3BC0BFEFCB1ADB0ADD
:10C8C000EB0AFB0A8111EDCFF801E15DFD4F80819C
:10C8D000875F04C0CC0CDD1CEE1CFF1C8A95D2F7D0
:10C8E000D4019096ED91FC91E85DFD4F808191819E
:10C8F000A281B3818C0D9D1DAE1DBF1D0097A105AA
:10C90000B44000F180E00F900F900F900F90DF91F6
:10C91000CF911F910F91FF90EF90DF90CF90BF903C
:10C92000AF909F908F907F906F905F904F90089501
:10C93000C12CD12C7601C8CFF401C084D184E2840B
:10C94000F384CECFC4010E94735F8823D9F2D4014F
:10C9500090968D919C9191975896CD90DD90ED9009
:10C96000FC905B97B2E0CB1AD108E108F108FC011A
:10C97000E15DFD4F208104C0CC0CDD1CEE1CFF1CD2
:10C980002A95D2F7885E9D4FFC0180819181A2811A
:10C99000B381C80ED91EEA1EFB1E412C512C320158
:10C9A00000E012E0D40190968D919C919197FC014A
:10C9B000E15DFD4F208141E050E060E070E004C0A7
:10C9C000440F551F661F771F2A95D2F74416550648
:10C9D00066067706C0F425E0B701A601440D551D93
:10C9E000661D771D0E9450E0009709F48BCFFC0173
:10C9F0009801119221503040E1F73FEF431A530A5A
:10CA0000630A730ACFCF9C962C919C9726FD62C037
:10CA10009E962C919E9720689E962C93FC01E85D33
:10CA2000FD4F80819181A281B3819C01AD0160E0C5
:10CA300070E080E090E0D4011896AC9018971996B9
:10CA4000BC9019971A96CC901A971B96DC901B975E
:10CA50001C96EC901C971D96FC901D971E960C91B1
:10CA60001E971F961C911F970F94F40118962C93F4
:10CA7000189719963C9319971A964C931A971B96E8
:10CA80005C931B971C966C931C971D967C931D972B
:10CA90001E968C931E971F969C9380819181A281F4
:10CAA000B3819C01AD0160E070E080E090E0F401B2
:10CAB000A088B188C288D388E488F5880689178958
:10CAC0000F94F401208B318B428B538B648B758BCD
:10CAD000868B978BC4010E94046215CF8F929F9220
:10CAE000AF92BF92EF920F931F93CF93DF9300D03B
:10CAF00000D000D01F92CDB7DEB79A838983DC01C6
:10CB00009E969C919E9791FF63C0BA87A9875C9679
:10CB10008D909D90AD90BC905F9781149104A1047D
:10CB2000B104A9F410E0E985FA8583A5811708F41A
:10CB300066C041E0612FCF010E947B61009709F43C
:10CB400047C0DC012C912F772C931F5FECCFA98578
:10CB5000BA859096ED91FC91919796FF4AC01896F0
:10CB60002C91189719963C9119971A964C911A97EF
:10CB70001B965C911B971C966C911C971D967C9143
:10CB80001D971E968C911E971F969C91AFEF0F9448
:10CB9000FD01DF01A15DBD4F0C91075F0F94D9012D
:10CBA00029833A834B835C836D837E838F8398874D
:10CBB00009811A812B813C810F5F1F4F2F4F3F4FFF
:10CBC000E12CB501A401CF010E94335D8111AACFF0
:10CBD00080E02A960FB6F894DEBF0FBECDBFDF917E
:10CBE000CF911F910F91EF90BF90AF909F908F903A
:10CBF0000895B501A401CF010E94EF5DE7CFE9855B
:10CC0000FA8514A616A680A191A12A960FB6F894CB
:10CC1000DEBF0FBECDBFDF91CF911F910F91EF907F
:10CC2000BF90AF909F908F900C948455982F803236
:10CC300090F0877F823279F09A3369F0892F8F7B69
:10CC40008C3349F082EC890F823028F081E09C35EA
:10CC500019F080E0089581E00895CF92DF92EF927D
:10CC6000FF920F931F93CF93DF93EA016901FB01BA
:10CC70009F012F5F3F4F80818032E9F0F983E88385
:10CC8000FD83EC839E2F8F2F7F01D7011D917D01A6
:10CC90001123D1F01F3289F0812F0E941666811175
:10CCA00041C017FD40C01E3221F0103211F0FD824C
:10CCB000EC82F701E7CFF901DBCF9E2F8F2F219177
:10CCC0002032D9F32F32C9F3F60190838183C880D3
:10CCD000D980DB82CA820C811D81F12CE12CEA8192
:10CCE000FB81E017F10791F0CF0101969B838A83C6
:10CCF00080810E946D5FE0FAF794E794F7F8E80E00
:10CD0000F11CE0FAF794E794F7F8E9CF0C191D0944
:10CD10001F830E83F986E8860150110981E00F3FD9
:10CD2000110508F080E0DF91CF911F910F91FF90E6
:10CD3000EF90DF90CF900895AF92BF92CF92DF92A5
:10CD4000EF92FF920F931F93CF93DF93EC016A0151
:10CD50007B0159018B819C81AD81BE818C159D0524
:10CD6000AE05BF0590F49501B701A60189819A81AE
:10CD70000E94D8DFDF91CF911F910F91FF90EF902C
:10CD8000DF90CF90BF90AF900895400F511F611D6D
:10CD9000711D84179507A607B70728F7CE010E94D3
:10CDA0001ADF8111E0CFE6CF2F923F924F925F9230
:10CDB0006F927F928F929F92AF92BF92CF92DF92AB
:10CDC000EF92FF920F931F93CF93DF93CDB7DEB710
:10CDD00064970FB6F894DEBF0FBECDBF9C8B8B8BD4
:10CDE0007A8B698B1A01DC019E968C919E9780FF4D
:10CDF000C9C186FD04C09C968C9183FF92C1EB89CA
:10CE0000FC89F085F987AB89BC891996BC91BA87F2
:10CE1000EB89FC89F285FB87AB89BC891B96BC91A9
:10CE2000BC87EB89FC89F485FD87AB89BC891D969D
:10CE3000BC91BE87EB89FC89F685FF87AB89BC89ED
:10CE40001F96BC91B88BEB89FC89F081F983AB8983
:10CE5000BC891196BC91BA83EB89FC89F281FB8372
:10CE6000AB89BC891396BC91BC83EB89FC89F481A6
:10CE7000FD83AB89BC891596BC91BE83EB89FC8987
:10CE8000F681FF83AB89BC891796BC91B887298549
:10CE90003A854B855C856D857E858F859889A980CF
:10CEA000BA80CB80DC80ED80FE800F2F1B2F0F948B
:10CEB000090259016A017B018C01910140E050E0B7
:10CEC00060E070E080E090E031010F94120239F0F0
:10CED00030F069847A84E981FA816E1A7F0AAB891D
:10CEE000BC8950964C90509751965C9051975296B1
:10CEF0008C90529753969C9053975496BC91EB8983
:10CF0000FC89A5893688278829813A814B815C81F3
:10CF10006D817E818F81988552016401EB2EFA2EFE
:10CF2000032D122D0F94120208F0F2C09201A401F9
:10CF30006B2F7A2F832D922DA980BA80CB80DC8035
:10CF4000ED80FE800F8118850F940902F22FE32FE8
:10CF50006A017B018C014301930140E050E060E0F5
:10CF600070E080E090E0AF2EBE2E0F94120219F018
:10CF700010F08F2E9E2E282C392C2614370408F002
:10CF8000D0C062187308512C412C8B899C8948961B
:10CF90009A8789872114310409F482C1AB89BC893D
:10CFA000BC91B983EB89FC89F181FA83AB89BC8997
:10CFB0001296BC91BB83EB89FC89F381FC83AB891E
:10CFC000BC891496BC91BD83EB89FC89F581FE83F5
:10CFD000AB89BC891696BC91BF83EB89FC89F7812C
:10CFE000F887AB89BC899096ED91FC91DF01AC5D2F
:10CFF000BD4FCD90DD90ED90FC9089819A81AB8101
:10D00000BC81C822D922EA22FB2286011170C114F8
:10D01000D104E104F104F9F429813A814B815C8166
:10D020006D817E818F819885A0E00F941B0209F0AD
:10D0300082C0AB89BC899C968C9186FF75C0E05EEE
:10D04000FD4F80819181A281B381EB89FC89808F22
:10D05000918FA28FB38FEB89FC8980A191A1FC01F4
:10D06000E15DFD4FE08149E0F694E794D794C794E1
:10D070004A95D1F7AB89BC8958964D915D916D91D8
:10D080007C915B9742505109610971090E2E04C0D1
:10D09000440F551F661F771F0A94D2F74C0D5D1D74
:10D0A0006E1D7F1DDC01A85EBD4F8D909D90AD90E3
:10D0B000BC90480D591D6A1D7B1D0115110509F015
:10D0C0006CC02114B2E03B0608F467C0DC01139683
:10D0D0008D909D90AD90BC901697481559056A05A6
:10D0E0007B0509F45AC02114B4E03B0608F0ACC03B
:10D0F00001E010E029893A89FC01818192810E9436
:10D10000D8DF882309F43EC0812C82E0982E5BC0D2
:10D11000F0E0E0E0C12CD12CE12CF12C00E010E09B
:10D120001ACF712C612C2FCFEB89FC89848D958DC2
:10D13000A68DB78D8ACFAB89BC8958964D915D91EC
:10D140006D917C915B979E968C919E9786FF0AC00D
:10D150004F5F5F4F6F4F7F4FFD01408F518F628F49
:10D16000738F79CF29853A85CF010E94DD5C87FDD9
:10D1700009C0811170CFAB89BC899C968C91807558
:10D1800009F08EC0AB89BC899D968C919D97826079
:10D190009D968C938FEF9FEFAAC020E032E0201B7A
:10D1A000310B41012215330508F4490120E00E94AA
:10D1B00050E0009739F3BC01600F711FA401898909
:10D1C0009A890F943C0289899A89880D991D9A8BB6
:10D1D000898B480C591C940140E050E060E070E0FD
:10D1E00080E090E0AB89BC89AC901196BC9011971F
:10D1F0001296CC9012971396DC9013971496EC909D
:10D2000014971596FC90159716960C9116971796ED
:10D210001C9117970F94F4012C9311963C9311973E
:10D2200012964C93129713965C93139714966C93E3
:10D23000149715967C93159716968C9316971796B8
:10D240009C9328183908A6CE4101892C99248694EC
:10D25000B12CA12C01E010E020E030E004C0000F70
:10D26000111F221F331FEA95D2F70C191D092E0931
:10D270003F0980169106A206B30610F495018401B9
:10D280004801590129E0880C991CAA1CBB1C2A954D
:10D29000D1F729893A890E949C66811194CF72CF77
:10D2A0006114710419F1A30170E060E089899A8921
:10D2B0000F944502930140E050E060E070E080E0B0
:10D2C00090E0EB89FC89A080B180C280D380E480AB
:10D2D000F580068117810F94F40189019A01AB0151
:10D2E000BC01CF010E941F60460C571CC20164960E
:10D2F0000FB6F894DEBF0FBECDBFDF91CF911F9167
:10D300000F91FF90EF90DF90CF90BF90AF909F90E4
:10D310008F907F906F905F904F903F902F900895E7
:10D320002F923F924F925F926F927F928F929F9235
:10D33000AF92BF92CF92DF92EF92FF920F931F9323
:10D34000CF93DF93CDB7DEB7AE970FB6F894DEBFBD
:10D350000FBECDBF3C017B012A01C22EDC019C9691
:10D360008C9181110DC0FB0184A5807549F0822F3D
:10D370008370813009F492C040F0823009F48BC090
:10D38000F30114A616A6D12C2EC1F1E0FBA363E095
:10D39000862E41145104B9F0D20116968D919C91BC
:10D3A0000E966FE070E00F947C0072E0872E860E80
:10D3B00000E010E020E030E040E050E060E070E0AD
:10D3C000C7010E941F60D12C10E0FE01B196FAA3A4
:10D3D000E9A3FBA1F064FEA75FE2952E40E250E0D6
:10D3E000BE016F5F7F4FC7010E94D466009741F175
:10D3F000809731F6898187FD54C0111118C0D7017B
:10D400002D913D914D915C91139720523109410925
:10D4100051092AA73BA74CA75DA758962D913D918E
:10D420004D915C915B972EA33FA348A759A7181570
:10D4300008F41F5F81110CC14114510409F4A0CFFD
:10D44000C4FE9ECF8BA1827009F49ACF411451047F
:10D4500009F496CF181508F077C140E250E0BE01FC
:10D460006F5F7F4FC7010E94D466009709F04EC1DD
:10D47000D7015896AD90BD90CD90DC905B97C701D9
:10D480000E942564882309F47BCFF701A08EB18E1A
:10D49000C28ED38EDFCF23E02BA379CF32E03BA324
:10D4A00076CFD11044C0181508F410E0853809F083
:10D4B00095CFF301292D11922A95E9F78A81D3019D
:10D4C0009B968C939B979D81892F877394FF2BC08C
:10D4D0009C968C93D70190968D919C919197F30196
:10D4E00091A380A358968D919D910D90BC91A02DF4
:10D4F00082A393A3A4A3B5A3F70180819181A28104
:10D50000B3818097A109B109F30186A397A3A0A7CE
:10D51000B1A7D7019E968C9186FB882780F982A7B8
:10D52000DD24D3945BCF8860F30184A7D3CF803C04
:10D5300009F090C02BA1F30126A78A8181FF02C0C8
:10D540003EA536A78985D30150968C9350978A853E
:10D5500051968C9351978B8552968C9352978C85CC
:10D5600053968C9353978D8554968C9354978E85B0
:10D5700055968C9355978F8556968C935697888998
:10D5800057968C938D899E89AF89B88DF301848FCE
:10D59000958FA68FB78F898D80878A8D81878B8D98
:10D5A00082878C8D83878D8D84878E8D85878F8DE7
:10D5B000868788A187874114510479F5C6FCE0CE9F
:10D5C0008C2D847221F4F30186A581FF06C0D3015E
:10D5D0009C968C91817109F0D3CEC5FC79C0F30182
:10D5E00086A581FD8FC08D2DAE960FB6F894DEBF57
:10D5F0000FBECDBFDF91CF911F910F91FF90EF90A4
:10D60000DF90CF90BF90AF909F908F907F906F9062
:10D610005F904F903F902F900895D2018D919C91F3
:10D62000119713969C938E9312972C8116968D9139
:10D630009C9117972817190659F4DD24D39418964E
:10D640002D913C918D819E812817390709F4C6CE12
:10D65000D12CC4CE813CE1F7F201248035809E01BB
:10D660002D5F3F4F3DA32CA3ACA1BDA1AD90BD90BC
:10D67000BDA3ACA3D2011296ED91FC911397E215D4
:10D68000F30559F4AB2821F7D20112968D919C91A4
:10D690008215930509F0A2CE91CFCF010196139682
:10D6A0009C938E9312978081BFE7AB16B10480F6EE
:10D6B0000E946D5F082F8A2D0E946D5F0813C8CFEE
:10D6C000ECA1FDA129A13AA1E217F30769F6DCCF8D
:10D6D000D3019E968C9181FF53CE00E010E020E0B4
:10D6E00030E040E050E060E070E0C3010E941F6065
:10D6F000882309F445CEC3010E94AC62882309F453
:10D700003FCE6DCF84A5806284A76DCF809709F04E
:10D7100037CE111117C0F70180819181A281B381A9
:10D720009C01AD0120523109410951092AA73BA7AB
:10D730004CA75DA7808D918DA28DB38D8EA39FA3E5
:10D74000A8A7B9A71F5F86CEF70186A586FB882705
:10D7500080F99FE2D3011D929A95E9F720A131A1AA
:10D76000F30131A320A398E294A72EA13FA148A5DD
:10D7700059A522A333A344A355A32AA53BA54CA591
:10D780005DA526A337A340A751A782A7F2018081F8
:10D7900091819383828310E080E2982E91ECA92EF0
:10D7A00020ECD22E2BA0689427F835E8B32E0FEF8B
:10D7B000080D41E2E42E4CE5F42E181509F45BC087
:10D7C00041E0612FC3010E947B61DC01892B09F4D8
:10D7D000D7CD8C9187FDD4CDFD01292D11922A95AD
:10D7E000E9F7111114C0BC92F30103A711960C9331
:10D7F00011971B96FC92EE921A971F96FC92EE924E
:10D800001E975396FC92EE9252971F5FD6CF11301F
:10D8100091F4DC9211961C931197F30126A6F20164
:10D82000868113968C9313978085918515969C938A
:10D830008E931497EACFAC92F20144815581BD01D9
:10D840006E5F7F4FCD018096F201A281B381A41754
:10D85000B507D9F29D012F5F3F4F338322832C916F
:10D86000022E000C330BDB012D933D93BD018A1773
:10D870009B0751F7CACFC3010E940462D82EB3CED2
:10D880000F931F93CF93DF93EC01FB0194A5907549
:10D8900049F122E5CE010E949069882319F180E3C5
:10D8A0008CA7CE010E9425648823E1F0888D998D94
:10D8B000AA8DBB8D8C8F9D8FAE8FBF8F00E010E047
:10D8C00020E030E040E050E060E070E0CE010E94F7
:10D8D0001F6081EC8EA7CE01DF91CF911F910F9138
:10D8E0000C94046280E0DF91CF911F910F91089515
:10D8F000DF92EF92FF920F931F93CF93DF93CDB7F9
:10D90000DEB7EB970FB6F894DEBF0FBECDBF8C012C
:10D910007B015BAF4AAFD22E1DA61EA61FA6FC013F
:10D9200084A5882379F080E0EB960FB6F894DEBFEB
:10D930000FBECDBFDF91CF911F910F91FF90EF9060
:10D94000DF900895FB0184A5807569F3EAADFBAD16
:10D9500080818F32D9F4EAADFBAD80818F3221F422
:10D960003196FBAFEAAFF7CFF70160A171A181114A
:10D9700004C0C8010E946961D7CFCE0101960E9400
:10D980006961882381F2CE0101967C016AAD7BAD8D
:10D990009E01265C3F4FAE01405D5F4FC8010E9473
:10D9A0002D66882309F4BFCFEAADFBAD80818823C3
:10D9B000D1F020E0AE01405D5F4FB701C8010E9489
:10D9C0009069882309F4AFCF8FE2F801DE01119648
:10D9D00001900D928A95E1F7C8010E940462F80156
:10D9E00014A616A6D0CF2D2DAE01405D5F4FB70116
:10D9F000C8010E94906998CF6115710521F0605DA2
:10DA00007D4F0C94786C80E00895CF93CFB7F89455
:10DA10008091BF0C811127C0EFE6FCE18491E5EB1A
:10DA2000FCE19491E82FF0E0EE0FFF1FED54F54E6E
:10DA3000A591B491EC91E92321F461E085E30E9482
:10DA40009BD961E085E30E94D6DA8CB580618CBDFC
:10DA50008CB580648CBD61E084E30E94D6DA61E01D
:10DA600083E30E94D6DA8091BF0C8F5F8093BF0C56
:10DA7000CFBFCF910895CF93DF9300D01F92CDB742
:10DA8000DEB7CE0101960E9401B8882369F0898132
:10DA9000823050F49A819A509B3530F490E00E9485
:10DAA000DAB78A810E948CB91092830F1092820F8C
:10DAB0008091930F8093800F809159028093810F02
:10DAC0001092840F1092950F81E080937F0F0F903A
:10DAD0000F900F900F90DF91CF9108950F931F93A8
:10DAE000CF93DF93CDB7DEB761970FB6F894DEBF63
:10DAF0000FBECDBFFE01319690E08F01DB012D916D
:10DB0000BD01211109C0F801E90FF11D20E29F5F5D
:10DB100021939031E1F704C021939F5F903171F719
:10DB2000198A0E948BDAC8010E946AD561960FB6E5
:10DB3000F894DEBF0FBECDBFDF91CF911F910F9143
:10DB40000895CF93DF93CDB7DEB79E01245F3F4F9B
:10DB50004A855B85688579858E819F810E947BFDE2
:10DB6000DF91CF9108952F923F924F925F926F92E3
:10DB70007F929F92AF92BF92CF92DF92EF92FF92ED
:10DB80000F931F93CF93DF9380917B0F90917C0F26
:10DB9000059709F49BC180915802882309F472C04B
:10DBA00080917C0D882309F46DC080917B0D8823C2
:10DBB00009F468C0C0917D0FD0917E0F209709F4C1
:10DBC00061C0A0905002B0905102C5010497039724
:10DBD00028F021E0A216B10409F054C089E395E1D0
:10DBE0000E9485B081114EC0D12CC12C0DE71DE0E3
:10DBF00080EA982E99E1E92E92E1F92E27E8222E6B
:10DC00002CE0322E31E9432E3CE0532E4BE9642EBA
:10DC10004CE0742EC1109EC036E0A316B10409F08A
:10DC20004FC01F930F93DF93CF9325EA3CE03F93C0
:10DC30002F931F929F92FF92EF920E94A16D2DB79A
:10DC40003EB7265F3F4F0FB6F8943EBF0FBE2DBFC5
:10DC500001978F399105B0F469E174E189E192E1AE
:10DC60000F944C02892B71F089E192E10E947BAF05
:10DC7000882309F4E3C03FEFC31AD30A84E6C81629
:10DC8000D10441F685E090E090937C0F80937B0F68
:10DC90000E9408540E94D9AE81E0DF91CF911F917C
:10DCA0000F91FF90EF90DF90CF90BF90AF909F903B
:10DCB0007F906F905F904F903F902F900C9446B262
:10DCC00035E0A316B104B1F41F930F93DF93CF9304
:10DCD0007F926F921F929F92FF92EF920E94A16D8E
:10DCE0002DB73EB7265F3F4F0FB6F8943EBF0FBE2D
:10DCF0002DBFAECF31E0A316B104B1F41F930F9343
:10DD0000DF93CF935F924F921F929F92FF92EF9279
:10DD10000E94A16D2DB73EB7265F3F4F0FB6F89416
:10DD20003EBF0FBE2DBF94CF1F930F93DF93CF93B2
:10DD30003F922F921F929F92FF92EF920E94A16DAD
:10DD40002DB73EB7265F3F4F0FB6F8943EBF0FBECC
:10DD50002DBF7ECF36E0A316B104D1F4DF92CF926F
:10DD60001F930F93DF93CF9328E73CE03F932F93CC
:10DD70001F929F92FF92EF920E94A16D2DB73EB726
:10DD8000245F3F4F0FB6F8943EBF0FBE2DBF60CF4C
:10DD900035E0A316B104D1F4DF92CF921F930F9315
:10DDA000DF93CF9329E63CE03F932F931F929F92FE
:10DDB000FF92EF920E94A16D2DB73EB7245F3F4FB7
:10DDC0000FB6F8943EBF0FBE2DBF42CF31E0A31671
:10DDD000B104D1F4DF92CF921F930F93DF93CF93CF
:10DDE0002AE53CE03F932F931F929F92FF92EF9280
:10DDF0000E94A16D2DB73EB7245F3F4F0FB6F89438
:10DE00003EBF0FBE2DBF24CFDF92CF921F930F9343
:10DE1000DF93CF932BE43CE03F932F931F929F928D
:10DE2000FF92EF920E94A16D2DB73EB7245F3F4F46
:10DE30000FB6F8943EBF0FBE2DBF0ACF69E172E165
:10DE400089E194E10E94B6C9882309F41BCFAA9402
:10DE5000AB2851F569E174E186E090E10E94BCEDE8
:10DE6000882311F169E172E186EA90E10E94BCED3C
:10DE70008823D1F066EA70E186E090E10F944C02CD
:10DE8000892B91F086E090E10E947BAF882361F0BE
:10DE900086EA90E10E947BAF811111C066EA70E1D1
:10DEA00086E090E10E94B6C94FE950E069E172E175
:10DEB00089E194E10F9463021092B814E3CE86EAEC
:10DEC00090E10E9408CC8111E9CFEECFDF91CF9194
:10DED0001F910F91FF90EF90DF90CF90BF90AF9088
:10DEE0009F907F906F905F904F903F902F900895FC
:10DEF0000F931F93CF93DF93EC018B01BA01015075
:10DF00001109A8010E946CFDC00FD11F1882DF917A
:10DF1000CF911F910F910895009741F04115510540
:10DF200019F4FC01108208950C94786F0895CF9233
:10DF3000DF92EF92FF920F931F93CF93DF9300D066
:10DF40001F92CDB7DEB78C016B01BA01452B09F0EA
:10DF5000A2C08091500290915102069709F097C09B
:10DF60008091520290915302A0915402B0915502B7
:10DF700044EC5FE080349C49A105B10510F048EC09
:10DF80005FE064E070E0CE0101960E948C6F8981B1
:10DF9000E12C882361F08A81EE24E394882339F010
:10DFA0008B8193E0E92E811102C082E0E82E8FE0A0
:10DFB000F82EFE18C114D10421F0F60180818111E0
:10DFC00010C04CEC5FE061E170E0C8010E948C6F12
:10DFD000F80180E091919923D9F0F81661F08F5FF4
:10DFE000F9CFD601F80180E09D91992389F09193B2
:10DFF0008F5FF812F9CFFE0131968F2D8E0DF81636
:10E0000091F09191D801AF0DB11D9C93F394F7CF8E
:10E01000F801E80FF11D90E28F1518F48F5F9193CE
:10E02000FBCFF82EE8CFF801178680919B0D88234F
:10E0300009F496C08091500290915102863091056A
:10E04000B1F50E94EC539C01A4E6B0E00F94BA0035
:10E050002FEF37E040E050E00F9490002536310577
:10E060004105510520F024E630E040E050E084E630
:10E07000821BF80190E02191211174C0F801E90F91
:10E08000F11D20E29F5F21939F30E1F76FC0C11423
:10E09000D10429F0B601C8010E943CDCC6CF4CEC8B
:10E0A0005FE061E170E0C8010E948C6FBECF019714
:10E0B00049F50E94D2276091B70C7091B80C20915D
:10E0C000B90C3091BA0C50E040E0260F371F411DCB
:10E0D000511D280F391F411D511D2115FCE03F071F
:10E0E0004105510520F02FEF3BE040E050E0A4E671
:10E0F000B0E00F94C9002FEF3BE040E050E00F94F8
:10E100009000B5CF0E94D2276091BB0C7091BC0CDF
:10E110002091BD0C3091BE0C50E040E0260F371F1F
:10E12000411D511D280F391F411D511D21158CE026
:10E1300038074105510520F02FEF3BE040E050E06B
:10E14000ACE9BFEF0F94D700645670458B4F9F4FDB
:10E150002FEF3BE040E050E00F949000822F89CFFA
:10E1600084E687CF9F5F9F3009F085CF91E0F8016B
:10E170009787108A0E947EB50F900F900F900F9096
:10E18000DF91CF911F910F91FF90EF90DF90CF9093
:10E190000895CF93DF9361157105B9F0FB012081DC
:10E1A000222399F0DC019B01205F3F4F41914D9369
:10E1B000EF0121974881442329F0E217F307B1F7D3
:10E1C000FC01108ADF91CF9108954CEC5FE061E192
:10E1D00070E0DF91CF910C948C6FFC0184E0DF0143
:10E1E0001D928A95E9F780918E0F90918F0F21E013
:10E1F0008430910549F024E08330910529F026E030
:10E200008230910509F425E0208321E0892B09F073
:10E2100020E021838091900F82838091920F8383ED
:10E2200008950F931F93CF93DF93CDB7DEB7619718
:10E230000FB6F894DEBF0FBECDBF20E22983AC013C
:10E2400060E170E0CE0102960E948C6FFE01319673
:10E2500080E08F01219191E0980F21111AC0F801FF
:10E26000E80FF11D90E291938F5F8031E1F7198AF9
:10E2700081E00E948BDAC8010E946AD561960FB6D0
:10E28000F894DEBF0FBECDBFDF91CF911F910F91EC
:10E290000895892F9031F1F6EACF1F93CF93DF9342
:10E2A000CDB7DEB761970FB6F894DEBF0FBECDBF16
:10E2B000182FAB0161E170E0CE0101960E948C6FD6
:10E2C000BE016F5F7F4F812F0E946E6D61960FB60A
:10E2D000F894DEBF0FBECDBFDF91CF911F9108959F
:10E2E0004F925F926F927F928F929F92AF92BF9266
:10E2F000CF92DF92EF92FF920F931F93CF93DF9312
:10E30000CDB7DEB7C054D1090FB6F894DEBF0FBE4B
:10E31000CDBF8C0140E150E060E270E0CE0142965A
:10E320000F9445021AA2D8011496ED90FC90C701F3
:10E330000E9458AEF801882309F470C094A125A169
:10E34000878D882309F468C089E42F939F931F92D7
:10E350008F93D80193968C9193978F9392968C91EB
:10E360008F938CE593E09F938F931F928DE08F9313
:10E370005E01B3E2AB0EB11CBF92AF920F947D026F
:10E380000FB6F894DEBF0FBECDBF97FD80E0F82E2C
:10E39000FCE0F81710F43CE0F32ECF2CD12CA601B2
:10E3A000B501CE0142960F943C02D80196966D912C
:10E3B0007C916115710521F0FB018081811103C001
:10E3C000D8016D917C914FE04F19F42ECE0101964A
:10E3D0000E9459564F2D50E0BE016F5F7F4F82E182
:10E3E00090E08C0F9D1F8C0D9D1D0F943C02D80159
:10E3F0005E968C91FE01729690E02191211133C0BE
:10E40000E2E1F0E0EC0FFD1FE90FF11D20E29F5F5C
:10E4100021939F30E1F72AC08FE297CF608171810D
:10E4200080A18823D1F0EA94EF28B9F48DE48A8B97
:10E4300086E48B8B89E48C8B80E28D8B4BE0CE0164
:10E4400001960E9459568BE0FE013196DE015696E8
:10E4500001900D928A95E1F7CACF4FE0CE01429626
:10E460000E945956C4CF9F5F9F3039F691E099A31F
:10E470001AA20E947EB5BE016E5E7F4F80E00E94B0
:10E480006E6DF801C684D7849E012F5F3F4F7901DE
:10E4900033E0C316D10409F580899189009751F4BE
:10E4A00048E85FE061E170E0CE0183960E94786FFA
:10E4B000CE0183969F938F938EE79FE09F938F93D8
:10E4C0001F9281E18F93FF92EF920E94A16D0FB690
:10E4D000F894DEBF0FBECDBF2EC18481958142E787
:10E4E0005FE0009709F422C10E9458AE882309F426
:10E4F00062C0F80181A1882309F45DC080A591A5BF
:10E50000029748E95EE08F30910538F4880F991F33
:10E51000FC01E65FFC4F408151816E01F4E3CF0EB8
:10E52000D11C65E070E0C6010E948C6FD801569640
:10E530006D917D918D919C9159979096BC909097FB
:10E54000611571058105910509F4AAC028EE33E033
:10E5500040E050E00F9490002037F7E13F0741057D
:10E56000510520F02FE637E140E050E0CA01B90143
:10E570002CE330E040E050E00F94900082E39FE015
:10E58000B11009C0D80117968D919C91019709F49B
:10E5900098C08CE09FE07F936F933F932F93DF921F
:10E5A000CF929F938F931F9281E18F93FF92EF926F
:10E5B0000E94A16D8CCFF801828D811185C0838569
:10E5C000882329F0B2E0CB16D10409F0ADC0F801E0
:10E5D000628973898489958928EE33E040E050E0B0
:10E5E0000F94900049015A01F0E78F16F7E19F065A
:10E5F000A104B10430F02FE6822E27E1922EA12C47
:10E60000B12CD80156966D917D918D919C91599721
:10E6100028EE33E040E050E00F94900029013A01E9
:10E62000B0E74B16B7E15B066104710430F09FE67A
:10E63000492E97E1592E612C712CC8010E94795303
:10E640006E01E9E3CE0ED11CAC0164E070E0C601BE
:10E650000E948C6FC301B2012CE330E040E050E037
:10E660000F9490007F936F933F932F93C501B40154
:10E670002CE330E040E050E00F9490007F936F93E4
:10E680003F932F93DF92CF9289EC9EE09F938F93DD
:10E690001F9281E18F93FF92EF920E94A16D17CF9D
:10E6A00083E69FE0B11007C017968D919C9101976A
:10E6B00029F085E49FE0DF92CF9200CF84E59FE0D0
:10E6C000FACF8FE19FE067CF038CF48DE02D319777
:10E6D000D12CC12CEC30F105E8F48827ED58FC482A
:10E6E0008F4F0D94B2007F734274D3730974E67335
:10E6F000EB73F073F573F573FA73FF73047495ECB1
:10E70000C92E9EE0D92EA60164E070E0CE01CD9620
:10E710000E948C6FF8018385882309F484C0868564
:10E720009785029709F47FC045E05FE061E170E002
:10E73000C7010E94786FD8011B968C911B9781119D
:10E7400012C01E968D919C911F97029709F098C058
:10E750001D968C911D9765E5811106C01C968C91C4
:10E76000882309F48DC06DE4C7010E946253B7018C
:10E7700081E00E946E6DC05CDF4F0FB6F894DEBF83
:10E780000FBECDBFDF91CF911F910F91FF90EF9002
:10E79000DF90CF90BF90AF909F908F907F906F90C1
:10E7A0005F904F9008958091B60F8823B9F18091C2
:10E7B000BD0F9091BE0F039789F58091BA0F882302
:10E7C00069F18CE9C82E8EE0D82E9DCFB5EBCB2E0B
:10E7D000BEE0DB2E98CFA1EBCA2EAEE0DA2E93CFAF
:10E7E000FEEACF2EFEE0DF2E8ECFEBEACE2EEEE05D
:10E7F000DE2E89CF77EAC72E7EE0D72E84CF63EA5C
:10E80000C62E6EE0D62E7FCF50EAC52E5EE0D52E06
:10E810007ACF49EBC42E4EE0D42E75CF3DEBC32EFC
:10E820003EE0D32E70CFC8010E9479535E01F9E318
:10E83000AF0EB11CAC0164E070E0C5010E948C6FAA
:10E84000D8015D968C91CD2859F01F928F93CE01FF
:10E85000CD969F938F93BF92AF9282EF9EE0A1CE11
:10E860001F928F93BF92AF9280EE9EE09F938F9303
:10E870001F9281E18F93FF92EF920E94A16D27CEAC
:10E8800060E072CF81ECC82E8EE0D82E3CCF0F9383
:10E890001F93CF93DF93CDB7DEB761970FB6F89490
:10E8A000DEBF0FBECDBF1F928F938AE89EE09F937D
:10E8B0008F931F9281E18F938E010F5F1F4F1F93E4
:10E8C0000F930E94A16DB80180E00E946E6D6EE70B
:10E8D0007EE081E00E944D710FB6F894DEBF0FBE5E
:10E8E000CDBF61960FB6F894DEBF0FBECDBFDF91EE
:10E8F000CF911F910F910895E091850FF091860FB0
:10E90000E830F105E8F48827E757FB488F4F0D946E
:10E91000B2009474CB749174A374A674A974B27485
:10E92000C07482E090E008958091870F9091880FE5
:10E930008130910599F18230910599F10397A1F108
:10E9400090E080E0089583E090E0089584E090E016
:10E9500008958091870F9091880F029741F18DE083
:10E9600090E008958091870F9091880F009711F1A2
:10E970008130910511F1029719F186E090E0089538
:10E980008091870F9091880F0097E9F00197F1F03F
:10E9900089E090E0089581E090E008958BE090E0B8
:10E9A00008958CE090E008958EE090E0089585E071
:10E9B00090E008958FE090E0089588E090E0089559
:10E9C00087E090E0089580E190E008958AE090E08B
:10E9D0000895CF93DF93EC0186E0FE0111928A95B2
:10E9E000E9F780918D0F88830E947C7489838091E0
:10E9F0008B0F8A838091890F8B8385EA8C8380912A
:10EA00005A0E8D83DF91CF910895880F23E030E077
:10EA1000082E01C0220F0A94EAF7209590915A0E11
:10EA20002923772701C0660F8A95EAF7262B2093C2
:10EA30005A0E0895643030F48530910539F462300F
:10EA4000710511F070E060E0CB0108950797E1F7E0
:10EA500063307105C9F762E070E0F6CF8091850FF1
:10EA60009091860F8530910529F148F430E020E03F
:10EA7000009769F01092880F1092870F08958630E2
:10EA80009105D9F023E030E08730910599F7609146
:10EA90005A0E70E0220F331F02C0759567952A95B4
:10EAA000E2F7637077270E941A759093880F80931E
:10EAB000870F089521E030E0EACF22E030E0E7CF91
:10EAC000CF93DF938091850F9091860F85309105CC
:10EAD00001F138F4D0E0C0E0009759F0DF91CF9118
:10EAE000089586309105C1F0C3E0D0E087309105EC
:10EAF000A9F76091870F7091880F0E941A75909303
:10EB0000880F8093870FBC01CE01DF91CF910C94C9
:10EB10000575C1E0D0E0EDCFC2E0D0E0EACF1F93B1
:10EB2000CF93DF93CDB7DEB761970FB6F894DEBF12
:10EB30000FBECDBF182FAB0161E170E0CE01019691
:10EB40000E94FAEDFE01319680E0919191110CC086
:10EB5000E1E0F0E0EC0FFD1FE80FF11D90E28F5FA8
:10EB600091938031E1F703C08F5F803171F7198A8B
:10EB7000812F0E948BDACE0101960E946AD56196A0
:10EB80000FB6F894DEBF0FBECDBFDF91CF911F91BE
:10EB90000895DF92EF92FF920F931F93CF93DF932D
:10EBA000FC0101900020E9F731978F01081B190B38
:10EBB0006017110650F0FA011082DF91CF911F917A
:10EBC0000F91FF90EF90DF900895E9017A01D62E22
:10EBD0000E9430DC28813981AB01421B530B57FD69
:10EBE000ECCF0D19F7012081201760F42F5F2083EF
:10EBF000201718F06C577C4F02C06C5F7E4F7983F2
:10EC00006883DBCF1082F6CF4FE350E064EE74E10F
:10EC100082E09FE00F9463021092410F80912415CF
:10EC20008093420F81E080934C0F0895CF93DF9340
:10EC300020914F0F3091500FE1E041E02115310557
:10EC400069F160914D0F70914E0F6F5F7F4F683E7D
:10EC500083E0780710F067EE73E0283E83E0380722
:10EC600010F027EE33E041E0CAE0D0E0E1E0E40F4D
:10EC70006A30710530F0CB01BE010F947C004E2F3D
:10EC8000F5CFE1E0CAE0D0E02A30310538F0C90123
:10EC9000BE010F947C009B01EF5FF6CF81E0840FF3
:10ECA0008E0FDF91CF9108951092470F0E9430DCB4
:10ECB0006C577C4F7093460F6093450F0895EBE5BA
:10ECC000F2E08FE2808311821092500F10924F0F6A
:10ECD00010924E0F10924D0FE4EEF4E188E4DF0144
:10ECE0001D928A95E9F710924C0F1092020F109224
:10ECF000420F0E9455570E9454760C94D75380912E
:10ED00005B028F3221F481E090915C02911180E0EE
:10ED100008950E947F7681110EC06FE270E08BE54E
:10ED200092E00F947202009741F0FC0121812223AE
:10ED300011F00196089590E080E008956F927F921F
:10ED40008F929F92AF92BF92CF92DF92EF92FF92FB
:10ED50000F931F93CF93DF9300D000D01F921F9289
:10ED6000CDB7DEB76C01A0904F0FB090500F10E000
:10ED700000E0A114B104A9F000914D0F10914E0FC5
:10ED80000F5F1F4F083E43E0140710F007EE13E03B
:10ED900088EEA81683E0B80620F087EEA82E83E060
:10EDA000B82E40E150E060E270E0C6010F944502E9
:10EDB000D60150961C92A80160E0CE0101960E94F7
:10EDC0009353782E8091670D882309F446C0809173
:10EDD000660D8111B9C08FE261E0670DE1E0F0E0FE
:10EDE000EC0FFD1FE70DF11D8083A501CE010196FB
:10EDF0000E949353682E882E912CE1E0F0E0EC0FF6
:10EE0000FD1FE80DF91D108280E1782E76180E9412
:10EE10007F76882309F49AC08FE2D6018C93A401EF
:10EE2000BE016F5F7F4FC601870D911D0F943C029D
:10EE300028960FB6F894DEBF0FBECDBFDF91CF91FD
:10EE40001F910F91FF90EF90DF90CF90BF90AF9008
:10EE50009F908F907F906F90089581E08093670DD1
:10EE60001092660D8091510F882309F4B4CF8091E0
:10EE70004F0F9091500F892B09F4ADCF809124153D
:10EE80008111A9CF809125158111A5CF8091E4141E
:10EE9000882309F4A0CF84EE94E10E94F3AD4C01E5
:10EEA0000197029708F097CF0BE512E0F801019067
:10EEB0000020E9F78F010C551240E4EEF4E10190D7
:10EEC0000020E9F7CF01855E94417C010115110511
:10EED00009F481CFF801E65AFD4F6080C8018E0D1C
:10EEE0009F1D21E030E0AFE26A1202C030E020E076
:10EEF000820F931F803A910508F06DCFA8016BE552
:10EF000072E089E194E10F943C02BFE26B1639F0A4
:10EF1000F801E75EFB4E8FE280830F5F1F4FA70172
:10EF20004F5F5F4F64EE74E1C801875E9B4E0F94A4
:10EF30003C028A94892829F40E94C7ED8093660DCB
:10EF400048CF0E94D7EDFACF89E446CF0E94897658
:10EF50005C01F12CE12C009741F0FC0101900020B4
:10EF6000E9F731977F01E81AF90A0E94167690E1D5
:10EF7000981B943008F494E00CEF090F1091470FA0
:10EF8000B3E090E0B71540F443E050E060E37EE08A
:10EF9000C6010E9443FD93E00E151F0420F48E2D40
:10EFA000801B811708F410E0F601E90FF11D812F95
:10EFB000911B4FE04619A114B10409F430CF282F5A
:10EFC000290F241708F02BCF282F30E02E153F05EE
:10EFD00008F025CF8F5F2A0D3B1DD9012C9121937D
:10EFE000EACF0F931F93CF93DF93CDB7DEB7A297EE
:10EFF0000FB6F894DEBF0FBECDBF0E9430DC20916B
:10F00000540F2223F9F02091520F3091530F621BBD
:10F01000730B77FF17C080E00E948BDA84E59FE0D6
:10F020000E946AD581E00E948BDA01E61EE0F801B9
:10F0300064910F5F1F4F6623E9F183EE97E10E9411
:10F04000D0DAF5CF1092540F8091510F81113DC04D
:10F050000E940AB0882391F045E55EE061E170E02E
:10F06000CE0101960E94786F40E150E060E270E0CE
:10F07000CE0142960F9445021AA210C047E45EE00A
:10F0800061E170E0CE0101960E94786F4AE35EE094
:10F0900061E170E0CE0142960E94786FBE016F5F21
:10F0A0007F4F80E00E946E6DBE016E5E7F4F81E0FB
:10F0B0000E946E6DA2960FB6F894DEBF0FBECDBF54
:10F0C000DF91CF911F910F91089580914F0F9091F3
:10F0D000500F892BA9F4CE0101960E949E7640E143
:10F0E00050E060E270E0CE0142960F94450245E0A8
:10F0F00050E064E37EE0CE0142960E9443FDBCCF27
:10F10000CE0101960E949E7640E150E060E270E000
:10F11000CE0142960F9445021AA2E4EEF4E1309734
:10F1200009F4BCCF8091E414882309F4B7CF01908F
:10F130000020E9F7CF01855E9441E0914A0F8131CB
:10F14000910520F020EF280F2E1708F4E0E0F0E002
:10F15000EC51FB4EDE01529620E0AF01445E54417B
:10F160004817590708F09ACF31913D932F5F20310E
:10F17000A1F794CFE4EEF4E128E4DF011D922A9593
:10F18000E9F7AC0160E470E0CF010E948C6F10924F
:10F1900024151092261510922715109228151092FA
:10F1A00029150C9455578091AB0C8093510F811108
:10F1B0000FC01092500F10924F0F0E940AB0811191
:10F1C00004C08CED9DE00C94BA788AEE9DE0FBCFF4
:10F1D00080919A0C882301F169ED7DE08AE99CE039
:10F1E0000E944CFD892BC1F060ED7DE08AE99CE036
:10F1F0000E944CFD892B81F0E4EEF4E188E4DF010C
:10F200001D928A95E9F74FE350E06AE97CE0CF016F
:10F210000F9463020C94555787EC9DE0D4CFAC015A
:10F2200061E170E084E59FE00E948C6FE4E5FFE01F
:10F2300080E0219191E0980F211114C0E82FF0E0B7
:10F24000EC5AF04F90E291938F5F8031E1F710928A
:10F25000640F0E9430DC60557B4F7093530F6093B6
:10F26000520F0895892F903121F7F1CF0E94DE537C
:10F27000B0E0A0E023E0880F991FAA1FBB1F2A95CA
:10F28000D1F7893F2FE39207A105B10520F088EF60
:10F290009FE3A0E0B0E008958F929F92AF92BF925B
:10F2A000CF92DF92EF92FF920F931F93CF93DF9352
:10F2B00080913402882379F0C1E08C2FDF91CF91C7
:10F2C0001F910F91FF90EF90DF90CF90BF90AF9084
:10F2D0009F908F900895C0919504C11109C08091AD
:10F2E0003002909131029093330280933202E5CF45
:10F2F0000E94DE53811528E0920740F083E090E001
:10F300009093330280933202C0E0D7CF6FEF77E063
:10F31000681B790B89F293E0660F771F9A95E1F7E6
:10F320008091990C681B710939F289E192E1892B6E
:10F3300059F481E090E09093310280933002809103
:10F34000300290913102DCCF80918B0490918C043B
:10F35000A0918D04B0918E040097A105B10509F428
:10F360009FC0613022E0720710F060E072E08B0114
:10F3700030E020E080179107A207B30708F4BC0132
:10F3800089E192E10E9499C0BC01181619062CF07F
:10F3900083E090E00E949EB0D2CFC0908B04D090CA
:10F3A0008C04E0908D04F0908E04092E000CAA0BC2
:10F3B000BB0BC81AD90AEA0AFB0AC0928B04D09286
:10F3C0008C04E0928D04F0928E042091970C309181
:10F3D000980CB0902C0240917A04D0912D02A0900C
:10F3E0002E029091990C5091960CE9E1F2E188245B
:10F3F0008394912C8191411105C041E08D1728F42F
:10F4000040E003C041E0B816D8F7A41639F08401F3
:10F41000092E01C0000F0A94EAF7502B9F5F983025
:10F4200051F4C90197708A569B4FDC015C932F5FA2
:10F430003F4F50E090E08F01095112410617170726
:10F44000CCF240937A049093990C5093960C80914F
:10F450009504882319F1CD28CE28CF28E1F49923EB
:10F46000E9F0F901F770EA56FB4F50832F5F3F4FE9
:10F470001092960C1092990C4FB7F8943093980C08
:10F480002093970C882329F090932F0281E080939A
:10F4900034024FBF12CF98E080E0EECF98E0ECCF7F
:10F4A0002091970C3091980C8FB7F8943093980C6A
:10F4B0002093970C98E090932F0291E09093340260
:10F4C0008FBFE8CFCF93DF938091340281110CC0BE
:10F4D0000E94DE53EC010E944C79882331F00E9497
:10F4E000DE538C179D0781F781E0DF91CF9108955E
:10F4F000AC0161E170E081EA9FE00C94FAEDEF92DB
:10F50000FF920F931F93CF93DF93C82F0E94EC536A
:10F510008C01009719F4FF24F394E2C0C11103C0D9
:10F5200080349105C0F380919C0F8830A0F70E9431
:10F5300024B1F82E8111EFCF89E192E1892B09F4F2
:10F54000CFC02FB7F8948091760490917704C09142
:10F550007404D09175042FBFC81BD90BC11528E0C6
:10F56000D20708F0BDC0C134D10510F0C0E4D0E02E
:10F570000C171D0708F4E80129E132E1D901BC01AB
:10F5800069517241AD01495152414C175D0748F430
:10F59000FB01EA0FFB1FF770EA56FB4F40814D93CA
:10F5A000F1CF209709F49CC04FB7F8948C0F9D1FA2
:10F5B00090937704809376044FBF9091550D1C2F44
:10F5C000992389F16091520D8091510D40E0F9012C
:10F5D00051919F01882321F0752F717076130EC011
:10F5E0008FEF850F8E3F08F483C0652F661F662757
:10F5F000661F4F5F892F411750F380E0EFEFE10F57
:10F60000F0E0E75EFD4E9081991F9927991F909336
:10F61000520D91E09093510D882309F46BC0109224
:10F62000540D1092530DE0909C0FF7E088EB9DE095
:10F63000FE1508F453C00091500D20E4029FC00154
:10F640001124AE0169E172E18A5F9F4E0F943C0282
:10F65000103421F000935A021093990F0F5F077036
:10F660000093500DE394E0929C0FDE01A75EBD4E27
:10F6700083E0CC0FDD1F8A95E1F7FE01E75EFD4ECA
:10F680008E9138979BEE80FF94E190839BEE81FFF3
:10F6900094E191839BEE82FF94E192839BEE83FF42
:10F6A00094E193839BEE84FF94E194839BEE85FF2A
:10F6B00094E195839BEE86FF94E1968387FF2DC0AE
:10F6C0008BEE87831150E1F6BE0189E192E10E9441
:10F6D00060C08C179D0719F18AEA9DE00E94787A34
:10F6E0008F2DDF91CF911F910F91FF90EF90089593
:10F6F000892F84CF8091530D9091540D9C012095BA
:10F7000030958C0F9D1F2C173D0710F48FEF9FEF46
:10F710009093540D8093530D86CF84E1D2CF809186
:10F72000590D90915A0DA0915B0DB0915C0D8C0F0D
:10F730009D1FA11DB11D8093590D90935A0DA0934B
:10F740005B0DB0935C0DE7CE4F925F926F927F920C
:10F750008F929F92AF92BF92CF92DF92EF92FF92E1
:10F760000F931F93CF93DF93AB01BC01DC01CA0160
:10F770000196A11DB11D8E7F81150EEF90070FEF31
:10F78000A007B007B8F08EE99DE00E94787AC0E04B
:10F790008C2FDF91CF911F910F91FF90EF90DF9011
:10F7A000CF90BF90AF909F908F907F906F905F9021
:10F7B0004F900895E9E1F2E120E032E0EF018901A4
:10F7C000199201501040E1F722E52093191229E423
:10F7D00020931A1226E420931B1220931C128850A7
:10F7E0009E4FAF4FBF4F80931D1290931E12A09358
:10F7F0001F12B093201287E58093211281E4809339
:10F80000221286E58093231285E48093241286E6F3
:10F81000809325128DE68093261234E730932712C9
:10F8200080E28093281280E18093291221E02093C6
:10F830002D1220932F1280915D0D90915E0DA0915D
:10F840005F0DB091600D80933112492E5A2E6B2EB0
:10F850007724409232124D01AA24BB2480923312A5
:10F86000CB2EDD24EE24FF24C09234128093351277
:10F870004092361280923712C09238122093391279
:10F8800088E080933B128AE480933D1285E5809363
:10F890003E128EE480933F128BE4809340128CECF6
:10F8A000809341122093421284E68093111481E6E2
:10F8B00080931214309313148093141440931514EE
:10F8C00050931614609317147093181460E070E04E
:10F8D000CB010E94A0BFC82F811103C08FE89DE01B
:10F8E00054CF60E072E089E192E10E9460C081152E
:10F8F0009240A1F74DCFFF920F931F93CF93DF93C9
:10F900001F921F92CDB7DEB7082FF92EBE016F5F91
:10F910007F4F0E94EECE182F811113C040E150E0BE
:10F920006AE97CE081EA9FE00F9463021092B10FD4
:10F93000812F0F900F90DF91CF911F910F91FF902A
:10F9400008958A818F9389818F93FF920F9380E826
:10F950009DE09F938F931F9280EA8F9389E194E1BA
:10F960009F938F930E94A16D01970FB6F894DEBF0D
:10F970000FBECDBF8F399105D8F282E79DE00E947E
:10F98000787A10E0D5CF6FE270E089E194E10F94CE
:10F990007202009711F00196089589E194E10895AB
:10F9A0004F925F926F927F928F929F92AF92BF928F
:10F9B000CF92DF92EF92FF920F931F93CF93DF933B
:10F9C000CDB7DEB7E3970FB6F894DEBF0FBECDBF5D
:10F9D00000917B0F10917C0F0E94C37C4C0100971B
:10F9E00031F0FC018081811102C0912C812C809129
:10F9F0005802882361F080917C0D882341F080912A
:10FA00007B0D5DE7A52E5DE0B52E811102C0B12C06
:10FA1000A12C80919B0D811141C0412C512C3201B0
:10FA200080917B0F90917C0F039761F48091010F7F
:10FA300035E5F32E811107C08091000F4DE4F42EBF
:10FA4000811101C0F12CB401CE0101960E94C97050
:10FA5000B401CE0183960E94C970A114B10411F4BF
:10FA60001092B20FCE0142966C010430110509F0DC
:10FA700054C01092B60DF8013197E730F10508F047
:10FA800067C18827E95BF2488F4F0D94B200AD7DC6
:10FA9000E37D197E577E937D9A7EAA7E0330110501
:10FAA00069F46091970D7091980D8091990D9091E6
:10FAB0009A0D611571058105910511F40E9430DCE4
:10FAC000C090930DD090940DE090950DF090960D10
:10FAD00040908F0D5090900D6090910D7090920D10
:10FAE000A7019601240D351D461D571D621773078A
:10FAF0008407950708F491CF6C197D098E099F0939
:10FB0000641975098609970928EE33E040E050E052
:10FB10000F94900029013A0183CF1092B70D053060
:10FB2000110509F0A6CF8CE9E82E8DE0F82E06EB42
:10FB30001DE0940144E060ED7FE0CE0101960E945B
:10FB400097550E946457009709F402C1AC0161E126
:10FB500070E0C6010E948C6F15C0A501B401CE01F2
:10FB600001960E94976F809156029091570244E44B
:10FB700050E1019711F043E350E161E170E0C6010B
:10FB80000E94786FBE016F5F7F4F80E00E946E6DB4
:10FB9000B60181E00E946E6DE3960FB6F894DEBF69
:10FBA0000FBECDBFDF91CF911F910F91FF90EF90CE
:10FBB000DF90CF90BF90AF909F908F907F906F908D
:10FBC0005F904F900895A501B401CE0101960E9467
:10FBD000976F40E060E0C6010E94B8578111D2CF14
:10FBE000C301B2012CE330E040E050E00F949000FC
:10FBF0009F938F937F936F93CA01B90124E630E0FE
:10FC000040E050E00F9490009F938F937F936F9309
:10FC100083E290E19F938F931F9281E18F93DF9214
:10FC2000CF920E94A16D0FB6F894DEBF0FBECDBF7C
:10FC3000A9CFA501B401CE0101960E94976F4F2D67
:10FC400061E0C6010E94B85781119CCFC301B20187
:10FC50002CE330E040E050E00F9490009F938F93AE
:10FC60007F936F93CA01B90124E630E040E050E091
:10FC70000F9490009F938F937F936F9383E190E114
:10FC80009F938F931F9281E18F93DF92CF920E9477
:10FC9000A16D0FB6F894DEBF0FBECDBFF11002C04C
:10FCA0002FE3F22E6F2DC6010E9462536BCFA11479
:10FCB000B10419F4FE01B3965F0192EBE92E9DE0C9
:10FCC000F92E07EB1DE0950147E06BE070E1CE01F6
:10FCD00001960E9497550E946457009741F1FC01DC
:10FCE000D60190E0849121E0290F811109C0F6012D
:10FCF000E90FF11D80E29F5F9D3039F08193FBCFCA
:10FD00008D933196922F2C3069F7E6E0F0E1E49183
:10FD1000EE8FE7E0F0E1E491EF8FE8E0F0E1E491CD
:10FD2000E8A3E9E0F0E1E491E9A31AA22BCF4AEFBE
:10FD30005FE023CF8091A00D4DEE5FE0811102C006
:10FD40004FED5FE061E170E0CE0101960E948C6FA3
:10FD50001A8A18CF45ED5FE061E170E0CE010196AF
:10FD60000E94786F61EA7DE0C6010E94C9700ACFE7
:10FD7000AC0161E170E081EA9DE00E948C6F87E058
:10FD800090E090937C0F80937B0F0E942BB50E9494
:10FD900008540E94D9AE81E00C9446B20F931F9391
:10FDA000CF93C0919B0DCC2309F47AC080917B0F37
:10FDB00090917C0F039709F0A7C000915002109119
:10FDC00051020630110509F070C08091610D9091CB
:10FDD000620D029709F094C080916604833009F0A7
:10FDE0008FC00E9458B3882309F48AC081E090E054
:10FDF0009093620D8093610D8091970D9091980D75
:10FE0000A091990DB0919A0D892B8A2B8B2B61F1C2
:10FE10000E9430DCAB01BC0180918F0D9091900D60
:10FE2000A091910DB091920D0091970D1091980DA8
:10FE30002091990D30919A0D801B910BA20BB30B61
:10FE4000840F951FA61FB71F80938F0D9093900D61
:10FE5000A093910DB093920D1092970D1092980D62
:10FE60001092990D10929A0D82E090E090937C0F81
:10FE700080937B0F0E940854809156029091570204
:10FE8000019771F480915002909151020697F1F51B
:10FE90001092540D1092530D1092520D1092510D5C
:10FEA0008C2FCF911F910F9108950130110599F476
:10FEB0008091640490916504029711F58091620429
:10FEC0008330F1F40E94E4298823D1F01093650473
:10FED0000093640491CF80919F0F9091A00F02979F
:10FEE00079F480916204833059F40E94E4298823D4
:10FEF00039F081E090E09093A00F80939F0F7CCF2A
:10FF000080E49CE00E94B87EC0E0CACF2FB7F8948E
:10FF10008091780F9091790F2FBF90934F0D809320
:10FF20004E0D0E9430DC60934A0D70934B0D809310
:10FF30004C0D90934D0DB4CF0F931F93CF93DF9340
:10FF4000C0919B0DCC2309F440C000917B0F109110
:10FF50007C0F0230110509F06AC080915002909127
:10FF6000510286309105B9F58091610D9091620D35
:10FF7000019709F058C090916604923009F053C07F
:10FF8000DFB7F89480916F008D7F80936F0010929F
:10FF9000810096BB83E08093660480E00E947BB280
:10FFA000DFBF1093620D0093610D0E9430DC6093FF
:10FFB000970D7093980D8093990D90939A0D83E00F
:10FFC00090E090937C0F80937B0F8C2FDF91CF91EB
:10FFD0001F910F910895019799F480916404909175
:10FFE0006504019701F5809162048230E1F40E947A
:10FFF00024288823C1F01093650400936404D5CFAE
:020000021000EC
:1000000080919F0F9091A00F019769F480916204F5
:10001000823049F40E942428882329F01093A00FED
:1000200000939F0FC2CF86E39CE00E94B87EC0E0A1
:10003000CCCF0E949C7F882369F01092010F81E051
:1000400020917B0F30917C0F2330310509F080E047
:100050008093000F08950097B9F447E75BE061E1F2
:1000600070E081EA9DE00E94786F87E090E09093D5
:100070007C0F80937B0F0E942BB50E9408540E9436
:10008000D9AE81E00C9446B240E150E0BC0181EA77
:100090009DE00F9463021092B10DE7CF20917C0D8B
:1000A0002223F1F020917B0D21111AC00097C1F09D
:1000B000FC01319681E1ADE7BDE001900D928A959A
:1000C000E1F710928E0D40E061E18DE79DE00E9426
:1000D0007DA980937B0D882319F087E08093280405
:1000E00008952F923F924F925F926F927F928F92DC
:1000F0009F92AF92BF92CF92DF92EF92FF920F93B7
:100100001F93CF93DF931F921F92CDB7DEB787E285
:10011000482E512C9CE2292E312C29E3622E712C81
:1001200038E7A32EB12C2091B9143091BA142115BF
:10013000310509F4C6C14091BB148091BC14909163
:10014000BD14A091BE14B091BF14C090C414D0903F
:10015000C5141092BA141092B9142130310509F067
:1001600020C1E0904D04F0904E04C7010E944E80E3
:100170001092700D10927A0D1092400D1092710D28
:10018000E114F104D1F0F701808D8130B1F4BE01AA
:100190006F5F7F4FC7010E9498AD882371F08981FE
:1001A0009A810E94CDD88093700DF701628D738D76
:1001B00090E080E00E94F258B6CFC7010E94C1AD26
:1001C000882351F0F1E0F093400D6AE570E080E0A3
:1001D00090E00E941BADA7CF8090DE149090DF14BA
:1001E00080912104909122040E9445548C01C40105
:1001F0000E9445540115110509F4AEC0009709F09D
:100200004DC0A801485751090837110530F4A50120
:10021000401B510B0933110528F1B80169537109CD
:1002200098012C5231090752110990E4C91A9FE133
:10023000D90AE9E8CE16E3E1DE0650F40217130707
:1002400038F40617170720F40417150708F49CC0A4
:1002500064177507C0F42617370708F428C18BE028
:1002600090E094C0B301601B710B0C321105C0F615
:100270009101201B310B07321105A8F6C201801B2A
:10028000910B8C01D2CF2417350708F065C02617D3
:10029000370708F061C08CE090E078C098012857DB
:1002A00031090837110518F49501201B310BBC01E9
:1002B0006B5E71098B3E910520F46BEE70E0681B5C
:1002C000790B620F731F9801295331090933110506
:1002D00018F49301201B310BAC01455751098537A8
:1002E000910520F445E750E0481B590B420F531F7E
:1002F000F801BC970C32110518F4F101E01BF10B69
:100300009C01285531098835910520F428E530E015
:10031000281B390B2E0F3F1F0732110500F1075222
:1003200011098F34910500F18F549109800F911FAD
:100330008217930730F48417950718F486179707E8
:1003400018F146175707B0F42417350708F4B4C05E
:100350008417950708F083CF90E080E017C0F20182
:10036000E01BF10B8F01DDCFEFE4F0E0E81BF90BB0
:10037000CF01DCCF2617370778F72417350760F74A
:100380008217930748F387CF8EE090E090939E0FFB
:1003900080939D0FF1E0F093700DF70162897389EE
:1003A00007CF22303105E1F52091400D2223C1F025
:1003B00020914D0430914E04232B39F41092400DBE
:1003C0001092700D10927A0DAECE8A359105A1056E
:1003D000B10508F0A8CE8054934FFC014083A3CE12
:1003E00020917A0D222309F49ECE0196A11DB11D04
:1003F0004091760D5091770D6091780D7091790D47
:1004000084179507A607B70710F4AC01BD01409308
:10041000720D5093730D6093740D7093750D83CEB0
:100420002330310531F58091400D882351F18091C1
:100430004D0490914E041092400D009709F20E94D5
:10044000C1AD882309F4BCCFBE016F5F7F4F80EC44
:100450009CE00E9468AD882309F4B2CF89819A811B
:100460000E94CDD88093700D60910D0D70910E0D8E
:100470009FCE2430310509F056CE8091400D811178
:100480009DCF80917A0D882309F44DCE8091760D11
:100490009091770DA091780DB091790D8093720DA8
:1004A0009093730DA093740DB093750D3CCE2417EB
:1004B000350708F051CFEFCE2617370708F460CF85
:1004C0004BCF0F900F90DF91CF911F910F91FF9025
:1004D000EF90DF90CF90BF90AF909F908F907F90E4
:1004E0006F905F904F903F902F90089581E08093A0
:1004F0002804E9E2F4E08EE0DF011D928A95E9F735
:1005000080917B0D811102C010927D0D0895CF93D3
:10051000C82F80937C0D10927B0D1092390410929D
:10052000470D109238041092370410927D0D70938D
:10053000460D6093450D2115310581E048075105B1
:1005400018F020E030E0A901C9013093440D209358
:10055000430D1092420D1092410D6630710509F065
:100560004FC00097A1F096958795B0E0A0E0BC0140
:10057000CD01875F924C0F9490002115310581E0E9
:100580004807510520F43093420D2093410DC0934C
:10059000980F1092700D10927A0D1092760D1092A5
:1005A000770D1092780D1092790D1092720D1092B5
:1005B000730D1092740D1092750D1092400D1092E3
:1005C000710D0E94768210922704109226041092D8
:1005D000250410922404109223048091980F8823FC
:1005E00019F0CF910C9442AD109228041092E114AE
:1005F0001092E0141092BA141092B914CF91089589
:10060000CC2329F264507109C1E06230710508F40D
:10061000BECFC0E0BCCF0E942BB50E949F580E9465
:10062000C0280E947C2310927C0F10927B0FE0E583
:10063000F2E086E090E09183808384E49CEAA0E08D
:10064000B0E082839383A483B583178216821086D9
:1006500010927E0F10927D0F1092A10D10929B0DA3
:100660000E9408541092930D1092940D1092950DC3
:100670001092960D1092970D1092980D1092990D60
:1006800010929A0D10928F0D1092900D1092910D64
:100690001092920D1092A00D10924F0D10924E0DCF
:1006A00010924A0D10924B0D10924C0D10924D0D60
:1006B0001092490D1092480D0E94D9AE81E00E941F
:1006C00046B220E030E0A90170E060E080E00C94E8
:1006D00087821F93CF93DF93182FEB0161E14423AF
:1006E00079F01092870D1092880D1092890D10925A
:1006F0008A0D10928B0D10928C0D10928D0D6AE068
:1007000010928E0D40E08DE79DE00E947DA9811141
:1007100005C0DF91CF911F910C94768221E0209348
:100720007B0D1092700D1092400D1093710DCE0143
:10073000B0E0A0E08093760D9093770DA093780DB4
:10074000B093790D1092720D1092730D1092740D7A
:100750001092750D20937A0D1092E1141092E0140E
:100760001092BA141092B914D4CFEF92FF920F9353
:100770001F93CF93DF93EC01062F8091980F88236E
:1007800009F49DC1CE010E941BAA81110E947180B3
:1007900010912804112309F492C1173009F48FC174
:1007A00080917B0D811110C0CE010197811594407D
:1007B00008F449C0109227041092260410922504D0
:1007C000109224041092230410912804173009F485
:1007D00076C18091980F882309F471C1112309F41F
:1007E0006EC1209711F1C13084E0D80708F0BDC078
:1007F0008091450D9091460D8630910509F0A5C078
:10080000A091410DB091420D109709F4AEC09E0128
:100810000F94BA007C5F8F4F9F4FEBE096958795C2
:1008200077956795EA95D1F7EB01CE01019780386E
:10083000924008F49DC0DF91CF911F910F91FF90DE
:10084000EF900C9476820111BFCFCE0103E0880FA8
:10085000991F0A95E1F7209126043091270421156C
:10086000310559F4909327048093260481E090E0A9
:100870009093250480932404A5CFBC01621B730BC5
:100880008217930718F4B901681B790BA9015695D3
:100890004795569547954830510510F448E050E08B
:1008A00046175707F8F282179307E0F1821B930B64
:1008B0000496A3E096958795AA95E1F7820F931F7A
:1008C000909327048093260480912404909125041A
:1008D0008F3F980729F00196909325048093240474
:1008E00080912404909125048F3F910509F008F42C
:1008F0006BCF80912304811167CF80912604909162
:1009000027040E94455421E02093230415501230FF
:1009100008F45ACF8097C19708F056CF87E08093AC
:10092000280452CFA9014C5F5F4FBA01681B790BB5
:10093000CB01F3E096958795FA95E1F7281B390BE3
:100940003093270420932604BFCF049741F489E114
:10095000DE018A9FE0018B9FD00D112466CF73E0EA
:10096000CC0FDD1F7A95E1F760CFCFEFDFEF5DCFE2
:10097000113009F081C060912904611109C0D09340
:100980002B04C0932A04D0932D04C0932C0412C0CE
:1009900080912A0490912B04C817D90720F4D09392
:1009A0002B04C0932A0480912C0490912D048C1761
:1009B0009D0748F380912E0490912F04C80FD91FF2
:1009C000D0932F04C0932E046F5F6093290460328C
:1009D00008F475C0862F86958C0F9D2F911D70E0B1
:1009E0000F947C008B01E0902A04F0902B0426E108
:1009F0004FE0C7010E942954C82F882351F02AE1F3
:100A000042E1B80180912C0490912D040E94295458
:100A1000C82F21E149E0B801C7010E942954882369
:100A200049F024E248E1B80180912C0490912D0412
:100A30000E9429549091710D2FEF290F243058F402
:100A4000CC2309F4F8CEDF91CF911F910F91FF9045
:100A5000EF900C94BC549550943058F4882309F4CA
:100A6000EACEDF91CF911F910F91FF90EF900C9400
:100A70009254CC2399F3E7CF1230D1F5E0902904BA
:100A8000F0902A0429E14FE0B701CE010E942954D9
:100A900000912B0410912C048823C1F0BE01C701E2
:100AA0000E940D5490932A04809329040F3F10074D
:100AB00031F00F5F1F4F10932C0400932B04DF9134
:100AC000CF911F910F91FF90EF9008950F3F110567
:100AD00009F008F4B0CE2CE042E0B701CE010E944C
:100AE0002954882309F4A7CE83E080932804E7CF14
:100AF0001330E9F46091290470912A042DE042E05A
:100B0000CE010E942954882309F495CE8FEF80935B
:100B10002D0410922E0410922F0410923004109283
:100B2000310410922C0410922B0484E0DECF143098
:100B300009F0F6C00091290410912A0426E144E04E
:100B4000B801CE010E942954882309F474CE85E0AF
:100B50008C9FA0018D9F500D11249801220F331FEF
:100B6000200F311F81E04217530708F480E0909175
:100B70002D049F3F19F480932D04A1CF89135BCEE0
:100B80009FEF90932D04C0912F04CC0FC82BC093DE
:100B90002F0480912E048F5F80932E04883009F0FB
:100BA0008ECF10922F0410922E040E9483549091A5
:100BB0003004882399F1911109C0CF3F09F03BCE51
:100BC000C093310481E08093300479CF8091720D1D
:100BD0009091730DA091740DB091750D4091760DAB
:100BE0005091770D6091780D7091790D841795076C
:100BF000A607B70788F420913104C227C0933104B7
:100C00000196A11DB11D8093720D9093730DA09359
:100C1000740DB093750D53CF87E067CF911115C058
:100C2000C11109CE8EEF890F8A30A0F4E92FF0E0D0
:100C3000E558F24FC083809131049D30E1F420915A
:100C40002B0430912C043C2B09C0913059F7C4304F
:100C500048F3F1CD2C2F30E09C3069F730932C0411
:100C600020932B0480913104C827C09331049F5FE7
:100C70009093300424CF9231A8F3C813DCCD609157
:100C80002B0470912C04C80182539140023331E04F
:100C9000130738F482E391E0801B910B093E1105A4
:100CA00020F19801295E3109A801485C5109085AD0
:100CB00011090417150730F40217130718F4081761
:100CC000190740F14217530718F44817590720F144
:100CD0002817390718F582E041E0DF91CF911F9185
:100CE0000F91FF90EF900C94698329EE30E0201B68
:100CF000310B083C1105C0F648EC50E0401B510B8D
:100D0000083A1105A0F6E8EAF0E0DF01A01BB10BFC
:100D10008D01CFCF84E0E0CF83E0DECF81E0DCCF78
:100D20008BEF810F823008F086CDE0902904F0909F
:100D30002A042DE14CE0B701CE010E9429548823FA
:100D400089F1BE01C7010E940D5490932A0480933B
:100D5000290480913104811104C081E08093310421
:100D6000AECE1092310450E0153009F060C04091D1
:100D7000300480912F0490E09C01220F331F252B1B
:100D8000277020932F04433030F54F5F4093300499
:100D9000433009F094CE83E090E090932C0480934C
:100DA0002B048DCE26E34DE1B701CE010E942954DC
:100DB000882309F440CDBE016F5F7F4F769567951C
:100DC000C7010E940D5490932A0480932904109225
:100DD000310451E0C9CF20912B0430912C0482FBC7
:100DE000882780F985130BC02F3F320709F467CE9F
:100DF0002F5F3F4F30932C0420932B0460CE2F3F66
:100E0000310549F240F210923204109233041092EC
:100E100034041092350410922C0410922B0410927A
:100E20002E0410922D041092360486E05ECE5523D7
:100E300031F08091320491E08927809332048091CF
:100E4000330490913204913061F021E030E0082EBB
:100E500001C0220F0A94EAF790913404922B9093E8
:100E600034048F5F80933304883009F028CEC0911A
:100E7000340410923404109233040E9483549091ED
:100E800035048823E9F1911106C0C13009F0D3CCB3
:100E9000C093350414CE4091720D5091730D609142
:100EA000740D7091750D0091760D1091770D209154
:100EB000780D3091790D4017510762077307B8F428
:100EC00080912D0490912E048C0F911D90932E04EF
:100ED00080932D044F5F5F4F6F4F7F4F4093720D94
:100EE0005093730D6093740D7093750DE8CD913030
:100EF00009F092CEC093360482E080933504DFCDB2
:100F0000911115C0C11197CC8FEF890F87FD37C0A4
:100F100020912D0430912E04C20FD32FD11DD093D8
:100F20002E04C0932D049F5F90933504C8CD91305B
:100F300041F4C23018F0C63709F07DCCC0932F04BD
:100F4000E3CF80912F04811112C09C3090F02C2FA0
:100F500030E0933139F09431B9F620912B0430917F
:100F60002C043C2B30932C0420932B04CDCF9331B5
:100F700070F7E92FF0E0E558F24FC083E8CF9138E1
:100F800019F4C0933604CFCF923869F680913604B5
:100F90009C2F20912D0430912E048217930709F085
:100FA0004ACC41E080912F04811140E060912B04F4
:100FB00070912C048091290490912A049C01285658
:100FC00031098836910538F428E630E0281B390BC2
:100FD0008A35910500F1FC01EA55F109DC01AF54B5
:100FE000B109865491098A179B0730F48E179F0721
:100FF00018F48217930720F1AE17BF0728F487E093
:10100000A217B30708F469CE86E0E217F30708F4E5
:1010100064CE85E062CEEAE5F0E0E81BF90B8F34A0
:101020009105E0F6AFE4B0E0A81BB90B863491055A
:10103000C0F6C6E4D0E08E01081B190BC801D3CF5F
:1010400088E04BCEEF92FF920F931F93CF93DF93E5
:10105000C82F162F693048F4611108C0DF91CF9175
:101060001F910F91FF90EF90089518E0DC2FD17041
:1010700080913904811164C081E080933904D09358
:10108000470D109238041092370480E0113009F4B3
:1010900079C0812F8150990B9C0181E090E001C0C3
:1010A000880F2A95EAF78150DC2FD695DC27D823C4
:1010B00080E0EE24EA94FE2C01E0DD2309F462C016
:1010C0009D2F9F702D2FC0E019F422952F70C4E042
:1010D000322F337019F426952695CE5F20FFCF5F0F
:1010E000CF5F20913704309138049C2F981B892FB3
:1010F00090E0A9014095509548175907C8F5F0921E
:101100003804E09237046091470D80913704909144
:10111000380420912804273091F50E941BAA8111E0
:101120000E9471808091470D80278093470D109217
:101130003804109237048FEF8D0FD8238C2FBDCF3A
:101140006091470DD61709F4A0CF80913704909194
:10115000380420912804273041F40E941BAA8823D8
:1011600009F48DCF0E9471808ACF0E94B58387CF0A
:10117000280F391F3093380420933704C4CF0E94BE
:10118000B583D0CF2091370430913804181B612FDC
:1011900070E0C901809590958617970738F48FEF16
:1011A0009FEF909338048093370458CF620F731FDA
:1011B000709338046093370451CF0F931F93CF93EC
:1011C0008C01C0E0F80181918F010E944A2488239C
:1011D00019F0CF5FC038B1F7CF911F910F910895EB
:1011E0005F926F927F928F929F92AF92BF92CF92B7
:1011F000DF92EF92FF920F931F93CF93DF93CDB7C0
:10120000DEB7C05AD1400FB6F894DEBF0FBECDBFD7
:10121000682EA0904F0FB090500FCE018F599E4F67
:101220000E9425B0CE018F5D9E4F0E9425B084EEB6
:1012300094E1892B31F486E19EE00E94EFBE712C8F
:1012400049C088E4E4EEF4E1DE01AF56BF4F0190FF
:101250000D928A95E1F76E0189EDC80ED11C88E4E4
:10126000F60111928A95E9F7CE018F599E4F0E949F
:1012700046E2882321F3F12CE12C712C81E6882EA3
:10128000992493948C0E9D1EFCE08F0E911C01E21C
:1012900011E00C0F1D1F045F1F4FB401C8010E9415
:1012A000B2E4882349F0A114B10461F1EA14FB040B
:1012B00048F1C8010E9420E2CE018F599E4F0E9442
:1012C000A2C9882309F4BBCF711063C08DE09EE0F2
:1012D0000E94EFBE872DC056DE4F0FB6F894DEBFDA
:1012E0000FBECDBFDF91CF911F910F91FF90EF9077
:1012F000DF90CF90BF90AF909F908F907F906F9036
:101300005F900895AE014F5F5F4FB701CE018F5DD3
:101310009E4F0E9488BECE0101960E94EDBC582EC1
:10132000811104C0C8010E9420E2B7CF8FEFE81AF4
:10133000F80ABE016F567F4FCE0101960E949BBCFA
:101340006620C9F087FFEECF772049F0BE01675BCA
:101350007F4FCE0101960E949BBC18161CF788E4B3
:10136000FE013196DE01A75BBF4F01900D928A9579
:10137000E1F7752CD7CF1816ACF6772081F3BE01B4
:10138000675B7F4FCE0101960E949BBC87FDE7CF34
:10139000C9CF88E4FE01E75BFF4FD60101900D92B3
:1013A0008A95E1F70E94B2C988E4F601A4EEB4E19F
:1013B00001900D928A95E1F780914D0F90914E0F1B
:1013C000611002C0019601C0019790934E0F809367
:1013D0004D0F0E9455570E94D7537CCF3F924F929A
:1013E0005F926F927F928F929F92AF92BF92CF92B5
:1013F000DF92EF92FF920F931F93CF93DF93CDB7BE
:10140000DEB7C855D1400FB6F894DEBF0FBECDBFD2
:101410001091510F112309F4CDC0A0904F0FB0903F
:10142000500FA114B10409F449C0462E6C013E01CD
:1014300081E9680E711C88E4F30111928A95E9F73D
:10144000CE01875E9E4F0E9425B0CE0187529F4FEE
:101450000E9425B0CE01875E9E4F0E9446E28823FF
:1014600059F1512CF12CE12C99E1892E9924939476
:101470008C0E9D1EFCE08F0E911C09ED10E00C0FF0
:101480001D1F045F1F4FB401C8010E94B2E48823EE
:1014900031F0EA14FB04A0F0C8010E9420E2CE0162
:1014A000875E9E4F0E94A2C9882331F0511039C037
:1014B0008CEF9DE00E94EFBE0E94D37810E07AC0CE
:1014C000AE014F5F5F4FB701CE0187529F4F0E9421
:1014D00088BECE0101960E94EDBC382E811104C059
:1014E000C8010E9420E2CFCF8FEFE81AF80A51100E
:1014F000F7CF22968FAD22974812F2CFB601CE01D8
:1015000001960F944C02892B59F788E4FE0131961D
:10151000DE01A75BBF4F01900D928A95E1F7532C36
:10152000DFCFCE01875E9E4F0E9446E2882321F2E4
:10153000D12CC12CF12CE12C89E1882E9924939493
:101540008C0E9D1EECE08E0E911C09ED10E00C0F30
:101550001D1F045F1F4FB401C8010E94B2E488231D
:1015600039F0EA14FB0408F43FC0C8010E9420E2ED
:10157000CE01875E9E4F0E94A2C9182F882309F4CE
:101580009BCF88E4FE01E75BFF4FD30101900D92F2
:101590008A95E1F70E94B2C9D0924E0FC0924D0FCA
:1015A00088E4F301A4EEB4E101900D928A95E1F78D
:1015B0000E945557812FC85ADE4F0FB6F894DEBFF0
:1015C0000FBECDBFDF91CF911F910F91FF90EF9094
:1015D000DF90CF90BF90AF909F908F907F906F9053
:1015E0005F904F903F900895AE014F5F5F4FB701FE
:1015F000CE0187529F4F0E9488BECE0101960E9465
:10160000EDBC811104C0C8010E9420E2A4CFFFEF0D
:10161000EF1AFF0ABE01675B7F4FCE0101960E9461
:101620009BBC87FFF0CF8FEFC81AD80AECCF8F9200
:101630009F92AF92BF92CF92DF92EF92FF920F9361
:101640001F93CF93DF93CDB7DEB7C855D1400FB608
:10165000F894DEBF0FBECDBF8091510F811116C02F
:1016600082E090E0C85ADE4F0FB6F894DEBF0FBE9E
:10167000CDBFDF91CF911F910F91FF90EF90DF9041
:10168000CF90BF90AF909F908F9008957E0181E999
:10169000E80EF11C18E4F701812F11928A95E9F701
:1016A000CE01875E9E4F0E9425B0CE0187529F4F8C
:1016B0000E9425B0F70111921A95E9F7CE01875ED5
:1016C0009E4F0E9446E281110BC08091AB0C80932B
:1016D000510F8111C5CF1092500F10924F0FC0CFF4
:1016E00010E000E0D12C89E1882E992493948C0E8F
:1016F0009D1EFCE08F0E911C99EDA92EB12CAC0E15
:10170000BD1E8CE0A80EB11C15C0AE014F5F5F4F2F
:10171000B801CE0187529F4F0E9488BECE0101962C
:101720000E94EDBCC82E811138C0C5010E9420E284
:10173000CD2CDC2CB401C5010E94B2E4882339F021
:10174000073EE3E01E0708F3C5010E9420E2CE0138
:10175000875E9E4F0E94A2C9882309F4B6CFDD2080
:1017600049F088E4FE01E75BFF4FD70101900D923D
:101770008A95E1F70E94B2C91093500F00934F0F62
:1017800010924E0F10924D0F012B11F586EF9DE038
:101790000E94BA7881E090E065CF0F5F1F4FDD2097
:1017A00049F0BE01675B7F4FCE0101960E949BBC52
:1017B00087FF0AC088E4FE013196DE01A75BBF4FB8
:1017C00001900D928A95E1F7C5010E9420E2B1CF08
:1017D00088E4F701A4EEB4E101900D928A95E1F757
:1017E0000E9455570E94D75390E080E03BCF8091F4
:1017F000510F811104C010924B0F0C94D3780E94AA
:10180000178B9C019091590E9F5F9093590E211553
:10181000310519F410924B0F08952130310571F400
:101820009330C0F781E080934B0F0E9430DC605B07
:101830007F4F7093440F6093430F0895223031051A
:1018400089F7933078F3D7CF85E09EE00E940F7937
:101850000E94F17781E00E9429D38093510F10926A
:10186000540F1092530F1092520F10924B0F109270
:10187000590E0E945F760C94F78B0E94178B9C0187
:10188000029721F40E94D37880E003C081E0232BEB
:10189000D9F708959091510F992339F020914F0F66
:1018A0003091500F2115310511F40C94D75340910C
:1018B0004D0F50914E0F4F5F5F4F4217530760F02F
:1018C000882341F02130310529F081E00E9436570C
:1018D0008823B9F00C943D8C0E94D75380E00E947D
:1018E000F08881110EC08091AB0C882341F067E233
:1018F0007EE08AE99CE00E944CFD892B59F30C9410
:10190000D3780895CF938091510F882331F080913F
:101910004F0F9091500F009719F4CF910C943D8C7C
:101920000E9482ECC82F811105C00E94D3788C2FB1
:10193000CF91089580914F0F9091500F0197909300
:101940004E0F80934D0F0E9455570E94D753EFCFF3
:101950009091510F992339F020914F0F3091500FF2
:101960002115310511F40C94D75340914D0F50912E
:101970004E0F452B61F4882341F02230310528F0C9
:101980008FEF0E9436578823B9F00C94828C0E9406
:10199000D75381E00E94F08881110EC08091AB0C7A
:1019A000882341F06EE17EE08AE99CE00E944CFDD4
:1019B000892B59F30C94D37808950E9493B0109218
:1019C00095048FB7F89410927904109278041092CD
:1019D000980C1092970C98E090932F0291E09093BE
:1019E00034028FBF1092960C1092990C10927A04C8
:1019F000089580919B0D8093A00D882359F18091CB
:101A00005002909151028630910599F50E9421B4BF
:101A10000E9493B080911914882321F089E194E108
:101A20000E9408CC1092620D1092610D1092590D17
:101A300010925A0D10925B0D10925C0D1092560D83
:101A40000E94FA531092540D1092530D1092520DA1
:101A50001092510D86E090E090937C0F80937B0F65
:101A600010929B0D0E9408540E94D9AE81E00C9404
:101A700046B29C01245031092230310588F40E947D
:101A800089280E9493B080911914882321F089E15C
:101A900094E10E9408CC1092A00F10929F0FDACF11
:101AA0000197C1F60E9489281092E1141092E01467
:101AB0001092BA141092B9140E9493B08091191424
:101AC000882321F089E194E10E9408CC10926504FA
:101AD00010926404BFCF80917B0F90917C0F813076
:101AE000910511F40C94F98C0297029708F051C0FB
:101AF000809150029091510286309105C9F48091F5
:101B0000610D9091620D0197029740F40E9421B4FB
:101B100083E090E09093620D8093610D84E090E00B
:101B200090937C0F80937B0F0E9408540C94D9AE45
:101B3000019799F48091640490916504019702974C
:101B400068F70E941B2A81E08093630483E090E0A1
:101B50009093650480936404E1CF80919F0F9091EE
:101B6000A00F01970297D0F60E941B2A9FB7F89406
:101B7000809162049FBF843029F484E69DE00E9436
:101B8000A739CCCF83E090E09093A00F80939F0F74
:101B9000C5CF08954F925F926F927F928F929F92DE
:101BA000AF92BF92CF92DF92EF92FF920F931F936B
:101BB000CF93DF9310919B0D11113DC2809156027E
:101BC00090915702019741F48091500290915102F7
:101BD000069711F40E94D9AE20915202309153021F
:101BE00040915402509155026091500270915102FF
:101BF000809158020E948782C0915002D091510278
:101C0000C630D10509F032C101E0809156029091B1
:101C10005702019709F000E0C0905202D0905302A1
:101C2000E0905402F0905502C0917D0FD0917E0F4C
:101C30000E949F580093550D8091AB0C81110FC0ED
:101C40008DE19CE00E94787A85E090E09093620DAF
:101C50008093610D81EA9FE00E942B80ECC10E947D
:101C6000DD8C22E2C21626E5D206E104F10469F019
:101C700084E4C8168CEAD806E104F10431F085E06A
:101C80008093660480E19CE0DDCF60E074E284EF45
:101C900090E0A70196010F94900029014B01DA0111
:101CA000C9018097A109B109803E9F4FA105B105E7
:101CB00030F70E944DB58FB7F894D0927304C0925C
:101CC0007204509271044092700490926F0480925A
:101CD0006E0410926D0410926C0410926B041092BA
:101CE0006A0410926904109268041092670491E0EB
:101CF000909366048FBF8FB7F89410927704109278
:101D0000760410927504109274048FBFCE010E9465
:101D10007B7C882309F498CFC0925D0DD0925E0D34
:101D2000E0925F0DF092600D89E194E10E9475D11F
:101D3000811103C081E09CE085CF60E070E080E22B
:101D400090E00E944ECD811105C083EF9BE00E9480
:101D5000787A07C060E070E0CB010E94A0BF8111DB
:101D600005C00E9421B40E9493B06ECF60E070E085
:101D7000CB010E94A47B8823A1F360E072E080E0A5
:101D800090E00E94A0BF882361F30E9464CC882366
:101D900041F380916604813019F085EE9BE0D7CF46
:101DA0000E9458B38823C9F381E090E09093620DBC
:101DB0008093610D81E080939B0D82E090E0909391
:101DC0007C0F80937B0F0E9408540E9430DC60934C
:101DD000930D7093940D8093950D9093960D1092A2
:101DE000970D1092980D1092990D10929A0D1092D5
:101DF0008F0D1092900D1092910D1092920D809176
:101E0000560290915702019761F58091500290918E
:101E10005102069709F021C12091520230915302DC
:101E20004091540250915502A5E0B0E00F94C900D2
:101E3000DC01CB010796A11DB11D23E0B695A79546
:101E4000979587952A95D1F7009721E0A207B105CC
:101E500020F08FEF9FEFA0E0B0E09093490D8093CA
:101E6000480D80E00E9446B211E0E5C0CE01049723
:101E7000029708F076C0E0907D0FF0907E0F0E94F0
:101E8000C0288091AB0C811105C087ED9BE00E94BA
:101E9000DE241BC0D093760FC093750F2597E1F019
:101EA0000E9497288CE991E390932B0280932A0259
:101EB00082E08093290210923A0481E080936204C8
:101EC000C7010E946825811116C085E090E09093BB
:101ED000A00F80939F0FBECE0E9497288CEF91E0B9
:101EE00090932B0280932A0283E08093290281E061
:101EF00080933A04E2CF89E194E10E9475D1811187
:101F000003C08BEC9BE0C3CF60E070E080E290E028
:101F10000E944ECD882391F060E070E0CB010E94DA
:101F2000A0BF882359F00E9464CC882339F00E9416
:101F3000E027811108C082EB9BE002C08DEB9BE0A3
:101F40000E94A73987CE9FB7F89480913B049FBF2A
:101F500080933C0481E090E09093A00F80939F0FCA
:101F600029CF219709F063C0C0917D0FD0917E0FDA
:101F70000E947C238091AB0C811105C084EA9BE018
:101F80000E94787A15C00E9497288CEF91E0909378
:101F90002B0280932A0283E08093290281E08093C0
:101FA0003A0480936204CE010E948B24811107C001
:101FB00085E090E090936504809364044BCE89E1C2
:101FC00094E10E9475D1811103C089E99BE0D8CFCB
:101FD0006FE770E081E090E00E944ECD8823A1F091
:101FE00060E070E0CB010E94A0BF882369F00E94EE
:101FF00064CC882349F00E9442AD0E94E027811101
:1020000008C081E89BE002C08BE89BE00E94883911
:1020100021CE9FB7F89480913B049FBF80934F04DB
:1020200081E090E09093650480936404C3CE8BE2DA
:102030009CE00E94B87E812FDF91CF911F910F917C
:10204000FF90EF90DF90CF90BF90AF909F908F90D8
:102050007F906F905F904F9008952FB7F894809184
:10206000780F9091790F2FBF90934F0D80934E0D65
:102070008091930D9091940DA091950DB091960D36
:1020800080934A0D90934B0DA0934C0DB0934D0D42
:10209000E8CECF92DF92EF92FF920F931F93CF93F0
:1020A000DF931F921F92CDB7DEB780917B0F909187
:1020B0007C0F20915602309157028130910519F51D
:1020C000232B81F08091560290915702019781F461
:1020D0009FB7F89480917A0F10927A0F9FBF811169
:1020E00005C006C00E9441B2882361F30E94CA8DD8
:1020F0000F900F90DF91CF911F910F91FF90EF9074
:10210000DF90CF900895AC01425051094230510503
:10211000E0F4232BD1F4029791F080917B0F909102
:102120007C0F039791F48091010F81110EC00E94E2
:1021300041B2811157C081E08093000F06C00E9418
:1021400041B28111EACF0E9419808091560290918C
:102150005702019741F580917B0F90917C0F029778
:1021600011F58091500290915102069721F18FB79D
:10217000F8940091780F1091790F8FBF0E9430DC96
:1021800020914E0D30914F0D20173107A9F110937A
:102190004F0D00934E0D60934A0D70934B0D80933D
:1021A0004C0D90934D0D80915002909151028630CC
:1021B000910509F055C18091610D9091620D9C01CE
:1021C000215031092230310508F06BC09FB7F894D7
:1021D000809166049FBF843019F588ED9CE00E94D1
:1021E000787A23C08091000F882309F4AECF109233
:1021F000000F0E94CE7EA9CF00914A0D10914B0D89
:1022000020914C0D30914D0D601B710B820B930B87
:10221000683873418105910530F20E946B8DC3CF00
:1022200080E00E947F7A81110BC00E9421B40E943D
:1022300093B085E090E09093620D8093610D02C0B1
:102240000E94FBD880915602909157020197A9F401
:1022500080917B0F90917C0F029779F48091480DCB
:102260009091490D009749F02091530D3091540DF4
:102270002817390710F00E946B8D8091610D9091A5
:10228000620D8330910509F4D1C008F093C3813009
:10229000910509F4D5C0029709F02ACF83E090E0B8
:1022A000C7C0039779F60E94EC53892B11F081E0A7
:1022B000B8CF80919C0F8111C3CF8091560D8111B1
:1022C0006DC00E9424B18111BDCF8091560D811146
:1022D000B9CF81E08093560D1092580D1092570D92
:1022E0008FB7F89490916704992371F090916904E5
:1022F0009093580D909168049093570D1092690433
:1023000010926804109267048FBF6091570D662386
:1023100009F498CF8091980F882321F08091580D6F
:102320000E9422886091570D4091580DE9E1F2E139
:1023300090E080E0A1E0B0E0861770F49D01082EE7
:1023400001C0220F0A94EAF7242321F02BEE2193F7
:102350000196F2CF24E1FBCF70E089E192E10E9487
:1023600060C02091570D2817190619F089EC9CE0E0
:1023700036CF8091590D90915A0DA0915B0DB0917F
:102380005C0D820F911DA11DB11D8093590D90937D
:102390005A0DA0935B0DB0935C0D54CF0E9424B1F5
:1023A000811150CFC090590DD0905A0DE0905B0D27
:1023B000F0905C0DC0FC17C082E0D80EE11CF11C4F
:1023C0006091590D70915A0D80915B0D90915C0D4B
:1023D0000E94A47B81111BC08091A10F811125CF88
:1023E0008FEA9CE0FCCE1092191261E070E089E166
:1023F00092E10E9460C0019719F08DEB9CE0EFCE56
:1024000091E0C90E92E0D91EE11CF11CD9CFC701A1
:10241000B6010E948ACC8823F9F20E9464CC8823FA
:10242000D9F20E9493B084E090E005CF84E090E080
:1024300090937C0F80937B0F5BCE0E94B36D58CE40
:1024400080917B0F90917C0F049709F451CE82E02C
:1024500090E090937C0F80937B0F0E94085448CEAD
:102460009C01245031092230310508F0A8C08FB7F3
:10247000F894209162048FBF80919F0F9091A00FDC
:10248000AC014150510942305105A0F480EF9CE06D
:10249000243009F491C00E940025882321F00E9475
:1024A000EB25811102C00E94E7ED80919F0F909172
:1024B000A00FE7CE0397C9F70E940025882399F360
:1024C0000E94EB25882379F30E94D227892B69F794
:1024D0008091400490914104892B39F780913F0409
:1024E0008111E3CF80913E048111DFCF80913D04C3
:1024F0008111DBCF0E94D3248111D7CF8091420478
:10250000E82FF0E0DF01AA0FBB1FA554B34F2D91B8
:102510003C91232B51F0E55BFB4F9081911105C05D
:1025200091E090838927809342040E9400258823AC
:1025300009F4B9CF80914B048111B7CF80914C043D
:102540008111B3CF8091BB0C9091BC0C892B09F009
:10255000ACCF8091BD0C9091BE0C892B09F0A5CF1A
:102560000E9424B18111A1CF609147047091480469
:102570008091490490914A040091430410914404CD
:102580002091450430914604601771078207930734
:1025900089F40E948ACC882369F00E9464CC882345
:1025A00049F00E9493B084E090E09093A00F809354
:1025B0009F0F7BCF85EE9CE00E94A73976CF0197D5
:1025C00009F096CD8FB7F894209162048FBF809167
:1025D0006404909165040197039708F019C187E599
:1025E0009DE0243091F180916104882309F451C069
:1025F0000E9424B18111D6C11092BA0C1092B90C6C
:102600001092B80C1092B70C1092600410925F04F4
:1026100010925E0410925D041092590410925A04B4
:1026200010925B0410925C041092AE0C1092AF0CEE
:102630001092B00C1092B10C60E070E0CB010E94DF
:10264000A0BF811105C08EE49DE00E948839AAC117
:1026500080914D0490914E040097A9F30E94DD886B
:10266000882389F31092610481E08093580440919B
:10267000B20C5091B30C6091B40C7091B50C411533
:102680005105E1E06E077105B8F11092E114109266
:10269000E0140E94E523882309F47BC0809157044D
:1026A0008111B6C022E0E22EF12CCC24C394D12CAF
:1026B00001E08091640490916504E0915D04F0E094
:1026C000E15AFB4F20812111A3C020916104211107
:1026D0009FC0039721F4809157048111A0C080917D
:1026E0005404882309F43FC0109254040E94652AC0
:1026F000882309F44EC0DDCF22E030E03093E114AE
:102700002093E0141092BA141092B91425E030E02E
:102710003093C8142093C7141092CC141092CB1489
:102720001092CD141092CE141092CF141092D01497
:102730001092D1141092D2141092D3141092D41477
:102740004093D5145093D6146093D7147093D81433
:102750001092DA141092D9141092DC141092DB1437
:102760008093DD1496CFCE0101960E94CD2588235B
:1027700009F44EC080915504909156048130910522
:1027800079F410925604109255048981803108F032
:10279000ADCF8091A10F811138C083E49DE055CF6A
:1027A000029761F410925604109255040E94FBA9FE
:1027B00080914F04802780934F047BCF1981113083
:1027C00029F4D0925604C092550473CF123019F4F4
:1027D0000E94FBA96ECF133029F4F0925604E092C8
:1027E000550467CF212F30E094E0359527959A95D1
:1027F000E1F71F702115310561F2822F0E94652AD1
:10280000882339F21093540454CF90E080E01DCF18
:102810008091640490916504039709F0C3C080918E
:102820005704811118C080916304882309F4FECDF8
:102830000E94D227892B09F0B5C080915504909150
:102840005604892B09F0AEC0809154048111AAC0AE
:1028500084E39DE0FACE0E94CD230E94E5238111FE
:1028600003C08AE29DE0F1CE80915F0481119AC09D
:1028700080916004811196C08091B70C9091B80C42
:10288000892B09F08FC08091B90C9091BA0C892BDB
:1028900009F088C00E9424B1811184C06091AE0CFF
:1028A0007091AF0C8091B00C9091B10C00915004DC
:1028B0001091510420915204309153046017710714
:1028C0008207930709F073C00091590410915A04CC
:1028D00020915B0430915C046017710782079307B5
:1028E00009F065C00E948ACC882309F460C00E9468
:1028F00064CC882309F45BC00E9493B01092E11469
:102900001092E0141092BA141092B9148091AC0C89
:102910009091AD0C8B3008F03FC0BE016F5F7F4FD0
:102920000E94D0A88823C1F1E981FA81E131A0F5A4
:10293000FF27EE0FFF1FE250F34F05911491011591
:10294000110551F169E174E189E192E10E94BCED68
:10295000882311F1A80160E870E089EB92E10E9400
:10296000FAED09EB12E1F80101900020E9F78F017F
:102970000A5B124189E192E10E9475D1882361F0DE
:10298000B80189EB92E10E9460C08017910711F4B1
:102990000E9464CC0E9493B084E090E09093650420
:1029A0008093640480916404909165046ACC80E211
:1029B0009DE04BCE8430910509F43FCD059709F099
:1029C00097CB81EA9FE00E942B8092CBFC01608133
:1029D00071818281938108958091820E9091830EFE
:1029E000039761F5E091BD0FF091BE0F3697E93086
:1029F000F10508F58827E050FB468F4F0D94B20093
:102A00000F950F951B950C95099518951595239580
:102A1000129584E490E1089589EF9DE0089580E0A7
:102A20009AE008958FE49FE108958CEA91E108957A
:102A300080E29DE008958AE39BE00895809106027C
:102A40009091070208958DEE9EE108958091820E87
:102A50009091830E039761F5E091BD0FF091BE0F49
:102A60003697E930F10508F58827E65CFA468F4F7E
:102A70000D94B200499549955595469543955295C3
:102A80004F955D954C9589EA9EE008958FEF9AE009
:102A9000089580E09AE008958FE49FE108958CEA1C
:102AA00091E1089580E29DE008958AED99E008950E
:102AB0008091080290910902089582E59DE10895B0
:102AC0008091820E9091830E039761F5E091BD0F86
:102AD000F091BE0F3697E930F10508F58827EC58DC
:102AE000FA468F4F0D94B200839583958F9580950C
:102AF0007D958C9589959795869584EB98E00895BA
:102B00008AEC97E0089580E095E0089580EA9FE0E0
:102B100008958FEC98E0089589E896E0089585E59A
:102B200097E00895809102029091030208958EE744
:102B300090E108958091820E9091830E039761F544
:102B4000E091BD0FF091BE0F3697E930F10508F521
:102B50008827E255FA468F4F0D94B200BD95BD957A
:102B6000C995BA95B795C695C395D195C0958AE193
:102B700097E008958FE795E0089580E095E0089547
:102B80008FEA9FE008958DED98E0089587E996E03B
:102B9000089580ED94E008958091040290910502DB
:102BA000089589EA9EE00895E0E9F0E080818F7C55
:102BB0008083E1E7F0E080818B7F80830895982F08
:102BC0009F7D91549A31D0F090ED980F9A30B0F0EB
:102BD0008032A1F093ED980F923080F08F3571F034
:102BE00098ED980F923050F08B3241F0662321F02F
:102BF00061E08F3209F060E0862F089561E0FCCF3C
:102C0000CF92DF92EF92FF920F931F93CF93DF93B8
:102C1000D42EC22E8C017C01E60EF11CD0E0E01611
:102C2000F10639F1F801C1918F01CC2311F1CD30BA
:102C300001F1D11005C0EC2FF0E0E350FE4EC4913D
:102C40008C2F8F7D81548A3180F080ED8C0F8A30FB
:102C500060F06C2D8C2F0E94DF95882301F3C03229
:102C6000F1F2DF3FE1F2DF5FDACFDE3FC0F6DE5F99
:102C7000D6CF8D2FDF91CF911F910F91FF90EF90C5
:102C8000DF90CF900895AF92BF92CF92DF92EF92F4
:102C9000FF920F931F93DC01DC96ED91FC91DD9781
:102CA000309731F1808140E050E0BA0183FF0CC0E1
:102CB000408D518D628D738D80899189A289B389F0
:102CC000481B590B6A0B7B0B4115B0E85B0761058C
:102CD000710520F04FEF5FE760E070E0CA011F91DF
:102CE0000F91FF90EF90DF90CF90BF90AF9008953D
:102CF000DE96ED91FC9180E090E0309781F384A521
:102D000083FF23C020853185428553856485758581
:102D100086859785A080B180C280D380E480F580CD
:102D2000068117810F940902F22FE32F2F3F3F47AF
:102D300041055105610571058105910519F010F0F6
:102D4000FFEFEFE78F2F9E2FCACF20E030E040E06B
:102D500050E060E070E080E090E0E6CF9091C70D39
:102D6000662321F0892B8093C70D089580958923D0
:102D7000FACF90E080E00895AF92BF92CF92DF92B9
:102D8000EF92FF920F931F93CF93DF930097B9F1C8
:102D90007B018C01EC0109900020E9F72197C81B09
:102DA000D90BCB010E9455FD6C01C817D90738F12A
:102DB000C81BD90BC00FD11F10E000E0C016D10610
:102DC00091F0F701E00FF11FB490899190E00F941A
:102DD0002702A82E8B2D90E00F942702A8120FC077
:102DE0000F5F1F4FEBCF81E0DF91CF911F910F91CC
:102DF000FF90EF90DF90CF90BF90AF90089580E06C
:102E0000F3CFFC0180A991A9009721F030E020E0E8
:102E10000C9447E382A993A9009711F00C94D4660F
:102E20008FEF9FEF0895CF93DF931F92CDB7DEB75B
:102E300041E050E0BE016F5F7F4F0C960E9401970A
:102E4000019731F4898190E00F90DF91CF9108953F
:102E50008FEF9FEFF9CF4F925F926F927F928F9299
:102E60009F92AF92BF92CF92DF92EF92FF920F9319
:102E70001F93CF93DF931F92CDB7DEB7FC0104AD54
:102E800015AD01151105A9F1F80180889188A28876
:102E9000B388C484D584E684F78430E020E041E040
:102EA00050E0BE016F5F7F4FC8010E9447E301976A
:102EB000E9F4898190E0F801808A918AA28AB38A34
:102EC000C486D586E686F7860F90DF91CF911F9155
:102ED0000F91FF90EF90DF90CF90BF90AF909F90B9
:102EE0008F907F906F905F904F9008958FEF9FEF3E
:102EF000E2CF06AD17AD8FEF9FEF0115110521F35E
:102F0000F801408051806280738084809580A68023
:102F1000B780C08CD18CE28CF38C41E050E0BE01D4
:102F20006F5F7F4FC8010E94D466019781F4898149
:102F300090E0F8014082518262827382848295829D
:102F4000A682B782C08ED18EE28EF38EBDCF8FEF78
:102F50009FEFEFCFFC0180A991A9009711F00C948D
:102F6000E3E182A993A9009711F00C94046280E038
:102F700008950C960C94AA97CF92DF92EF92FF924D
:102F80000E9430DC6B010E9477D5892BA9F081E08B
:102F90008093C70DD092C40DC092C30DD092C60DC0
:102FA000C092C50D8091C70D877E8093C70DFF909D
:102FB000EF90DF90CF90089587E0EACF2F923F9275
:102FC0004F925F926F927F928F929F92AF92BF9239
:102FD000CF92DF92EF92FF920F931F93CF93DF93E5
:102FE000CDB7DEB76E970FB6F894DEBF0FBECDBF7C
:102FF0007E876D875E8B4D8BDC01D0960D90BC91EA
:10300000A02DBA87A987109709F4E1C012968C9178
:1030100081FF1BC083FD21C08D889E88A40170E0C4
:1030200060E0E985FA8580899189A289B3898095D4
:103030009095A095B0955F01FCE0AF0EB11C841790
:103040009507A607B70708F0D6C4E985FA858181F8
:10305000816081831E8A1D8A9FC0A985BA85589682
:103060004D915D916D917C915B97CD010E9477E2CE
:103070008111D2CFEACF95010E940FE187FDE5CF04
:10308000811106C089859A850E943F5A8823E9F2FA
:10309000A985BA851696ED91FC9117971C964D91CE
:1030A0005D916D917C911F974250510961097109A1
:1030B000848104C0440F551F661F771F8A95D2F77D
:1030C00081899289A389B489480F591F6A1F7B1F80
:1030D000FDC4E985FA85848D958DA68DB78D009701
:1030E000A105B10589F4CF010E943F5A882309F454
:1030F000ACCFE985FA8584859585A685B785848FCB
:10310000958FA68FB78FB8C4E985FA858487958790
:10311000A687B787B1C421E03AC49401232F33278F
:1031200026950281011B110B2017310708F4890134
:103130002801542C4424550CC416D506E606F7067F
:1031400098F0DB01CA01800F911FA11DB11DC816A7
:10315000D906EA06FB0640F414A28FEF9FEFDC01CC
:1031600087A390A7A1A7B2A72D853E85C3010E9482
:1031700044DE28C4E985FA85808D918DA28DB38DBA
:103180008C159D05AE05BF0538F4C08ED18EE28E3C
:10319000F38E8281806882838D899E896E960FB6B8
:1031A000F894DEBF0FBECDBFDF91CF911F910F917D
:1031B000FF90EF90DF90CF90BF90AF909F908F9057
:1031C0007F906F905F904F903F902F900895DC011B
:1031D000D2960D90BC91A02DBE8FAD8F109709F4A3
:1031E00039CF9E968C9181FF73C183FD52C1ED8DC5
:1031F000FE8DF081F983AD8DBE8D1196BC91B9879E
:10320000ED8DFE8DF281FB87AD8DBE8D1396BC9149
:10321000BC87ED8DFE8DF481FF87AD8DBE8D15963B
:10322000BC91B88BED8DFE8DF681F98BAD8DBE8D89
:103230001796BC91BA8BED8DFE8D408851886288BF
:1032400073888488958826883788298139854B85B5
:103250005C856F85788989899B2F52016301740190
:1032600081010F94120211F008F03BC11B861C86ED
:103270001F86188A198A1A8A1F8A188E8D889E8836
:103280009A8689862D8D3E8D285E3F4F3C8F2B8FF1
:10329000AD8DBE8D2C9011963C90119712964C904E
:1032A000129713965C90139714966C90149715963A
:1032B0007C90159716968C90169717969C9017975A
:1032C000E985FA85EF2B09F40AC39096ED91FC91FC
:1032D000DF01AC5DBD4FCD90DD90ED90FC903201F3
:1032E00021014C205D206E207F20920131703C8BAB
:1032F0002B8B411451046104710409F056C0AD8D4B
:10330000BE8D5896CD90DD90ED90FC905B97C114EA
:10331000D104E104F10409F423C19E968C919E9797
:1033200086FF0EC15C968D909D90AD90BC905F978E
:1033300018962C91189719963C9119971A964C91BA
:103340001A971B965C911B971C966C911C971D9667
:103350007C911D971E968C911E971F969C91AFEFA6
:103360000F94FD01E15DFD4F0081075F0F94D901CE
:1033700029833A834B835C836D837E838F83988715
:1033800029813A814B815C81820E931EA41EB51E59
:10339000C814D904EA04FB0408F4C4C08D8D9E8DC2
:1033A0000E94735F882309F493C0AD8DBE8D909603
:1033B000ED91FC91DF01A15DBD4F3C907301620175
:1033C00019E0F694E794D794C7941A95D1F7AD8D88
:1033D000BE8D58964D905D906D907C905B97B2E05D
:1033E0004B1A510861087108032C04C0440C551C89
:1033F000661C771C0A94D2F74C0C5D1C6E1C7F1C5B
:10340000CF01885E9D4FDC014D915D916D917C9166
:10341000440E551E661E771E8B889C88892809F0ED
:10342000C1C089849A84811422E0920608F4BAC04B
:103430002B853C854F85588969897A898F89988D34
:10344000A0E00F941B0209F0ADC043815481658157
:10345000768181819281811434E0930608F0E9C17C
:10346000441655066606770641F410824FEF5FEF6B
:10347000BA0143835483658376832D853E85B301EA
:10348000A2010E94C6DE882319F1212C82E0382E89
:1034900011C1AD8DBE8D18960C91189719961C917F
:1034A00019971A962C911A971B963C911B971C966C
:1034B0004C911C971D965C911D971E966C911E97C2
:1034C0001F967C911F97CD010E941F6081118FCEA6
:1034D000AD8DBE8D9D968C919D9781609D968C93B0
:1034E000B9CD82019301A401B1018D8D9E8D0E9401
:1034F0001F60882369F3298139854B855C856F8539
:10350000788989899A8952016301740181010F9434
:1035100009022B873C874F87588B698B7A8B8F8B5F
:10352000988FACCE3FEFC31AD30AE30AF30AAD8DEE
:10353000BE8D5896CD92DD92ED92FC925B9735CF81
:103540002B8D3C8DB701A601CF010E94DD5C082EBA
:10355000000C990B97FDBCCF892B09F41FCF25CF09
:10356000ED8DFE8D848D958DA68DB78D0097A1056F
:10357000B10589F4CF010E94735F882309F4A8CFB5
:10358000ED8DFE8D808D918DA28DB38D848F958F65
:10359000A68FB78F0ACFED8DFE8D808F918FA28F72
:1035A000B38F03CF212CB2E03B2E8B889C88281848
:1035B0003908892809F02EC1AD8DBE8D2C91119648
:1035C0003C91119712964C91129713965C91139718
:1035D00014966C91149715967C9115975096AC9013
:1035E00050975196BC9051975296CC9052975396C3
:1035F000DC9053975496EC9054975596FC905597C1
:1036000056960C91569757961C91579716968C91F3
:10361000169717969C910F94120208F4FBC025E0B0
:10362000B301A201CF010E9450E0009709F450CFEE
:10363000EB89FC89E80FF91F2B853C854F8558895C
:1036400069897A898F89988DA0E00F941B0209F40B
:10365000E3C04101B12CA12CC12CD12C76012982CF
:103660009A82AB82BC82CD82DE82EF82F8865101E3
:10367000C12CD12CE12CF12C00E010E00F941202AF
:1036800010F4222E332EA10170E060E0CF010F94E0
:1036900045028B899C89820D931D8115924051F4BE
:1036A000AD8DBE8D90968D919C910E941ADF8823DE
:1036B00009F40ECF910150E040E060E070E0CB01F2
:1036C00029823A834B835C836D837E838F839887C3
:1036D00040E050E060E070E080E090E0AD8DBE8DB5
:1036E000AC901196BC9011971296CC9012971396AD
:1036F000DC9013971496EC9014971596FC90159700
:1037000016960C91169717961C9117970F94F40123
:10371000722E832E942E652E562E472EF82FE92FCB
:103720002C9311963C93119712964C9312971396E3
:103730005C93139714966C93149715967C93159736
:1037400016968C93169717969C932B853C854F85E0
:10375000588969897A898F89988DA0E00F941B0216
:1037600009F4B0C0A980BA80C12CD12CE12CF12C75
:1037700000E010E00F9409022B873C874F87588B9D
:10378000698B7A8B8F8B988FAD8DBE8D5096AC9058
:1037900050975196BC9051975296CC905297539611
:1037A000DC9053975496EC9054975596FC9055970F
:1037B00056960C91569757961C915797272D382D52
:1037C000492D562D652D742D8F2F9E2F0F9412028B
:1037D00009F008F45DCD9E968C919E9780689E9628
:1037E0008C939E9750967C92509751968C925197BD
:1037F00052969C92529753966C92539754965C9221
:10380000549755964C9255975696FC9356975796C3
:10381000EC933ECD21E004CF89849A8482149304F2
:1038200008F41401A1016D857E85CF010F943C023F
:1038300030CF09851A85012F1127069530E020E049
:10384000812C912C5401839404C0880C991CAA1CCF
:10385000BB1C3A94D2F789829A82AB82BC828C18C4
:103860009D08AE08BF08081519052A053B0510F488
:103870004801590195018401A9E0000F111F221F81
:10388000331FAA95D1F71801840144155505660523
:10389000770588F0840C951CA61CB71C48155905A3
:1038A0006A057B0540F410822FEF3FEFA9012383C7
:1038B0003483458356832D853E85B301A2010E9442
:1038C00044DEF5CEAD84BE84A20CB31CBE86AD86AC
:1038D00029853A85221933093A87298755CFED8DF5
:1038E000FE8D208531854285538564857585868565
:1038F000978551016201730184010F94120208F04F
:103900004BCC2086318642865386648675868686B1
:10391000978686A5806886A73FCCFC014250510956
:1039200061097109848104C0440F551F661F771F08
:103930008A95D2F781899289A389B489480F591F42
:103940006A1F7B1F80E092E0861997092401881581
:10395000990508F42C016114710409F0DCCBA985E8
:10396000BA8550960D911D912D913C915397589683
:10397000CD90DD90ED90FC905B970C151D052E050C
:103980003F0520F412968C9185FFC5CB25E0CF0131
:1039900084960E9450E0009709F457CBA2016D85F0
:1039A0007E85860D971D0F943C02640C751C611476
:1039B000B2E07B0651F4E985FA8586819781849689
:1039C0000E941ADF882309F440CBE985FA858089B3
:1039D0009189A289B389840D951DA11DB11D808B8C
:1039E000918BA28BB38B2D853E85240D351D3E8793
:1039F0002D8784189508E985FA85C088D188E288E2
:103A0000F3888114910409F4B5CB86819781DC0198
:103A100013961C91B701A60129E0769567955795F5
:103A200047952A95D1F714233601B1E07B22111175
:103A300023C044855585668577856114710409F036
:103A40006CCF411551056105710509F442CB228106
:103A500026FF11CB208C318C428C538CC214D304A2
:103A6000E404F50408F007CB4F5F5F4F6F4F7F4FC3
:103A70004487558766877787A985BA851696ED911D
:103A8000FC9117971C964D915D916D917C911F97BC
:103A90004250510961097109848104C0440F551FC6
:103AA000661F771F8A95D2F781899289A389B48985
:103AB000840F951FA61FB71FAC01BD01410F511DFB
:103AC000611D711D6114710409F03CCF8114B2E0D5
:103AD0009B0608F437CFC7A0D0A4E1A4F2A465A048
:103AE00076A0811424E0920608F017CB4C155D05F2
:103AF0006E057F0541F414A28FEF9FEFDC0187A3D1
:103B000090A7A1A7B2A72D853E85C3010E94C6DE5E
:103B1000882309F49ACA412C02E0502E56CF0C9605
:103B20000C94DE97CF93DF931F92CDB7DEB76983F6
:103B300041E050E0BE016F5F7F4F0C960E94DE9720
:103B40000F90DF91CF910895CF93DF93C6E0D0E13E
:103B500020E8FE0111922A95E9F722E1FC01DE013D
:103B600001900D922A95E1F76A8B7B8BFC0176968A
:103B70008AE2AAE1B0E101900D928A95E1F7DF9126
:103B8000CF91089528E0462F50E05595479597FD31
:103B90000CC06170880F991F662319F035E08327E8
:103BA00090582150642F79F708956095F2CFCF9304
:103BB000DF9300D01F92CDB7DEB7BE016D5F7F4FA0
:103BC000CE0101960E949135882309F149815A81DD
:103BD0002B813C81240F351F4115510511F441E023
:103BE00050E02230310510F422E030E0215031095C
:103BF000309399002093980050939B0040939A0033
:103C0000509349024093480291E09093760E0F90B2
:103C10000F900F900F90DF91CF9108959093830EA6
:103C20008093820E10928403109283031092820379
:103C30001092810310927703109278031092790307
:103C400010927A0310927603109275031092740307
:103C500010927E0310927D031092720E1092710EDC
:103C60001092700E1092810E1092800E10927F0EA4
:103C700010927E0E10927D0E10927C0E10927B0E92
:103C800010927A0E1092790E1092780E1092770E92
:103C90001092760E1092730E019711F41092940305
:103CA0000895AF92BF92CF92DF92EF92FF920F935F
:103CB0001F93CF93DF93F82E5B01E42E6901E80197
:103CC000882319F10E942695F601918380830E9432
:103CD000EC949983888380913502882359F08091F0
:103CE000820E9091830E039729F0A114B10489F5F7
:103CF000FF2061F1DF91CF911F910F91FF90EF9025
:103D0000DF90CF90BF90AF9008950E949A95F601F2
:103D1000918380830E94609599838883A114B10464
:103D2000D1F680914C0E8823B1F2823051F480E0BC
:103D30009FE0F6019183808380E890E199838883F6
:103D4000D9CF8FED9EE0F601918380838DE290E1E3
:103D5000F5CFAA94AB2839F480E090E1FF2071F30D
:103D600083E79EE1EBCFFF2039F08AE69EE1EE206B
:103D700029F38DE39EE1E2CF87EF9FE0EE20F1F2A1
:103D80008AEC9FE0DBCFCF92DF92EF92FF920F930E
:103D90001F93CF93DF93CDB7DEB76E970FB6F8942E
:103DA000DEBF0FBECDBF8C018F30910509F4B1C0CD
:103DB0000797FF24F394029760F00630110509F08D
:103DC000F12C0031110509F4A7C00A30110509F4DE
:103DD000A3C0EE24E3940930110509F0E12C680139
:103DE00082E0C81AD1080B30110509F098C082E0B2
:103DF0008093140281E090E021E00D30110509F07C
:103E000020E020937C039801277F2530310511F4B1
:103E100083E090E02EE1289FB001299F700D1124CE
:103E20006B59794E4EE150E0CE0101960E9443FD60
:103E30008E819F81909305028093040288859985E5
:103E400090930302809302028A859B8590930902D6
:103E5000809308028C859D859093070280930602CB
:103E60000115110509F473C0F1100AC0FE2CE11010
:103E700007C0FF24F39483E0C816D10408F0F12CA6
:103E8000F092350210924C0E8E859F85909312020F
:103E9000809311028A899B899093100280930F026C
:103EA0008E8980930E028F8980930C02888D809377
:103EB0000D02898D80930B028A8D80930A028B8D6F
:103EC0009C8D909373038093720383E0C816D10492
:103ED00088F48CE795E190931202809311029093FD
:103EE000100280930F0282E00430110509F081E096
:103EF00080934C0E6E960FB6F894DEBF0FBECDBF0A
:103F0000DF91CF911F910F91FF90EF90DF90CF90B5
:103F10000895FF24F3945DCFEE24E39460CF0C303A
:103F2000110531F483E08093140282E090E064CFC5
:103F30000E30110531F484E0809314028AE090E0A1
:103F40005BCF81E08093140290E080E055CFFF24A6
:103F5000F39496CF982F96959575891B982F937308
:103F6000869586958373890F982F92959F70890FF8
:103F70008F7008952F923F924F925F926F927F922F
:103F80008F929F92AF92BF92CF92DF92EF92FF9269
:103F90000F931F93CF93DF93CDB7DEB7A6970FB6DE
:103FA000F894DEBF0FBECDBF8A8B2A013B010A8782
:103FB0001B872C873D878E2DDC8ACB8A0E94AA9F87
:103FC000982E8F2D0E94AA9F980EA92CB12CD12C2F
:103FD000C12CAD8ABE8ACF8AD88E0E949A959A83C8
:103FE00089830E9460958C010E9426959F8F8E8FF9
:103FF0000E94EC9499A388A330E020E06801790145
:10400000A980BA80CA0CDB1CE11CF11CCA8EDB8EB5
:10401000EC8EFD8EBA882090110230901202B11001
:1040200004C020900F023090100280917C038823FE
:1040300009F475C18091720390917303892B09F47F
:1040400071C102E009879201A30160E070E080E0A5
:1040500090E003E00F94BE01822E398F4BA35AA348
:10406000B62FA72FF82FE92F0A851B852C853D85B4
:104070007801890120E130E040E050E060E070E04C
:1040800080E090E057016801E12CF12C00E010E0A5
:104090000F94090259016A017B018C01282D398D89
:1040A0004BA15AA16B2F7A2F8F2F9E2F0F94F401C3
:1040B000A92CB12CC12CD12CE12CF12C00E010E06A
:1040C0000F940902AA84BB84CC84DD844A0C5B1C57
:1040D0006C1C7D1CCD88DE88EF88F88C4C0C5D1C38
:1040E0006E1C7F1C63015201E12CF12C87014A8672
:1040F000BB866C86DD86EE86FF86088B198B512C7D
:10410000412C612C712C4301BA88BB2009F40DC1EC
:10411000C0900C02CD8AB984AB2CB12CD12CC12C0F
:10412000E12CF12C8701A982BA82CB82DC82ED825C
:10413000FE820F83188759016A017B018C01298552
:1041400030E040E050E060E070E080E090E00F940C
:10415000DC0051016201730184010F94F401AD8808
:10416000B12CC12CD12CE12CF12C00E010E00F94EB
:10417000F4010985023009F0DCC020907203309010
:104180007303512C412C612C712C430151016201AC
:10419000730184010F94F40129873D8B498F5AA341
:1041A0006BA37CA38DA39EA31A8980910E0211118B
:1041B00002C080910D0280900A02880E9924991CF9
:1041C000292D220F220B2A8B2A853B854C855D8564
:1041D00060E070E080E090E0A4E00F94FD01A98031
:1041E000BA80CB80DC80ED80FE800F8118850F9433
:1041F000DC0059016A017B018C0194014A89542F2A
:10420000642F742F842F942F0F94F401A8A1B9A1C7
:104210006D01F12CE12CEE8DFF8DCE0EDF1EE11C29
:10422000F11C56016701E12CF12C00E010E00F9425
:10423000DC0029013A014B011C01CA8CDB8CEC8C9F
:10424000FD8C56016701E12CF12C8701A982BA820D
:10425000CB82DC82ED82FE820F831887A984BD8821
:10426000C98CDAA0EBA0FCA00DA11EA129813A8186
:104270004B815C8160E070E080E090E00F94DC00B6
:104280002056304F4F4F5F4F6F4F7F4F8F4F9F4F95
:1042900059016A017B018C019201A301B401C101A2
:1042A0000F94F401E0E4AE2EFFE1BF2EC12CD12C1F
:1042B000E12CF12C00E010E00F9461012987398393
:1042C000F42FE52F2F3F3F4F4F4F5F4F6105710593
:1042D00081059105B9F1B0F18FEF9FEFDC01EB891A
:1042E000FC8980839183A283B38380E0A6960FB676
:1042F000F894DEBF0FBECDBFDF91CF911F910F911C
:10430000FF90EF90DF90CF90BF90AF909F908F90F5
:104310007F906F905F904F903F902F90089511E0A5
:10432000198791CE21E029878ECED0900B02DD8AAD
:10433000F2CE212C312C412C512C612C712C812C52
:10434000912C24CF85E993E0892B31F289859981DD
:10435000AF2FBE2F40919503509196036091970324
:10436000709198038A019B010095109520953095D6
:10437000081719072A073B0760F48FEF9FEFDC014E
:104380008093950390939603A0939703B09398031B
:10439000A3CF480F591F6A1F7B1F4093950350936B
:1043A00096036093970370939803EB89FC8940818F
:1043B0005181628173818A019B010095109520953E
:1043C0003095081719072A073B0708F485CF840F93
:1043D000951FA61FB71F80839183A283B38381E0BB
:1043E00085CF2F923F924F925F926F927F928F92E2
:1043F0009F92AF92BF92CF92DF92EF92FF920F9374
:104400001F93CF93DF93CDB7DEB76B970FB6F894BA
:10441000DEBF0FBECDBF69877A878B879C87290156
:104420003A01802FC98ADA8AEB8AFC8ABB8EAA8E6F
:104430000E94AA9F082F812F0E94AA9FE82F4985DA
:104440005A856B857C85A3E0440F551F661F771F37
:10445000AA95D1F7441555056605770508F405C1F9
:10446000A301920160E070E0CB0149823A836B8244
:104470005C836D837E838F8398870E0F098F4BA992
:104480005CA99A0140E050E060E070E080E090E0DC
:10449000A0E10F94FD015401C12CD12CE12CF12C91
:1044A00000E010E00F94F401A988BA88CB88DC887A
:1044B0000F94F401A980BA80CB80DC800F940902AC
:1044C00039014A01B62FA72FF82FE92FE984FA8482
:1044D0000B851C856701780100E010E09801C98612
:1044E000DA86EB86FC860D871E872F87388B960130
:1044F000A70160E070E080E090E003E00F94BE016F
:1045000059016A017B018C019301A4016B2F7A2F61
:104510008F2F9E2F0F94F401A98CB12CC12CD12C7C
:10452000E12CF12C00E010E00F9409024FA858ACE8
:1045300069AC7AAC1201510163010F94DC00322E98
:10454000832E942E252E2B013C014DA95EA99A01A4
:1045500040E050E060E070E080E090E0A2E00F9486
:10456000FD01E9A9FAA95F01C12CD12CE12CF12CA4
:1045700000E010E00F94F401CA8CDB8C5601D12CC2
:10458000C12CE12CF12C8701A98ABA8ACB8ADC8A5A
:10459000ED8AFE8A0F8B188FC12CD12CE12CF12CC7
:1045A00000E010E00F94F401A980BA80CB80DC8099
:1045B0000F94F401A984BA84CB84DC840F94F401B1
:1045C000A98CB12CC12CD12C0F94F401CBACDCAC58
:1045D000EDACFEAC56016701E12CF12C8701A982FC
:1045E000BA82CB82DC82ED82FE820F831887E12CB7
:1045F000F12C00E010E00F94DC002056304F4F4FBC
:104600005F4F6F4F7F4F8F4F9F4F59016A017B0163
:104610008C01232D382D492D522DB201C3010F9449
:10462000F401E0E4AE2EFFE1BF2EC12CD12CE12C31
:10463000F12C00E010E00F946101F42FE52F2F3FE3
:10464000AFEF3A074A075A076105710581059105E1
:1046500071F068F08FEF9FEFDC012196EEADFFADBA
:10466000219780839183A283B38380E01FC0C90117
:10467000AF2FBE2F2196EEADFFAD21974081518126
:10468000628173818A019B01009510952095309578
:10469000081719072A073B07E8F2840F951FA61F82
:1046A000B71F80839183A283B38381E06B960FB69B
:1046B000F894DEBF0FBECDBFDF91CF911F910F9158
:1046C000FF90EF90DF90CF90BF90AF909F908F9032
:1046D0007F906F905F904F903F902F90089581E072
:1046E0008093B30F10926E038FEF80930002E091DE
:1046F000B40FF091B50F309711F080E01994089540
:104700008FB7F8941092800310927F031092710378
:1047100010927003109201028FBF08954FB7F89462
:1047200020917F03309180038091700390917103F9
:104730004FBF821B930B08955B9A08958091B60F2B
:10474000882359F02091BD0F3091BE0F26503109BA
:1047500081E02230310508F080E008958091B60FA5
:10476000882359F02091BD0F3091BE0F245031099C
:1047700081E02230310508F080E008958091B60F85
:10478000882359F02091BD0F3091BE0F235031097D
:1047900081E02330310508F080E00895E6EBFFE08A
:1047A00080E5DF011D928A95E9F70895CF92DF92A7
:1047B000EF92FF921F93CF93DF93182FD62FC42F22
:1047C0000E94B3DB6B017C0180910301817018179B
:1047D000B1F10E94B3DB6C197D098E099F09613428
:1047E00072448F40910580F385E58093F50F8CE44A
:1047F0008093F60F87E38093F70F8091BD0F909120
:10480000BE0F0597D1F08CE48093F80F80E280937F
:10481000F90FD093FA0FC370C05DC093FB0F809364
:10482000FC0F88E00E945FD980E0DF91CF911F915B
:10483000FF90EF90DF90CF90089588E4E5CF81E07E
:10484000F4CF882311F0749A089574980895AC01F8
:1048500061E170E085EF9FE00C94FAEDCF92DF927A
:10486000EF92FF92CF93C82F0E94B3DB6B017C01C4
:10487000809103018170C817B1F00E94B3DB6C19FD
:104880007D098E099F096132714A8740910580F345
:1048900087EB93E10E9427A480E0CF91FF90EF90F7
:1048A000DF90CF90089581E0F8CF1F93CF93DF93EF
:1048B0008095C82FCC0FC11DCC0FC11D14E080E026
:1048C0000E942EA48823E9F08C2F881F8827881F38
:1048D0000E9421A45B9881E00E942EA4D82F8823F7
:1048E00081F0C6FB882780F90E9421A40E949CA326
:1048F000CC0FCC0F115019F78D2FDF91CF911F9155
:104900000895D0E0F9CFEAECFFE080E0919199239F
:1049100011F09D3059F4E82FF0E0E653F04F882372
:1049200049F09291903231F48150F9CF8F5F81310B
:1049300069F7F1CF08958E30910549F09C012B5015
:10494000310981E02230310518F080E0089581E0DE
:1049500008958091B60F882331F08091BD0F90911A
:10496000BE0F0C949BA480E008950E94A9A4882304
:1049700059F02091820E3091830E2250310981E04E
:104980002230310508F080E008958D30910549F01E
:104990009C012850310981E02330310518F080E076
:1049A000089581E00895EF92FF920F931F93CF93A4
:1049B000DF93DC01892B49F490E080E0DF91CF9117
:1049C0001F910F91FF90EF9008958091B60F88236B
:1049D00099F34091C10F5091C20F6417750760F3AE
:1049E0000091BD0F1091BE0FC8010197029708F00A
:1049F000C4C00230110509F0BBC08091BF0F909177
:104A0000C00F480F591F8DEE8C9383E711968C933E
:104A1000119712964C93129713965C93139781E318
:104A200014968C931497CA01429615968C931597F9
:104A300016969C93169787E090E0E1E3F5E1ED018F
:104A4000C80FD91F25E335E16491699331962E177C
:104A50003F07D1F79C012C5F3F4F6091BD0F7091D4
:104A6000BE0F6230710581F4E7E9F5E1ED01C20F97
:104A7000D31F2BE935E16491699331962E173F07D7
:104A8000D1F79C01285F3F4FED01C20FD31F81E09A
:104A900088839091C30F8091C40FF9013196EA0F7A
:104AA000FB1F9083818381E28B839091C50F80915E
:104AB000C60FF9013496EA0FFB1F9083818381E1D1
:104AC0008E839091C70F8091C80FF9013796EA0F36
:104AD000FB1F9083818385ED89878FEEE82E84E12B
:104AE000F82EC9010A968A0F9B1F6EE275E1F70145
:104AF0001491FC011193CF01FFEFEF1AFF0A6E151D
:104B00007F05A9F789EDFE01E75BFF4F808391E008
:104B100031969083319610823196908331968083BE
:104B200031961082B901605B7F4F81EE31968083B0
:104B30008091BD0F9091BE0F029799F46A0F7B1F71
:104B40008DEEFB018083CF5ADF4F8BE78883F9011D
:104B5000EE5AFF4FEA0FFB1F40835183B9016C5A95
:104B60007F4FCB010196A60FB71F29EE2C9326CFBE
:104B700050E040E090E080E060CF0330110509F0A4
:104B8000D6C08091BA0F811140C0EAE7F5E1CD01AE
:104B90004D96ED012491299331968C179D07D1F7FD
:104BA00081E05D968C935D979091C30F8091C40FC7
:104BB0005E969C935E975F968C935F9781E290964A
:104BC0008C9390979091C50F8091C60F91969C936E
:104BD000919792968C939297E4EBF4E1ED01A39672
:104BE000CD01825A9F4F2491299331968C179D07AE
:104BF000D1F73091C70F2091C80FFC013083A15A23
:104C0000BF4F2C9380E690E0D9CE91E29C938DE14A
:104C100011968C93119781E112968C9312971396AB
:104C20008C93139714961C92149780EC15968C9382
:104C3000159785ED16968C93169721E017962C9371
:104C4000179783E518968C93189719961C921997C5
:104C50008DEE1A968C931A9780EB1B968C931B976C
:104C600089EC1C968C931C975EE31D965C931D97B4
:104C700048E01E964C931E9733ED1F963C931F976A
:104C80008EEC50968C9350978DEC51968C93519757
:104C900052965C93529757E053965C935397549671
:104CA0008C93549755964C93559743E056964C9356
:104CB000569757968C9357978EEB58968C93589798
:104CC00082E059968C9359975A963C935A9780EE66
:104CD0005B968C935B975C962C935C972091C30FAB
:104CE0008091C40F5D962C935D975E968C935E9732
:104CF00089ED5F968C935F9790969C939097909197
:104D0000C50F8091C60F91969C93919792968C9324
:104D10009297E9E7F4E1ED01A396CD01825A9F4F06
:104D20002491299331968C179D07D1F762CFED011D
:104D3000C8010E94C5A4882361F0E9E1F4E1CE0135
:104D4000805A9F4F2491299331968C179D07D1F754
:104D500059CFC8010E949BA4882309F447C0EFEBF8
:104D6000F3E1DE01CE01865A9F4F24912D933196B7
:104D70008A179B07D1F78091BD0F9091BE0F8C30A1
:104D8000910591F10E9771F582E5FE01E55BFF4F0C
:104D9000808331968091C90F80839091C30F809159
:104DA000C40F31969083319680839091C50F809186
:104DB000C60F31969083319680839091C70F809172
:104DC000C80F3196908331968083DE01AD5ABF4F74
:104DD00097E0E1EEFFE001900D929A95E1F78AE508
:104DE00090E0ECCD8BE1D1CF89E2CFCF0450110917
:104DF0000230110508F091C00E9483A42091BF0FDA
:104E00003091C00F4091C50F5091C60F61E541151B
:104E1000504108F463E5620F732F711D9EE3988380
:104E200096E199839DEC9A8392E19B831C8291E1A8
:104E30009D836E837F839FED98872091C50F30916E
:104E4000C60F09E010E02115304130F493ED998749
:104E500090EE9A870BE010E0DE01A00FB11F91E009
:104E60009C934091C30F9091C40FF8013196EC0FC1
:104E7000FD1F4083918399ED13969C93139791E2C4
:104E800014969C9314974091C50F9091C60FF8010A
:104E90003596EC0FFD1F408391832BE935E1A80186
:104EA000495F5F4F4C0F5D1F69ED75E1F90194910A
:104EB000FA019193AF012F5F3F4F62177307B1F76C
:104EC000AB5BBF4F93EC9C934091C70F9091C80F81
:104ED000F801EA5BFF4FEC0FFD1F40839183085BF5
:104EE0001F4FE82EF12CA7016AEC7FE0CE01800F66
:104EF000911F0F943C0298012E0D3F1DC20FD31F2E
:104F00008DE088838091C10F9091C20F2F5F3F4F3A
:104F10002817390709F050CD51CD81E08883909151
:104F2000C30F8091C40F99838A8381E28B83909110
:104F3000C50F8091C60F9C838D8381E18E839091F4
:104F4000C70F8091C80F9F83888785ED89878091DF
:104F5000BD0F9091BE0FDE011A96E5E3F5E10297D1
:104F6000D1F484918D93319685E1E937F807C9F73B
:104F7000FE01E25BFF4F8DEE808331968BE78083ED
:104F80003196108231961082CE5ADF4F89EE888397
:104F900083E590E013CD84918D93319695E1EA37C6
:104FA000F907C9F78FE490E009CDCF93DF938091A3
:104FB000B60F882391F0C091BD0FD091BE0FCE01E6
:104FC0000E94C5A4811109C0CE010E949BA4811139
:104FD00004C0DF91CF910C949EA3DF91CF910895EF
:104FE0008091B60F882331F08091BD0F9091BE0F54
:104FF0000C94C5A480E008950F931F93CF93C091A4
:10500000B60FCC2399F00091BD0F1091BE0FC801CF
:105010000E94C5A4C82F81110EC0C8010E949BA484
:10502000811104C00E949EA3C1E0C8278C2FCF919C
:105030001F910F910895C0E0F9CFCF93DF93CDB7C3
:10504000DEB72E970FB6F894DEBF0FBECDBF2FEFA1
:10505000260F283628F5883021E1920759F5FE0100
:1050600033968CE0DF011D928A95E9F783EC898302
:1050700088E08A8381E18B83DE011196AE01415F76
:105080005F4F2D9190E080E08D30910569F1FC013A
:10509000E951F54E3491231327C0E4912E1751F1B5
:1050A00080E02E960FB6F894DEBF0FBECDBFDF9125
:1050B000CF9108958115904C99F781E2898388E01A
:1050C0008A8381E18B838C831D8280EC8E8391E0C7
:1050D0009F83688719869DEE9A8790EB9B8793EC58
:1050E0009C871D868E87C8CF0196811531E0930776
:1050F00059F6D6CF4A175B0709F0C3CF81E0D1CF6D
:10510000282F30E090916A0E992339F01092680EA2
:105110001092670E922F882708958C3490F02B54AC
:10512000310940E253E0249FC001259F900D349F38
:10513000900D11249093680E8093670E80E69AEE8E
:1051400008951092680E1092670E40E253E0249F7B
:10515000C001259F900D349F900D112408954FB7E5
:10516000F89420916E0E30916F0E80916C0E90919C
:105170006D0E4FBF821B930B0895CF93C62FAC01CA
:1051800061E170E087E092E10E94FAEDC0936B0E5E
:10519000CF910895FC01608171818281938108958E
:1051A000DB01FC013197EA30F10588F58827E452EC
:1051B000F7458F4F0D94B200E6A8ECA8F5A8F8A823
:1051C000FBA801A904A9EFA8F2A8FEA88BE090E033
:1051D0008D939C9381E008958CE090E0F9CF8EE070
:1051E00090E0F6CF8FE090E0F3CF86E090E0F0CF54
:1051F00087E090E0EDCF88E090E0EACF80E190E0BA
:10520000E7CF89E090E0E4CF8AE090E0E1CF1D9223
:105210001C92E0CF4F925F926F927F928F929F92FB
:10522000AF92BF92CF92DF92EF92FF920F931F93B4
:10523000CF93DF935C014B016A012901CB010E94EE
:1052400055FDEC013C018FEF681A780AF501808169
:10525000882309F450C08501F80181918D3009F44B
:1052600046C08A3009F443C0882309F444C0780159
:105270005701F7018191882321F08D3011F08A3098
:10528000C1F5E01AF10A6E147F0400F7AE01B40113
:10529000C8010E9436FD892BC9F6F801EC0FFD1FED
:1052A00080818D3399F6C095D095EC0EFD1EE414E7
:1052B000F50408F5B801660D771DA701C6010F9426
:1052C0003C02EC0CFD1CF701108281E0DF91CF91D4
:1052D0001F910F91FF90EF90DF90CF90BF90AF9014
:1052E0009F908F907F906F905F904F9008958F0167
:1052F000B3CF7F01BDCF80E0E9CF7F928F929F92A5
:10530000AF92BF92CF92DF92EF92FF920F931F93D3
:10531000CF93DF938C01E62E942E242F41E00E9440
:105320000096782E292D40E06E2DC8010E9400962F
:10533000882E6801E00EF12EF11CA12CB12CD0E0DA
:10534000EC14FD0429F0F601C1916F01C1110CC0EC
:10535000F801ED0FF11DDD23A1F18291803211F0F2
:105360008E3279F5D150F7CFCD3091F3781428F4FF
:10537000EC2FF0E0E350FE4EC491C03211F0CE327B
:1053800011F4DD23E9F2692D8C2F0E94DF95811144
:1053900016C0A110D5CFCFE5AA24A3948C2F8F7D62
:1053A00081548A3120F080ED8C0F8A3010F4BB24B8
:1053B000B394F801ED0FF11DC083DF5FC1CFA12CC5
:1053C000EDCFF801ED0FF11D1082BB2029F0BB24B9
:1053D000B394D11101C0B12C8B2DDF91CF911F91CE
:1053E0000F91FF90EF90DF90CF90BF90AF909F9084
:1053F0008F907F9008958091E0149091E114813016
:10540000910581F480E890E0A0E0B0E08093D514AD
:105410009093D614A093D714B093D81490E080E062
:105420000C9480D6029731F480914D0490914E04F3
:10543000892BA1F70895CF92DF92EF92FF920F93FD
:105440001F93CF93DF93EC01162FE090E014F090C0
:10545000E114E114F10431F001978115944020F03A
:105460000E94FBA980E02CC06111FCCFC090C71442
:10547000D090C814C114D10461F54091CE144423D6
:1054800009F4B0C28091CD148C171D0611F008F0FC
:10549000A9C24C171D0608F4A5C28091CB149091A7
:1054A000CC148F3F980729F001969093CC148093E9
:1054B000CB1481E02091B9143091BA14232B91F2CE
:1054C000DF91CF911F910F91FF90EF90DF90CF90E0
:1054D000089587EC94E1892B61F385E0C816D10427
:1054E00009F0F6C0CE010E94C8D62091CB143091AD
:1054F000CC1481111CC02F3F310509F030F42F5F0F
:105500003F4F3093CC142093CB148091CB149091C7
:10551000CC148115914069F684E090E09093C81412
:105520008093C7141092CC141092CB14C2CF2038A1
:105530003105C0F3CE010E9480D6BBCF8D3C9105D2
:1055400008F072C0C032D10508F09CC0E82F5C2F73
:10555000550F550F550F252F281B581710F4282FBE
:10556000251BBC017595679575956795683008F49E
:1055700068E0621708F486C030E05E1708F44BC09C
:105580002C5F3F4FA3E036952795AA95E1F7820F50
:1055900090E09093CA148093C9140F3F100731F024
:1055A0000F5F1F4F1093CC140093CB148091CB143A
:1055B0009091CC148115914009F07BCF8091C91452
:1055C0009091CA149C01215031092C3C310508F0FE
:1055D00070CF582F9C013595279535952795283004
:1055E00008F428E0251710F4482F421B50E0495FCB
:1055F0005F4F73E0569547957A95E1F74093CD1448
:10560000280F822F90E0E3E095958795EA95E1F7E2
:105610008093CE144ECF2D5F3F4FF3E03695279504
:10562000FA95E1F7821BB4CFBE01E3E0660F771F66
:10563000EA95E1F79B01281B390B6817790718F4E5
:105640009C01261B370BFC01F695E795F695E7952F
:10565000E217F307B8F06817790750F02C5F3F4F57
:10566000B3E036952795BA95E1F7820F931F91CF56
:105670002D5F3F4FA3E036952795AA95E1F7821B52
:10568000930B87CFCE010E94C8D60031110508F4D4
:1056900051CF813009F04ECF21E030E03093C81473
:1056A0002093C7148093CD141092CE14EA94EF285F
:1056B00029F01092DA141092D914FBCE63E0CC0FCB
:1056C000DD1F6A95E1F7D093DA14C093D914A0CF07
:1056D000CE010E94C8D687FD2DCF91E0C916D10416
:1056E00009F066C09091CD14813009F045C09F3F0C
:1056F00019F09F5F9093CD14EA94EF2809F0D9CE6A
:105700002091CE14203108F0D4CE53E0CC0FDD1F11
:105710005A95E1F7211106C0D093DA14C093D91439
:1057200081E076CF8091D9149091DA14C817D90707
:1057300090F0C81BD90B249643E0D695C7954A959F
:10574000E1F7C80FD91FD093DA14C093D9142F5F93
:105750002093CE14AECEAC014D5F5F4F4C1B5D0B62
:1057600033E0569547953A95E1F7841B950B909356
:10577000DA148093D914EBCF9C50953208F0DACE2E
:105780008091D9149091DA149093DF148093DE14F1
:105790001092DA141092D9141092CE1482E090E094
:1057A0009093C8148093C71481E08093CD1481CE68
:1057B00062E0C616D104B1F49091CD14811107C0F6
:1057C0009F3F09F476CE9F5F9093CD1472CE9C508C
:1057D000953208F0AFCE83E090E09093C8148093A8
:1057E000C7149ECF93E0C916D10491F4813009F01B
:1057F000A1CE8091CE148F5F8093CE14823009F0B9
:1058000058CE84E090E09093C8148093C71451CE92
:105810002091CF14283050F49091D014990F892BF7
:105820008093D0142F5F2093CF1443CE813019F092
:1058300090E080E080CE6091D0142091D11430911E
:10584000D2144091D3145091D4148091D5149091D6
:10585000D614A091D714B091D814281739074A0745
:105860005B0708F078C0E091D914F091DA14962F14
:10587000992329F0892F8170180F9695F9CFE10FA0
:10588000F11DF093DA14E093D914EA94EF2809F0AB
:105890005DC0E22FF0E0E553F24F60838091D114B8
:1058A0009091D214A091D314B091D4140196A11D5B
:1058B000B11D8093D1149093D214A093D314B093BC
:1058C000D4142091D5143091D6144091D71450910E
:1058D000D81469017A0162E0C60ED11CE11CF11CEA
:1058E0008C159D05AE05BF0561F56091DB147091C7
:1058F000DC148091D9149091DA14E091E014F091C5
:10590000E114319709F05EC06817790769F58BECEF
:105910009DE090934E0480934D048091C914909122
:10592000CA1490932204809321041092E1141092DF
:10593000E01420E030E0A90160E081E090E00E9406
:105940001DD71092D0141092CF14B3CD82E090E006
:105950000E941DD7A3CF80E09091DB14862B9093FB
:10596000DC148093DB149ACF85E090E09093C81408
:105970008093C7141092CC141092CB141092CD14B3
:105980001092CE141092D1141092D2141092D314FB
:105990001092D41480E890E0A0E0B0E08093D51499
:1059A0009093D614A093D714B093D8141092DA140D
:1059B0001092D9141092DC141092DB1481E08093C1
:1059C000DD14BFCF6817790751F483E090E060E001
:1059D0000E941DD71092E1141092E014B2CF84E01F
:1059E00090E0F5CF87EC94E1892B09F462CD8091AA
:1059F000C9149091CA14009709F49CCD0091CB145E
:105A00001091CC14442309F499CD8091CD148C17B6
:105A10001D0611F008F036CE4C171D0608F432CEE4
:105A20000F3F100709F445CD0F5F1F4F1093CC14A3
:105A30000093CB143ECD20914D0430914E04232B86
:105A400031F06115710521E08207910528F010926F
:105A5000E1141092E014089522E030E03093E11454
:105A60002093E0141092BA141092B9146093D514D4
:105A70007093D6148093D7149093D81490E080E05C
:105A80000C9480D681E090E09093E1148093E01430
:105A900010924E0410924D04109222041092210490
:105AA0001092DF141092DE141092BA141092B914EE
:105AB00080E890E0A0E0B0E08093D5149093D614F5
:105AC000A093D714B093D81490E080E00C9480D6C3
:105AD000FC01E55BFF4F2081223511F12B3119F1DB
:105AE000293221F525E030E0FC01E45BFF4F4081E5
:105AF000413011F04637D1F4DC01EFEBF3E185EBF7
:105B00008F3020F094914C91491310C08F5F119603
:105B100031968F30A9F7FB013183208381E008950E
:105B200027E030E0E1CF24E030E0DECF80E00895F0
:105B3000FC01218D2D34D1F02131D9F02631E1F055
:105B40002032E9F423E030E0DC019096E9E1F4E171
:105B500088965D914491541312C03196A817B907E5
:105B6000C1F7FB013183208381E0089526E030E016
:105B7000EBCF21E030E0E8CF22E030E0E5CF80E07D
:105B80000895CF93DF93DC01892B59F18C918130FB
:105B900011F0863731F552968D919C9153978A3545
:105BA0009105F9F454968D919C9155978115944DDA
:105BB000C1F456968D919C9157978115944D89F417
:105BC000ED016896E4EAF4E05F9699918491981368
:105BD00008C03196CA17DB07C1F781E0DF91CF918A
:105BE000089580E0FBCFCF93DF93EC0168EF71E184
:105BF0000E94BC96811147C063EF71E1CE010E9403
:105C0000BC96811143C06EEE71E1CE010E94BC963C
:105C1000882329F088E090E0DF91CF9108956AEE23
:105C200071E1CE010E94BC968111F4CF65EE71E165
:105C3000CE010E94BC968111EDCF60EE71E1CE01E4
:105C40000E94BC96811125C06BED71E1CE010E94CE
:105C5000BC96811121C066ED71E1CE010E94BC9617
:105C600081111DC061ED71E1CE010E94BC968111D0
:105C700019C06CEC71E1CE010E94BC96811115C077
:105C800090E080E0C9CF81E090E0C6CF82E090E074
:105C9000C3CF83E090E0C0CF84E090E0BDCF85E04B
:105CA00090E0BACF86E090E0B7CF87E090E0B4CF45
:105CB0009C0181E02230310529F02830310511F0B6
:105CC00080E0089508959C010197039730F081E0EA
:105CD0002830310519F080E0089581E008951F9281
:105CE0000F920FB60F9211240BB60F921F932F93A2
:105CF0003F934F935F936F937F938F939F93AF9354
:105D0000BF93EF93FF93CF93DF931F921F92CDB773
:105D1000DEB71091030111708091770F9091CA0D39
:105D2000911781F01093CA0D2091780F3091790F5F
:105D30002F5F3F4F3093790F2093780F8130D1F44C
:105D400080937A0F0F900F90DF91CF91FF91EF9199
:105D5000BF91AF919F918F917F916F915F914F9183
:105D60003F912F911F910F900BBE0F900FBE0F9080
:105D70001F901895833031F780916204823011F7BB
:105D80008091BC031817F1F2CE0101960E941D29E3
:105D9000811106C00E94142884E080936204D2CF4F
:105DA00089819A810E9437298823A1F31093BC032B
:105DB000C9CF9FB7F894ECE6F0E080818D7F8083B7
:105DC000E8E6F0E080818D7F808382E08BBB1092DB
:105DD000770F10927A0F9FBF089580910301817011
:105DE0008093CA0D82E08BBBECE6F0E0808182609C
:105DF0008083E8E6F0E08081826080830895CF931D
:105E0000CFB7F89410927A0F83E08093770F0E94B7
:105E1000EDAECFBFCF91089560E08FE00E94D6DA5B
:105E200060E08FE00E949BD962E080E10E94D6DAB8
:105E300061E082E00E94D6DA61E082E10E94D6DA77
:105E400061E083E10E94D6DA10922C1581E0809304
:105E500013021092C90D60E082E00E949BD961E0BC
:105E600082E10E949BD960E083E10E949BD99FB7A9
:105E7000F8941092900088E0809391001092950021
:105E8000109294002FEF3FEF3093990020939800E9
:105E9000E1E7F0E080818D7F808382E088BB9FBF57
:105EA00010928E0310928D0310928C0310928B032C
:105EB00010928A031092890310928803109287032C
:105EC000109286031092850310928F0308959FB756
:105ED000F89480918F039FBF90E008959FB7F89446
:105EE0002091510E8091C80D213019F48DBB9FBFB8
:105EF00008958FBF0895CF93DF93CDB7DEB7AF97E7
:105F00000FB6F894DEBF0FBECDBFAC01892B61F197
:105F10008091AB0C882379F06091CD177091CE17EA
:105F20006115710589F019821A821B8220E0CE0169
:105F300001960E94195AAF960FB6F894DEBF0FBEB5
:105F4000CDBFDF91CF9108956091CF177091D01799
:105F50006115710549F01DA61EA61FA620E0CE0101
:105F600001960E94FC6CE7CF80E0E5CFCF92DF92F4
:105F7000EF92FF920E9430DC6B018091C70D80FD93
:105F800008C00E94BC9780E0FF90EF90DF90CF9018
:105F900008958091C50D9091C60D9601281B390B6F
:105FA0002A30310580F3D092C60DC092C50D0E94F3
:105FB00077D59C0161E0892B09F060E09091C70DD5
:105FC00091FB882780F9861308C084E00E94AE9672
:105FD000D092C40DC092C30DD6CF92FB882780F912
:105FE0008613F3CF4091C30D5091C40DC41AD50A46
:105FF00082E3C816D10438F2232B49F49F7E9860BF
:106000009093C70D82E00E94AE9681E0BDCF977F4E
:106010009061F6CF0E94B6AF8091C70D82958170D6
:1060200008950E94B6AF8091C70D83FF05C0877F9A
:106030008093C70D81E0089580E008951092C20D0D
:106040001092C10D1092C00D0895FC0113821282AE
:1060500088EE93E0A0E0B0E084839583A683B783C5
:1060600015AE14AE17AE16AE82E393E09183808333
:106070000895DF92EF92FF920F931F93CF93DF93D8
:106080000091E2141091E3140115110549F480E028
:10609000DF91CF911F910F91FF90EF90DF900895C6
:1060A000D42E7B01EC010E9420E2F801E05AFD4F62
:1060B000608171816115710589F0188219821A82D7
:1060C000D9ABC8AB2D2DA701CE010E94195A882348
:1060D00011F081E0DDCF19AA18AADACFF801EE5944
:1060E000FD4F608171816115710589F21CA61DA6A5
:1060F0001EA6DBABCAAB2D2DA701CE010E94FC6C06
:106100008111E7CF1BAA1AAAC3CFFC0180A991A9CC
:10611000892B39F481E022A933A9232B19F480E0DB
:10612000089581E0089589E395E10E9485B0882370
:1061300021F089E395E10C9420E2089590933102D7
:1061400080933002109295040C9493B08F929F929A
:10615000AF92BF92CF92DF92EF92FF92CF93DF93F5
:1061600089E395E10E9485B0882359F1E091691592
:10617000F0916A15309799F080899189A289B38945
:106180004C015D01C501B401DF91CF91FF90EF900B
:10619000DF90CF90BF90AF909F908F900895209107
:1061A0006B1530916C152115310531F0F9018080A6
:1061B0009180A280B380E6CF812C912CA12CB12CB0
:1061C000E1CF60E070E0CB01DFCF8F929F92AF9282
:1061D000BF92CF92DF92EF92FF92CF93DF9389E34A
:1061E00095E10E9485B0882359F1E0916915F091FD
:1061F0006A15309799F0808D918DA28DB38D4C01E9
:106200005D01C501B401DF91CF91FF90EF90DF9068
:10621000CF90BF90AF909F908F90089520916B1575
:1062200030916C152115310531F0F901808491848C
:10623000A284B384E6CF812C912CA12CB12CE1CF88
:1062400060E070E0CB01DFCFCF93C091AB0CCC23EB
:1062500021F189E395E10E9485B08823F9F0E0916E
:106260006915F0916A15309761F00680F781E02D8D
:1062700080819181FC0125852130A9F0CF910C947A
:106280008EDDE0916B15F0916C15309751F000A008
:10629000F1A1E02DE45DFD4FEBCFC1E08C2FCF915C
:1062A0000895C82FFBCFC0E0F9CFDC01D096ED9167
:1062B000FC91D197309739F09081907D81E09111D8
:1062C00001C080E00895D296ED91FC913097C9F31A
:1062D00094A59075F3CF8EBD00000DB407FEFDCFE1
:1062E0008EB508952091510E222361F02FB7F894B6
:1062F0003091510E313049F43DB33093C80D3DB368
:106300003DBB2FBF8CBD9DBD08952093C80DFACF16
:106310005B9A81E080931302089580FF05C0749A10
:1063200081E080932C150895749810922C1508958F
:10633000CF938091B60F81110CC08BEF97E10E9433
:1063400027A485EF9FE00E9407D8C0E08C2FCF9153
:106350000895C091B70FC111F9CF8091BD0F9091F1
:10636000BE0F04970297B0F50E9488B181E00E94A9
:106370008DB16091E80F7091E90F8091EA0F9091D3
:10638000EB0FE0914602F09147021995C82F811159
:1063900003C083EF97E1D3CF1092EC0F1092ED0F73
:1063A0001092EE0F1092EF0F1092B80F1092B90FDB
:1063B0001092F00F1092F10F1092F20F1092F30F53
:1063C00084E090E09093BC0F8093BB0F81E08093BA
:1063D000B70FBCCF6091E80F7091E90F8091EA0F81
:1063E0009091EB0FE0914602F09147021995C82F6A
:1063F0008BEE97E1CC2309F4A2CF1092EC0F109210
:10640000ED0F1092EE0F1092EF0F1092B80F109246
:10641000B90F1092F00F1092F10F1092F20F10922C
:10642000F30F81E08093B70F0E9488B18091BD0F78
:106430009091BE0F0397A1F480E00E948DB10E945D
:1064400030DC6093F00F7093F10F8093F20F909314
:10645000F30F81E090E09093BC0F8093BB0F76CF59
:1064600081E0EBCF982F8091690E811105C081E00A
:1064700019162CF080E003C081E01916DCF30C94AF
:106480008DB18091000186958170089580931302EB
:10649000682F82E10C949BD90E94CFD90E9493B0BF
:1064A00081E08093430210926B0E10926F0E109257
:1064B0006E0E10926D0E10926C0E1092680E10926D
:1064C000670E1092660E1092650E1092640E109276
:1064D000630E10925F0E1092600E1092610E109279
:1064E000620E10925B0E10925C0E10925D0E109276
:1064F0005E0E0C9446B2882329F0109A81E08093B6
:10650000520E0895109880E0FACF909171009A7F12
:1065100090937100109290001092910095E098BBBA
:1065200090911812923011F4109218121092780E65
:106530001092770E1092760E0E948DB180E00C942E
:106540007BB21F93CF93DF9300D01F92CDB7DEB7FE
:106550001FB7F894BE016D5F7F4FCE0101960E9478
:106560009135882309F456C029813A818B819C8119
:10657000820F931F8230910510F482E090E0211584
:10658000310511F421E030E030934B0220934A02B0
:1065900021E030E030934902209348021092760EB9
:1065A0002093780E1092770E1092730E2091710046
:1065B0002A7F209371001092900010929100019711
:1065C000909399008093980080914A0290914B0299
:1065D00090939B0080939A008091980090919900ED
:1065E000909395008093940085E088BB80E00E94A2
:1065F0008DB182E08093181281E00E947BB283E328
:10660000809390008091710084608093710089E193
:10661000809391001FBF80910612823061F48091B7
:10662000810E91E089270F900F900F900F90DF91CE
:10663000CF911F91089580E0F6CFCF930E949EA343
:10664000C82F8823F1F08091820E9091830E0397DA
:10665000C1F48091830390918403892B91F48091FC
:106660007C0E81110CC00E94C9D981E080937C0E00
:106670000E9430DC70937B0E60937A0E8C2FCF914A
:106680000895CF910C94A1B2809171008B7F80937B
:106690007100109290001092910084E088BB80916C
:1066A0001812813011F41092181280E00C947BB211
:1066B0001F93CF93DF931FB7F89410928500109229
:1066C00084008091700490917104019790938900E7
:1066D0008093880010928000C1E8D0E088E0888331
:1066E00082E086BB8093660481E00E947BB2EFE685
:1066F000F0E080818260808389E088831FBF81E031
:10670000DF91CF911F9108951F920F920FB60F92B4
:1067100011240BB60F922F933F934F935F936F9378
:106720007F938F939F93AF93BF93EF93FF9380914A
:106730006604823001F180916F008D7F80936F003D
:106740001092810086E08093660480E00E947BB214
:10675000FF91EF91BF91AF919F918F917F916F9139
:106760005F914F913F912F910F900BBE0F900FBEF5
:106770000F901F9018958091030180FF0DC090919C
:106780006A0480916B0421E030E001C0220F9A95E9
:10679000EAF7822B80936B0480916A048F5F809369
:1067A0006A0480916A04883041F520916B048091DD
:1067B0007404909175044091760450917704BC0163
:1067C000641B750BAB014F3F574048F080916F0041
:1067D0008D7F80936F001092810084E0B4CFFC0124
:1067E000F770EA56FB4F20830196909375048093CF
:1067F000740410926B0410926A042091700430911A
:10680000710480916C0490916D0440916E045091DC
:106810006F04840F951F4091720450917304841784
:10682000950720F0841B950B2F5F3F4F90936D04CD
:1068300080936C04215031093093890020938800A3
:1068400087CFCF93CFB7F89480916F008D7F8093DF
:106850006F00109281001092800082E086BB9091C0
:106860006B0480916A0410926B0410926A0488236E
:1068700039F0909369048093680481E08093670401
:1068800080916604843011F01092660480E00E94CA
:106890007BB2CFBFCF9108951F920F920FB60F9288
:1068A00011240BB60F922F933F934F935F936F93E7
:1068B0007F938F939F93AF93BF93EF93FF938091B9
:1068C0008F03823029F1809171008D7F8093710058
:1068D00088E0809391001092900082E088BB80E075
:1068E0000E947BB287E080938F03FF91EF91BF916D
:1068F000AF919F918F917F916F915F914F913F9158
:106900002F910F900BBE0F900FBE0F901F901895F8
:106910008091850381111FC0809178049091790442
:106920002091970C3091980C8217930709F44EC070
:10693000FC01F770EA56FB4F40814093860340917B
:1069400034020196411137C0909379048093780402
:1069500088E08093850380918603282F30E0359569
:1069600027952093860390918503915090938503FA
:1069700081700E948DB120918B0330918C038091A6
:106980008703909188034091890350918A03840F73
:10699000951F40918D0350918E0384179507D8F56C
:1069A0009093880380938703215031093093990095
:1069B000209398009ACF2817390731F680912F023B
:1069C00030937904209378048111C3CF80917100B2
:1069D0008D7F8093710088E08093910010929000E9
:1069E00082E088BB80E00E947BB280E00E948DB193
:1069F00080913402882369F02091780430917904E1
:106A00008091970C9091980C2817390711F484E025
:106A10006ACF85E068CF841B950B2F5F3F4FC0CFB7
:106A2000CF93CFB7F894109295001092940082E023
:106A300088BB1092900080938F0381E00E947BB20C
:106A4000E1E7F0E080818260808389E080939100BB
:106A5000CFBFCF91089580E00C947BB22FB7F8940C
:106A6000909171009A7F9093710010929000109213
:106A7000910095E098BB90911812923011F4109209
:106A800018121092780E1092770E1092760E2FBF79
:106A900081110E94C9D90C942BB59FB7F894EFE6E9
:106AA000F0E080818D7F80831092810010928000C1
:106AB00082E086BB9FBF0C942BB52FB7F8949091C2
:106AC00071009D7F9093710098E0909391001092D7
:106AD000900092E098BB2FBF81110E94C9D90C94FD
:106AE0002BB581E00E945DB58FB7F89410928F03AB
:106AF00010928603109285038FBF0895CF92DF9284
:106B0000FF920F931F93CF93DF9300D000D01F927B
:106B10001F92CDB7DEB7853608F084E628E0829F65
:106B2000C0011124C29664E670E00F947C00F62E3A
:106B300080913602861711F18E010F5F1F4FF80109
:106B400080E098E0961B20E0891708F02FE1219360
:106B50008F5F8830C1F788E40E947DDA680188E0A1
:106B6000C80ED11CF80161918F0183EE97E10E945C
:106B7000D0DAC016D106B1F7F092360228960FB6D9
:106B8000F894DEBF0FBECDBFDF91CF911F910F9163
:106B9000FF90DF90CF9008950C9483DA80914C0F92
:106BA000882351F06091420F82E09FE00E94EE89BD
:106BB000811102C00E943D8C1092970F1092960F87
:106BC0000C94CCB50F931F93CF93DF93CDB7DEB763
:106BD0002C970FB6F894DEBF0FBECDBFFC0100812D
:106BE0001181011584E0180708F04EC0A281B3811D
:106BF000A11584E0B80708F047C06481758161156C
:106C000084E0780708F040C046815781411584E050
:106C10005807D0F520853185211584E03807A0F587
:106C2000828593858115E4E09E0770F51A830983B8
:106C3000BC83AB837E836D8358874F833A872987D4
:106C40009C878B87FE01319620E02F5FBF016E5F2E
:106C50007F4FDB01322F363079F08D919D9140814D
:106C600051818417950768F48A01081B190BC80124
:106C7000449750F03F5FEFCFFB01263031F781E0C2
:106C800004C0841B950BF4CF80E02C960FB6F894CB
:106C9000DEBF0FBECDBFDF91CF911F910F91089541
:106CA0000E9454D59C0140913702509138024817F8
:106CB000590708F05AC0BC01641B750BAB018091E9
:106CC0003F02909140028217930708F051C0F901EA
:106CD000E81BF90BCF018417950708F04CC0AC01F5
:106CE00084E090E06091390270913A026217730774
:106CF00008F044C0F901E61BF70BBF0164177507E4
:106D000018F4AB0181E090E060913B0270913C028D
:106D100062177307B0F5F901E61BF70BBF016417A3
:106D2000750718F4AB0182E090E060913D0270912C
:106D30003E026217730740F5F901E61BF70BBF012E
:106D40006417750718F4AB0183E090E0609141028D
:106D50007091420262177307D0F4261B370B241779
:106D6000350710F485E090E00895481B590BA7CF34
:106D7000821B930BB0CF90E080E0B4CF621B730B0B
:106D8000BDCF621B730BCBCF621B730BD9CFFB0143
:106D9000E21BF30B9F01E3CF1092BE0D1092BD0DCD
:106DA0001092BC0D1092BB0D1092B90D1092B80D3F
:106DB0001092BF0D1092BA0D08950E9450B603971D
:106DC000C1F48091960F9091970F892B19F481E06F
:106DD0008093740F81E080934B0E1092580E1092A6
:106DE000570E1092560E1092550E0E94CCB681E0AE
:106DF000089580E00895CF92DF92EF92FF92CF93B3
:106E0000DF930E9430DC6B010E9450B620914B0E44
:106E10002223E9F0892B51F0D0E0C0E0CE01DF91D0
:106E2000CF91FF90EF90DF90CF90089510924B0E8E
:106E30001092580E1092570E1092560E1092550E38
:106E4000D092540EC092530E0E94CCB6E5CF209142
:106E5000570E3091580E2817390741F09093580E6D
:106E60008093570ED092540EC092530E2091530E21
:106E70003091540EA601421B530B4431510508F4C6
:106E800045C02091550E3091560E28173907F1F163
:106E90009093560E8093550E2115310509F50097F4
:106EA000A9F19093BE0D8093BD0DD092BC0DC09200
:106EB000BB0DD092B90DC092B80D1092BF0D1092BB
:106EC000BA0D9C01215031092230310508F0A4CFC0
:106ED000C1E0D0E0029709F0A1CFC3E0D0E09ECF9F
:106EE0000097F9F6235031092330310560F4809181
:106EF000BF0D811108C0285D3C4FF901C081D0E071
:106F00000E94CCB68BCFD0E0C0E0FACF8091BD0D0F
:106F10009091BE0D009709F47FCF2091550E3091CE
:106F2000560E8217930709F077CF2091BB0D309151
:106F3000BC0DA601421B530B9A01AC0141505109F3
:106F40004230510508F54091BA0D411113C02C3B58
:106F500052E03507C8F021E02093BA0DD092B90D68
:106F6000C092B80DC2E0D0E0029709F057CFC4E05C
:106F7000D0E054CF4091B80D5091B90DB601641BCB
:106F8000750B6837710550F703978330910508F04A
:106F900043CF4091BF0D41113FCF2C3B324008F40D
:106FA0003BCF21E02093BF0D855D9C4FFC01C0814C
:106FB000D0E034CFCF93DF93EC01019791F40E949E
:106FC0002BB50E94C9D981E00E9446B261E087E1F9
:106FD0000E949BD9D093940FC093930FDF91CF91D0
:106FE0000895D0E0C0E060E0F2CFFC01680F791FA7
:106FF00090E080E02191820F911DE617F707D1F70D
:107000000895AF92BF92CF92DF92EF92FF920F93CB
:107010001F93CF93DF93CDB7DEB72C970FB6F894BD
:10702000DEBF0FBECDBF5C01CE0101967C018CE0BE
:10703000F70111928A95E9F7670100E410E0C801B1
:107040000F945A00F60181936F010F5F1F4F0C34AC
:107050001105A9F789819A81AB81BC818935934556
:10706000A444B34549F58D819E81019729F50B858F
:107070001C856AE070E0C7010E94F5B70817190780
:10708000D9F48F819885A985BA85F501808391838C
:10709000A283B38381E02C960FB6F894DEBF0FBEB7
:1070A000CDBFDF91CF911F910F91FF90EF90DF90B7
:1070B000CF90BF90AF90089580E0EDCFAF92BF9298
:1070C000CF92DF92EF92FF920F931F93CF93DF93B4
:1070D000CDB7DEB72C970FB6F894DEBF0FBECDBF8D
:1070E0005C01CE0101967C018CE0F70111928A953A
:1070F000E9F7670100E310E0C8010F945A00F601B8
:1071000081936F010F5F1F4F0C331105A9F7898120
:107110009A81AB81BC8183349245A444B34549F53F
:107120008D819E81019729F50B851C856AE070E0B1
:10713000C7010E94F5B708171907D9F48F81988500
:10714000A985BA85F50180839183A283B38381E009
:107150002C960FB6F894DEBF0FBECDBFDF91CF9156
:107160001F910F91FF90EF90DF90CF90BF90AF9065
:10717000089580E0EDCFAF92BF92CF92DF92EF9271
:10718000FF920F931F93CF93DF93CDB7DEB72E9768
:107190000FB6F894DEBF0FBECDBF5C01CE010196E5
:1071A0007C018EE0F70111928A95E9F7670100E210
:1071B00010E0C8010F945A00F60181936F010F5F30
:1071C0001F4F0E321105A9F789819A81AB81BC81CD
:1071D0008C349045A444B34541F58D819E8101973F
:1071E00021F50D851E856CE070E0C7010E94F5B7A2
:1071F00008171907D1F486E0FE013796D5010190F2
:107200000D928A95E1F781E02E960FB6F894DEBFD5
:107210000FBECDBFDF91CF911F910F91FF90EF90E7
:10722000DF90CF90BF90AF90089580E0EDCFAF9208
:10723000BF92CF92DF92EF92FF920F931F93CF9363
:10724000DF93CDB7DEB764970FB6F894DEBF0FBEFD
:10725000CDBF5C01CE0101967C0184E1F701119262
:107260008A95E9F7670110E000E0C8010F945A0021
:10727000F60181936F010F5F1F4F04311105A9F7CC
:1072800089819A81AB81BC818B349243A444B345FC
:1072900041F58D819E81029721F50B891C8962E160
:1072A00070E0C7010E94F5B708171907D1F48CE008
:1072B000FE013796D50101900D928A95E1F781E0A4
:1072C00064960FB6F894DEBF0FBECDBFDF91CF91AD
:1072D0001F910F91FF90EF90DF90CF90BF90AF90F4
:1072E000089580E0EDCFFF920F931F93CF93DF932C
:1072F000EC01F62E08811981C8010F945A00F81686
:1073000021F06F2DC8010F946200CE01DF91CF9163
:107310001F910F91FF9008958A3060F08536E0F05C
:1073200084E6809359028091B0008F738093B000FF
:107330002C9A08958AE0809359022FEF829FC00112
:107340001124C29664E670E00F947C006093B30051
:1073500083E88093B000089580935902843619F32E
:10736000ECCF1F920F920FB60F9211240BB60F9213
:107370002F933F934F935F936F937F938F939F933D
:10738000AF93BF93CF93EF93FF9380911812823006
:1073900009F45FC0833009F48DC0813009F0AFC1BA
:1073A00080916B0E8230B1F00E9444B3FF91EF9157
:1073B000CF91BF91AF919F918F917F916F915F918D
:1073C0004F913F912F910F900BBE0F900FBE0F90DA
:1073D0001F9018958091670E9091680E009739F074
:1073E0001092680E1092670E0E94972DDFCF2091A9
:1073F0006E0E30916F0E80916C0E90916D0E28176D
:10740000390791F0F901F770EA56FB4FC0818C2FD4
:107410002F5F3F4F30936F0E20936E0EC11113C03C
:107420008FE70E9480A8E0CF0E9444B380E00E94D2
:107430008DB180914302882321F084E080936B0E0C
:10744000B5CF85E0FBCFC7FDC1950E9432B28C2F2E
:10745000E8CF80910612823009F0A8CF0E94E6386A
:107460008091780E882301F1C1E0C8BB1092780E9C
:107470000E94D79D882331F08091710081608093B4
:10748000710094CF8091730E882351F0C093770ED2
:10749000809171008560809371000E94D49586CFA1
:1074A00080E00E9485B282CF8091770E882309F414
:1074B0007DCFF3CF8091BB03823019F00E94E92D7C
:1074C00075CFE091B603E150E83008F0B1C0F0E0CC
:1074D0008827E259F5448F4F0D94B20076BA81BAED
:1074E000A7BAB2BAC5BAD0BA1BBB57BB81E00E94DB
:1074F0008DB182E08093B6038091990390919A03B5
:1075000023C080911B0290911C020E940A2E809140
:10751000A3039091A403009729F001979093A403EB
:107520008093A30380E00E948DB18091A30390918A
:10753000A403892B11F081E0DDCF83E08093B603B3
:1075400080919B0390919C030E94972D2FCF81E007
:107550000E948DB184E08093B60380919D03909149
:107560009E03F2CF8091190290911A020E940A2E76
:1075700080E00E948DB10E94872D90931E0280931F
:107580001D0225E02093B603DFCF81E00E948DB17C
:1075900086E08093B60380911D0290911E02D4CFA5
:1075A00080911702909118020E940A2E8091270262
:1075B00090E09595879580932702892BC9F6809155
:1075C000AA039091AB0301969093AB038093AA0317
:1075D0002091AC033091AD038217930728F080E02F
:1075E0000E948DB187E086CF8091B9039091BA0354
:1075F00029EA33E0232BB9F02091B7033091B80387
:107600008217930781F0FC01F770EA56FB4F208147
:107610002093A90301969093BA038093B90380E85D
:1076200080932702A5CF80912802882309F44DC0BA
:1076300087E090E04CC080911502909116020E9464
:107640000A2E80911F02882359F00E94E92D80E0C4
:107650000E948DB11092B60384E08093BB03A6CE46
:1076600080E00E947BB281E08093B5031092B40366
:107670008091A503811112C08DE590E09093B30332
:107680008093B20380E29EE49093B1038093B003B1
:1076900088E08093B6030E94A62D88CE8AE091E010
:1076A0009093B3038093B20380E49CE9EDCF809183
:1076B000AE039091AF030E940A2E0E94A62D811165
:1076C00075CE8091B403811105C085E090E00E94E1
:1076D000FD2D6CCE409120026091A6038091A703FE
:1076E0009091A8030E94652D1092B4031092B503E7
:1076F00081E00E947BB280E00E948DB11CCF80911E
:1077000071008B7F8093710084E088BB4FCE8F3FE8
:1077100051F468E973E180E00E944D716CE873E117
:1077200081E00C944D710C944774DF92EF92FF92BC
:107730000F931F93CF93DF93EB018C01FE01D49045
:10774000F801F1908F018F2D0E946D5FE82E8D2D35
:107750000E946D5FE81204C0FF2059F02196EECF21
:1077600080E0DF91CF911F910F91FF90EF90DF901C
:10777000089581E0F6CFDF92EF92FF920F931F936F
:10778000CF93DF937C018B01EA0166E573E10E94F0
:1077900095BBD82E82E090E0D11040C06DE473E13B
:1077A000C7010E9495BBD82E83E090E0D11036C06F
:1077B00064E473E1C7010E9495BB882371F024E063
:1077C00030E039832883D82E8D2DDF91CF911F9102
:1077D0000F91FF90EF90DF900895F8018081811163
:1077E00002C0D12CF1CF6DE373E1C7010E9495BBBC
:1077F000D82E882351F169E373E1C8010E944CFD42
:10780000892B19F419821882DFCF65E373E1C8016F
:107810000E944CFD892B29F48BE090E099838883AA
:10782000D3CF61E373E1C8010E944CFD892B19F4A9
:107830008CE090E0F3CF6DE273E1C8010E944CFD53
:10784000892B79F68EE090E0E9CF67E273E1C7011A
:107850000E9495BBD82E8823A9F063E273E1C8018A
:107860000E944CFD892B19F48DE090E0D7CF6FE199
:1078700073E1C8010E944CFD892B09F0B2CF85E06D
:1078800090E0CCCF6CE173E1C7010E9495BBD82E8C
:10789000882349F168E173E1C8010E944CFD892BFE
:1078A00019F48FE090E0BACF64E173E1C8010E945F
:1078B0004CFD892B19F486E090E0B0CF60E173E1D4
:1078C000C8010E944CFD892B19F487E090E0A6CFF7
:1078D0006CE073E1C8010E944CFD892B09F081CF57
:1078E00088E090E09BCF69E073E1C7010E9495BBFF
:1078F000D82E882309F475CF65E073E1C8010E9492
:107900004CFD892B19F480E190E088CF61E073E1B0
:10791000C8010E944CFD892B19F489E090E07ECFCC
:107920006DEF72E1C8010E944CFD892B09F059CF1F
:107930008AE090E073CFAF92BF92CF92DF92EF9246
:10794000FF920F931F93CF93DF93FB01E05CFF4FF8
:107950002081FC01E05CFF4F3081332321F02111B5
:1079600004C08FEF2FC0211118C08B01EC016C01F6
:107970005B01F60181916F01F501F1905F018823B0
:1079800071F0FF2051F00E946D5FE82E8F2D0E9454
:107990006D5FE81630F38E1560F781E013C0F110CB
:1079A000E0CFCA5BDF4F48815981F801EA5BFF4FA6
:1079B0002081318142175307A0F281E02417350757
:1079C00008F080E0DF91CF911F910F91FF90EF9031
:1079D000DF90CF90BF90AF9008950F931F93CF93F8
:1079E000DF93FC01E05CFF4FC081C11131C03196D3
:1079F000C081C1112DC0DC010D900020E9F7119765
:107A0000A81BB90BA430B10548F18C010A0F1B1F4C
:107A1000F801349780818E3209F5319680810E9479
:107A20006D5F8D34D9F4F801329780810E946D5FCB
:107A3000D82FF801319780810E946D5F893471F4ED
:107A4000D63431F0D43521F0C1E0DA3509F4C0E0A4
:107A50008C2FDF91CF911F910F910895C1E0F8CF46
:107A6000CF93C62FAC0161E170E087E092E10E9404
:107A70008C6FC093061280E0CF910C948DB1CF93A0
:107A8000C62FAC0161E170E087E092E10E948C6F4B
:107A9000C0930612CF91089520916E03211102C068
:107AA0000C943FBD08958F929F92AF92BF92CF9258
:107AB000DF92EF92FF920F931F93CF93DF93E091AA
:107AC000B30FE11106C0E0916F03C0916E03EE2386
:107AD00021F169017A014B015C01E091FA0EF0910C
:107AE000FB0E309741F11995D82F882321F1809111
:107AF0006F03811126C081E080936E031092B30F53
:107B000010926F03C0917B03C11107C067E070E062
:107B10008AED95E10E943FBDCD2F8C2FDF91CF9153
:107B20001F910F91FF90EF90DF90CF90BF90AF909B
:107B30009F908F900895C0916F03CC2331F0C0E0E7
:107B4000ECCF81E080937B03D6CF80E0C114D104D9
:107B5000E104F104A9F0C501B40124E630E040E0FD
:107B600050E00F943401922ED32F56016701E12C7F
:107B7000F12C00E010E0292D3D2F0F946101822FA0
:107B8000E091B40FF091B50F309739F29091000267
:107B90009F3F21F09B5F891708F4BFCF80930002BD
:107BA0001995BBCFAF92BF92CF92DF92EF92FF9227
:107BB0000F931F93CF93DF93CDB7DEB7AE970FB67A
:107BC000F894DEBF0FBECDBF8B017E0123E2E20E33
:107BD000F11CAC016CE070E0C7010E948C6FFF9259
:107BE000EF9280E893E19F938F931F9281E18F93AF
:107BF000CE0101966C019F938F930E94A16D0E940C
:107C0000CCB5B60180E00E946E6D65E773E181E05E
:107C10000E944D710FB6F894DEBF0FBECDBF0E941B
:107C200054D50817190758F4801B910B4E9760F430
:107C300064E170E080E090E00E94D8DBF0CF980132
:107C4000281B390BC901F2CF6AEF70E080E090E0A9
:107C50000E94D8DB0E940ADC5C01BF928F938DE604
:107C600093E19F938F931F9281E18F936E0132E195
:107C7000C30ED11CDF92CF920E94A16DB70180E0AC
:107C80000E946E6DB60181E00E946E6D6CEB72E039
:107C900080E090E00E94D8DB61E673E180E00E9422
:107CA0004D7169E573E181E00E944D710FB6F89462
:107CB000DEBF0FBECDBF0E9454D50817190758F478
:107CC000801B910B459760F064E170E080E090E0EC
:107CD0000E94D8DBF0CF9801281B390BC901F2CFE5
:107CE00068EC70E080E090E00E94D8DBC501AE96C1
:107CF0000FB6F894DEBF0FBECDBFDF91CF911F91BD
:107D00000F91FF90EF90DF90CF90BF90AF900895CC
:107D10008F929F92AF92BF92CF92DF92EF92FF929B
:107D20000F931F93CF93DF937C018B01EA0188E4CB
:107D3000DA011D928A95E9F76701BCE0CB0ED11CF0
:107D4000BA01C6010E9489E8FE01EF5BFF4F21E006
:107D5000009709F020E020831FAE892B39F444E816
:107D600050E160E470E0CE010E948C6FC6010E9479
:107D700055B1FE01E05CFF4F8083D701DC96ED91A9
:107D8000FC91DD973097E1F0808C918CA28CB38CC4
:107D9000FE01EE5BFF4F80829182A282B382CA5BBA
:107DA000DF4F19830883DF91CF911F910F91FF90CF
:107DB000EF90DF90CF90BF90AF909F908F900895FD
:107DC000DE96ED91FC91309729F080849184A28415
:107DD000B384DECF812C912CA12CB12CD9CFAC0156
:107DE00061E170E08AE99CE00C948C6F80919A0CC0
:107DF000811104C08DE690E10E94EFBE61E085E351
:107E00000E94D6DA61E085E30E949BD962E083E0BC
:107E10000E94D6DA8091C70D80FF0C94BC970C9419
:107E2000B6AF0E9493B01092AB0C0E941EB00E949D
:107E3000B6AF8091C70D84FD04C083E590E10C943A
:107E4000EFBE81E690E1FBCFEF92FF920F931F937D
:107E5000CF93DF93CDB7DEB760970FB6F894DEBF50
:107E60000FBECDBF1091AB0C112309F442C080911D
:107E7000D1179091D217892B41F00E94B6AF809113
:107E8000C70D84FF04C00E9411BF10E032C0E09013
:107E9000D117F090D21720E030E0A9016AE0C701C5
:107EA0000E94F9DD8823A1F08CE1F7018387C701E7
:107EB0000E9429DD0E9430DC4091C20D411127C093
:107EC00021E02093C20D7093C10D6093C00D11C0CD
:107ED00040E150E0BE016F5F7F4FC7010E947EDF2F
:107EE000082F882321F3C7010E9429DD0E941EB0BC
:107EF000102F812F60960FB6F894DEBF0FBECDBF56
:107F0000DF91CF911F910F91FF90EF9008952091F5
:107F1000C00D3091C10DFB01E21BF30BE436F105FE
:107F200040F37093C10D6093C00D4F3F21F081E08D
:107F3000840F8093C20D8091C20D8330D0F2A3CF05
:107F40008F929F92AF92BF92CF92DF92EF92FF9269
:107F50000F931F93CF934B015C018091AB0C88234F
:107F600039F089E395E10E9485B0C82F811110C0D6
:107F70000E9411BFC0E08C2FCF911F910F91FF90F5
:107F8000EF90DF90CF90BF90AF909F908F9008952B
:107F90008091691590916A15009781F0B501A4014F
:107FA0000E9477E2811119C00E9424BFC82F882344
:107FB00011F381E891E10E94EFBEDCCF80916B1557
:107FC00090916C15009781F38401950140E050E099
:107FD00060E070E00E941F60E5CF0E941EB0CBCF32
:107FE0000F931F9340919A0E411104C01F910F915E
:107FF0000C94A0BF00919B0E10919C0E20919D0EA1
:1080000030919E0E061717072807390780F06093F6
:10801000880E7093890E80938A0E90938B0E109227
:10802000870E1092860E842F1F910F91089540E0C5
:10803000FACF8F929F92AF92BF92EF92FF920F93DF
:108040001F9320FF0AC02F3FEFEF3E074E075E074A
:1080500069F12F5F3F4F4F4F5F4F49015A018094A5
:108060009094A094B09486169706A806B906F0F0EE
:1080700049015A01860E971EA81EB91EE814F9047C
:108080000A051B0598F00E94E5B0681579058A0578
:108090009B0560F0C501B4011F910F91FF90EF9017
:1080A000BF90AF909F908F900C94A0BF80E01F91E5
:1080B0000F91FF90EF90BF90AF909F908F90089599
:1080C0000F931F93CF93DF938C01EB01892B11F05A
:1080D000209729F48CE491E10E94EFBE0CC08091BE
:1080E000AB0C882331F089E395E10E9485B08111C2
:1080F00005C00E9411BFDFEFCFEF14C0AE01B80181
:1081000089E395E10E94DE978C179D0739F00E9464
:1081100024BF882381F38CE391E1DECFD82FC92FD0
:108120000E941EB08D2F9C2FDF91CF911F910F9138
:1081300008952F923F924F925F926F927F928F920B
:108140009F92AF92BF92CF92DF92EF92FF920F93E6
:108150001F93CF93DF93EC018B01892B11F0672BD9
:1081600029F484E391E10E94EFBE0CC08091AB0C36
:10817000882331F089E395E10E9485B0811105C023
:108180000E9411BFCFEFDFEF38C0A801BE0189E325
:1081900095E10E940197EC0197FF07C00E9424BF60
:1081A000882381F385E291E1DECF892B21F5E091EF
:1081B0006915F0916A153097A1F180899189A2899A
:1081C000B3891C012D01612C712C4301808D918D8F
:1081D000A28DB38D5C016D01E12CF12C870195011D
:1081E000A601B701C80151016201730184010F9416
:1081F000120209F068F50E941EB0CE01DF91CF9106
:108200001F910F91FF90EF90DF90CF90BF90AF90B4
:108210009F908F907F906F905F904F903F902F90A6
:108220000895E0916B15F0916C15309721F3208043
:108230003180428053806480758086809780A084DE
:10824000B184C284D384E484F58406851785C7CFBE
:108250000E9424BF882309F495CF86E191E183CF62
:108260008F929F92AF92BF92CF92DF92EF92FF9246
:10827000CF93DF93EC01892B61F480E0DF91CF9104
:10828000FF90EF90DF90CF90BF90AF909F908F9036
:108290000895609190037091910380919203909161
:1082A00093032091B70E3091B80E4091B90E5091C2
:1082B000BA0E6217730784079507F8F6E091860EE9
:1082C000F091870E3097B9F0C0904D0ED0904E0EC1
:1082D000E0904F0EF090500E6C157D058E059F05B9
:1082E00050F0CE0EDF1EE11CF11C6C157D058E05D5
:1082F0009F0508F43FC00E9453BD8111BECF8090FE
:10830000900390909103A0909203B0909303809279
:108310004D0E90924E0EA0924F0EB092500EC09005
:10832000B70ED090B80EE090B90EF090BA0EC5011D
:10833000B4010E94A0BF882309F49FCFC818D908B0
:10834000EA08FB0885E5C816D104E104F10428F029
:1083500084E5C82ED12CE12CF12CB60182EB91E101
:108360000E9499C08C159D0509F087CF9093870EC8
:108370008093860E8091900390919103A091920337
:10838000B0919303FC01E455FE4F20914D0E3091C6
:108390004E0EE21BF30BEA5FFF4E2081288301960D
:1083A000A11DB11D8093900390939103A09392031C
:1083B000B093930381E062CF4F925F926F927F926E
:1083C0008F929F92AF92BF92CF92DF92EF92FF92E5
:1083D0000F931F93CF93DF93CDB7DEB760970FB6A0
:1083E000F894DEBF0FBECDBF5C01162FC090B70E54
:1083F000D090B80EE090B90EF090BA0E662309F452
:10840000BFC028E2C216D104E104F104C8F400E0C0
:10841000802F60960FB6F894DEBF0FBECDBFDF9100
:10842000CF911F910F91FF90EF90DF90CF90BF9071
:10843000AF909F908F907F906F905F904F90089536
:108440000C960E94E6946130710581059105F9F65C
:10845000C50140960E94E694613071058105910541
:10846000B1F6C50144960E94E694672B682B692BF0
:1084700071F6C50184960E94E694C616D706E806F2
:10848000F90628F2C61AD70AE80AF90A20E1C21644
:10849000D104E104F10408F4BACF0E94A0BF082F70
:1084A000882309F4B4CF60E170E0CE0101960E9408
:1084B00099C0409709F0ABCFCE0101960E94E69497
:1084C0004B015C01CE0105960E94E6946B017C0194
:1084D000CE0109960E94E6942B013C01CE010D9637
:1084E0000E94E694AB01BC01811484E09806A104CB
:1084F000B10408F48CCFC114D104E104F10409F4EF
:1085000086CF8091B70E9091B80EA091B90EB09120
:10851000BA0E88159905AA05BB0508F478CF881905
:108520009909AA09BB098C159D05AE05BF0508F47C
:108530006ECF441555056605770508F468CFC41657
:10854000D506E606F70608F462CF8092960E909262
:10855000970EA092980EB092990EC092920ED09261
:10856000930EE092940EF092950E86E0111101C0E8
:1085700089E08093900E1092870E1092860E48CF5D
:1085800060E072E080E090E078CF8F929F92AF92AF
:10859000BF92CF92DF92EF92FF92C090B70ED09031
:1085A000B80EE090B90EF090BA0E0E94A6B0C61AAE
:1085B000D70AE80AF90A80E8C816D104E104F104F0
:1085C00080F467E070E08EE196E10E943FBD80E0BC
:1085D000FF90EF90DF90CF90BF90AF909F908F90E3
:1085E000089560E870E086E090E10E9499C08038CC
:1085F000910561F097FF05C066E070E085E196E1C6
:10860000E4CF67E070E08BE096E1DFCFC090181018
:10861000D0901910F12CE12CC092AF0ED092B00E78
:10862000E092B10EF092B20E8090B70E9090B80E1C
:10863000A090B90EB090BA0E0E94A6B0861A970A02
:10864000A80AB90A8C149D04AE04BF0428F467E09C
:1086500070E080E096E1B9CF6093A70E7093A80E0A
:108660008093A90E9093AA0EC60ED71EE81EF91E7F
:10867000C092AB0ED092AC0EE092AD0EF092AE0E68
:10868000109294031092A30E1092A40E1092A50EB5
:108690001092A60E1092850E0E9480A381E098CFC2
:1086A000AF92BF92CF92DF92EF92FF920F931F9300
:1086B000CF93DF93FA012091B30FC6E9D4E0A12C48
:1086C00038E0B32E211105C0C2EBD1E124E5A22E82
:1086D000B12C2091920E3091930E4091940E5091B6
:1086E000950E621773078407950760F080E0DF91AD
:1086F000CF911F910F91FF90EF90DF90CF90BF909F
:10870000AF9008958F016B017C016091860E70918E
:10871000870E61157105B9F080914D0E90914E0E46
:10872000A0914F0EB091500EC816D906EA06FB066E
:1087300050F0860F971FA11DB11DC816D906EA0675
:10874000FB0608F440C0C701B6010E9453BD811169
:10875000CDCFC0924D0ED0924E0EE0924F0EF092C1
:10876000500E8091920E9091930EA091940EB09124
:10877000950E8C199D09AE09BF09A50170E060E056
:10878000481759076A077B0708F05C016091960E4D
:108790007091970E8091980E9091990E6C0D7D1DA1
:1087A0008E1D9F1D0E94A0BF882309F49FCFB50195
:1087B000CE010E9499C0A816B90609F097CFB092D1
:1087C000870EA092860E80914D0E90914E0EC81A83
:1087D000D90ACC0DDD1D8881F801808381E087CF27
:1087E0004F925F926F927F929F92AF92BF92CF9281
:1087F000DF92EF92FF920F931F93CF93DF931F921D
:10880000CDB7DEB74115510599F4B12C8B2D0F90E2
:10881000DF91CF911F910F91FF90EF90DF90CF905C
:10882000BF90AF909F907F906F905F904F90089512
:108830002091910E6B017C0164E0CC0CDD1CEE1CE0
:10884000FF1C6A95D1F7C20ED11CE11CF11C9701E7
:108850008601025F1F4F2F4F3F4F8091920E9091E4
:10886000930EA091940EB091950E73E0880F991F0E
:10887000AA1FBB1F7A95D1F7081719072A073B07CC
:1088800020F68A012601370153E0769467945794C5
:1088900047945A95D1F7AE014F5F5F4FC301B201C4
:1088A0000E9450C3882309F4B0CF9980AE014F5F76
:1088B0005F4FC301B2016F5F7F4F8F4F9F4F0E9489
:1088C00050C3B82E882309F4A0CF8C2D8770A82E12
:1088D0008981C92CD12CF12CE12CD82AE1E0EA15B0
:1088E00080F4C301B2016E5F7F4F8F4F9F4FAE0187
:1088F0004F5F5F4F0E9450C3882309F486CF898160
:10890000E82A04C0F694E794D794C794AA94D2F7BF
:10891000F5E5CF22DF22C601969587958C299D2902
:10892000837393736C01D694C794D694C794C82A62
:10893000D92A8FE0C822D822C60144E096958795AF
:108940004A95E1F7C82AF801C08260CFAC01609176
:108950006A0370916B0380916C0390916D030E9488
:10896000F0C38823A1F040916A0350916B0360919A
:108970006C0370916D034F5F5F4F6F4F7F4F40935C
:108980006A0350936B0360936C0370936D030895B7
:108990000F931F93CF93DF931F92CDB7DEB70FEFE7
:1089A00010E0CE0101960E94A6C48823D1F09981DF
:1089B000992349F00F3F09F00F5F963131F41F3FC3
:1089C00081F31F5FEECF00E0EBCF953A49F712300D
:1089D00038F3212F30E02F5E3F4F0217130609F0C6
:1089E000F8F60F90DF91CF911F910F9108953F926C
:1089F0004F925F926F927F928F929F92AF92BF92AF
:108A0000CF92DF92EF92FF920F931F93CF93DF935A
:108A100000D01F92CDB7DEB7982E5B013A01290135
:108A200065EA90E080E00E94C29D6C010E94C8C48B
:108A30008823B9F0CE0101960E94A6C4882389F04C
:108A4000CE0102960E94A6C4882359F0CE01039657
:108A50000E94A6C4882329F06981911004C066236E
:108A600031F020E058C0862F8B7F8130D1F73A80DB
:108A70008B80982D832DF30191838083911003C007
:108A80008034910571F7C6010E94C29D632D0E943A
:108A9000C29D682D0E94C29D4C0180916A039091F5
:108AA0006B03A0916C03B0916D03F20180839183FD
:108AB000A283B3830115110529F0F80110821182F8
:108AC00012821382E114F10419F0F701118210826D
:108AD000D12CC12CF30180819181C816D90690F167
:108AE000CE0104960E94A6C4882309F4BACF6C81F3
:108AF000C4010E94C29D8C01CE0104960E94A6C4AE
:108B0000882309F4AECF6C81C8010E94C29D21E088
:108B1000892B09F0A6CF822F0F900F900F900F9006
:108B2000DF91CF911F910F91FF90EF90DF90CF9049
:108B3000BF90AF909F908F907F906F905F904F907D
:108B40003F900895CE0104960E94A6C4882309F49C
:108B500088CFA114B10449F0F0E4CF16D10428F471
:108B60008C81F501EC0DFD1D80830115110519F4B3
:108B7000E114F104F1F08C810E94AA9F0115110506
:108B800069F0F8014081518162817381480F511D64
:108B9000611D711D4083518362837383E114F1046D
:108BA00041F0F70120813181820F932F911D918334
:108BB00080836C81C4010E94C29D4C01FFEFCF1ADB
:108BC000DF0A88CF8F929F92AF92BF92EF92FF926F
:108BD0000F931F93CF93DF9320919A0E21110CC016
:108BE000DF91CF911F910F91FF90EF90BF90AF90C9
:108BF0009F908F900C9499C07B018C01D0E0C0E0D5
:108C0000EC16FD0671F18091880E9091890EA0916D
:108C10008A0EB0918B0E80909B0E90909C0EA0902F
:108C20009D0EB0909E0E88159905AA05BB05C8F447
:108C300080908C0E90908D0EA0908E0EB0908F0E26
:108C4000BC01CD01680D791D8A1D9B1DA8014C0F2B
:108C50005D1F0E94F0C3811110C08FEF9FEF20971E
:108C600009F0CE01DF91CF911F910F91FF90EF900E
:108C7000BF90AF909F908F90089521968091880E1D
:108C80009091890EA0918A0EB0918B0E0196A11D34
:108C9000B11D8093880E9093890EA0938A0EB09395
:108CA0008B0EAECF2F923F924F925F926F927F9238
:108CB0008F929F92AF92BF92CF92DF92EF92FF92EC
:108CC0000F931F93CF93DF9300D01F92CDB7DEB7E2
:108CD0006B017C015C834B831901DA011D921D92AB
:108CE0001D921C921397F90111821082C114D104B4
:108CF000E104F10409F481C046015701F1E0CF1607
:108D0000F2E0DF06E104F10428F0812C82E0982EE5
:108D1000A12CB12C9A828982B40189E192E10E944E
:108D2000E2C58815990529F197FD1EC067E070E03E
:108D300089E296E10E943FBD80E00F900F900F9076
:108D40000F90DF91CF911F910F91FF90EF90DF90E7
:108D5000CF90BF90AF909F908F907F906F905F90DB
:108D60004F903F902F90089566E070E083E396E186
:108D7000E1CF09E112E1D8018D918D010E94AA9FF6
:108D8000282FEB81FC814081518162817381482EC3
:108D9000512C712C612CDB01CA0180959095A09516
:108DA000B09584159505A605B705D8F48FEF9FEF0C
:108DB000DC0180839183A283B383F101808191815F
:108DC000820F911D91838083C8018951924129812D
:108DD0003A818217930778F2C818D908EA08FB0885
:108DE00085CF440D551D661D771DAB81BC814D930C
:108DF0005D936D937C931397E0CF81E09ECF2F928C
:108E00003F924F925F926F927F928F929F92AF921A
:108E1000BF92CF92DF92EF92FF920F931F93CF9367
:108E2000DF9300D000D01F921F92CDB7DEB71C0198
:108E30008090B70E9090B80EA090B90EB090BA0E78
:108E40000E94A6B0861A970AA80AB90A67E070E0DD
:108E50008AE596E120E882169104A104B10408F4A1
:108E60009DC060E870E086E090E10E9499C0803883
:108E7000910509F08DC006E010E118861F82812C53
:108E8000912C5401712CF80181918F010E94AA9FAD
:108E9000880E911CA11CB11C2F813885280F311D13
:108EA00038872F83739430E87312EDCFC090181079
:108EB000D0901910F12CE12CC092AF0ED092B00ED0
:108EC000E092B10EF092B20E4090B70E5090B80EF4
:108ED0006090B90E7090BA0E0E94A6B0461A570A5A
:108EE000680A790A67E070E08CE396E14C145D044F
:108EF0006E047F0408F452C06101EF80F88495018C
:108F0000840140E850E060E070E081E00E94BA9F98
:108F1000811102C080E023C06091AF0E7091B00E4D
:108F20008091B10E9091B20E9E012B5F3F4FAE012A
:108F30004F5F5F4F0E9452C6882361F3ED80FE8031
:108F400009811A812B813C814091AF0E5091B00E66
:108F50006091B10E7091B20E80E00E94BA9F289687
:108F60000FB6F894DEBF0FBECDBFDF91CF911F913A
:108F70000F91FF90EF90DF90CF90BF90AF909F90B8
:108F80008F907F906F905F904F903F902F900895BB
:108F900097FF07C066E070E081E596E10E943FBD63
:108FA000B9CF67E070E087E496E1F8CF8F929F92A7
:108FB000AF92BF92CF92DF92EF92FF920F931F93E7
:108FC0004091A30E5091A40E6091A50E7091A60E33
:108FD0008091AF0E9091B00EA091B10EB091B20EF3
:108FE000481759076A077B0730F08FB7F89491E06C
:108FF000909301029FC00E948EA3811528E09207E2
:1090000090F066E070E087EF95E10E943FBD80E060
:109010001F910F91FF90EF90DF90CF90BF90AF9096
:109020009F908F9008956FEF77E0681B790B09F49C
:1090300082C0613082E0780710F060E072E0C0909A
:10904000AF0ED090B00EE090B10EF090B20E009145
:10905000A30E1091A40E2091A50E3091A60ECB0167
:10906000B0E0A0E046015701801A910AA20AB30AB3
:1090700088169906AA06BB0618F4B601601B710B88
:1090800089E192E10E94E2C597FF05C066E070E0C9
:109090008EEE95E1BACF009729F467E070E084EE98
:1090A00095E1B3CF2091700330917103E9E1F2E1D2
:1090B000D901B7704191AA56BB4F4C932F5F3F4FD8
:1090C000AF01495152414817590794F3092E000C3A
:1090D000AA0BBB0B4091A30E5091A40E6091A50E5C
:1090E0007091A60E840F951FA61FB71F8093A30E25
:1090F0009093A40EA093A50EB093A60E8FB7F894EC
:1091000030937103209370030091A30E1091A40E6D
:109110002091A50E3091A60E4091AF0E5091B00E49
:109120006091B10E7091B20E04171507260737072C
:1091300008F05DCF8FBF81E06BCFCF93DF9340917D
:10914000A30E5091A40E6091A50E7091A60E809171
:10915000AF0E9091B00EA091B10EB091B20E481723
:1091600059076A077B0768F40E948EA3EC010E94EE
:10917000D6C7282F8823C1F00E948EA38C179D0785
:10918000F1F68091AF0E9091B00EA091B10EB0911A
:10919000B20E21E0892B8A2B8B2B31F00E948EA3FB
:1091A00021E0892B09F420E0822FDF91CF910895EF
:1091B000CF9360919F0E7091A00E8091A10E90911F
:1091C000A20E0E94F0BFC82F811109C066E070E0B6
:1091D00082E098E10E943FBD8C2FCF91089540918D
:1091E0009B0E50919C0E60919D0E70919E0E40932F
:1091F000AF0E5093B00E6093B10E7093B20E80918B
:109200009F0E9091A00EA091A10EB091A20E840F7E
:10921000951FA61FB71F8093AB0E9093AC0EA09323
:10922000AD0EB093AE0E1092A30E1092A40E10923B
:10923000A50E1092A60E1092850E0E9480A30E9489
:109240009DC8C82F882341F281E08093850EC4CF4A
:109250000F931F93CF930E94AFA8811528E0920728
:1092600058F066E070E08DEA93E10E94BDA880E0CE
:10927000CF911F910F9108956FEF77E0681B790BE5
:10928000C9F0613082E0780710F060E072E089E1B7
:1092900092E10E9499C097FF05C066E070E083EA02
:1092A00093E1E3CF009741F48FB7F89491E0909366
:1092B00043028FBF81E0DCCF20916C0E30916D0EA8
:1092C000E9E1F2E1D901B7704191AA56BB4F4C9345
:1092D0002F5F3F4FAF01495152414817590794F34F
:1092E000092E000CAA0BBB0B40915B0E50915C0E3B
:1092F00060915D0E70915E0E840F951FA61FB71FC3
:1093000080935B0E90935C0EA0935D0EB0935E0E07
:10931000CFB7F89430936D0E20936C0E0E94A6B0D8
:1093200000915F0E1091600E2091610E3091620EDF
:10933000601771078207930718F081E0809343025A
:10934000CFBFB8CFCF93DF93EC012C96CE010E9414
:1093500085B0882319F0CE010E9420E2DF91CF91E1
:109360000C9424BF80E590E10C94EFBEAF92BF92C5
:10937000CF92DF92EF92FF921F93CF93DF93CDB7FF
:10938000DEB7CD5AD1090FB6F894DEBF0FBECDBF00
:109390005C016B01892B61F0672B51F01091AB0CD4
:1093A000112331F089E395E10E9485B08823B9F05B
:1093B00081EC91E10E94EFBE10E0812FC355DF4F99
:1093C0000FB6F894DEBF0FBECDBFDF91CF911F91D6
:1093D000FF90EF90DF90CF90BF90AF900895609195
:1093E000CD177091CE176115710571F019821A822F
:1093F0001B8220E0A601CE0101960E94195A882303
:10940000A1F085EB91E1D6CF6091CF177091D01785
:109410006115710551F01DA61EA61FA620E0A6012C
:10942000CE0101960E94FC6CEACFE090CD17F0903F
:10943000CE17E114F10409F45BC1C257DF4F188263
:10944000CE58D040C157DF4F1882CF58D040C057B8
:10945000DF4F1882C059D04080EDE81A8DEFF80A2E
:1094600020E0A501B701CE0182579F4F0E94965977
:10947000882309F44DC018AA19AA1AAA19821A82B7
:109480001B82C257DF4F8881CE58D040887109F4C3
:109490003FC0CC56DF4F28813981C459D040F701F5
:1094A000868197812817390799F5CE0182579F4FFA
:1094B0000E94E3E180E2FE01E257FF4FDE011196D8
:1094C00001900D928A95E1F760E0CE0182579F4F9F
:1094D0000E94225AFC01892BD9F090E2DE01A15AA8
:1094E000BF4F01900D929A95E1F7C257DF4F8881E7
:1094F000CE58D04083FF15C021E5A601B701CE01AB
:10950000C0960E949659C12CD12C7601811118C0A9
:109510000E9424BF182F882309F44FCF89EA91E1D4
:1095200049CF20E0A601B701CE01C0960E94565C4B
:10953000882371F36096CCACDDACEEACFFAC6097E9
:1095400028968CAD9DADAEADBFAD2897CE55DF4F03
:1095500088839983AA83BB83C25AD0408CA99DA9D2
:10956000CE56DF4F99838883C259D0408BA9CF56FE
:10957000DF4F8883C159D04088AD99ADAAADBBAD4E
:10958000CA56DF4F88839983AA83BB83C659D040CC
:1095900018AA1AAA61E0CE0182579F4F0E94225A50
:1095A000009709F4B5CFDC011D9623E1EFE5F0E06B
:1095B000EC0FFD1F3D9601900D922A95E1F7AB96B9
:1095C0002FADAB97FC012387C114D104E104F10452
:1095D00009F46FC0CC56DF4FE881F981C459D040FF
:1095E0008481B701A601425051096109710904C083
:1095F000440F551F661F771F8A95D2F7818992897C
:10960000A389B489480F591F6A1F7B1F20E0CF012F
:1096100084960E9450E0FC01892B09F479CF90E2F6
:10962000B096DE01A15ABF4F01900D929A95E1F7D5
:10963000B701A601CC56DF4F88819981C459D0402B
:109640000E9490E1882309F463CFCC56DF4FE88174
:10965000F981C459D040C655DF4F488159816A818C
:109660007B81CA5AD04042505109610971098481F5
:1096700004C0440F551F661F771F8A95D2F7818952
:109680009289A389B489480F591F6A1F7B1F21E063
:10969000CF0184960E9450E0DC01892B09F438CF79
:1096A00090E2FE01E15AFF4F909601900D929A953B
:1096B000E1F71D8E1E8E1F8E18A282E08B8388E03C
:1096C0008983CE0101960E94D1E7882309F420CF37
:1096D000CC56DF4F88819981C459D0400E94875B66
:1096E000882309F415CF0E941EB00E94B2C965CE2E
:1096F000E090CF17F090D017E114F10409F408CFEF
:10970000C557DF4F1882CB58D040C457DF4F18825F
:10971000CC58D040C357DF4F1882CD58D040F0ED21
:10972000EF1AFDEFFF0A20E0A501B701CE01815A33
:109730009F4F0E94786C882309F4EACE6D961FAE85
:109740006D976E961FAE6E976F961FAE6F971DA6A4
:109750001EA61FA6C557DF4F8881CB58D040887101
:1097600009F4D6CEC158DF4F28813981CF57D04078
:10977000F70180A191A12817390709F0C9CE21E589
:10978000A601B701CE01C0960E94786C882309F427
:10979000BFCE8FE2FE01E15AFF4FDE01119601902C
:1097A0000D928A95E1F789E0FE01EE5AFF4FAFE591
:1097B000B0E0AC0FBD1F929601900D928A95E1F733
:1097C0006C968FAD6C97C657DF4F8883CA58D040D0
:1097D000C357DF4F8881CD58D0408068C357DF4FD3
:1097E0008883CD58D040CE01815A9F4F0E94046299
:1097F000882309F48DCE1D8E1E8E1F8E18A282E046
:109800008FA788E08DA7CE0101960E946E6568CF74
:109810001F93CF93DF93CDB7DEB7AF970FB6F89412
:10982000DEBF0FBECDBFAC01892B21F01091AB0C78
:10983000111110C080EA91E10E94EFBE10E0812F6B
:10984000AF960FB6F894DEBF0FBECDBFDF91CF91BC
:109850001F9108956091CD177091CE176115710514
:10986000C1F019821A821B8221E0CE0101960E946A
:10987000195A882331F0CE0101960E94D1E7811157
:109880001EC00E9424BF182F8823C9F280E991E1ED
:10989000D3CF6091CF177091D0176115710589F3FF
:1098A0001DA61EA61FA621E0CE0101960E94FC6CFB
:1098B000882339F3CE0101960E946E65E0CF0E94A5
:1098C0001EB00E94B2C9BBCFCF938091AB0C88234E
:1098D00031F089E395E10E9485B0811106C00E94B4
:1098E00011BFC0E08C2FCF91089589E395E10E94CC
:1098F000AA97C82F811109C00E9424BF882391F321
:1099000082E791E10E94EFBEEDCF0E941EB00E945F
:10991000B2C9E8CF8F929F92AF92BF92DF92EF923F
:10992000FF920F931F93CF93DF9300D01F92CDB779
:10993000DEB74B015C018091AB0C882339F089E3E1
:1099400095E10E9485B0D82E811114C00E9411BFEC
:10995000D12C8D2D0F900F900F900F90DF91CF9104
:109960001F910F91FF90EF90DF90BF90AF909F906D
:109970008F900895E0906915F0906A15E114F10454
:1099800009F474C0B501A401C7010E9477E28823DD
:10999000A1F1F701828181FF30C0848D958DA68D64
:1099A000B78D0097A105B10509F45BC044855585C5
:1099B00066857785411551056105710549F1198263
:1099C0001A821B821C829E012F5F3F4F86819781E6
:1099D0000E940FE187FD11C0882311F1F701448532
:1099E0005585668577850FEF1FEF2FEF3FE0868166
:1099F00097810E949AE0811113C00E9424BFD82E43
:109A0000882309F4A6CF82E691E10E94EFBEA0CFA1
:109A100089839A83AB83BC83148E158E168E178E22
:109A200049815A816B817C81411551056105710520
:109A300039F0F701868197810E9490E18823E9F24D
:109A4000F70180899189A289B389808F918FA28F34
:109A5000B38F828180688283C7010E94E3E18823FB
:109A600061F20E941EB00E94B2C973CFE0906B15E4
:109A7000F0906C15E114F10409F4BFCF8401950155
:109A800040E050E060E070E0C7010E941F60882362
:109A900009F4B3CFC7010E94AC62E1CF2F923F928D
:109AA0004F925F926F927F928F929F92AF92BF92EE
:109AB000CF92DF92EF92FF920F931F93CF93DF939A
:109AC000CDB7DEB760970FB6F894DEBF0FBECDBF3F
:109AD0006D837E838F8398878091AB0C882339F0C8
:109AE00089E395E10E9485B0F82E81111DC00E9486
:109AF00011BFF12C8F2D60960FB6F894DEBF0FBE0C
:109B0000CDBFDF91CF911F910F91FF90EF90DF902C
:109B1000CF90BF90AF909F908F907F906F905F900D
:109B20004F903F902F900895C0906915D0906A157E
:109B3000C114D10409F4D7C0D60112968C911297A2
:109B400081FFC6C05C968D919D910D90BC91A02D1A
:109B5000892B8A2B8B2B09F0BBC0F601268037801E
:109B6000D10114962C91275F8D819E81AF81B8859C
:109B70000197A109B10904C0B695A7959795879556
:109B80002A95D2F78C019D010F5F1F4F2F4F3F4F3A
:109B90000D871E872F87388BD10119968D909D9048
:109BA000AD90BC901C97BFEF8B1A9B0AAB0ABB0A07
:109BB00024013501EF2CF101818D928DA38DB48D9F
:109BC00088159905AA05BB0508F482C09E012F5F80
:109BD0003F4FB501A401C1010E940FE1282F87FD6D
:109BE00077C0B501A4014F5F5F4F6F4F7F4F8981F1
:109BF0009A81AB81BC81892B8A2B8B2B11F421118B
:109C00000BC084149504A604B70409F0E12C2A01C2
:109C10003B014A015B01CFCFDB01CA0184199509E1
:109C2000A609B7090D851E852F85388908171907DC
:109C30002A073B0771F7EE2039F0D10119968D9272
:109C40009D92AD92BC921C970FEF1FEF2FEF3FE05C
:109C5000B501A401C1010E949AE08823C9F148140A
:109C600059046A047B04C0F4950184010150110970
:109C7000210931090D871E872F87388B95018401B3
:109C80004D855E856F857889C1010E949AE08D843B
:109C90009E84AF84B888E1CFD6015C964D925D92E8
:109CA0006D927C925F970D811E812F813885589629
:109CB0000D931D932D933C935B9712968C91129765
:109CC000806E12968C93C6010E94E3E1811181C0DF
:109CD0000E9424BFF82E882309F40CCF84E591E17B
:109CE0000E94EFBE06CFC0906B15D0906C15C114CA
:109CF000D10471F3F60186A581FFEACF848D958D9D
:109D0000A68DB78D892B8A2B8B2B11F72D813E8148
:109D10004F81588589019A0140E050E0BA010D83D6
:109D20001E832F83388749875A876B877C8700A0DB
:109D3000F1A1E02D98014F81588560E070E080E04E
:109D400090E0AFEF0F94FD01DF01A15DBD4F0C91DD
:109D5000075F0F94D9015A0149013FEF831A930A13
:109D6000A30AB30A9501840140E050E0BA01CF0193
:109D70000E945E5E2B013C0142E0441651046104E6
:109D8000710408F4A5CFEE24E3949501BC01A2016F
:109D9000D60190968D919C910E94335D882309F4A1
:109DA00097CF0D81F60100871E8111872F812287B1
:109DB000388533871486158616861786448E558E09
:109DC000668E778E86A5806C86A7C6010E94046287
:109DD0007DCF0E941EB00E94B2C98CCE2F923F92BE
:109DE0004F925F926F927F928F929F92AF92BF92AB
:109DF000CF92DF92EF92FF920F931F93CF93DF9357
:109E0000CDB7DEB7CC52D1400FB6F894DEBF0FBE4F
:109E1000CDBF7C01C55DDE4F79836883CB52D140D5
:109E2000CE018F5B9F4F0E9425B0CE018F579F4F71
:109E30000E9425B0CE0101965C010E9425B0E1147C
:109E4000F10439F0F70180818F3219F48181811199
:109E500005C080EF90E10E94EFBE45C00E9424BF84
:109E6000882309F440C040E0B701CE010D960E945E
:109E700039B0882309F453C0CE010D960E9455B124
:109E8000D82E811109C0CE010D960E9420E288EEE5
:109E900090E10E94EFBE28C0CE010D960E9420E204
:109EA0000E941EB00E94B2C901E410E00C0F1D1FF9
:109EB000045F1F4F40E0B701C8010E9439B0811113
:109EC00047C101E410E00C0F1D1F045F1F4FC801C4
:109ED0000E9485B0882319F0C8010E9420E20E94E8
:109EE00024BF8111BBC1D12C8D2DC45DDE4F0FB6B7
:109EF000F894DEBF0FBECDBFDF91CF911F910F91C0
:109F0000FF90EF90DF90CF90BF90AF909F908F9099
:109F10007F906F905F904F903F902F9008950E9498
:109F200024BF882301F340E0B701CE010D960E94C3
:109F300039B0C82E882371F0CE010D960E9455B11C
:109F4000D82E8111A9CFCE010D960E9420E280EE7D
:109F500090E19FCF6091CD177091CE17611571057B
:109F6000D1F0CF53DF4F1882C15CD040CE53DF4FCA
:109F70001882C25CD040CD53DF4F1882C35CD04002
:109F8000605D7D4F21E0A701CE018F539F4F0E945E
:109F9000565CC82E53C00091CF171091D0170115F1
:109FA000110509F44BC0C45EDE4F1882CC51D1407C
:109FB000C35EDE4F1882CD51D140C25EDE4F1882A3
:109FC000CE51D140C75DDE4FF982E882C952D140FF
:109FD000C351DF4F1882CD5ED040C251DF4F18828F
:109FE000CE5ED040C151DF4F1882CF5ED040F80125
:109FF000E45AFD4F8081807509F1F70180818F322D
:10A00000D9F5C75DDE4FE881F981C952D140808121
:10A010008F3241F43196C75DDE4FF983E883C95230
:10A02000D140EFCF005D1D4FF80160A171A1CE01BD
:10A030008F539F4F0E946961811162C040E0B70158
:10A04000CE010D960E9439B0811174C00E9424BFC8
:10A05000882309F448CF40E0B701CE010D960E9455
:10A0600039B0D82E811166C08CEC90E1CC2009F477
:10A0700010CF87ED90E10DCF005D1D4FC75DDE4F26
:10A0800068817981C952D1409E01275D3E4FAE0162
:10A09000415E5E4FCE0180519F4F0E942D66882306
:10A0A00069F2C75DDE4FE881F981C952D1408081F4
:10A0B0008823B1F120E0AE01415E5E4FB801CE01D0
:10A0C00080519F4F0E9490698823F1F08FE2FE013A
:10A0D000E051FF4FDE01AF53BF4F01900D928A95C3
:10A0E000E1F7CE0180519F4F0E940462C45EDE4FB3
:10A0F0001882CC51D140C25EDE4F1882CE51D14081
:10A100008E010F531F4FBACFAE01415E5E4FB801B3
:10A11000CE0180519F4F0E94406C8111D7CF8ECFCE
:10A12000AE01415E5E4FB801CE0180519F4F0E944B
:10A13000406C2FCFCE010D960E9455B1D82E8111C3
:10A14000ABCECE010D960E9420E284EC90E1A1CE30
:10A15000C8010E9455B1882309F4B3CE0E941EB0F5
:10A16000F12CE12C280101E810E00C0F1D1F045F09
:10A170001F4F3E01F8E06F0E711C8AE0282EB201DD
:10A18000C8010E94B2E4D82E882309F48EC0F501DC
:10A1900080E411928A95E9F7B501C8010E9489E827
:10A1A00021961FAE2197C8010E9455B181116CC044
:10A1B000F50101900020E9F7CF010C978A159B0566
:10A1C00009F062C089810E946D5F823509F05CC030
:10A1D0008A810E946D5F853409F056C08B810E9490
:10A1E0006D5F833409F050C088858E3209F04CC011
:10A1F000FE013496912C812C819190ED980F9A302C
:10A2000008F042C0289C6001299CD00C1124C80E83
:10A21000D11C87FDDA94460180E3881A9108E6157F
:10A22000F70551F789850E946D5F8735D1F48A85DE
:10A230000E946D5F813441F58B850E946D5F86358C
:10A2400019F5E1E3CE1AD108FFE0CF16F7E2DF06F9
:10A25000D8F4E814F904C0F4740116C08DE091E15B
:10A26000FACD8C34A9F43A84832D0E946D5F853435
:10A2700029F48B850E946D5F803519F391E33912C3
:10A2800003C08B858633E9F2C8010E9420E277CFB4
:10A290008D34D1F78A850E946D5F8A35A9F78B8549
:10A2A0000E946D5F863481F7CCCFC2010E9420E20C
:10A2B0000E9424BF182F882309F415CE8FE0E816DA
:10A2C00087E2F80618F08EEF90E1E3CD9FEFE91AF0
:10A2D000F90AC55DDE4FE881F981CB52D140F182A8
:10A2E000E0820E94B2C9D12EFFCDCF93DF93EC0163
:10A2F000892B49F48BEB90E10E94EFBEC0E08C2FDC
:10A30000DF91CF9108950E9424BF8823B9F389E398
:10A3100095E10E9485B0882321F089E395E10E94B0
:10A3200020E242E3BE0189E395E10E9439B0C82FE3
:10A33000811109C00E9424BF882301F38AEA90E1B9
:10A340000E94EFBEDCCF0E941EB00E94B2C9D7CFE0
:10A35000CF93DF93EC01892B49F481EA90E10E94CD
:10A36000EFBEC0E08C2FDF91CF9108950E9424BFF3
:10A370008823B9F389E395E10E9485B0882321F011
:10A3800089E395E10E9420E240E0BE0189E395E186
:10A390000E9439B0C82F811109C00E9424BF8823B0
:10A3A00001F382E990E10E94EFBEDCCF0E941EB073
:10A3B0000E94B2C9D7CF2F923F924F925F926F9275
:10A3C0007F928F929F92AF92BF92CF92DF92EF9245
:10A3D000FF920F931F93CF93DF93CDB7DEB7E09734
:10A3E0000FB6F894DEBF0FBECDBF2091D60E3091D0
:10A3F000D70E232B09F4ADC0009709F4AAC0209111
:10A40000D40E3091D50E2130310501F11092CD0ED0
:10A41000FB013183208311E0812FE0960FB6F89481
:10A42000DEBF0FBECDBFDF91CF911F910F91FF9087
:10A43000EF90DF90CF90BF90AF909F908F907F90E4
:10A440006F905F904F903F902F9008955B0198AB75
:10A450008FA70E94A6B01B012C010E9493B0F501AA
:10A46000118210826091D60E7091D70E1BA61AA68B
:10A4700089E192E1892B11F4712C9DC06115710560
:10A48000D9F324E544E589E192E10E9449ED88236E
:10A4900099F389E192E10E947BAF882369F389E116
:10A4A00092E10E94A8D18EA7882331F3198E1DA2B4
:10A4B000812C912C60E072E089E192E10E9499C0C8
:10A4C0003C0197FF03C00E9493B0D6CF892B09F4BB
:10A4D00068C089E192E19DA78CA7ECA5FDA58191BB
:10A4E000FDA7ECA78D3011F08A3079F4882099F11E
:10A4F0008BA58111E8CF812C912C8CA59DA589512C
:10A500009241861597054CF348C08110F6CF96E12D
:10A51000991548F0E1E0F0E0EC0FFD1FE90DF11DA9
:10A5200080839394EACF8EA4E8CF8BA5882309F487
:10A5300081C0A501BE016B5D7F4FCE0149960E948F
:10A54000BBBB182F8AA70E9493B0112309F494CFA4
:10A5500073C010E061CF992071F2E1E0F0E0EC0F00
:10A56000FD1FE90DF11D1082CE018A966C01750167
:10A570008E010B5D1F4F9E01275E3F4FAE01455D73
:10A580005F4F6FA578A989970E944ED7882309F459
:10A590009ACF8AA5882309F4AECF8AA5882309F427
:10A5A00089CF7AA4711042C0882011F18BA588232D
:10A5B000E9F10E9493B07092CD0E8091D60E9091E9
:10A5C000D70E0E94A8D1182F66E070E085E198E1CF
:10A5D000112359F0C201B1010E94A0BF182F8111AF
:10A5E0001BCF66E070E08CE098E10E943FBD14CF85
:10A5F0009920E1F0E1E0F0E0EC0FFD1FE90DF11D25
:10A600001082FE01BA966F0175018E010B5D1F4F1E
:10A610009E01275E3F4FAE01455D5F4F6FA578A954
:10A62000CE0101960E944ED7882319F28AA588236D
:10A6300009F47BCF0E9493B08AA5882309F41CCF2C
:10A6400077247394F50180819181019709F0B3CF4C
:10A6500013CFCF92DF92EF92FF920F931F93CF937E
:10A66000DF931F921F92CDB7DEB7082F0E94F6BE70
:10A67000011119C08091AB0C8823A9F00E9424BF5E
:10A68000182F882381F00E94B2C90E94BC97812FA5
:10A690000F900F90DF91CF911F910F91FF90EF904E
:10A6A000DF90CF9008950E9493B01092AB0C0023DE
:10A6B00081F11092CE171092CD171092D0171092F0
:10A6C000CF170091D1171091D21701151105E1F0A4
:10A6D000F80181858823C1F0C8010E9472DF9FB70D
:10A6E000F8948091BF0C882319F081508093BF0C9F
:10A6F0008091BF0C811105C08CB58F7B8CBD1092F1
:10A70000510E9FBFF80111868091C70D877E8093FF
:10A71000C70D0E941EB086E790E10E94EFBE61E087
:10A7200085E30E949BD90E94056D82E590E00E941E
:10A7300072B11AE08FEF0E946BB11150D9F780917E
:10A74000510E81110E946EAF1092DC171092DF172C
:10A750001092E0171092E1171092E2171092DE1794
:10A7600085E38093DD1761E00E94D6DA61E0809195
:10A77000DD170E949BD982E58093D5171092D617DA
:10A780000E94056D81E08093DC1783ED97E10E94C4
:10A7900075DD61E08091DD170E949BD91AE00E946F
:10A7A00026DD1150E1F760E08091DD170E949BD912
:10A7B0000E9430DC6053784F7A83698320E030E078
:10A7C000A90160E083ED97E10E94F9DD082F813057
:10A7D00069F1CE0101960E94A9DD882379F381E019
:10A7E0008093DE1783ED97E10E9429DD83ED97E1E9
:10A7F0009093D2178093D117892BA1F08091DE1707
:10A80000811110C061E083ED97E10E94C2E98111DE
:10A8100077C060E08091D1179091D2170E94C2E971
:10A8200081116EC00E9411BF10E031CF2AEA31E0E1
:10A8300040E050E068E083ED97E10E94F9DD82FDA1
:10A8400011C014E00E9426DD8093E1171150D1F76A
:10A850008A3A29F1CE0101960E94A9DD882331F3BD
:10A8600086E0BECF11E0C12CD12C760120E030E093
:10A87000A90167E383ED97E10E94F9DDA701960145
:10A8800069E283ED97E10E94F9DD882379F0CE013A
:10A8900001960E94A9DD882349F387E1A1CF12E048
:10A8A000C12CD12CE12C80E4F82EE0CF1230C9F479
:10A8B00020E030E0A9016AE383ED97E10E94F9DD31
:10A8C000882311F082E18CCF0E9426DD807C803CC1
:10A8D00009F413E00E9426DD0E9426DD0E9426DD99
:10A8E000012F83ED97E10E9429DD80E58093D51744
:10A8F00081E08093D6170093E2178093DB1776CF21
:10A9000081E08093AB0C0E941EB00E94B2C90E94ED
:10A91000BC9711E0BCCE653048F470E0660F771F3D
:10A92000680F791FFB018181928108956B3050F48B
:10A930006550770B660F771F680F791FFB018685BF
:10A94000978508956D3051F06B50770B660F771F28
:10A95000680F791FFB01848D958D089590E080E04C
:10A9600008958150823108F05AC0E82FF0E088271E
:10A97000E354FB428F4F0D94B200DDD4E1D4CFD429
:10A98000D5D4D9D40FD5E4D4EAD4EED4F4D4F8D4C1
:10A99000FCD402D506D50FD50AD510D514D5809193
:10A9A00080008F77809380000895809180008F7D54
:10A9B000F9CF80918000877FF5CF84B58F7784BDF4
:10A9C000089584B58F7DFBCF8091B0008F77809301
:10A9D000B00008958091B0008F7DF9CF80919000F4
:10A9E0008F77809390000895809190008F7DF9CFAC
:10A9F00080919000877FF5CF8091A0008F77809322
:10AA0000A00008958091A0008F7DF9CF8091A000D3
:10AA1000877FF5CF809120018F7780932001089563
:10AA2000809120018F7DF9CF80912001877FF5CF24
:10AA3000AF92BF92CF92DF92EF92FF920F931F934C
:10AA4000CF93DF936C017B018B01040F151FEB018A
:10AA50005E01AE18BF08C017D10759F06991D60141
:10AA6000ED91FC910190F081E02DC6011995892BA3
:10AA700079F7C501DF91CF911F910F91FF90EF9072
:10AA8000DF90CF90BF90AF9008950895FC019C0196
:10AA9000255F3F4F80E080FB879587F99191890F73
:10AAA000E217F307C1F7089580917B00877F8093B9
:10AAB0007B0080E480937C0080917A0080648093A6
:10AAC0007A0080917A0086FDFCCF80917800909189
:10AAD00079000895FC0101900020E9F73197AF015A
:10AAE000481B590BBC0183EE97E10C9418D5CF930A
:10AAF000DF93E9ECFCE18491E3E8FCE1D491EDE340
:10AB0000FCE1C491CC23A1F081110E94B1D4EC2FBF
:10AB1000F0E0EE0FFF1FE05EF34EA591B491EC91D3
:10AB2000ED2381E090E009F480E0DF91CF9108957A
:10AB300080E090E0FACFAF92BF92CF92DF92FF9287
:10AB40000F931F93CF93DF93EB015A018C01980170
:10AB50002F5F3F4FD8018C918032D1F01983088349
:10AB60001F821E82F801DF01FD906D01FF2031F18F
:10AB7000BFE2FB1619F1F7FE0DC080E0DF91CF9127
:10AB80001F910F91FF90DF90CF90BF90AF900895ED
:10AB90008901DDCF8F2D0E9416668111EECFC6018F
:10ABA000801B910BEEE2FE1639F0F0E2FF1621F069
:10ABB0009F838E83DD82CC82F601D5CF8E819F81EB
:10ABC00001978F3F9105C8F62E2F9F2F81918032DC
:10ABD000D9F38F32C9F3D5012C9311969C930C8134
:10ABE0001D8128813981FE013A96CE01459640E2C9
:10ABF00041938E179F07E1F781E0F90190819E3222
:10AC000009F480E0F9012F5F3F4F90819E32D1F32C
:10AC1000980121503109E217F30720F4D9019C91E2
:10AC20009E32B9F740E067E0A0E050E078E0E0173E
:10AC3000F10708F045C090819E3241F42E173F077E
:10AC400069F46AE0A8E070E13196F1CF9232A1F0A8
:10AC50009C3791F0B5EAB90FB33070F0B6EDB90F8B
:10AC6000B63010F49D3241F4B6ECB90FB63020F096
:10AC7000BFEDB90FBE3528F0907C9038B9F580E073
:10AC8000E3CF6A1740F46A30D1F02E173F07B8F0CF
:10AC9000F9013197F4CFBFE9B90FBA3158F59052A5
:10ACA000472BFF24F394FA0EAC0FBD2FB11D1A965B
:10ACB0009C93B6E0BF1508F0F886AF2DC5CF80E0B5
:10ACC0009A85903209F459CF882329F0542309F04A
:10ACD00042E0498753CF81E089878885C80FD11D1D
:10ACE0008EE78A8781E38B8781E048CF80E09FE50C
:10ACF0006A1748F2BFEBB90FBA3198F6572BD1CF8C
:10AD00002091E0143091E1142130310521F41092AA
:10AD1000DF141092DE141092C8141092C714813000
:10AD200024E0920728F11092CA141092C91490E0FE
:10AD300080E09093CB148093CC141092CD14109299
:10AD4000CE141092CF141092D0141092D1141092ED
:10AD5000D2141092D3141092D4141092DA141092C8
:10AD6000D9141092DC141092DB141092DD140895A3
:10AD70009C0183E0220F331F8A95E1F73093CA14B8
:10AD80002093C91491E080E0232B99F690E0D1CF75
:10AD9000CF92DF92EF92FF924091C9145091CA1462
:10ADA0004115510509F447C09C0173E0220F331F80
:10ADB0007A95E1F7E4E0880F991FEA95E1F78417A7
:10ADC0009507C8F1CA01880F991F840F951F821734
:10ADD000930788F12D3C8CE03807B0F4443D88E0BF
:10ADE000580790F484E1829FB001839F700D112475
:10ADF0008DE1849F9001859F300D112441E0621701
:10AE0000730798F440E011C0A4E1B0E00F94BA00D9
:10AE10006B017C019A01ADE1B0E00F94BA0041E012
:10AE2000C616D706E806F90668F3842FFF90EF9060
:10AE3000DF90CF9008954FEFF8CFE091B914F091E3
:10AE4000BA14EF2B51F59093BA148093B914609310
:10AE5000BB142093BC143093BD144093BE14509384
:10AE6000BF148091D9149091DA149093C1148093F7
:10AE7000C0148091DB149091DC149093C3148093E0
:10AE8000C2148091CB149091CC149093C5148093EC
:10AE9000C4148091DD148093C61408955F926F925C
:10AEA0007F928F929F92AF92BF92CF92DF92EF925A
:10AEB000FF920F931F93CF93DF93EC014B013A0165
:10AEC000590147E050E06EEF7BE10E945EFDF30127
:10AED0005080892B09F05FC05520B9F081E0F60160
:10AEE0008083A701B801C501DF91CF911F910F9118
:10AEF000FF90EF90DF90CF90BF90AF909F908F909A
:10AF00007F906F905F900C94BBBBFE01379699F4D5
:10AF100055245394852DDF91CF911F910F91FF9070
:10AF2000EF90DF90CF90BF90AF909F908F907F90E9
:10AF30006F905F9008958F81882351F390E080E0B7
:10AF40003AE021912223B1F020532A3008F78A39C0
:10AF500049E19407E8F6893949E1940711F426306C
:10AF6000B8F6389FA001399F500D1124CA01820FF5
:10AF7000911DE7CF009761F221E08816990609F04C
:10AF800020E0F30120838816990611F6F50110825E
:10AF9000F8011082BDCF552009F4BACF45E050E04A
:10AFA00068EF7BE1CE010E945EFD892B91F4BE012A
:10AFB0006B5F7F4FFB0101900020E9F73197E61BA3
:10AFC000F70BAF014F5F5F4FC5013C97E8F0512C85
:10AFD000A1CF46E050E061EF7BE1CE010E945EFD33
:10AFE000892B09F095CFBE016A5F7F4FFB0101906D
:10AFF0000020E9F73197E61BF70BE530F10538F74C
:10B00000AF014F5F5F4FC8010F943C0283CF0097A1
:10B0100061F447EE5BE161E170E087E092E10E945C
:10B02000786F86E080930612089540E150E0BC01FD
:10B0300087E092E10F94630210921712F2CF0F9300
:10B040001F93CF93DF93CDB7DEB76C970FB6F8940D
:10B05000DEBF0FBECDBF2FEF260F283660F080E099
:10B060006C960FB6F894DEBF0FBECDBFDF91CF91C7
:10B070001F910F910895883021E1920709F048C08F
:10B08000FE0171968CE0DF011D928A95E9F783EC51
:10B090008F8788E0888B81E1898BDE0111969E0184
:10B0A000215F3F4F89015A2F4B2F1097C1F2F901B1
:10B0B00061919F0190E080E08D30910509F443C0DB
:10B0C000FC01E951F54EE4916E133DC08D93A0173C
:10B0D000B10759F7E6E1F0E180E7DF011D928A95BB
:10B0E000E9F781E0809306108EE0E52FF42FA7E0CA
:10B0F000B0E101900D928A95E1F78DE080931510F3
:10B1000080E880931C1080ED80931D1081E0A8CF13
:10B110008115904C09F0A3CF81E28F8788E0888B5E
:10B1200081E1898B8A8B1B8A80EC8C8B91E09D8BD3
:10B130006E8B1F8A9DEE988F90EB998F93EC9A8F70
:10B140001B8E8C8FAACF01968115F1E09F0709F025
:10B15000B3CF85CFEAECFFE080E09191992311F025
:10B160009D3059F4E82FF0E0E653F04F882349F082
:10B170009291903231F48150F9CF8F5F813169F72C
:10B18000F1CF0895E091B40FF091B50F309711F021
:10B1900084E619951092B30F0895FC013197E730BA
:10B1A000F10538F58827E852F7428F4F0D94B20029
:10B1B000E7D8EAD8EDD8F3D8F6D8DFD8F0D88FE0C2
:10B1C00090E090939E0F80939D0F81E0089586E01C
:10B1D00090E0F7CF87E090E0F4CF88E090E0F1CF07
:10B1E00080E190E0EECF89E090E0EBCF8AE090E064
:10B1F000E8CF80E008951F93CF93DF93D4E01FEF53
:10B2000040919C0F442329F180919B0F50915A0249
:10B21000851719F190E4899F900111242A5F3F4E10
:10B22000C0E490919A0F9C1718F110929A0F851311
:10B2300004C010935A021092990F8F5F8770809309
:10B240009B0F415040939C0FDBCF80939A0FD111FD
:10B25000D7CFDF91CF911F910895C091990FCC2343
:10B2600021F3E0E48E9F900111242A5F3F4ED9CF55
:10B270008091980F882339F0290F311D68E0F9017A
:10B2800080810E94228880919A0F8F5FD1508C1705
:10B29000E0F210929A0F80919B0F90915A028913BD
:10B2A00004C010935A021092990F8F5F8770809399
:10B2B0009B0F80919C0F815080939C0FC8CF409131
:10B2C000EC0F242F3091ED0F532F52955F7090E0CB
:10B2D000FC01EB50F04F5A3030F5505D5083FC01CB
:10B2E000EA50F04F532F5F705A30F8F4505D50839E
:10B2F000FC01E950F04F54E0369527955A95E1F757
:10B300002F702A30A0F4205D2083FC01E850F04F1C
:10B31000242F2F702A3068F4205D20838750904FAF
:10B32000FC0110820895595CD9CF595CE0CF295CAB
:10B33000EBCF295CF2CF1F93CF93DF93282F30E020
:10B34000F901EA53F34E8491F901E058F34ED49198
:10B35000F901E65CF34EC491CC23A9F0162F8111BC
:10B360000E94B1D4EC2FF0E0EE0FFF1FE353F54E37
:10B37000A591B4918FB7F894EC91111108C0D095B4
:10B38000DE23DC938FBFDF91CF911F910895DE2BD9
:10B39000F8CF10922C1560E082E00C949BD99FB7F7
:10B3A000F894809171008B7F8093710010929000CF
:10B3B0001092910084E088BB80911812813011F4C2
:10B3C000109218129FBF0E94C9D90C942BB5CF932D
:10B3D000DF93EC0160E08E810E949BD961E08E8159
:10B3E0000E949BD960E08E810E949BD98BE891E0FE
:10B3F0000197F1F7DF91CF910895CF92DF92EF920D
:10B40000FF920F931F93CF93DF936C017C0187E032
:10B41000E80EF11CD0E0C0E0062F10E0B8010C2EC1
:10B4200002C0759567950A94E2F76170F701819102
:10B430007F010E949BD92196C430D10579F7C601BE
:10B44000DF91CF911F910F91FF90EF90DF90CF9000
:10B450000C94E7D9CF92DF92EF92FF920F931F9354
:10B46000CF93DF93EC01F62E642F8C810E949BD941
:10B470008D818F3F19F060E00E949BD90F2D10E065
:10B480008F8584FF25C06E0187E0C80ED11CF12C8A
:10B49000E12CB8010E2C02C0759567950A94E2F76D
:10B4A0006170F60181916F010E949BD9FFEFEF1A45
:10B4B000FF0A88E0E816F10461F7CE01DF91CF9131
:10B4C0001F910F91FF90EF90DF90CF900C94E7D9F0
:10B4D000B80184E0759567958A95E1F7CE010E94E1
:10B4E000FDD96F2DCE01DF91CF911F910F91FF906C
:10B4F000EF90DF90CF900C94FDD940E0682F83EE61
:10B5000097E10C942ADA81E00E947DDA8BE39FE1D7
:10B510000197F1F708959091F617891710F08FEFC2
:10B52000890FE82FF0E0ED51F84E848980680C9483
:10B530007DDACF93DF93CDB7DEB761970FB6F8947E
:10B54000DEBF0FBECDBFAC0161E170E0CE01019660
:10B550000E948C6FFE01319680E0919191110CC098
:10B56000E1E0F0E0EC0FFD1FE80FF11D90E28F5FCE
:10B5700091938031E1F703C08F5F803171F7198AB1
:10B5800080E00E948BDACE0101960E946AD5619616
:10B590000FB6F894DEBF0FBECDBFDF91CF910895F7
:10B5A00041E00E942ADA81E090E00895CF93DF9392
:10B5B00090E0FC01E058F34E2491865C934EFC0130
:10B5C00084918823C9F090E0880F991FFC01ED5405
:10B5D000F54EA591B491FC01E353F54EC591D4917C
:10B5E00061110DC09FB7F8948C91209582238C93A4
:10B5F0008881282328839FBFDF91CF9108956230EF
:10B6000051F49FB7F8943C91822F809583238C93BB
:10B61000E8812E2BEFCF8FB7F894EC912E2B2C9343
:10B620008FBFEACFCF93DF93823029F49091F21746
:10B6300098609093F2178093F6171092F71780E4B2
:10B640008093F81780E18093F91780E58093FA17CB
:10B6500061E08091E7170E94D6DA8091E8178F3F6A
:10B6600019F061E00E94D6DA61E08091E9170E944A
:10B67000D6DAC3EED7E19E01235E37418091F217FF
:10B6800084FD0BC084E090E021962817390744F42C
:10B6900061E08E810E94D6DAEECF88E090E0F4CFB0
:10B6A0008BE39DE00197F1F760E08091E7170E943E
:10B6B0009BD960E08091E9170E949BD98091E8179F
:10B6C0008F3F19F060E00E949BD98091F21784FDB2
:10B6D00034C063E083EE97E10E94FDD9CBE4D6E469
:10B6E000CE010197F1F763E083EE97E10E94FDD967
:10B6F0002197F1F763E083EE97E10E94FDD983E59E
:10B7000092E00197F1F762E083EE97E10E94FDD9A4
:10B710008091F21780620E947DDA84E08093F317B3
:10B720008CE00E947DDA0E9483DA82E08093F41735
:10B7300086E0DF91CF910C947DDA80620E947DDA01
:10B740008BE496E40197F1F78091F21780620E94F2
:10B750007DDA83E592E00197F1F78091F21780623C
:10B760000E947DDAD5CF3FB7F89480912818909148
:10B770002918A0912A18B0912B1826B5A89B05C0AE
:10B780002F3F19F00196A11DB11D3FBFBA2FA92F60
:10B79000982F8827BC01CD01620F711D811D911D5D
:10B7A00042E0660F771F881F991F4A95D1F70895C9
:10B7B0008F929F92AF92BF92CF92DF92EF92FF92C1
:10B7C0004B015C010E94B3DB6B017C010E94B3DB87
:10B7D0006C197D098E099F09683E734081059105AA
:10B7E000A8F321E0821A9108A108B10888EEC80EDA
:10B7F00083E0D81EE11CF11C81149104A104B10462
:10B8000029F7FF90EF90DF90CF90BF90AF909F907F
:10B810008F900895CF92DF92EF92FF92CF93C0E284
:10B82000C12CD12C76010E9454D5C80ED91EE11C22
:10B83000F11C65E070E080E090E00E94D8DBC15030
:10B8400091F7D701C60125E0B695A79597958795FD
:10B850002A95D1F7CF91FF90EF90DF90CF90089588
:10B860002FB7F894609124187091251880912618AC
:10B87000909127182FBF08954F925F926F927F92F9
:10B880008F929F92AF92BF92EF92FF920F931F936E
:10B89000CF93DF93FB01C0E02191222309F475C00F
:10B8A000CF5FCF33C9F77B018C018091B20F81113B
:10B8B0000DC081E08093B20F0E9430DC60932C18A1
:10B8C00070932D1880932E1890932F18D1EFDC0FC2
:10B8D0002D2F30E0ACE2B1E00F94BA004B015C01D7
:10B8E0000E9430DC40902C1850902D1860902E183B
:10B8F00070902F186419750986099709A50194019C
:10B900002053384F4F4F5F4F0F949000603B24E01F
:10B9100072078105910508F44BC0605B7440810992
:10B920009109681579058A059B0550F42CE231E0F0
:10B9300040E050E00F9490002F5F2D1708F4D22FB5
:10B94000D80190E080E04D2F50E02D2F280F2C17CC
:10B9500088F5FA01E80FF91FEE0DFF1D20812D93E8
:10B9600001968F30910589F7F8011786DF91CF9105
:10B970001F910F91FF90EF90BF90AF909F908F908D
:10B980007F906F905F904F900895C03108F08BCFFB
:10B99000DF91CF911F910F91FF90EF90BF90AF90EB
:10B9A0009F908F907F906F905F904F900C94C97094
:10B9B000D0E0C6CF20E2D3CF1F920F920FB60F92E6
:10B9C00011242F933F938F939F93AF93BF938091B5
:10B9D000241890912518A0912618B091271830911D
:10B9E000231823E0230F2D3758F50196A11DB11D13
:10B9F000209323188093241890932518A093261839
:10BA0000B09327188091281890912918A0912A188E
:10BA1000B0912B180196A11DB11D80932818909309
:10BA20002918A0932A18B0932B18BF91AF919F911A
:10BA30008F913F912F910F900FBE0F901F901895EF
:10BA400026E8230F0296A11DB11DD2CF8FEF0C94D3
:10BA50006BB1CF93DF93FC012485222371F0EC01BD
:10BA600061E082850E949BD98FEF0E946BB180912B
:10BA7000510E81110E946EAF1C86DF91CF91089507
:10BA80000F931F93CF93DF938C01862FEA010E94BF
:10BA90006BB1FE0181918EBDDE5FEC17FD0741F0B9
:10BAA0008191000000000DB407FEFDCF8EBDF5CFE3
:10BAB0000DB407FEFDCF8FEF0E946BB18FEF0E9498
:10BAC0006BB10E9426DDF80186878F71853059F0B1
:10BAD00081E28387C8010E9429DD80E0DF91CF9158
:10BAE0001F910F91089581E0F9CFCF93DF93FC016F
:10BAF0002485211110C0EC01828193810E9472B1D2
:10BB000081E08C8760E08A850E949BD98FEFDF916E
:10BB1000CF910C946BB1DF91CF9108950F931F9348
:10BB2000CF93DF93EC010C85011102C00E9475DDFB
:10BB30000E9426DD11E08F3F09F410E0011103C0DF
:10BB4000CE010E9429DD812FDF91CF911F910F91AE
:10BB50000895CF93DF93FC01C081D1810E9430DC36
:10BB6000C61BD70B8D2F881F8827881FDF91CF9189
:10BB700008950F931F93CF93DF931F921F92CDB71A
:10BB8000DEB78C010E9430DC600F711F7A836983FD
:10BB90000E9426DD8F3F71F0CE0101960E94A9DD43
:10BBA0008823B1F380E00F900F90DF91CF911F9128
:10BBB0000F91089581E0F7CF1F93CF93DF93EC01AE
:10BBC00088E592E00E94B9DD182F882361F08DEF9F
:10BBD0000E946BB1CE010E9429DD1D86812FDF916D
:10BBE000CF911F9108958FE18B87CE010E9429DDAF
:10BBF000F5CFDF92EF92FF920F931F93CF93DF93D6
:10BC0000EC01162F022FF32EE42ED52E0E9472DFA8
:10BC10008823C1F18C85811103C0CE010E9475DD9E
:10BC2000111128C0812F80640E946BB18D2D0E945C
:10BC30006BB18E2D0E946BB18F2D0E946BB1802F46
:10BC40000E946BB187E8111101C085E90E946BB1B8
:10BC50000E9426DD1AE00E9426DD8E8787FF02C043
:10BC60001150C9F7DF91CF911F910F91FF90EF9085
:10BC7000DF9008951C30B1F28CE291E00E94B9DDB2
:10BC80008111D0CF8FEFEECF8F929F92AF92BF9264
:10BC9000CF92DF92EF92FF920F931F93CF93DF9398
:10BCA000EC014A015B0169018D85823049F48C8188
:10BCB0009D81AE81BF8188159905AA05BB0571F1EB
:10BCC0008F85A5019401833039F089E0220F331F5D
:10BCD000441F551F8A95D1F769E1CE010E94F9DD15
:10BCE0008823B1F08EE08B87CE010E9429DDCE0142
:10BCF0000E9429DD80E0DF91CF911F910F91FF908D
:10BD0000EF90DF90CF90BF90AF909F908F9008956D
:10BD100082E08D878C829D82AE82BF82F12CE12CE5
:10BD2000E016F106A9F088E592E00E94B9DD8111E4
:10BD300002C085E2D8CFA6016CEFCE010E9440DDA3
:10BD4000882391F28FEFE81AF80A8EEFD81AE8CF1D
:10BD50008C819D81AE81BF818E0D9F1DA11DB11D66
:10BD60008C839D83AE83BF8388858111C4CFCE0130
:10BD7000DF91CF911F910F91FF90EF90DF90CF90C7
:10BD8000BF90AF909F908F900C94DCDDEF92FF926C
:10BD90000F931F93CF93DF93EC017901888588235C
:10BDA00071F001E010E0CE010E9444DE182F812FD7
:10BDB000DF91CF911F910F91FF90EF9008958F85A4
:10BDC000833039F089E0440F551F661F771F8A952D
:10BDD000D1F79A01AB0168E1CE010E94F9DD882319
:10BDE00039F08DE08B87CE010E9429DD10E0DFCF96
:10BDF000A7016EEFCE010E9440DD8823A1F388E504
:10BE000092E00E94B9DD182F84E2112359F320E05B
:10BE100030E0A9016DE0CE010E94F9DD882311F028
:10BE20008AE0E0CF0E9426DD8111FACFCE010E9488
:10BE300029DDBDCFEF92FF921F93CF93DF93FC01DB
:10BE4000208111E020FF12C0EC017C01FCE0EF0E2C
:10BE5000F11C4B815C816D817E81970189819A8182
:10BE60000E94C6DE182F811108C010E0812FDF91DB
:10BE7000CF911F91FF90EF900895888181FD04C0BC
:10BE800088818E7F8883F2CF4B815C816D817E813A
:10BE90008F819885A985BA85480F591F6A1F7B1F16
:10BEA000970189819A810E94C6DE8111E9CFDDCF99
:10BEB000CF93DF93EC011D8620E030E0A9016CE018
:10BEC0000E94F9DD882349F089E08B87CE010E942A
:10BED00029DD80E0DF91CF910895CE010E9429DD18
:10BEE00081E0F8CFFC012585223011F40C94DCDDD3
:10BEF000213011F40C9458DF81E00895CF92DF9245
:10BF0000EF92FF920F931F93CF93DF931F921F9295
:10BF1000CDB7DEB78C017B016A010E9430DC645D25
:10BF20007E4F7A8369830E9426DDF80186878F3FE2
:10BF3000C1F4CE0101960E94A9DD8823A1F38EE110
:10BF4000F8018387C8010E9429DD80E00F900F90DF
:10BF5000DF91CF911F910F91FF90EF90DF90CF90E5
:10BF600008958E3F11F089E1EBCF8FEF8EBDF70181
:10BF7000C6013FEF019749F0000000000DB407FE35
:10BF8000FDCF2EB53EBD2193F5CFF1E0CF1AD108FC
:10BF9000EC0CFD1C0DB407FEFDCF8EB5F7018083C0
:10BFA000F80116860E9426DD0E9426DD81E0CECFB4
:10BFB0008F929F92AF92BF92CF92DF92EF92FF92B9
:10BFC0000F931F93CF93DF93EC014A015B0169014B
:10BFD0008D85813049F48C819D81AE81BF8188152A
:10BFE0009905AA05BB0559F18F85A50194018330F8
:10BFF00039F089E0220F331F441F551F8A95D1F76E
:10C0000062E1CE010E94F9DD882399F08CE08B87F4
:10C01000CE010E9429DD80E0DF91CF911F910F9129
:10C02000FF90EF90DF90CF90BF90AF909F908F9058
:10C03000089581E08D878C829D82AE82BF82F12C33
:10C04000E12CE016F10671F040E052E0B601CE01BD
:10C050000E947EDF882301F38FEFE81AF80A8EEF43
:10C06000D81AEFCF8C819D81AE81BF818E0D9F1D2F
:10C07000A11DB11D8C839D83AE83BF8388858111F3
:10C08000CBCFCE01DF91CF911F910F91FF90EF9019
:10C09000DF90CF90BF90AF909F908F900C9458DF1F
:10C0A0008F929F92AF92BF92FF920F931F93CF9365
:10C0B000DF93DC011196ED91FC91EF2B61F490E0A0
:10C0C00080E0DF91CF911F910F91FF90BF90AF90D3
:10C0D0009F908F900895F22E4A015B01EC018B81B5
:10C0E0009C81AD81BE8188159905AA05BB0561F0CB
:10C0F000CE010E941ADF882311F3F2FE0DC01882D0
:10C100008B829C82AD82BE822F2D2370F880F22A12
:10C11000F882CE010C96D5CF01E010E09E01245F9D
:10C120003F4FB501A40189819A810E94D8DF811116
:10C13000E6CFC5CF8F929F92AF92BF92CF92DF9200
:10C14000EF92FF920F931F934230510561057105E5
:10C1500060F480E01F910F91FF90EF90DF90CF90FF
:10C16000BF90AF909F908F900895FC01C18CD28CAE
:10C17000E38CF48CC416D506E606F70650F34801A6
:10C1800059016A018581803249F585899689A78997
:10C19000B08D17E076956795579547951A95D1F725
:10C1A000480F591F6A1F7B1F868123E0823009F0E8
:10C1B00021E0CF0184960E9450E0009751F2CC0C10
:10C1C000DD1CCC0CDD1CF1E0DF228C0D9D1DFC0183
:10C1D00080829182A282B38281E0BCCF803109F05B
:10C1E000B8CF458956896789708D4D0D511D611DE8
:10C1F000711D868123E0823009F021E0CF01849611
:10C200000E9450E0009709F4A4CFCC0CDD1CF1E0B3
:10C21000DF22C80ED91EF60191828082DDCFCF9237
:10C22000DF92EF92FF920F931F93CF93DF934230F1
:10C2300051056105710550F48FEFDF91CF911F918A
:10C240000F91FF90EF90DF90CF900895FC01C18C8B
:10C25000D28CE38CF48CC416D506E606F70660F3A0
:10C2600089016A01EC0185818032B1F58589968961
:10C27000A789B08DE7E07695679557954795EA953C
:10C28000D1F7480F591F6A1F7B1F2E81223009F0FA
:10C2900020E0CE0184960E9450E0009769F2CC0C19
:10C2A000DD1CCC0CDD1CF1E0DF228C0D9D1DFC01A2
:10C2B00080819181A281B381498D5A8D6B8D7C8D56
:10C2C000481759076A077B0748F1F8018083918373
:10C2D000A283B38381E0B1CF803109F0ADCF45892E
:10C2E00056896789708D4D0D511D611D711D268107
:10C2F000223009F020E0CE0184960E9450E00097A1
:10C3000009F49ACFCC0CDD1CF1E0DF22C80ED91E57
:10C31000F60180819181B0E0A0E0CECF80E08DCFAA
:10C320009F92AF92BF92CF92DF92EF92FF920F93C4
:10C330001F93CF93DF9300D01F92CDB7DEB75C0180
:10C340006A017B019E012F5F3F4FB701A601C50126
:10C350000E940FE1982E87FD34C000E010E09801A4
:10C36000B701A601C5010E949AE0882351F1F501A9
:10C370004185528563857485C416D506E606F706A1
:10C3800050F4F1E0CF1AD108E108F108F501C186B7
:10C39000D286E386F486C980DA80EB80FC80911037
:10C3A000D1CF0F900F900F900F90DF91CF911F91F1
:10C3B0000F91FF90EF90DF90CF90BF90AF909F9044
:10C3C000089580E0EECFCF93DF93FC01208121110F
:10C3D00004C081E0DF91CF910895EC01828187FF55
:10C3E00028C061E0CF010E94225AFC01892B29F468
:10C3F00089818160898380E0EDCF8081853EC1F3B2
:10C40000888187738387888183FF08C0888D998D91
:10C41000AA8DBB8D848F958FA68FB78F8C8D9D8DA8
:10C42000AE8DBF8D938F828FB58BA48B8A818F77D2
:10C430008A838E819F810E94875B8823C9F2C9CF3E
:10C440000F931F93CF93DF93EC0108A919A901154E
:10C45000110579F0C8010E94E3E1F801108212820F
:10C4600019AA18AA1BAA1AAADF91CF911F910F919E
:10C4700008950AA91BA981E00115110589F3C801D6
:10C480000E940462F80114A616A6EACF0F931F9328
:10C49000CF938C010E9424BF811106C0C0E08C2F75
:10C4A000CF911F910F910895045F1F4F40E06BE5FE
:10C4B00072E0C8010E9439B0C82F811109C00E94E2
:10C4C00024BF882359F38FE09CE10E94EFBEE7CFA1
:10C4D000C8010E9455B1C82F811106C0C8010E9431
:10C4E00020E288E19CE1F1CF0E941EB0D8CF4F92AC
:10C4F0005F926F927F928F929F92AF92BF92CF92F4
:10C50000DF92EF92FF920F931F93CF93DF93EC0193
:10C510004A015B014C845D846E847F8428812223E0
:10C5200009F45CC0488959896A897B89481559058D
:10C530006A057B0581F081149104A104B10469F4BA
:10C540001C861D861E861F86888A998AAA8ABB8AAF
:10C550008A818F7D8A8381E046C023FF2CC0888D2D
:10C56000998DAA8DBB8D88159905AA05BB05B0F1DB
:10C57000EE81FF813481375F7501640181E0C81A63
:10C58000D108E108F108032E04C0F694E794D7948B
:10C59000C7940A94D2F78A8186FF36C08C8D9D8D10
:10C5A000AE8DBF8D8C0D9D1DAE1DBF1D8C879D87D3
:10C5B000AE87BF87C9CF26FFDBCFEE81FF818781A2
:10C5C000908525E0880F991F2A95E1F7B0E0A0E05B
:10C5D00088159905AA05BB0508F0B6CF4C865D867F
:10C5E0006E867F8680E0DF91CF911F910F91FF9043
:10C5F000EF90DF90CF90BF90AF909F908F907F9003
:10C600006F905F904F900895DB01CA010197A109D7
:10C61000B10904C0B695A795979587953A95D2F735
:10C62000C816D906EA06FB0620F0452B462B472BF9
:10C6300049F527FF22C0858D968DA78DB0A18C87E7
:10C640009D87AE87BF878E01045F1F4FC114D10441
:10C65000E104F10409F478CF4C855D856E857F8512
:10C6600098018E819F810E940FE191E0C91AD10843
:10C67000E108F108181654F3B1CF8C8D9D8DAE8D65
:10C68000BF8DDDCFC81AD90AEA0AFB0ADCCF2F9288
:10C690003F925F926F927F928F929F92AF92BF92E2
:10C6A000CF92DF92EF92FF920F931F93CF93DF937E
:10C6B000EC014B017A0139018A8180FFD2C0888167
:10C6C00083FF16C0888D998DAA8DBB8D48895989A5
:10C6D0006A897B89841B950BA60BB70BA70170E0B9
:10C6E00060E0481759076A077B07A0F07C0112C079
:10C6F00086FF10C0EE81FF818781908545E0880F1D
:10C70000991F4A95E1F728893989821B930B8E1569
:10C710009F0560F36701512C1E018CE0280E311C2F
:10C72000C114D10409F4ECC088899989AA89BB890C
:10C73000EE81FF818C0111702881AC01BD0139E0CF
:10C7400076956795579547953A95D1F726FF30C06E
:10C75000858D968DA78DB0A1480F591F6A1F7B1F2D
:10C76000EE81FF810115110509F081C0C11482E03D
:10C77000D80608F47CC087A190A5A1A5B2A548174A
:10C7800059076A077B0709F472C0C11484E0D80610
:10C7900008F09CC001E010E0940185A196A10E94E0
:10C7A000D8DF882309F45DC0A12C82E0B82E78C0C0
:10C7B000538054220115110581F451100EC0892BAC
:10C7C0008A2B8B2B81F527FF29C0858D968DA78D10
:10C7D000B0A18C879D87AE87BF87EE81FF814C8596
:10C7E0005D856E857F85425051096109710984819B
:10C7F00004C0440F551F661F771F8A95D2F78189A1
:10C800009289A389B489840F951FA61FB71FAC0115
:10C81000BD01450D511D611D711DA2CF8C8D9D8DDA
:10C82000AE8DBF8DD6CF4C855D856E857F8523FF10
:10C830000CC08A8186FF09C04F5F5F4F6F4F7F4FEB
:10C840004C875D876E877F87C8CF9101CF010E949B
:10C850000FE187FD06C08111C0CF8881807D09F07E
:10C860004FC08981826089838FEF9FEF4CC080E049
:10C8700092E0801B910B56018C159D0508F45C011C
:10C8800020E0CF0184960E9450E0009751F3BC0154
:10C89000600F711F61147104A1F0F3017183608353
:10C8A0008A0C9B1C88899989AA89BB898A0D9B1D42
:10C8B000A11DB11D888B998BAA8BBB8BCA18DB0875
:10C8C0002FCFA501C4010F943C02EACF8601012FAE
:10C8D00011270695888186FD07C082818519990BED
:10C8E0008017910708F48C015801BA2CAA24BB0CBC
:10C8F0009401CF0184960E949C668111D1CFB1CF63
:10C90000C7018C199D09DF91CF911F910F91FF9065
:10C91000EF90DF90CF90BF90AF909F908F907F90DF
:10C920006F905F903F902F900895CF93DF931F9269
:10C930001F92CDB7DEB71A8219829E012F5F3F4F3B
:10C9400040E250E070E060E00E9447E3809739F4F5
:10C9500089819A810F900F90DF91CF91089590E097
:10C9600080E0F8CF8F929F92AF92BF92EF92FF92AA
:10C970000F931F93CF93DF93EC017B010E9420E282
:10C98000D701D0968D919C91D197892B09F460C0E5
:10C99000188219821A82D9ABC8ABD096ED90FC9060
:10C9A000F7018081807D71F080899189A289B389A6
:10C9B0008F719927AA27BB2700E010E0892B8A2BCB
:10C9C0008B2B29F019AA18AA80E02FC000E0D7010C
:10C9D00050968D909D90AD90BC905397C7010E944A
:10C9E00095E4009779F3FC012081222359F32E323C
:10C9F00069F3253E59F3338533FD22C0002321F02E
:10CA00000E9446D58113DECFB501A40185E076955D
:10CA10006795579547958A95D1F720E0B701CE01E4
:10CA20000E940759882371F281E0DF91CF911F9115
:10CA30000F91FF90EF90BF90AF909F908F900895CF
:10CA40003F3021F626FFC3CF022F0F711585BFCFD0
:10CA5000F70182A993A9892B09F4B6CF1CA61DA6BC
:10CA60001EA6DBABCAAB02A8F3A9E02D84A5807596
:10CA700019F41BAA1AAAA8CF20812F7130E040E038
:10CA800050E060E070E080E090E0A0E00F941B02D6
:10CA900081F720E050E040E0BF01CE010E949069A4
:10CAA0008111C2CFE6CF2F923F924F925F926F9249
:10CAB0007F928F929F92AF92BF92CF92DF92EF922E
:10CAC000FF920F931F93CF93DF93CDB7DEB7AC9751
:10CAD0000FB6F894DEBF0FBECDBF8C016B01FA011B
:10CAE000DB018C91807D11F480E019C1D8018C911B
:10CAF0008111FACF868197810C966DE070E00F94DA
:10CB00007C006CA381858370662463948111660E1A
:10CB1000722E7F011CA70BA7F6010680F781E02D7E
:10CB2000FAA3E9A340E050E0BA01C6010E9477E20F
:10CB30001DA21EA2812C912C10E000E01BA29701E7
:10CB4000265F3F4F3AA729A7D60150962D903D90DA
:10CB50004D905C90539765E0569447943794279492
:10CB60006A95D1F75101C6010E9495E4FC01892B19
:10CB7000A9F5F60181818111B7CF74FEB5CF872D5C
:10CB800083708150823008F0AFCF112311F0ADA037
:10CB9000BEA0161550F4C6010E9495E4892B09F039
:10CBA000E9C0F601818181119FCF012F10E0862C11
:10CBB000912C0815190508F0DFC0C6010E94F25A31
:10CBC000882309F491CFA9A1BAA112968C91B0E162
:10CBD0008B9FC0011124080F191FEBCF9081953E48
:10CBE00011F091110EC0111102C02DA23EA2161516
:10CBF00008F41F5F992309F4C0CF953E29F400E0A3
:10CC0000A3CF161508F44AC09E32C9F383858F302E
:10CC100009F070C0011144C0292F2F71922E3CA140
:10CC2000321392CF96FF90CF8584032F81E0981224
:10CC30008BCF80E2F601DE01119601900D928A956C
:10CC4000E1F7D7018D919C91119713969C938E9348
:10CC5000129744244394041508F476CFB501CE010D
:10CC600001960E946B5B1C01892B49F2F70104803D
:10CC7000F581E02DF8A7EFA3512C652DC1010E948D
:10CC80008BD4D7011296ED91FC912FA138A5E21714
:10CC9000F30771F4892B09F457CFB1CF10E0B4CF6B
:10CCA0009A949911ACCF8585881509F4BFCFA7CF89
:10CCB0008038910508F0A3CF2FE9280F2A3108F416
:10CCC00080529F012F5F3F4FD70113963C932E93C5
:10CCD000129790812FE9290F2A3108F49052981366
:10CCE0008ECF5394BDE05B12C8CF4394E1E0AE1AFF
:10CCF000B108B1CF83FD83CF002351F121E092121F
:10CD0000F3CECF010E9446D58811EECE76FCECCE54
:10CD1000272DA501B6018BA59CA50E940759AC96AD
:10CD20000FB6F894DEBF0FBECDBFDF91CF911F913C
:10CD30000F91FF90EF90DF90CF90BF90AF909F90BA
:10CD40008F907F906F905F904F903F902F900895BD
:10CD50004BE050E069A57AA5CF010F942F02892BF3
:10CD600009F0F2CED70119968C9180FFCFCF31E038
:10CD70003BA3EACE1F5F0DCFEBA1EE2309F43FC02A
:10CD8000D70118965C9042E6442E10E000E05EE782
:10CD9000352E4701BAE08B0E911C0E9430DC060F45
:10CDA000171FE3E0E51510F433E0532E94E0950DE2
:10CDB000802F8F708A3008F080C0805DF701E90F06
:10CDC000F11D828724E0169507952A95E1F7915089
:10CDD000591670F3F701E50DF11D328640E050E081
:10CDE000BA01C6010E9477E2C6010E9495E400974D
:10CDF00009F065C0D60111968C91811175CE0FEFA7
:10CE0000060DA00EB11C80E2F601DE011196019024
:10CE10000D928A95E1F74701FAE08F0E911CC4014B
:10CE20000E9446D5582ED7018D919C91119713964B
:10CE30009C938E93129711E0612C402E689446F8D3
:10CE40008FE0382EB501011708F467C0611B710926
:10CE5000CE0101960E946B5BFC01892B09F444CE44
:10CE6000AF81B88594968C919497816094968C93B9
:10CE7000842D0113812F8083338614865586138E6B
:10CE8000128ED70114964D915C9160E0D7011296F5
:10CE90002D913C9113972417350731F5662081F1C8
:10CEA00063942FEF3FEF653080F5328321836F5F0E
:10CEB00032966D3059F71F5FC5CF895C7FCFFC017B
:10CEC0002081222309F49BCF238523FD8DCF4BE0C6
:10CED00050E0BC01C4010F942F02892B09F084CFCC
:10CEE0004A9441105ACF00CEC901019613969C93E3
:10CEF0008E931297D9012C91022E000C330BD3CFB5
:10CF000030E020E066246394CECF6B3018F4358394
:10CF10002483CDCF37832683CACFC6010E946B5BA3
:10CF2000009709F4E1CD20E2FC0111922A95E9F77E
:10CF30002BE0F401DC0101900D922A95E1F7D70175
:10CF400019962C912871FC01248721E23CE5318B54
:10CF5000208B318F208F338B228BA9A1BAA194967D
:10CF60008C919497816094968C93D2CEFC018081B1
:10CF700081110EC080E2DF011D928A95E9F7778367
:10CF80006683DB0115968C91803121F0803239F077
:10CF900080E0089580E4808381E08283089580E8C2
:10CFA000FACF9F92AF92BF92CF92DF92EF92FF9211
:10CFB0000F931F93CF93DF93CDB7DEB7A0970FB634
:10CFC000F894DEBF0FBECDBF19821A821B82DC012E
:10CFD00012962C9121FF12C08C01FC01448D558DBD
:10CFE000668D778D411551056105710549F461E044
:10CFF000C8010E94225A7C01009749F480E067C072
:10D00000868197810E9490E18111F1CFF7CF0E9434
:10D0100046D5B82E85EEF7018083D8011C92129672
:10D020001C92129716968D919C910E94875B882383
:10D0300029F3F8019381992309F449C080859185EA
:10D04000A285B385668177819E012F5F3F4F69017D
:10D050000097A105B10509F04CC0C9010E94B6E7CF
:10D06000882361F2EE24E394F12C95EEA92ED801E9
:10D0700013968C9113978E1508F214966D917C91EE
:10D080006E197F09C6010E946B5BFC01892B09F4B4
:10D09000B5CF83858F3009F0B1CF9081892F8F7103
:10D0A000E812ACCF85858B11A9CFA082D801169646
:10D0B000ED91FC9184A1816084A3BFEFEB1AFB0A80
:10D0C00096FFD5CFF801868197810E94875BA09655
:10D0D0000FB6F894DEBF0FBECDBFDF91CF911F9189
:10D0E0000F91FF90EF90DF90CF90BF90AF909F9007
:10D0F00008952CE1F60111922A95E9F720E12983A0
:10D1000021E02B8378876F838D8F9E8FAF8FB8A39D
:10D11000A9CF3F924F925F926F927F928F929F9290
:10D12000AF92BF92CF92DF92EF92FF920F931F9335
:10D13000CF93DF93CDB7DEB7A0970FB6F894DEBFDD
:10D140000FBECDBF7B01DB011C92FC01C0A8D1A8A2
:10D15000C114D10409F4D9C019821A821B82D601E4
:10D160008C91882309F4CCC013969C9191115EC0D8
:10D17000807CF9F08FE2FB018083118201E010E0F6
:10D18000C801A0960FB6F894DEBF0FBECDBFDF91E9
:10D19000CF911F910F91FF90EF90DF90CF90BF90B4
:10D1A000AF909F908F907F906F905F904F903F9047
:10D1B000089560E0C6010E94225AFC01009709F41C
:10D1C0009FC05C0100E068E020E0D5018C91283030
:10D1D000A9F4803229F160E19EE2402F50E06A011B
:10D1E0003FEFC31AD30A80E4C816D10408F088C000
:10D1F0000F5F4E0D5F1DDA019C930FC0BFEFAB1A9E
:10D20000BB0A982F3FEB380F3A3128F43485362388
:10D2100011F0905EE2CF803201F72F5F2C30A9F63B
:10D2200010E0F701E00FF11F1082AACFF601808510
:10D230009185A285B3859E012F5F3F4F2901892BE0
:10D240008A2B8B2B09F046C066817781C9010E9429
:10D25000B6E7882309F454C066246394712C10E067
:10D2600000E0D60113968C9113978615D0F2149690
:10D270006D917C9166197709C2010E946B5B5C011C
:10D280000097F1F1FC0183858F30D1F580818F719A
:10D29000681236C04701800E911E312C632DC501E6
:10D2A0000E948BD4009709F4BCCF0F5F1F4F00344E
:10D2B000110530F58F37910510F08FE390E0D40120
:10D2C0008D934D013394BDE03B12E8CFEFEF6E1A22
:10D2D0007E0AC7CF80E2D9011D928A95E9F780E1E5
:10D2E000898381E08B838681978198878F8380856E
:10D2F0009185A285B3858D8F9E8FAF8FB8A3ACCF5C
:10D30000D7011C9210E000E03BCFA2A8B3A8A11463
:10D31000B104C1F3D5019C968C91882381F182E000
:10D32000D82E10E000E0F50183A58D1508F479CF23
:10D3300040E06D2DC5010E947B61009701F1DC0189
:10D340002C91213CE1F4FC013296D701A00FB11FD2
:10D350008096219131912115310509F462CF0F5F3B
:10D360001F4F0034110558F42F37310510F02FE30B
:10D3700030E02D938E179F0761F7D394D4CFF70138
:10D380001082C0CF4F925F926F927F928F929F9246
:10D39000AF92BF92CF92DF92EF92FF920F931F93C3
:10D3A000CF93DF937C01D62ECDE6D5E11092CE1738
:10D3B0001092CD1710926D1588248A94982C5401E0
:10D3C0008092701590927115A0927215B09273159B
:10D3D00010929B171092C9171092CA171092CB1770
:10D3E000D093D017C093CF1790939A178093991723
:10D3F00090936F1580936E15662309F4DFC020E0CB
:10D4000040E050E0BA01CE010E9450E0009709F4DC
:10D41000D9C0FC01E254FE4F2481222309F4D2C07A
:10D4200020812F7709F03FC28A539E4FFC018080F4
:10D430009180A280B38020E0B501A4018DE695E142
:10D440000E9450E0EC01009709F4BCC045E050E0B8
:10D4500064E673E003960F945502892B09F0B2C07D
:10D46000FE01E459FF4F8081893009F0ABC07C9701
:10D4700080819181A281B381880D991DAA1DBB1D58
:10D4800080937D1790937E17A0937F17B09380179A
:10D49000349680819181A281B3818093811790938A
:10D4A0008217A0938317B09384173496808191815B
:10D4B000A281B381880D991DAA1DBB1D809385177C
:10D4C00090938617A0938717B0938817349680811E
:10D4D0009181A281B3818093891790938A17A09339
:10D4E0008B17B0938C17349680819181A281B38180
:10D4F00080938D1790938E17A0938F17B0939017EA
:10D50000C359DF4F288120939C17275F81E090E06B
:10D51000A0E0B0E004C0880F991FAA1FBB1F2A9586
:10D52000D2F78093951790939617A0939717B0937F
:10D5300098170197A109B1098093911790939217B9
:10D54000A0939317B09394171092791710927A17AB
:10D5500010927B1710927C1701E010E020E030E081
:10D5600040E050E0BA018DE695E10E945E5E80E405
:10D5700080939B178DE997E10E9404621092C9176E
:10D580001092CB176DE675E18DE997E10E94696114
:10D590008823C1F08091321890913318892B31F48F
:10D5A0008DE695E190933318809332188DE695E1DE
:10D5B0009093E3148093E21481E022C1812C912C9A
:10D5C000540139CF1092D0171092CF1710927215C4
:10D5D000109291158FEF9FEFDC018093941590933B
:10D5E0009515A0939615B093971510929D171092CC
:10D5F0009E1710929F178DE695E19093CE1780931A
:10D60000CD17F0926E15E0926D1581E090E0A0E0EC
:10D61000B0E08093761590937715A0937815B0932A
:10D620007915F0929315E0929215DD2009F447C028
:10D6300020E040E050E0BA0181E995E10E9450E02D
:10D64000009709F4D8C0FC01E254FE4F2481222344
:10D6500009F4D1C020812F7709F0CDC08A539E4FA5
:10D66000FC01C080D180E280F38020E0B701A601F8
:10D6700081E995E10E9450E0FC01892B09F4BBC0CF
:10D68000838594858115924009F0B5C020898FEF7C
:10D69000820F823008F0AFC0209373159585909368
:10D6A0006F158FEF890F8093701510E081E0981748
:10D6B00051F01F5F193009F4F2C0880FF8CFC12C68
:10D6C000D12C7601D2CF1093711586899789B0E05D
:10D6D000A0E080937A1590937B15A0937C15B0936E
:10D6E0007D15892B8A2B8B2B61F484A195A1A6A192
:10D6F000B7A180937A1590937B15A0937C15B09376
:10D700007D158685978526013701480E591E611CB7
:10D71000711C40928215509283156092841570920C
:10D720008515C189D289D0937515C09374158090E1
:10D730007A1590907B15A0907C15B0907D15A22F46
:10D74000B0E0A50194010F94C900460E571E681E53
:10D75000791E40928A1550928B1560928C157092AA
:10D760008D1585E0CC0FDD1F8A95E1F7C150DE4FA6
:10D77000CD2FDD27C6954C0E5D1E611C711C40929D
:10D780007E1550927F156092801570928115838965
:10D790009489B0E0A0E00097A105B10521F480A133
:10D7A00091A1A2A1B3A1C418D508E608F7088C0D71
:10D7B0009D1DAE1DBF1D6C017D0104C0F694E79454
:10D7C000D794C7941A95D2F7D701C6010196A11D27
:10D7D000B11D8093861590938715A0938815B093FB
:10D7E000891585EFC8168FE0D806E104F104C8F466
:10D7F0008CE0809372151092CE171092CD1780E0B6
:10D80000DF91CF911F910F91FF90EF90DF90CF901C
:10D81000BF90AF909F908F907F906F905F904F9050
:10D82000089580E125EFC2162FEFD206E104F1043E
:10D8300068F084A595A5A6A5B7A580938A159093B1
:10D840008B15A0938C15B0938D1580E28093721583
:10D850008092981590929915A0929A15B0929B1566
:10D860008DE997E10E94E3E110929D1710929F17B6
:10D870006DE675E18DE997E10E94B6E7882309F42A
:10D88000BACF8091301890913118892B09F08ECE43
:10D890008DE695E1909331188093301887CE88E01B
:10D8A00080937115A8CF1092D0171092CF171092B5
:10D8B0007215109291158092941590929515A092E0
:10D8C0009615B092971510929D1710929E17109270
:10D8D0009F17D093CE17C093CD17F0926E15E0929C
:10D8E0006D1581E090E0A0E0B0E080937615909314
:10D8F0007715A0937815B0937915F0929315E0926F
:10D90000921596CE8F929F92AF92BF92CF92DF9256
:10D91000EF92FF920F931F93CF93DF93CDB7DEB7B4
:10D92000C151D1400FB6F894DEBF0FBECDBF5C0130
:10D93000E4EEF4E188E4DF011D928A95E9F7B2E0B4
:10D94000CF5EDE4FB883C151D14081ED882E912C3E
:10D950008C0E9D1E8CE0880E911C91E9E92EF12C15
:10D96000EC0EFD1EACE0EA0EF11CCE018F529F4F73
:10D970000E9425B0CE018F569F4F0E9425B0CE0148
:10D980008F529F4F0E9446E2811102C010E03DC0BD
:10D99000D12CC12C10E015C0AE014F5F5F4FB60116
:10D9A000CE018F569F4F0E9488BECE0101960E94E5
:10D9B000EDBC082F81113EC0C7010E9420E2012F5B
:10D9C000102FB401C7010E94B2E4882349F0A114CA
:10D9D000B10411F3CA14DB04F8F2C7010E9420E27B
:10D9E000CE018F529F4F0E94A2C9882379F2112342
:10D9F000E9F188E4FE01E75BFF4FA4EEB4E101909A
:10DA00000D928A95E1F70E94B2C9812FCF5EDE4F59
:10DA10000FB6F894DEBF0FBECDBFDF91CF911F913F
:10DA20000F91FF90EF90DF90CF90BF90AF909F90BD
:10DA30008F900895BFEFCB1ADB0A112349F0BE0186
:10DA4000675B7F4FCE0101960E949BBC181654F471
:10DA500088E4FE013196DE01A75BBF4F01900D9275
:10DA60008A95E1F7C7010E9420E2AACFCF5EDE4F80
:10DA70008881C151D140813039F0A1E0CF5EDE4FC5
:10DA8000A883C151D14071CF86E09CE10E94EFBED6
:10DA9000BCCF5F926F927F928F929F92AF92BF9214
:10DAA000CF92DF92EF92FF920F931F93CF93DF936A
:10DAB000EB0109900020E9F72197C61BD70BFE0167
:10DAC0003497EC39F10508F055C0E60FF71F3081A7
:10DAD0003E3209F04FC0722E542E8B017C015E0144
:10DAE00083E0A81AB108FB01EA0DFB1D80810E94AA
:10DAF0006D5F682EEDE48E133DC06E01F2E0CF1A2B
:10DB0000D108F801EC0DFD1D80810E946D5F8A3502
:10DB100089F54E0181E0881A9108F801E80DF91D98
:10DB200080810E946D5F851125C0AE014F5F5F4F00
:10DB3000B801C7010F943C02F701EA0DFB1D60829A
:10DB4000F701EC0DFD1D7082E80CF91C89E4F7016A
:10DB5000808381E0DF91CF911F910F91FF90EF9033
:10DB6000DF90CF90BF90AF909F908F907F906F90FD
:10DB70005F90089580E0EECF009739F06115710550
:10DB800021F026E446E40C9449ED80E0089526E473
:10DB900046E469E174E189E192E10E9449ED88235C
:10DBA00021F089E192E10C947BAF80E0089524E5B7
:10DBB00044E569E174E189E192E10E9449ED88233D
:10DBC00021F089E192E10C947BAF80E008950E94FE
:10DBD00089280E9493B080911914882321F089E14B
:10DBE00094E10E9408CC85E090E09093A00F809390
:10DBF0009F0F08950F931F93CF93DF938B0100978F
:10DC000029F04115510539F4FC011082DF91CF91C3
:10DC10001F910F910895BA01EC0101501109A8015B
:10DC20000E946CFDC00FD11F1882F0CFCF92DF92FF
:10DC3000EF92FF921F93CF93DF931F92CDB7DEB782
:10DC400010E001C012E00E94A6B0C090B70ED090C4
:10DC5000B80EE090B90EF090BA0E6C157D058E05E9
:10DC60009F05E0F461E070E0CE0101960E9499C04A
:10DC70000197A1F48981113039F070F0123049F028
:10DC8000853A51F481E00BC08631E1F28823D9F264
:10DC9000D7CF13E08631B9F211E0F8CF80E00F90D2
:10DCA000DF91CF911F91FF90EF90DF90CF9008957B
:10DCB0001092CE171092CD171092D0171092CF1746
:10DCC0001092D2171092D1171092D4171092D31726
:10DCD00080E58093D5171092D6171092D71710921F
:10DCE000D8171092D9171092DA171092DB171092EA
:10DCF000DC171092DD178AE28093DE171092DF178F
:10DD00001092E0171092E1171092E2178DE295E160
:10DD10000E9425B0E3EEF7E1138212828BE493E0D8
:10DD20009183808388E084838FEF858389E0868375
:10DD300084E0878385E0808786E0818787E082872B
:10DD40001386148615861686178681E00C9412DBDE
:10DD5000CF93DF93CDB7DEB7C857D1090FB6F8948C
:10DD6000DEBF0FBECDBF789484B5826084BD84B51C
:10DD7000816084BD85B5826085BD85B5816085BDC6
:10DD800080916E00816080936E001092810080917E
:10DD90008100826080938100809181008160809306
:10DDA0008100809180008160809380008091B1002B
:10DDB00084608093B1008091B00081608093B00056
:10DDC00080919100826080939100809191008160A8
:10DDD0008093910080919000816080939000809169
:10DDE000A10082608093A1008091A1008160809356
:10DDF000A1008091A00081608093A000809121010A
:10DE000082608093210180912101816080932101B2
:10DE10008091200181608093200180917A0084604C
:10DE200080937A0080917A00826080937A0080915A
:10DE30007A00816080937A0080917A008068809374
:10DE40007A001092C100E0913418F09135183097A3
:10DE500011F4E8E3F8E18DB79EB7F0931B18E09357
:10DE60001A18F0931918E093181821E020931C1841
:10DE70009F01205F3F4F2817390758F44097909330
:10DE800019188093181825EAE817F90710F4219358
:10DE9000FBCF41E559E16CE070E08CEF97E10E9427
:10DEA000786F1098089A1092520E60E087E10E94F5
:10DEB0009BD961E087E10E94D6DA1092940F10920C
:10DEC000930F1092B0001092B10010927000109257
:10DED000B200249A83E08093B00081E08093B10087
:10DEE00080E50E948CB910921E1810921D18809126
:10DEF0007F0F811102C00E943B6D82E00E9412DB05
:10DF00000E9483DA8FEF8093360260E086E30E94FE
:10DF1000D6DA1092580E1092570E1092560E10929A
:10DF2000550E0E9430DC7093540E6093530E0E9485
:10DF3000CCB60E94CCB5CE0183599F4F0E9417B931
:10DF400081119DC00E94CCB56AE479E180E00E9415
:10DF50004D716EE379E181E00E944D7160EB74E0F8
:10DF600080E090E00E94D8DB0E94CCB565ED78E1BE
:10DF700080E00E944D7169EC78E181E00E944D7172
:10DF800068EE73E080E090E00E94D8DB0E940ADC3B
:10DF9000AF969FAF8EAFAF97BC0187E399E10E9428
:10DFA000D2BDE1969FAF8EAFE197AF966EAD7FADDC
:10DFB000AF9782E399E10E94D2BDE3969FAF8EAF07
:10DFC000E397AF966EAD7FADAF978DE299E10E947A
:10DFD000D2BDE5969FAF8EAFE597AF966EAD7FADA4
:10DFE000AF9786E299E10E94D2BDE7969FAF8EAFD0
:10DFF000E797AF966EAD7FADAF9781E299E10E9452
:10E00000D2BDE9969FAF8EAFE997CE0183599F4F5E
:10E010000E94E2B58111D2C065E179E180E00E9401
:10E020004D7167E079E181E00E944D7168E077E031
:10E0300080E090E00E94D8DB87EF93E0AF969FAF3F
:10E040008EAFAF9785E391E0E1969FAF8EAFE197FA
:10E0500086E890E0E3969FAF8EAFE3978FED91E077
:10E06000E5969FAF8EAFE597E7961FAE1EAEE7979A
:10E070008FEC92E0E9969FAF8EAFE99717C0CE0183
:10E0800083599F4F0E94E2B5882309F45BCF8CE04F
:10E09000FE01E359FF4FA7E3B2E001900D928A958C
:10E0A000E1F70E9450B6049709F44CCF8CE0FE01D2
:10E0B000E359FF4FA7E3B2E001900D928A95E1F793
:10E0C0000E94F6BE80E00E9429D38093510F1092E7
:10E0D000540F1092530F1092520F1092FB170E9480
:10E0E0005F7610924B0F1092590E0E945F760E943D
:10E0F000F78B109215181092141810928D0F109221
:10E10000860F1092850F1092880F1092870F109231
:10E110005A0E70E060E090E080E00E94057570E0CB
:10E1200060E081E090E00E94057563E070E082E0CD
:10E1300090E00E94057562E070E083E090E00E944C
:10E14000057510928C0F10928B0F10928A0F1092FF
:10E15000890FCE0101960E94BBB8882309F4E2C062
:10E160008981823008F0DEC0EA81E13108F0DAC04E
:10E170009B81923008F0D6C09C81943008F0D2C0C8
:10E18000817080938D0FE150E03108F007C3F0E01B
:10E190008827E253FF408F4F0D94B20093F39EF314
:10E1A000A1F3A4F3A7F3B4F3BBF3BEF3CBF3C8F32B
:10E1B0004AF151F1AEF38CF3B1F3C5F31C8A1B8A1B
:10E1C0008BE492E3A4E4B3E589839A83AB83BC83B5
:10E1D00082E090E09E838D838CE0FE01E359FF4F47
:10E1E000DE01179601900D928A95E1F762E170E0E9
:10E1F000CE0101960E94F5B79C8B8B8B9E012F5F01
:10E200003F4F790110E000E0A3961FAF0EAFA39738
:10E21000D7016D917D01CE018F599F4F0E9473B937
:10E220000F5F1F4F0431110579F7F999FECFCE0129
:10E230008F599F4F0E9417B9882361F04CE050E03E
:10E24000BE0163597F4FCE018F599F4F0F942F020C
:10E25000892B89F06AEF78E180E00E944D7160EFD0
:10E2600078E181E00E944D7168E077E080E090E025
:10E270000E94D8DB1BCF64EE78E180E00E944D71F4
:10E280006EED78E181E00E944D716CEB72E080E010
:10E2900090E0EECF1092860F1092850F81E090E013
:10E2A00006C01092860F1092850F82E090E0909346
:10E2B000880F8093870F8D81853A09F074C2EE80B4
:10E2C00010925A0E10E000E0F12CC80104960111E2
:10E2D00002C090E080E09801220F331FB70102C016
:10E2E000759567952A95E2F7637077270E941A75EE
:10E2F000BC01C8010E9405750F5F1F4F0430110556
:10E3000021F70E942E758B8190E090938C0F809363
:10E310008B0F8C81282F30E0843020F430938A0FCB
:10E320002093890F88E098E10E94E97410920E18FA
:10E33000109217181092161810928F0F10928E0FBD
:10E340001092910F1092900F1092920FCE010196A1
:10E350000E945EB8882311F199818CEF890F833078
:10E3600010F09130D9F48A818230C0F43B8133308F
:10E37000A8F42C81223090F4913009F017C284E087
:10E3800090E090938F0F80938E0F832F90E0909367
:10E39000910F8093900F21702093920F8FE098E15E
:10E3A0000E94ED7010921318109219141092730FAE
:10E3B0001092720F1092690F1092680F1092670FEF
:10E3C0001092660F1092650F1092710F1092700FDD
:10E3D00010926F0F10926E0F10926D0F10926C0FC3
:10E3E00010926B0F10926A0F0E946B331092F90E0D
:10E3F0001092F80E1092FD0E1092FC0E1092F70E75
:10E400001092F60E1092F50EFF24F394F0924D0246
:10E410001092F40E01E010E010934F0200934E02B0
:10E420001092F30E1092F20E1092F10E1092F00E66
:10E430001092EC0E1092ED0E1092EE0E1092EF0E66
:10E440000E94402E1092EB0E1092DA0E0E940CAF3A
:10E450000E94CFD910926F0E10926E0E10926D0E18
:10E4600010926C0EF092430210926B0E10926A0E94
:10E470001092690E1092680E1092670E1092660E3E
:10E480001092650E1092640E1092630E10925F0E41
:10E490001092600E1092610E1092620E10925B0E3E
:10E4A00010925C0E10925D0E10925E0E109207128A
:10E4B00081E00E942EB5109206121092071210925F
:10E4C000D90E1092D80E1092D70E1092D60E10922E
:10E4D000D50E1092D40EF0924C021092D30E1092E0
:10E4E000D20E1092D10E1092D00E1092CF0E10922A
:10E4F000CE0E1092CD0E1092BB0E90E080E00E94E6
:10E50000C39E1092B70E1092B80E1092B90E1092D0
:10E51000BA0E1092B30E1092B40E1092B50E109265
:10E52000B60E1092AF0E1092B00E1092B10E109265
:10E53000B20E1092AB0E1092AC0E1092AD0E109265
:10E54000AE0E1092A70E1092A80E1092A90E109265
:10E55000AA0E1092A30E1092A40E1092A50E109265
:10E56000A60E10929F0E1092A00E1092A10E109265
:10E57000A20E10929B0E10929C0E10929D0E109265
:10E580009E0E10929A0E1092960E1092970E109266
:10E59000980E1092990E1092920E1092930E109265
:10E5A000940E1092950E1092910E1092900E109261
:10E5B0008C0E10928D0E10928E0E10928F0E109265
:10E5C000880E1092890E10928A0E10928B0E109265
:10E5D000870E1092860E0E9479391092850E109245
:10E5E000840E1092830E1092820E1092810E109261
:10E5F000800E10927F0E10927E0E10927D0E109261
:10E600007C0E10927B0E10927A0E1092790E109260
:10E61000780E1092770E1092760E1092750E109260
:10E62000740E10934B0200934A0210934902009318
:10E6300048021092730E1092720E1092710E109288
:10E64000700E0E9480A30E94CEA380EF9FEB0097E4
:10E6500011F480EA9FEB909347028093460282EE8A
:10E6600095EC009711F489E990EC90934502809322
:10E6700044020E94BC3987E89BEB9093B50F8093CE
:10E68000B40F8DED96EB9093FB0E8093FA0E0E94E3
:10E690000B831092970F1092960F0E94CCB5EDE667
:10E6A0002E2E312C2C0E3D1EB2E02B0E311C0E9462
:10E6B00030DC4B018091960F9091970F813091053E
:10E6C00009F080C10E94334C80912118909122184A
:10E6D000F401E81BF90B359708F479C090922218E1
:10E6E000809221180E94FBB6009709F470C0FC01CB
:10E6F0003197E930F10508F06AC08827ED57FC40F2
:10E700008F4F0D94B200E4F3E4F309F409F40BF431
:10E710000BF4E7F3E7F355F41092860F1092850F90
:10E7200083E090E0C4CD81E090E09093860F8093E9
:10E73000850F1092880F1092870FBDCD82E090E078
:10E74000F4CF83E090E0F1CF84E090E0EECF85E07D
:10E7500090E09093860F8093850FA7CD85E090E0A1
:10E76000E4CF86E090E0E1CF86E090E09093860FE2
:10E770008093850FD5CF86E090E0EBCF86E090E0E8
:10E780009093860F8093850F89CD87E090E0CDCF61
:10E7900087E090E0F5CF87E090E0DBCF1092860F26
:10E7A0001092850FC6CF0E946075ADCD943019F4DC
:10E7B00083E090E0E6CD953019F482E090E0E1CD81
:10E7C00091E0892790E0DDCD8FEF0E9416530E94E3
:10E7D000334C80911F18909120189401281B390BFD
:10E7E0002A3F310560F09092201880921F18CE01C8
:10E7F00001960E94F12ECE0101960E9470710E9436
:10E80000334C80E090E0892B09F451CF0E94000046
:10E8100046CF81E0DACF8091720F9091730F0E9402
:10E8200058AE882381F180916C0F81112CC08091AA
:10E830006A0F811128C00E94342E8C01892B79F433
:10E840008091FC0E9091FD0E0E9458AE882301F13C
:10E8500000914E0210914F0201151105C9F00E945E
:10E860005C3C81E00E9446B210926F0F10926E0FD6
:10E8700010926D0F0E946B33C8010E94D44B81111E
:10E880000AC010926C0F0E94803C0E94CEB59FCFB0
:10E8900001E010E0E4CF1092710F1092700F81E050
:10E8A00080936C0F0E9446B292CF8091720F90912C
:10E8B000730F892B09F48BCF10916A0F111187CF39
:10E8C0008091700F9091710F8130910509F447C0CC
:10E8D000D8F0029709F456C00E945C3C1092710F68
:10E8E0001092700F10926F0F10926E0F10926D0FAA
:10E8F0008091720F9091730F0E9458AE80936C0FAD
:10E900000E946B3381E0CECF8091650F9091660FAE
:10E9100020916C0F2223A1F010926C0F892B59F4D7
:10E9200080E00E9446B20E9441B2811104C081E0A1
:10E9300080936F0F4CCF10926F0F0E942F4A47CFDA
:10E94000892BC9F780916E0F8111F5CF0E9441B2DA
:10E950008111F1CF81E080936F0F80E0A3CF0E94FF
:10E960006534882309F433CF1092FE0E81E02091A4
:10E97000700F3091710F2230310509F080E08093E3
:10E98000FF0E25CF1092FF0E8091650F9091660FBC
:10E99000892B61F480916E0F811108C00E9441B2F1
:10E9A000811104C081E080936D0F11E01092FE0E82
:10E9B0000E94703381110BCF112309F408CF1092FC
:10E9C0006D0F05CF029709F0B3C00E944990809166
:10E9D000211890912218D401A81BB90B159790F11A
:10E9E00090922218809221180E94FBB6009751F154
:10E9F00005978530910530F58E5B9C4FFC01208199
:10EA000030E080917B0F90917C0F2130310509F02F
:10EA100057C09C01215031092330310598F48130D1
:10EA2000910529F50E94CA8D882361F080915602D4
:10EA300090915702892B31F40E9441B2811102C09A
:10EA40000E9419800E94499080911F18909120186F
:10EA50009401281B390B2A3F310530F09092201881
:10EA600080921F180E94D07C0E944990CACE0297C3
:10EA700091F40E949C7F882329F31092000F81E07B
:10EA800020917B0F30917C0F2330310509F080E01D
:10EA90008093010FD7CF1092010F80915602909171
:10EAA0005702892B41F40E9441B2811104C081E0D8
:10EAB0008093000FC7CF1092000F0E94CE7EC2CF6E
:10EAC0002230310519F59C012150310923303105DF
:10EAD00018F40E946B8DB6CF9C012550310923306C
:10EAE000310518F0892B09F0ADCF0E943D8C809143
:10EAF0004C0F882331F06091420F82E09FE00E942A
:10EB0000EE890E94CCB50E94CEB59CCF2330310552
:10EB100009F098CF9C01215031092430310518F0BB
:10EB2000079709F08FCF0E94F98C0E94CCB58ACF4D
:10EB30008091FB17882331F00E9450B6049711F0A2
:10EB40001092FB170E94B6AF0E940AB0882309F406
:10EB500072C01092510F10924B0F1092500F1092E2
:10EB60004F0F10924E0F10924D0F1092540F1092A3
:10EB7000530F1092520F69E679E184EE94E10E94FE
:10EB80004CFD892BE9F08DE599E10E94BA788091DE
:10EB90004B0F8823A9F00E9430DC2091430F309165
:10EBA000440F621B730B77FD0BC010924B0F81E07B
:10EBB0000E9429D38093510F811145C00E94D378C0
:10EBC00028E43FE04AE45FE060E184EE94E10E94E3
:10EBD000C9750E9489768C010E941676011511056F
:10EBE00039F060E1681B643008F464E0645081F53A
:10EBF0001092470F0E94FBB6FC01892BA1F12091D6
:10EC0000960F3091970F2115310509F0B5C2319754
:10EC1000EA30F10540F58827EF5EF9408F4F0D94FB
:10EC2000B20030F655F657F65BF65DF698F6ABF6A1
:10EC3000D1F6E9F6EEF70E9411B0882309F4A7CFC8
:10EC40000E94248CA4CF0E945F760E94F78BB8CFDD
:10EC500025E43FE047E45FE0C8010E94C975CACFE0
:10EC600080E00E94A88C80911F1890912018940138
:10EC7000281B390B2837310508F4C3CD9092201892
:10EC800080921F188091960F9091970F8230910576
:10EC900009F4BFC608F03CC5009709F45BC50197AD
:10ECA00009F4ADC60E94CEB5ACCD81E0DACF80E0EC
:10ECB0000E944A8CD8CF81E0FBCF0E947F768111E1
:10ECC000D2CF6FE270E08BE592E00F9472028C017C
:10ECD000009729F40E945F760E943D8CC4CF4FE3D9
:10ECE00050E0BC016F5F7F4FCE0101960F9463022D
:10ECF00021961FAE219732E00B351307B1F4109225
:10ED00005C0210924E0F10924D0F10924C0F0E9409
:10ED100054760E943D8C8981882309F4A4CF61E058
:10ED2000CE0101960E94EE899ECFD8011C92E9CFB8
:10ED30000E947F76882371F20E94047610921E183A
:10ED400010921D1880917F0F811102C00E943B6DAF
:10ED500085E090E037C08091FB17811184CF8091CE
:10ED6000510F811106C081E08093FB170E94248C13
:10ED70007ACF80E00E9429D3811103C01092510FF5
:10ED8000ABCF81E08093510F0E94047680918E0F6B
:10ED900090918F0F8430910509F065C101E010E07A
:10EDA00074C18091FB1781115ECF8091510F882330
:10EDB000D1F280E00E9429D3882301F30E940476D7
:10EDC00084E090E09093970F8093960F0E94CCB5CB
:10EDD0004ACF8091510F882349F280914F0F909133
:10EDE000500F892B29F48FE999E10E940F793BCFCD
:10EDF00080912515882319F081E999E1F6CF80915A
:10EE00002415882309F448C08091E414882309F468
:10EE10002ACF04EE14E1F80101900020E9F78F01F8
:10EE2000055E14410E947F76EE24E394F12C81115B
:10EE300009C0EBE5F2E001900020E9F79F012C55B5
:10EE40003240790198012E0D3F1D8111E6C52F5FDB
:10EE50003F4F2036310518F085E799E1C6CFA7016D
:10EE60006BE572E0CE0101960F943C02E1E0F0E028
:10EE7000EC0FFD1FEE0DFF1D8FE28083C701019691
:10EE8000A8014F5F5F4F64EE74E1A1E0B0E0AC0F0A
:10EE9000BD1F8A0F9B1FCEC583E899E10E940F79A1
:10EEA0000E9404761092540F1092530F1092520F3A
:10EEB0001092740F84EE94E10E94F3AD089719F458
:10EEC00080E00E944774C0908B0FD0908C0F0E94FE
:10EED0007C742C01E0908D0F1092191480915B02CC
:10EEE000882309F480C08091E414882309F47BC04E
:10EEF0000BE512E0F80101900020E9F78F010C55B5
:10EF00001240E4EEF4E101900020E9F79F01255E54
:10EF100034413901F801E65AFD4FF08081E090E07C
:10EF20003FE2F31202C090E080E09801260D371D09
:10EF3000820F931F803A910508F055C0A8016BE538
:10EF400072E089E194E10F943C028FE2F81631F00F
:10EF5000F801E75EFB4E80830F5F1F4FA3014F5FF9
:10EF60005F4F64EE74E1C801875E9B4E0F943C02D4
:10EF700084EE94E10E94F3AD9093730F8093720F2F
:10EF8000E092690F5092680F4092670FD092660F1F
:10EF9000C092650F1092710F1092700F10926F0F48
:10EFA00010926E0F10926D0F10926C0F10926B0FEB
:10EFB00010926A0F0E946B338091720F9091730FC1
:10EFC000892B41F50E945C3C8091740F882309F4E1
:10EFD00047C00E94803C0E94CEB545CE0E94047678
:10EFE00083E090E0EFCE1092730F1092720F1092A8
:10EFF000710F1092700F10926F0F10926E0F10928F
:10F000006D0F10926C0F10926B0F10926A0F0E948E
:10F010006B33D8CF0E947E350E94793981E090E031
:10F020000E94D44B882381F28091720F9091730FCC
:10F030000E9458AE882331F081E080936C0F0E94CB
:10F0400046B2C2CF8091650F9091660F892B29F44B
:10F0500081E080936F0F80E0F2CF0E942F4AB4CFFF
:10F0600081E090E0AFCE8330910509F4F9C482309D
:10F07000910509F4F8C406E010E064E4462E6CEA59
:10F08000562E612C712C892B31F052E2452E56E51B
:10F09000552E612C712CE090900FF090910FD09034
:10F0A000920F0E940B838CEF97E190937E0F8093D9
:10F0B0007D0F1093510200935002409252025092E1
:10F0C00053026092540270925502F0925702E092FD
:10F0D0005602D092580292E0E916F10441F480E021
:10F0E0000E9446B20E94CA8D82E090E06BCE06304C
:10F0F000110521F58CEF97E10E947B7C882371F14B
:10F1000080E00E9446B281E090E090937C0F809373
:10F110007B0F8091560290915702019729F71FB7F4
:10F12000F89410927A0F1092790F1092780F81E074
:10F130008093770F0E94EDAE1FBFD6CF013011052F
:10F1400029F48CEF97E10E948B24D8CFC801049753
:10F15000029748F089EA99E10E94DE2481EA9FE063
:10F160000E942B80C1CF1093760F0093750F8CEF08
:10F1700097E10E946825C2CF2330310509F01CC1F8
:10F180003197E930F10508F06ECD8827E553F74057
:10F190008F4F0D94B200D4F8D4F8E3F8E3F86CF98B
:10F1A0006CF933F633F6EBF880911418815087FD33
:10F1B0000EC0853074F4082E000C990B909315182E
:10F1C0008093141850CD809114188F5FF0CF84E095
:10F1D000F2CF80E0F0CF809114189091151800972D
:10F1E00051F480918D0F91E0892780938D0F81E0FC
:10F1F00080930E1838CD8130910579F481E090E04C
:10F2000020918B0F30918C0F232B11F090E080E038
:10F2100090938C0F80938B0FEACF8230910581F40D
:10F220000E9460758091850F9091860F019687707E
:10F2300099279093860F8093850F0E942E75D7CFC4
:10F240000397F1F58091850F9091860F0097D1F487
:10F250008091870F9091880F009749F481E090E0AA
:10F260009093880F8093870F0E946075C0CF813084
:10F27000910519F482E090E0F3CF0297E1F483E086
:10F2800090E0EECF8530910549F48091870F909101
:10F29000880F892B79F390E080E0E2CF86309105EA
:10F2A000B9F2079709F78091870F9091880F00971F
:10F2B000A9F20197F9F21092880F1092870FD4CF1C
:10F2C0008091890F8F5F843008F080E090E0909308
:10F2D0008A0F8093890F8BCF80910E18882309F4B1
:10F2E0007ACECE0183599F4F0E94E97446E050E0E8
:10F2F00068E078E1CE0183599F4F0F942F02892B4C
:10F3000019F410920E1867CE1E861D868CE490E5C7
:10F31000A4E4B3E589839A83AB83BC8381E090E066
:10F320009E838D8386E0FE01E359FF4FDE01179631
:10F3300001900D928A95E1F76CE070E0CE010196A4
:10F340000E94F5B79E878D87DE0111967D0100E250
:10F3500010E0A3961FAF0EAFA397F70161917F0155
:10F36000CE018F599F4F0E9473B90F5F1F4F0E320E
:10F37000110579F7F999FECFCE018F599F4F0E9461
:10F38000BBB8882309F427CE46E050E0BE0163599C
:10F390007F4FCE018F599F4F0F942F02892B09F079
:10F3A0001ACE86E0FE01E359FF4FA8E0B8E10190D4
:10F3B0000D928A95E1F7A5CF2430310509F0D4C02C
:10F3C0003197E930F10508F04ECC8827E551F64039
:10F3D0008F4F0D94B200F4F9F4F903FA03FA40FAEE
:10F3E00040FA33F633F60AFA8091161890911718FE
:10F3F0009927029663E070E00F947C0090931718B1
:10F400008093161830CC8091161890911718992770
:10F410000196F0CF8091161890911718009791F4EB
:10F4200080918E0F90918F0F9927019665E070E083
:10F430000F947C0090938F0F80938E0F81E08093C8
:10F44000131811CC0197A9F48091900F9091910F0E
:10F45000009749F0019751F482E090E09093910F6A
:10F460008093900FEBCF81E090E0F8CF90E080E0C8
:10F47000F5CF8091920F91E089278093920FDECF94
:10F4800080911318882309F4A6CDCE0183599F4F8C
:10F490000E94ED7044E050E06FE078E1CE018359C6
:10F4A0009F4F0F942F02892B19F41092131893CDAC
:10F4B0001C861B8683E492E5A4E4B3E589839A83E2
:10F4C000AB83BC8381E090E09E838D83E1968CAD1D
:10F4D0009DADAEADBFADE1978F839887A987BA8701
:10F4E0006AE070E0CE0101960E94F5B79C878B8799
:10F4F000DE0111967D0100E310E0A3961FAF0EAF71
:10F50000A397F70161917F01CE018F599F4F0E9410
:10F5100073B90F5F1F4F0C33110579F7F999FECFBF
:10F52000CE018F599F4F0E945EB8882309F453CDB6
:10F5300044E050E0BE0163597F4FCE018F599F4F89
:10F540000F942F02892B09F046CDE1968CAD9DAD2D
:10F55000AEADBFADE19780930F1890931018A093B4
:10F560001118B0931218A1CF2530310509F07BCBCB
:10F570003197E930F10508F076CB8827ED53F54057
:10F580008F4F0D94B200CCFACCFADBFADBFA08FB11
:10F5900008FB33F633F6E3FA80911D18815087FD9E
:10F5A0000EC0833074F4082E000C990B90931E1833
:10F5B00080931D1858CB80911D188F5FF0CF82E08B
:10F5C000F2CF80E0F0CF80911D1890911E18009727
:10F5D00091F481E090E02091930F3091940F232BD0
:10F5E00011F090E080E00E94DAB781E08093840F10
:10F5F0001092950F38CB019709F035CB80915902C5
:10F60000843620F4865F0E948CB9EFCF8AE0FBCF6E
:10F610008091840F882309F4DECCD1011D921C92C5
:10F620008091930FAE968FAFAE9780915902AF96AF
:10F630008FAFAF9744E050E060E87FE0CE018359A0
:10F640009F4F0F942F02892B29F41092840F109250
:10F65000950FC1CC1C861B8689E593E5A4E4B3E530
:10F6600089839A83AB83BC8381E090E09E838D8302
:10F67000E1968CAD9DADAEADBFADE1978F83988720
:10F68000A987BA876AE070E0CE0101960E94F5B7BB
:10F690009C878B87DE0111967D0100E410E0A39624
:10F6A0001FAF0EAFA397F70161917F01CE018F5974
:10F6B0009F4F0E9473B90F5F1F4F0C34110579F7EC
:10F6C000F999FECFCE018F599F4F0E9401B8882330
:10F6D00061F044E050E0BE0163597F4FCE018F5985
:10F6E0009F4F0F942F02892B21F081E08093950F7B
:10F6F00072CCE1968CAD9DADAEADBFADE197809380
:10F70000800F9093810FA093820FB093830F9DCFB2
:10F710008430910509F48EC000F1059709F0C2CA42
:10F7200080911D1890911E18009709F0BFC067EADC
:10F730007AE180E00E948F758091930F9091940FF1
:10F740006DE97AE1019711F063E97AE181E00E94C5
:10F750008F7557C80E94F17754C880911418909102
:10F760001518009789F465E17AE180E00E948F75B1
:10F7700080918D0F61E17AE1811102C06CE07AE144
:10F7800081E00E948F753DC88130910581F461E070
:10F790007AE180E00E948F7580918B0F90918C0FA1
:10F7A00069EF79E1019761F362EF79E1E9CF8230A6
:10F7B000910591F46AEE79E180E00E948F75E09105
:10F7C000850FE83008F0E0E0F0E0EE0FFF1FEC54AA
:10F7D000F64E65917491D4CF0397E1F463EE79E12D
:10F7E00080E00E948F758091850F9091860F009721
:10F7F00031F0059764EC79E1039708F0C1CFE0910F
:10F80000870FE43008F0E2E0F0E0EE0FFF1FE8536E
:10F81000F64EDFCF68ED79E180E00E948F75E091D0
:10F82000890FE43008F0E0E0F0E0EE0FFF1FE05356
:10F83000F64ECFCF80911618909117180097B9F413
:10F840008EE49AE10E9499DAE0918E0FF0918F0F89
:10F8500081E29AE1E53038F4FF27EE0FFF1FED5DFE
:10F86000F54E859194910E9411710C9401F40197C9
:10F8700079F483E39AE10E9499DAE091900FE33002
:10F8800008F0E0E0F0E0EE0FFF1FE35DF54EE9CF9A
:10F8900084E49AE10E9499DA8091920F882319F00A
:10F8A00081E49AE1E0CF8DE39AE1DDCF0197C9F5DC
:10F8B00060E77AE180E00E948F759091950F8091CA
:10F8C00059029923F1F01F928F938FE59AE19F934C
:10F8D0008F931F9281E18F9381E090E08C0F9D1FA9
:10F8E0009F938F930E94A16D0FB6F894DEBF0FBE59
:10F8F000CDBFBE016F5F7F4F81E00E946E6D0C94A3
:10F9000001F41F928F9388E59AE19F938F931F9242
:10F9100081E18F93E1E0F0E0EC0FFD1FFF93EF93A7
:10F92000E1CF68E87AE180E00E948F7580911C1831
:10F93000209134183091351881113BC0A90121154F
:10F94000310511F448E358E18DB79EB748175907C0
:10F9500008F04FC0841B950B2115310511F428E3E5
:10F9600038E14DB75EB72417350708F045C0421B94
:10F97000530B9F938F935F934F938BE79AE19F93E2
:10F980008F931F9281E18F93E1E0F0E0EC0FFD1F78
:10F99000FF93EF930E94A16DBE016F5F7F4F81E0E7
:10F9A0000E946E6D0FB6F894DEBF0FBECDBF0C94F3
:10F9B00001F4C9012115310511F488E398E1409162
:10F9C0001A1850911B184817590708F4AC01609198
:10F9D0001818709119184617570758F4CA01DC0116
:10F9E000EC91E53A09F0B6CF019686179707B8F380
:10F9F000B1CF90E080E0B0CF50E040E0BACFCE0190
:10FA000001960E94F12ECE0101960E9470710C9415
:10FA100001F40E94D07C0C9401F42036310508F0EA
:10FA20001BCA8FE28983A8014F5F5F4F64EE74E1C8
:10FA3000CE0102960F943C024FE550E0BE016F5F8D
:10FA40007F4F8BE592E00F9463021092BA021092FE
:10FA50004E0F10924D0F10924C0F0E9454763CC9DD
:10FA600004E010E012CB05E010E00FCBFB01DC015D
:10FA700004C08D910590801921F441505040C8F781
:10FA8000881B990B0895FB01DC0102C005900D92C3
:10FA900041505040D8F70895FB01DC018D9105904D
:10FAA00080190110D9F3990B0895FC0105900020ED
:10FAB000E9F7809590958E0F9F1F0895FB01DC015B
:10FAC0004150504030F08D910590801919F400207C
:10FAD000B9F7881B990B0895FB01DC014150504098
:10FAE00048F005900D920020C9F701C01D924150C9
:10FAF0005040E0F708950F931F93CF93DF93CDB756
:10FB0000DEB72E970FB6F894DEBF0FBECDBF8C01C7
:10FB1000FA018EE08C831A83098377FF02C060E0CC
:10FB200070E8615071097E836D83A901BF01CE0128
:10FB300001960E94B4FD4D815E8157FD0AC02F8160
:10FB40003885421753070CF49A01020F131FF8016E
:10FB500010822E960FB6F894DEBF0FBECDBFDF9198
:10FB6000CF911F910F9108952F923F924F925F92E4
:10FB70006F927F928F929F92AF92BF92CF92DF92BD
:10FB8000EF92FF920F931F93CF93DF9300D000D09B
:10FB900000D01F921F92CDB7DEB77C013B018A01D6
:10FBA000FC0117821682838181FFDDC1CE0101969F
:10FBB0005C01F7019381F30193FD859193FF81919E
:10FBC0003F01882309F453C1853239F493FD8591AF
:10FBD00093FF81913F01853229F4B70190E00E94A3
:10FBE000CCFFE7CF912C212C312CFFE1F31538F01D
:10FBF0008B3211F190F4803209F1833229F137FC14
:10FC00003CC020ED280F2A3050F536FE20C08AE097
:10FC1000989E200D1124922E06C08D3291F08033D3
:10FC200071F7689430F8F30193FD859193FF81910A
:10FC30003F018111DACF21C0689431F8689432F81D
:10FC4000F2CF689433F8EFCF689434F8ECCFEAE061
:10FC50002E9E200D1124222E689435F8E4CF8E328A
:10FC600029F436FC04C1689436F8DDCF8C3619F4DB
:10FC7000689437F8D8CF8836B1F2982F9F7D955485
:10FC80009330E0F08336A1F18337C1F1833509F079
:10FC900063C02801F2E04F0E511CF801C080D180F2
:10FCA000692D70E036FC02C06FEF7FEFC6010E9445
:10FCB000B6FF4C01689437F882010AC00C5F1F4FF1
:10FCC000FFE3F98388248394912C6501E89437F845
:10FCD00033FE2DC0522C8114910471F5552009F486
:10FCE00068CFB70180E290E00E94CCFF5A94F6CF33
:10FCF000F801808189830E5F1F4FE4CF2801F2E075
:10FD00004F0E511CF801C080D180692D70E036FC87
:10FD100002C06FEF7FEFC6010E94C1FF4C0182015C
:10FD2000D5CFB70180E290E00E94CCFF2A9428143E
:10FD3000190409F0B0F7CECFF60137FC859137FEF4
:10FD400081916F01B70190E00E94CCFF51105A944D
:10FD5000F1E08F1A9108BFCF843619F0893609F087
:10FD600077C0F80137FE6BC0608171818281938119
:10FD70000C5F1F4FF32DFF763F2E97FF09C0909524
:10FD80008095709561957F4F8F4F9F4F689437F89E
:10FD90002AE030E0A5010E94FCFFC82ECA188C2C76
:10FDA000432C36FE0CC0E89440F8C91440F434FEED
:10FDB00005C032FC03C0F32DFE7E4F2E892C44FE7D
:10FDC000AAC0FE01EC0DF11D8081803309F09CC0BA
:10FDD000242D297E422E842D8870582E43FCAAC0E3
:10FDE00040FEA4C09C2C821418F42C0C922C981861
:10FDF00044FEA6C0B70180E390E00E94CCFF42FE23
:10FE000009C088E790E041FE02C088E590E0B701B4
:10FE10000E94CCFFC91408F49FC0CA94D12C9FEF54
:10FE2000C91AD90ACA0CDB1CF60182916F01B7010D
:10FE300090E00E94CCFFAC14BD04B1F74FCF6081BD
:10FE40007181072E000C880B990B0E5F1F4F92CF0C
:10FE5000D32CE894D4F82AE030E08537E1F1232D63
:10FE6000297FD22E8F36A9F1F0F4883551F1F701B0
:10FE7000868197812B960FB6F894DEBF0FBECDBF5B
:10FE8000DF91CF911F910F91FF90EF90DF90CF9076
:10FE9000BF90AF909F908F907F906F905F904F90AA
:10FEA0003F902F900895803749F0883701F7D4FEAE
:10FEB00002C06894D2F820E130E00DC06894D4F814
:10FEC000F6CF34FE03C0822F8660D82E20E132E0C8
:10FED00002C028E030E0F801D7FE0FC060817181D8
:10FEE000828193810C5F1F4FA5010E94FCFFC82EE9
:10FEF000CA183D2CE89437F852CF6081718190E0A8
:10FF000080E00E5F1F4FF0CF42FC02C0839463CFAE
:10FF10008394839460CF842D867809F45CCFF6CFE8
:10FF2000B70180E290E00E94CCFF83948214C0F37A
:10FF3000512C5ECF522C5818821408F459CFF8CFA8
:10FF4000842D867809F466CF8BE241FE80E247FC7F
:10FF50008DE2B70190E05CCFB70180E390E00E94B2
:10FF6000CCFF9A9457CF8FEF9FEF84CFFC01059081
:10FF7000615070400110D8F7809590958E0F9F1FAB
:10FF80000895FC016150704001900110D8F78095F0
:10FF900090958E0F9F1F08950F931F93CF93DF931C
:10FFA000182F092FEB018B8181FD09C01FEF0FEF87
:10FFB000812F902FDF91CF911F910F91089582FF94
:10FFC00014C02E813F818C819D81281739073CF414
:10FFD000E881F981CF0101969983888310838E810E
:10FFE0009F8101969F838E83E3CFE885F985812FDA
:10FFF0001995892BA1F3DACFFA01AA27283051F1FC
:020000022000DC
:10000000203181F1E8946F936E7F6E5F7F4F8F4F49
:100010009F4FAF4FB1E03ED0B4E03CD0670F781FA8
:10002000891F9A1FA11D680F791F8A1F911DA11D8D
:100030006A0F711D811D911DA11D20D009F46894C6
:100040003F912AE0269F11243019305D3193DEF66E
:10005000CF010895462F4770405D4193B3E00FD024
:10006000C9F7F6CF462F4F70405D4A3318F0495D0F
:1000700031FD4052419302D0A9F7EACFB4E0A695F2
:100080009795879577956795BA95C9F70097610514
:10009000710508959B01AC010A2E0694579547956A
:1000A00037952795BA95C9F7620F731F841F951F5F
:1000B000A01D0895F999FECF92BD81BDF89A9927A8
:1000C00080B50895262FF999FECF1FBA92BD81BD44
:1000D00020BD0FB6F894FA9AF99A0FBE01960895CA
:1000E000991B79E004C0991F961708F0961B881F8A
:1000F0007A95C9F780950895AA1BBB1B51E107C0EB
:10010000AA1FBB1FA617B70710F0A61BB70B881FA7
:10011000991F5A95A9F780959095BC01CD01089536
:10012000A1E21A2EAA1BBB1BFD010DC0AA1FBB1FFB
:10013000EE1FFF1FA217B307E407F50720F0A21B6D
:10014000B30BE40BF50B661F771F881F991F1A94DA
:1001500069F760957095809590959B01AC01BD0104
:10016000CF010895EE0FFF1F881F8BBF0790F691F8
:10017000E02D1994A29FB001B39FC001A39F700D01
:10018000811D1124911DB29F700D811D1124911D9F
:1001900008950F94BA00A59F900DB49F900DA49F51
:1001A000800D911D11240895B7FF0D94C9000F947F
:1001B000C900821B930B0895DF93CF931F930F9376
:1001C0009A9DF02D219FF00D8B9DF00D8A9DE02DC5
:1001D000F10D039FF00D029FE00DF11D4E9DE00D0E
:1001E000F11D5E9DF00D4F9DF00D7F936F93BF92BB
:1001F000AF925F934F93D5010F94BA008B01AC017E
:10020000D7010F94BA00EB01E80FF91FD6010F9444
:100210002B012F913F91D6010F94BA00C60FD71F23
:10022000E81FF91FAF91BF910F942B012F913F91C0
:100230000F94BA00C60FD71FE81FF91FD6010F94FD
:10024000BA00E60FF71F9801BE01CF010F911F9171
:10025000CF91DF9108950F94BA00460F571FC81F22
:10026000D91F08F431960895E894DF93CF93FC01E9
:10027000DB010F94BA007F936F93E9019A01AC01FF
:10028000BF93AF933F932F93DF010F94BA0026F4EF
:100290006C1B7D0B820B930B9E01EB01FC010F94F9
:1002A0002B01AF91BF912F913F910F942B01BE0174
:1002B000CF01F9012F913F91CF91DF91089568947B
:1002C00001C0E8948F929F92CF93DF930F946D01BA
:1002D000DF91CF919F908F90089588249924F40105
:1002E000E401B0E49F93AA279A158B049C04ED05C2
:1002F000FE05CF05D007A10798F4AD2FDC2FCF2F37
:10030000FE2FE92D982C892E982F872F762F652F79
:10031000542F432F322F2227B85031F7BF9127C0D7
:100320001B2EBF91BB27220F331F441F551F661F73
:10033000771F881F991F881C991CEE1FFF1FCC1F59
:10034000DD1FAA1FBB1F8A149B04EC05FD05CE050B
:10035000DF05A007B10748F08A189B08EC09FD09E2
:10036000CE09DF09A00BB10B21601A94E1F62EF43F
:100370009401AF01BE01CD01000C0895002E08309C
:1003800090F0982F872F762F652F542F432F322FE1
:1003900022270850F4CF220F331F441F551F661F1A
:1003A000771F881F991F0A95B2F7002D089597FDB2
:1003B0001094002E083098F00850232F342F452F2A
:1003C000562F672F782F892F912DF4CF159497955D
:1003D00087957795679557954795379527950A950A
:1003E000AAF71124002D08952A0D3B1D4C1D5D1DFB
:1003F0006E1D7F1D801F911F08950024A7FD00948E
:100400002A0F301D401D501D601D701D801D901D48
:1004100008952A193B094C095D096E097F09800B73
:10042000910B08952A153B054C055D056E057F056A
:100430008007910708950024A7FD00942A1730052E
:1004400040055005600570058005900508959111DF
:10045000089581568A5108F4805285580895FB0109
:10046000DC0104C08D910190801921F4415050406D
:10047000C8F7881B990B0895FB01DC0102C00190AD
:100480000D9241505040D8F70895DC0101C06D93A2
:1004900041505040E0F70895FB01DC018D9101903F
:1004A00080190110D9F3990B0895FB01DC0141502B
:1004B000504030F08D910190801919F40020B9F767
:1004C000881B990B0895FB01DC014150504048F016
:1004D00001900D920020C9F701C01D92415050407B
:1004E000E0F70895FC0181E090E00190061609F420
:1004F000CF010020D1F7019708950F931F93CF9359
:10050000DF93CDB7DEB72E970FB6F894DEBF0FBEE0
:10051000CDBF0E891F89888D998D26E02C831A8383
:10052000098397FF02C080E090E801979E838D8346
:10053000AE01445E5F4F6A8D7B8DCE0101960E94B5
:10054000B4FD4D815E8157FD0AC02F813885421769
:1005500053070CF49A01020F131FF80110822E9614
:100560000FB6F894DEBF0FBECDBFDF91CF911F91C4
:080570000F910895F894FFCFEC
:10057800FF01F70FDF0E6A1E521D02142814287C93
:1005880015F82A0101010001000100010001000124
:10059800010100010001008001029C31649B0008F8
:1005A800010001000101FFF70335018600DF0100AA
:1005B80000CF020199C0A0BF0100010001010100A4
:1005C800060044AC000000000050FF2F00000000AF
:1005D8000000000000000000000000000000000013
:1005E8000000000000000000000000000000000003
:1005F80000000000000000000000000000000000F3
:1006080000000000000000000000000000000000E2
:1006180000000000000000000000000000000000D2
:10062800000000000000000000000046261109A399
:100638000B451E220FC51D0D070D098B17C50B8411
:10064800190B06C2072E14170A6F1514058406F431
:10065800107A0808090A0B0C000000000D0E16207D
:1006680011114D2D514420666F726D61742DFFFF7D
:10067800FFFFFF0304050607090AD30ACF0ACB0ABE
:10068800C70AC30ABF0ABB0AB70AB30AAF0AAB0A4A
:10069800A70AA30A9F0A9B0A05070906080A000079
:1006A8000000929D8F9DB996B997439613972B9703
:1006B8000000020300000100000000D0DA18D5B9DC
:1006C8009645D548584351444452560025752563EC
:0A06D80025752000455846415400E6
:00000001FF
